// /qt/qml/PDFClowne/src/qml/PdfViewer.qml
#include <QtQml/qqmlprivate.h>
#include <QtCore/qalgorithms.h>
#include <QtCore/qdatetime.h>
#include <QtCore/qobject.h>
#include <QtCore/qrandom.h>
#include <QtCore/qstring.h>
#include <QtCore/qstringlist.h>
#include <QtCore/qtimezone.h>
#include <QtCore/qurl.h>
#include <QtCore/qvariant.h>
#include <QtQml/qjsengine.h>
#include <QtQml/qjsprimitivevalue.h>
#include <QtQml/qjsvalue.h>
#include <QtQml/qqmlcomponent.h>
#include <QtQml/qqmlcontext.h>
#include <QtQml/qqmlengine.h>
#include <QtQml/qqmllist.h>
#include <cmath>
#include <limits>
#include <type_traits>
namespace QmlCacheGeneratedCode {
namespace _qt_qml_PDFClowne_src_qml_PdfViewer_qml {
extern const unsigned char qmlData alignas(16) [];
extern const unsigned char qmlData alignas(16) [] = {

0x71,0x76,0x34,0x63,0x64,0x61,0x74,0x61,
0x42,0x0,0x0,0x0,0x3,0x8,0x6,0x0,
0x0,0x0,0x0,0x0,0x0,0x0,0x0,0x0,
0x64,0xbc,0x1,0x0,0x32,0x65,0x63,0x32,
0x33,0x35,0x61,0x32,0x32,0x33,0x35,0x61,
0x31,0x31,0x39,0x38,0x38,0x37,0x36,0x38,
0x33,0x65,0x35,0x35,0x37,0x38,0x37,0x62,
0x39,0x33,0x66,0x39,0x39,0x64,0x63,0x35,
0x66,0x31,0x32,0x66,0x0,0x0,0x0,0x0,
0x0,0x0,0x0,0x0,0x75,0x69,0x24,0x70,
0xae,0x7,0xc9,0xa,0x85,0xee,0x43,0xb,
0x28,0xf4,0x4e,0x42,0x0,0x0,0x0,0x0,
0x0,0x0,0x0,0x0,0x0,0x0,0x0,0x0,
0x0,0x0,0x0,0x0,0x23,0x2,0x0,0x0,
0x3b,0x2,0x0,0x0,0xa8,0xef,0x0,0x0,
0x67,0x1,0x0,0x0,0xf8,0x0,0x0,0x0,
0x0,0x0,0x0,0x0,0x94,0x6,0x0,0x0,
0x0,0x0,0x0,0x0,0x94,0x6,0x0,0x0,
0x31,0x0,0x0,0x0,0x94,0x6,0x0,0x0,
0x32,0x6,0x0,0x0,0x58,0x7,0x0,0x0,
0x0,0x0,0x0,0x0,0x20,0x20,0x0,0x0,
0x2c,0x0,0x0,0x0,0x20,0x20,0x0,0x0,
0x19,0x0,0x0,0x0,0x80,0x21,0x0,0x0,
0x0,0x0,0x0,0x0,0x30,0x23,0x0,0x0,
0x0,0x0,0x0,0x0,0x30,0x23,0x0,0x0,
0x0,0x0,0x0,0x0,0x30,0x23,0x0,0x0,
0x0,0x0,0x0,0x0,0x30,0x23,0x0,0x0,
0x0,0x0,0x0,0x0,0x30,0x23,0x0,0x0,
0x0,0x0,0x0,0x0,0x30,0x23,0x0,0x0,
0xff,0xff,0xff,0xff,0x0,0x0,0x0,0x0,
0x0,0x0,0x0,0x0,0x20,0x4f,0x1,0x0,
0x30,0x23,0x0,0x0,0x88,0x23,0x0,0x0,
0xf0,0x23,0x0,0x0,0x40,0x24,0x0,0x0,
0xa8,0x24,0x0,0x0,0xf8,0x24,0x0,0x0,
0x48,0x25,0x0,0x0,0x98,0x25,0x0,0x0,
0xe8,0x25,0x0,0x0,0x38,0x26,0x0,0x0,
0x88,0x26,0x0,0x0,0xd8,0x26,0x0,0x0,
0x28,0x27,0x0,0x0,0x78,0x27,0x0,0x0,
0xc8,0x27,0x0,0x0,0x18,0x28,0x0,0x0,
0x70,0x28,0x0,0x0,0xc0,0x28,0x0,0x0,
0x20,0x29,0x0,0x0,0x98,0x29,0x0,0x0,
0x60,0x2b,0x0,0x0,0xd8,0x2b,0x0,0x0,
0x38,0x2c,0x0,0x0,0x98,0x2c,0x0,0x0,
0xf8,0x2c,0x0,0x0,0x58,0x2d,0x0,0x0,
0x18,0x2e,0x0,0x0,0x98,0x2e,0x0,0x0,
0xf8,0x2e,0x0,0x0,0x80,0x2f,0x0,0x0,
0xe8,0x2f,0x0,0x0,0x48,0x30,0x0,0x0,
0x20,0x31,0x0,0x0,0x98,0x31,0x0,0x0,
0x18,0x33,0x0,0x0,0x98,0x34,0x0,0x0,
0x0,0x35,0x0,0x0,0xa0,0x35,0x0,0x0,
0x18,0x36,0x0,0x0,0xe0,0x37,0x0,0x0,
0xe8,0x38,0x0,0x0,0x88,0x3a,0x0,0x0,
0x0,0x3b,0x0,0x0,0x88,0x3b,0x0,0x0,
0x28,0x3c,0x0,0x0,0xa8,0x3d,0x0,0x0,
0xc8,0x3e,0x0,0x0,0x78,0x3f,0x0,0x0,
0x10,0x40,0x0,0x0,0xb0,0x40,0x0,0x0,
0x30,0x42,0x0,0x0,0x50,0x47,0x0,0x0,
0x8,0x48,0x0,0x0,0x58,0x49,0x0,0x0,
0xb0,0x4a,0x0,0x0,0x30,0x4d,0x0,0x0,
0xf8,0x4d,0x0,0x0,0xd0,0x4f,0x0,0x0,
0x50,0x50,0x0,0x0,0x80,0x51,0x0,0x0,
0x0,0x53,0x0,0x0,0x28,0x54,0x0,0x0,
0xd8,0x55,0x0,0x0,0x90,0x57,0x0,0x0,
0x40,0x58,0x0,0x0,0x50,0x5a,0x0,0x0,
0x38,0x5f,0x0,0x0,0x90,0x60,0x0,0x0,
0x0,0x62,0x0,0x0,0xb0,0x62,0x0,0x0,
0xc0,0x64,0x0,0x0,0x20,0x66,0x0,0x0,
0xa0,0x66,0x0,0x0,0xc8,0x67,0x0,0x0,
0x48,0x69,0x0,0x0,0x30,0x6a,0x0,0x0,
0x50,0x6b,0x0,0x0,0x90,0x6c,0x0,0x0,
0xd0,0x6d,0x0,0x0,0xb8,0x6e,0x0,0x0,
0xd8,0x71,0x0,0x0,0x40,0x72,0x0,0x0,
0xc8,0x72,0x0,0x0,0xb0,0x73,0x0,0x0,
0x8,0x76,0x0,0x0,0xa0,0x76,0x0,0x0,
0x10,0x77,0x0,0x0,0x80,0x77,0x0,0x0,
0xf0,0x77,0x0,0x0,0x98,0x78,0x0,0x0,
0xf0,0x78,0x0,0x0,0x68,0x79,0x0,0x0,
0xb8,0x79,0x0,0x0,0x18,0x7a,0x0,0x0,
0x70,0x7a,0x0,0x0,0xc8,0x7a,0x0,0x0,
0x20,0x7b,0x0,0x0,0x78,0x7b,0x0,0x0,
0xd0,0x7b,0x0,0x0,0x28,0x7c,0x0,0x0,
0x78,0x7c,0x0,0x0,0xd0,0x7c,0x0,0x0,
0x28,0x7d,0x0,0x0,0x80,0x7d,0x0,0x0,
0xf8,0x7d,0x0,0x0,0x50,0x7e,0x0,0x0,
0xa8,0x7e,0x0,0x0,0xf8,0x7e,0x0,0x0,
0x50,0x7f,0x0,0x0,0xb0,0x7f,0x0,0x0,
0x38,0x80,0x0,0x0,0x88,0x80,0x0,0x0,
0xe0,0x80,0x0,0x0,0x38,0x81,0x0,0x0,
0x90,0x81,0x0,0x0,0x8,0x82,0x0,0x0,
0x98,0x82,0x0,0x0,0x0,0x83,0x0,0x0,
0x78,0x83,0x0,0x0,0xc8,0x83,0x0,0x0,
0x40,0x84,0x0,0x0,0x0,0x85,0x0,0x0,
0x50,0x85,0x0,0x0,0xa8,0x85,0x0,0x0,
0x0,0x86,0x0,0x0,0x58,0x86,0x0,0x0,
0xd0,0x86,0x0,0x0,0x68,0x87,0x0,0x0,
0xd0,0x87,0x0,0x0,0x48,0x88,0x0,0x0,
0x98,0x88,0x0,0x0,0x10,0x89,0x0,0x0,
0xd8,0x89,0x0,0x0,0x28,0x8a,0x0,0x0,
0x80,0x8a,0x0,0x0,0xd8,0x8a,0x0,0x0,
0x30,0x8b,0x0,0x0,0x88,0x8b,0x0,0x0,
0x0,0x8c,0x0,0x0,0x98,0x8c,0x0,0x0,
0x0,0x8d,0x0,0x0,0x78,0x8d,0x0,0x0,
0xc8,0x8d,0x0,0x0,0x40,0x8e,0x0,0x0,
0x8,0x8f,0x0,0x0,0x58,0x8f,0x0,0x0,
0xb0,0x8f,0x0,0x0,0x10,0x90,0x0,0x0,
0xc8,0x90,0x0,0x0,0x38,0x91,0x0,0x0,
0x98,0x91,0x0,0x0,0x18,0x92,0x0,0x0,
0x78,0x92,0x0,0x0,0xd0,0x92,0x0,0x0,
0x40,0x93,0x0,0x0,0xb0,0x93,0x0,0x0,
0x38,0x94,0x0,0x0,0x88,0x94,0x0,0x0,
0x30,0x95,0x0,0x0,0xd0,0x95,0x0,0x0,
0x28,0x96,0x0,0x0,0x80,0x96,0x0,0x0,
0x18,0x97,0x0,0x0,0x90,0x97,0x0,0x0,
0xf8,0x97,0x0,0x0,0x70,0x98,0x0,0x0,
0xe0,0x98,0x0,0x0,0x38,0x99,0x0,0x0,
0xa8,0x99,0x0,0x0,0x0,0x9a,0x0,0x0,
0x58,0x9a,0x0,0x0,0xb0,0x9a,0x0,0x0,
0x20,0x9b,0x0,0x0,0x98,0x9b,0x0,0x0,
0xf0,0x9b,0x0,0x0,0x48,0x9c,0x0,0x0,
0xa0,0x9c,0x0,0x0,0xf8,0x9c,0x0,0x0,
0x70,0x9d,0x0,0x0,0x48,0x9e,0x0,0x0,
0x98,0x9e,0x0,0x0,0x18,0x9f,0x0,0x0,
0x70,0x9f,0x0,0x0,0xc0,0x9f,0x0,0x0,
0x18,0xa0,0x0,0x0,0x70,0xa0,0x0,0x0,
0xd8,0xa0,0x0,0x0,0x50,0xa1,0x0,0x0,
0xb0,0xa1,0x0,0x0,0x8,0xa2,0x0,0x0,
0x60,0xa2,0x0,0x0,0xb8,0xa2,0x0,0x0,
0x10,0xa3,0x0,0x0,0x68,0xa3,0x0,0x0,
0xd0,0xa3,0x0,0x0,0x88,0xa4,0x0,0x0,
0xd8,0xa4,0x0,0x0,0x28,0xa5,0x0,0x0,
0x78,0xa5,0x0,0x0,0xd0,0xa5,0x0,0x0,
0x28,0xa6,0x0,0x0,0x80,0xa6,0x0,0x0,
0xd8,0xa6,0x0,0x0,0x28,0xa7,0x0,0x0,
0xc0,0xa7,0x0,0x0,0x18,0xa8,0x0,0x0,
0x70,0xa8,0x0,0x0,0xc8,0xa8,0x0,0x0,
0x90,0xa9,0x0,0x0,0xe8,0xa9,0x0,0x0,
0x40,0xaa,0x0,0x0,0xa0,0xaa,0x0,0x0,
0xf8,0xaa,0x0,0x0,0x50,0xab,0x0,0x0,
0xa8,0xab,0x0,0x0,0x8,0xac,0x0,0x0,
0x90,0xac,0x0,0x0,0xe8,0xac,0x0,0x0,
0x40,0xad,0x0,0x0,0x98,0xad,0x0,0x0,
0xe8,0xad,0x0,0x0,0x48,0xae,0x0,0x0,
0xa0,0xae,0x0,0x0,0x0,0xaf,0x0,0x0,
0x58,0xaf,0x0,0x0,0xb8,0xaf,0x0,0x0,
0x18,0xb0,0x0,0x0,0x70,0xb0,0x0,0x0,
0x18,0xb1,0x0,0x0,0x90,0xb1,0x0,0x0,
0xf8,0xb1,0x0,0x0,0x48,0xb2,0x0,0x0,
0xb8,0xb2,0x0,0x0,0x30,0xb3,0x0,0x0,
0x88,0xb3,0x0,0x0,0xe0,0xb3,0x0,0x0,
0x40,0xb4,0x0,0x0,0x98,0xb4,0x0,0x0,
0xf0,0xb4,0x0,0x0,0x48,0xb5,0x0,0x0,
0xf0,0xb5,0x0,0x0,0x40,0xb6,0x0,0x0,
0x90,0xb6,0x0,0x0,0xe8,0xb6,0x0,0x0,
0x60,0xb7,0x0,0x0,0xb8,0xb7,0x0,0x0,
0x10,0xb8,0x0,0x0,0x70,0xb8,0x0,0x0,
0xc8,0xb8,0x0,0x0,0x38,0xb9,0x0,0x0,
0xa8,0xb9,0x0,0x0,0x28,0xba,0x0,0x0,
0x98,0xba,0x0,0x0,0x18,0xbb,0x0,0x0,
0x98,0xbb,0x0,0x0,0xf8,0xbb,0x0,0x0,
0x58,0xbc,0x0,0x0,0xc0,0xbc,0x0,0x0,
0x38,0xbd,0x0,0x0,0xb0,0xbd,0x0,0x0,
0x40,0xbe,0x0,0x0,0xb0,0xbe,0x0,0x0,
0x20,0xbf,0x0,0x0,0xd8,0xbf,0x0,0x0,
0x48,0xc0,0x0,0x0,0x98,0xc0,0x0,0x0,
0x20,0xc1,0x0,0x0,0xa8,0xc1,0x0,0x0,
0x40,0xc2,0x0,0x0,0xd0,0xc2,0x0,0x0,
0x60,0xc3,0x0,0x0,0xb8,0xc3,0x0,0x0,
0x10,0xc4,0x0,0x0,0xa8,0xc4,0x0,0x0,
0xf8,0xc4,0x0,0x0,0x50,0xc5,0x0,0x0,
0xa8,0xc5,0x0,0x0,0x48,0xc6,0x0,0x0,
0xe8,0xc6,0x0,0x0,0x38,0xc7,0x0,0x0,
0xa0,0xc7,0x0,0x0,0xf0,0xc7,0x0,0x0,
0x58,0xc8,0x0,0x0,0xd8,0xc8,0x0,0x0,
0x30,0xc9,0x0,0x0,0xa0,0xc9,0x0,0x0,
0x8,0xca,0x0,0x0,0x60,0xca,0x0,0x0,
0xd8,0xca,0x0,0x0,0xa0,0xcb,0x0,0x0,
0xf0,0xcb,0x0,0x0,0x48,0xcc,0x0,0x0,
0xd0,0xcc,0x0,0x0,0x30,0xcd,0x0,0x0,
0x90,0xcd,0x0,0x0,0xf8,0xcd,0x0,0x0,
0xb8,0xce,0x0,0x0,0x8,0xcf,0x0,0x0,
0x80,0xcf,0x0,0x0,0xe8,0xcf,0x0,0x0,
0x38,0xd0,0x0,0x0,0x90,0xd0,0x0,0x0,
0x8,0xd1,0x0,0x0,0x60,0xd1,0x0,0x0,
0xb0,0xd1,0x0,0x0,0x20,0xd2,0x0,0x0,
0xb8,0xd2,0x0,0x0,0x10,0xd3,0x0,0x0,
0x68,0xd3,0x0,0x0,0xe0,0xd3,0x0,0x0,
0x58,0xd4,0x0,0x0,0xc0,0xd4,0x0,0x0,
0x28,0xd5,0x0,0x0,0x88,0xd5,0x0,0x0,
0xe0,0xd5,0x0,0x0,0x50,0xd6,0x0,0x0,
0x8,0xd7,0x0,0x0,0x58,0xd7,0x0,0x0,
0xc8,0xd7,0x0,0x0,0x58,0xd8,0x0,0x0,
0xb0,0xd8,0x0,0x0,0x8,0xd9,0x0,0x0,
0x90,0xd9,0x0,0x0,0x18,0xda,0x0,0x0,
0xc0,0xda,0x0,0x0,0x20,0xdb,0x0,0x0,
0x88,0xdb,0x0,0x0,0xe8,0xdb,0x0,0x0,
0x50,0xdc,0x0,0x0,0xb0,0xdc,0x0,0x0,
0x18,0xdd,0x0,0x0,0x70,0xdd,0x0,0x0,
0xc8,0xdd,0x0,0x0,0x20,0xde,0x0,0x0,
0x98,0xde,0x0,0x0,0x38,0xdf,0x0,0x0,
0x90,0xdf,0x0,0x0,0xe8,0xdf,0x0,0x0,
0x38,0xe0,0x0,0x0,0xe0,0xe0,0x0,0x0,
0x10,0xe2,0x0,0x0,0x90,0xe2,0x0,0x0,
0x10,0xe3,0x0,0x0,0x68,0xe3,0x0,0x0,
0xc0,0xe3,0x0,0x0,0x18,0xe4,0x0,0x0,
0x70,0xe4,0x0,0x0,0x18,0xe5,0x0,0x0,
0x78,0xe5,0x0,0x0,0xd0,0xe5,0x0,0x0,
0x28,0xe6,0x0,0x0,0x90,0xe6,0x0,0x0,
0x0,0xe7,0x0,0x0,0xd0,0xe7,0x0,0x0,
0x40,0xe8,0x0,0x0,0x30,0xea,0x0,0x0,
0x80,0xea,0x0,0x0,0xd8,0xea,0x0,0x0,
0x48,0xeb,0x0,0x0,0x50,0xec,0x0,0x0,
0x60,0xec,0x0,0x0,0x70,0xec,0x0,0x0,
0x80,0xec,0x0,0x0,0x90,0xec,0x0,0x0,
0xa0,0xec,0x0,0x0,0xb0,0xec,0x0,0x0,
0xc0,0xec,0x0,0x0,0xd0,0xec,0x0,0x0,
0xe0,0xec,0x0,0x0,0xf8,0xec,0x0,0x0,
0x10,0xed,0x0,0x0,0x28,0xed,0x0,0x0,
0x40,0xed,0x0,0x0,0x60,0xed,0x0,0x0,
0x78,0xed,0x0,0x0,0x90,0xed,0x0,0x0,
0xa8,0xed,0x0,0x0,0xb8,0xed,0x0,0x0,
0xc8,0xed,0x0,0x0,0xd8,0xed,0x0,0x0,
0xe8,0xed,0x0,0x0,0xf8,0xed,0x0,0x0,
0x8,0xee,0x0,0x0,0x18,0xee,0x0,0x0,
0x28,0xee,0x0,0x0,0x38,0xee,0x0,0x0,
0x48,0xee,0x0,0x0,0x58,0xee,0x0,0x0,
0x68,0xee,0x0,0x0,0x78,0xee,0x0,0x0,
0x88,0xee,0x0,0x0,0x98,0xee,0x0,0x0,
0xa8,0xee,0x0,0x0,0xb8,0xee,0x0,0x0,
0xc8,0xee,0x0,0x0,0xd8,0xee,0x0,0x0,
0xe8,0xee,0x0,0x0,0xf8,0xee,0x0,0x0,
0x8,0xef,0x0,0x0,0x18,0xef,0x0,0x0,
0x28,0xef,0x0,0x0,0x38,0xef,0x0,0x0,
0x48,0xef,0x0,0x0,0x58,0xef,0x0,0x0,
0x68,0xef,0x0,0x0,0x78,0xef,0x0,0x0,
0x88,0xef,0x0,0x0,0x98,0xef,0x0,0x0,
0x73,0x0,0x0,0x0,0x73,0x0,0x0,0x0,
0x80,0x0,0x0,0x0,0x83,0x0,0x0,0x0,
0x90,0x1b,0x0,0x0,0x83,0x0,0x0,0x0,
0xa3,0x0,0x0,0x0,0xa3,0x0,0x0,0x0,
0x90,0x1b,0x0,0x0,0xa3,0x0,0x0,0x0,
0x90,0x1b,0x0,0x0,0x7,0x19,0x0,0x0,
0x17,0x19,0x0,0x0,0xa7,0x1a,0x0,0x0,
0x43,0x16,0x0,0x0,0xa0,0x1b,0x0,0x0,
0x43,0x16,0x0,0x0,0xb0,0x1b,0x0,0x0,
0xc3,0x4,0x0,0x0,0xb3,0x4,0x0,0x0,
0x13,0x4,0x0,0x0,0x93,0x1,0x0,0x0,
0xc4,0x1b,0x0,0x0,0x90,0x1b,0x0,0x0,
0xa3,0x1,0x0,0x0,0x90,0x1b,0x0,0x0,
0x33,0x1,0x0,0x0,0xb7,0x18,0x0,0x0,
0x63,0x2,0x0,0x0,0xf3,0x3,0x0,0x0,
0xa7,0x19,0x0,0x0,0xe3,0x1b,0x0,0x0,
0xc3,0x19,0x0,0x0,0xf4,0x1b,0x0,0x0,
0xc3,0x5,0x0,0x0,0x4,0x1c,0x0,0x0,
0xf3,0x3,0x0,0x0,0xa3,0x2,0x0,0x0,
0x67,0x1a,0x0,0x0,0xf3,0x3,0x0,0x0,
0x33,0x6,0x0,0x0,0x4,0x1c,0x0,0x0,
0xf3,0x3,0x0,0x0,0x17,0x1b,0x0,0x0,
0xa3,0x2,0x0,0x0,0xf3,0x3,0x0,0x0,
0xb3,0x2,0x0,0x0,0xe3,0x1b,0x0,0x0,
0xd3,0x2,0x0,0x0,0x13,0x5,0x0,0x0,
0xf3,0x3,0x0,0x0,0xc3,0x2,0x0,0x0,
0x17,0x5,0x0,0x0,0xf4,0x1b,0x0,0x0,
0xe3,0x2,0x0,0x0,0xc3,0x5,0x0,0x0,
0x4,0x1c,0x0,0x0,0x77,0x1b,0x0,0x0,
0xe7,0x18,0x0,0x0,0xe7,0x18,0x0,0x0,
0xe7,0x18,0x0,0x0,0x87,0x18,0x0,0x0,
0xe3,0x2,0x0,0x0,0xf3,0x2,0x0,0x0,
0xf3,0x2,0x0,0x0,0x37,0x19,0x0,0x0,
0xe3,0x1b,0x0,0x0,0xc3,0x19,0x0,0x0,
0xf4,0x1b,0x0,0x0,0x97,0x18,0x0,0x0,
0xa7,0x18,0x0,0x0,0x77,0x18,0x0,0x0,
0xc3,0x5,0x0,0x0,0x4,0x1c,0x0,0x0,
0x23,0x4,0x0,0x0,0x23,0x4,0x0,0x0,
0x23,0x4,0x0,0x0,0x23,0x4,0x0,0x0,
0x43,0x4,0x0,0x0,0x70,0x11,0x0,0x0,
0x43,0x4,0x0,0x0,0x90,0x11,0x0,0x0,
0x43,0x4,0x0,0x0,0xb3,0x4,0x0,0x0,
0xb0,0x11,0x0,0x0,0xe7,0x18,0x0,0x0,
0xe3,0x1b,0x0,0x0,0xc3,0x19,0x0,0x0,
0xf4,0x1b,0x0,0x0,0xa3,0x0,0x0,0x0,
0xa3,0x0,0x0,0x0,0x90,0x1b,0x0,0x0,
0xa3,0x0,0x0,0x0,0x90,0x1b,0x0,0x0,
0xa3,0x0,0x0,0x0,0x64,0x1c,0x0,0x0,
0x90,0x1b,0x0,0x0,0x90,0x1b,0x0,0x0,
0x77,0x1c,0x0,0x0,0xc3,0x0,0x0,0x0,
0xc3,0x0,0x0,0x0,0x90,0x1b,0x0,0x0,
0xc3,0x0,0x0,0x0,0x90,0x1b,0x0,0x0,
0xc3,0x0,0x0,0x0,0x64,0x1c,0x0,0x0,
0x90,0x1b,0x0,0x0,0x90,0x1b,0x0,0x0,
0x77,0x1c,0x0,0x0,0xe3,0x1b,0x0,0x0,
0x83,0x1c,0x0,0x0,0x53,0x3,0x0,0x0,
0x90,0x1b,0x0,0x0,0x94,0x1c,0x0,0x0,
0xb7,0x19,0x0,0x0,0xf4,0x1b,0x0,0x0,
0xe3,0x1b,0x0,0x0,0xd3,0x1,0x0,0x0,
0xc0,0x8,0x0,0x0,0x53,0x3,0x0,0x0,
0x90,0x1b,0x0,0x0,0x83,0x1c,0x0,0x0,
0x83,0x1c,0x0,0x0,0xf3,0x3,0x0,0x0,
0x53,0x3,0x0,0x0,0x90,0x1b,0x0,0x0,
0x94,0x1c,0x0,0x0,0xa4,0x1c,0x0,0x0,
0xb0,0x1c,0x0,0x0,0x23,0x6,0x0,0x0,
0x4,0x1c,0x0,0x0,0xc1,0x1c,0x0,0x0,
0xc7,0x18,0x0,0x0,0xd4,0x1c,0x0,0x0,
0xe4,0x1c,0x0,0x0,0xe3,0x1b,0x0,0x0,
0xd3,0x1,0x0,0x0,0xb0,0x1c,0x0,0x0,
0xc1,0x1c,0x0,0x0,0xc7,0x18,0x0,0x0,
0xd4,0x1c,0x0,0x0,0xe4,0x1c,0x0,0x0,
0xf4,0x1b,0x0,0x0,0xf4,0x1b,0x0,0x0,
0xd3,0x1,0x0,0x0,0x23,0xb,0x0,0x0,
0xf0,0x1c,0x0,0x0,0x83,0x1c,0x0,0x0,
0x83,0x1c,0x0,0x0,0x7,0x1d,0x0,0x0,
0x83,0x1c,0x0,0x0,0xb0,0x1c,0x0,0x0,
0xa4,0x1c,0x0,0x0,0x94,0x1c,0x0,0x0,
0xa4,0x1c,0x0,0x0,0x23,0xb,0x0,0x0,
0x10,0x1d,0x0,0x0,0x83,0x1c,0x0,0x0,
0xb0,0x1c,0x0,0x0,0xa4,0x1c,0x0,0x0,
0x23,0xb,0x0,0x0,0x20,0x1d,0x0,0x0,
0x23,0xb,0x0,0x0,0xf0,0x1c,0x0,0x0,
0xe3,0x1b,0x0,0x0,0xf3,0x3,0x0,0x0,
0x17,0x1b,0x0,0x0,0x77,0x1b,0x0,0x0,
0xf4,0x1b,0x0,0x0,0xd3,0x3,0x0,0x0,
0xd3,0x3,0x0,0x0,0x90,0x1b,0x0,0x0,
0xd3,0x3,0x0,0x0,0xe3,0x1,0x0,0x0,
0xe3,0x1,0x0,0x0,0x90,0x1b,0x0,0x0,
0xe3,0x1,0x0,0x0,0x90,0x1b,0x0,0x0,
0xe3,0x1,0x0,0x0,0x64,0x1c,0x0,0x0,
0x90,0x1b,0x0,0x0,0xe3,0x0,0x0,0x0,
0x64,0x1c,0x0,0x0,0x90,0x1b,0x0,0x0,
0x83,0x0,0x0,0x0,0x90,0x1b,0x0,0x0,
0x83,0x0,0x0,0x0,0x64,0x1c,0x0,0x0,
0x33,0x1d,0x0,0x0,0x3,0x1,0x0,0x0,
0x44,0x1d,0x0,0x0,0x90,0x1b,0x0,0x0,
0x53,0x3,0x0,0x0,0x90,0x1b,0x0,0x0,
0x64,0x1c,0x0,0x0,0x73,0x3,0x0,0x0,
0x90,0x1b,0x0,0x0,0x73,0x3,0x0,0x0,
0x73,0x3,0x0,0x0,0x53,0x3,0x0,0x0,
0x90,0x1b,0x0,0x0,0x53,0x3,0x0,0x0,
0x73,0x1,0x0,0x0,0x73,0x1,0x0,0x0,
0x90,0x1b,0x0,0x0,0x73,0x1,0x0,0x0,
0xa3,0x1,0x0,0x0,0xa3,0x1,0x0,0x0,
0x90,0x1b,0x0,0x0,0xa3,0x1,0x0,0x0,
0x90,0x1b,0x0,0x0,0xa3,0x1,0x0,0x0,
0xd0,0xf,0x0,0x0,0x7,0x1d,0x0,0x0,
0x70,0x19,0x0,0x0,0xc3,0x1,0x0,0x0,
0x61,0x1d,0x0,0x0,0x64,0x1c,0x0,0x0,
0x10,0x15,0x0,0x0,0x7,0x1d,0x0,0x0,
0x30,0x15,0x0,0x0,0x7,0x1d,0x0,0x0,
0xa0,0x8,0x0,0x0,0x7,0x1d,0x0,0x0,
0x20,0x9,0x0,0x0,0x7,0x1d,0x0,0x0,
0x83,0x1c,0x0,0x0,0xa0,0x8,0x0,0x0,
0x7,0x1d,0x0,0x0,0xa4,0x1c,0x0,0x0,
0x83,0x1c,0x0,0x0,0x20,0x9,0x0,0x0,
0x7,0x1d,0x0,0x0,0xa4,0x1c,0x0,0x0,
0x83,0x1c,0x0,0x0,0xa0,0x8,0x0,0x0,
0x7,0x1d,0x0,0x0,0xa4,0x1c,0x0,0x0,
0x83,0x1c,0x0,0x0,0x20,0x9,0x0,0x0,
0x7,0x1d,0x0,0x0,0xa4,0x1c,0x0,0x0,
0x7,0x1d,0x0,0x0,0x10,0x15,0x0,0x0,
0x30,0x15,0x0,0x0,0x10,0x15,0x0,0x0,
0x30,0x15,0x0,0x0,0x10,0x15,0x0,0x0,
0x30,0x15,0x0,0x0,0x10,0x15,0x0,0x0,
0x30,0x15,0x0,0x0,0x3,0x2,0x0,0x0,
0x3,0x2,0x0,0x0,0x90,0x1b,0x0,0x0,
0x3,0x2,0x0,0x0,0x37,0x19,0x0,0x0,
0x37,0x19,0x0,0x0,0x13,0x5,0x0,0x0,
0x53,0x3,0x0,0x0,0x90,0x1b,0x0,0x0,
0x53,0x3,0x0,0x0,0x53,0x3,0x0,0x0,
0x90,0x1b,0x0,0x0,0x77,0x1c,0x0,0x0,
0x23,0x2,0x0,0x0,0x23,0x2,0x0,0x0,
0xf7,0x19,0x0,0x0,0x17,0x5,0x0,0x0,
0x23,0x5,0x0,0x0,0x53,0x3,0x0,0x0,
0x90,0x1b,0x0,0x0,0x3,0x2,0x0,0x0,
0x3,0x2,0x0,0x0,0x90,0x1b,0x0,0x0,
0x3,0x2,0x0,0x0,0x3,0x2,0x0,0x0,
0x90,0x1b,0x0,0x0,0x77,0x1c,0x0,0x0,
0x43,0x2,0x0,0x0,0x43,0x2,0x0,0x0,
0x27,0x5,0x0,0x0,0xe3,0x2,0x0,0x0,
0xf3,0x2,0x0,0x0,0xf3,0x2,0x0,0x0,
0xf3,0x3,0x0,0x0,0xa3,0x2,0x0,0x0,
0xb3,0x2,0x0,0x0,0x13,0x5,0x0,0x0,
0x37,0x19,0x0,0x0,0xc3,0x2,0x0,0x0,
0x17,0x5,0x0,0x0,0xa7,0x19,0x0,0x0,
0xa3,0x2,0x0,0x0,0xf3,0x3,0x0,0x0,
0xb3,0x2,0x0,0x0,0x13,0x5,0x0,0x0,
0xf3,0x3,0x0,0x0,0x37,0x19,0x0,0x0,
0xf3,0x3,0x0,0x0,0xc3,0x2,0x0,0x0,
0x17,0x5,0x0,0x0,0xf3,0x3,0x0,0x0,
0x37,0x19,0x0,0x0,0xf3,0x3,0x0,0x0,
0xa7,0x19,0x0,0x0,0x43,0x16,0x0,0x0,
0x70,0x1d,0x0,0x0,0x43,0x16,0x0,0x0,
0x20,0x9,0x0,0x0,0x43,0x16,0x0,0x0,
0x70,0x1d,0x0,0x0,0x43,0x16,0x0,0x0,
0x20,0x9,0x0,0x0,0xd7,0x1a,0x0,0x0,
0x20,0x9,0x0,0x0,0xd0,0xf,0x0,0x0,
0xa7,0x19,0x0,0x0,0xf7,0x1a,0x0,0x0,
0x53,0x3,0x0,0x0,0x90,0x1b,0x0,0x0,
0x83,0x1c,0x0,0x0,0x83,0x1c,0x0,0x0,
0x53,0x3,0x0,0x0,0x90,0x1b,0x0,0x0,
0x94,0x1c,0x0,0x0,0xa4,0x1c,0x0,0x0,
0x83,0x1c,0x0,0x0,0x7,0x1d,0x0,0x0,
0xa4,0x1c,0x0,0x0,0xa7,0x19,0x0,0x0,
0x53,0x3,0x0,0x0,0x90,0x1b,0x0,0x0,
0xa7,0x19,0x0,0x0,0xa7,0x19,0x0,0x0,
0x13,0x3,0x0,0x0,0x83,0x1c,0x0,0x0,
0x93,0x2,0x0,0x0,0x94,0x1c,0x0,0x0,
0x93,0x2,0x0,0x0,0x13,0x3,0x0,0x0,
0xb3,0x4,0x0,0x0,0xf3,0x3,0x0,0x0,
0xf3,0x2,0x0,0x0,0x83,0x1c,0x0,0x0,
0x83,0x1c,0x0,0x0,0xb3,0x4,0x0,0x0,
0x23,0x3,0x0,0x0,0x94,0x1c,0x0,0x0,
0xa4,0x1c,0x0,0x0,0x83,0x1c,0x0,0x0,
0x83,0x1c,0x0,0x0,0xb3,0x4,0x0,0x0,
0x23,0x3,0x0,0x0,0x94,0x1c,0x0,0x0,
0xa4,0x1c,0x0,0x0,0x13,0x3,0x0,0x0,
0x13,0x5,0x0,0x0,0x7,0x1d,0x0,0x0,
0x87,0x1d,0x0,0x0,0xb3,0x4,0x0,0x0,
0xf3,0x3,0x0,0x0,0xf3,0x2,0x0,0x0,
0x77,0x1c,0x0,0x0,0x33,0x3,0x0,0x0,
0x33,0x3,0x0,0x0,0xb3,0x4,0x0,0x0,
0x17,0x5,0x0,0x0,0x83,0x1c,0x0,0x0,
0x7,0x1d,0x0,0x0,0xa4,0x1c,0x0,0x0,
0x83,0x1c,0x0,0x0,0x7,0x1d,0x0,0x0,
0xa4,0x1c,0x0,0x0,0xb3,0x2,0x0,0x0,
0xb3,0x2,0x0,0x0,0x67,0x1a,0x0,0x0,
0xa3,0x2,0x0,0x0,0xb3,0x2,0x0,0x0,
0x7,0x1d,0x0,0x0,0x87,0x1d,0x0,0x0,
0xb3,0x4,0x0,0x0,0xd3,0x2,0x0,0x0,
0x13,0x5,0x0,0x0,0xb3,0x4,0x0,0x0,
0x17,0x5,0x0,0x0,0x13,0x6,0x0,0x0,
0x4,0x1c,0x0,0x0,0x83,0x1c,0x0,0x0,
0x53,0x3,0x0,0x0,0x90,0x1b,0x0,0x0,
0xa4,0x1c,0x0,0x0,0x83,0x1c,0x0,0x0,
0x83,0x1c,0x0,0x0,0x7,0x1d,0x0,0x0,
0x94,0x1c,0x0,0x0,0xa4,0x1c,0x0,0x0,
0x37,0x19,0x0,0x0,0x13,0x6,0x0,0x0,
0x94,0x1d,0x0,0x0,0xc3,0x5,0x0,0x0,
0x94,0x1d,0x0,0x0,0xe3,0x2,0x0,0x0,
0xa3,0x2,0x0,0x0,0xc3,0x5,0x0,0x0,
0x4,0x1c,0x0,0x0,0xf3,0x3,0x0,0x0,
0xf3,0x2,0x0,0x0,0x57,0x1a,0x0,0x0,
0x7,0x1d,0x0,0x0,0x87,0x1d,0x0,0x0,
0xb3,0x4,0x0,0x0,0x77,0x1c,0x0,0x0,
0x33,0x3,0x0,0x0,0x33,0x3,0x0,0x0,
0x7,0x1a,0x0,0x0,0xe3,0x2,0x0,0x0,
0xa3,0x2,0x0,0x0,0xf3,0x3,0x0,0x0,
0xf3,0x2,0x0,0x0,0x87,0x1d,0x0,0x0,
0xb3,0x4,0x0,0x0,0x13,0x3,0x0,0x0,
0x13,0x6,0x0,0x0,0x4,0x1c,0x0,0x0,
0x7,0x19,0x0,0x0,0x23,0x4,0x0,0x0,
0x83,0x1c,0x0,0x0,0x83,0x1c,0x0,0x0,
0xf3,0x3,0x0,0x0,0x90,0x1b,0x0,0x0,
0x94,0x1c,0x0,0x0,0xa4,0x1c,0x0,0x0,
0x90,0x1b,0x0,0x0,0x64,0x1c,0x0,0x0,
0x23,0x4,0x0,0x0,0x90,0x1b,0x0,0x0,
0xf3,0x3,0x0,0x0,0xf3,0x3,0x0,0x0,
0xf3,0x3,0x0,0x0,0xf3,0x3,0x0,0x0,
0xf3,0x3,0x0,0x0,0xf3,0x3,0x0,0x0,
0xf3,0x3,0x0,0x0,0x90,0x1b,0x0,0x0,
0x64,0x1c,0x0,0x0,0x90,0x1b,0x0,0x0,
0x64,0x1c,0x0,0x0,0x64,0x1c,0x0,0x0,
0x47,0x18,0x0,0x0,0x90,0x1b,0x0,0x0,
0x64,0x1c,0x0,0x0,0x90,0x1b,0x0,0x0,
0x64,0x1c,0x0,0x0,0x90,0x1b,0x0,0x0,
0x64,0x1c,0x0,0x0,0x64,0x1c,0x0,0x0,
0x83,0x1c,0x0,0x0,0x83,0x1c,0x0,0x0,
0x7,0x1d,0x0,0x0,0x83,0x1c,0x0,0x0,
0x53,0x3,0x0,0x0,0x90,0x1b,0x0,0x0,
0xa4,0x1c,0x0,0x0,0x94,0x1c,0x0,0x0,
0xa4,0x1c,0x0,0x0,0x23,0x4,0x0,0x0,
0x23,0x4,0x0,0x0,0x47,0x18,0x0,0x0,
0x83,0x1c,0x0,0x0,0xc4,0x1d,0x0,0x0,
0x7,0x1d,0x0,0x0,0x87,0x1d,0x0,0x0,
0x43,0x16,0x0,0x0,0x43,0x16,0x0,0x0,
0xd0,0x1d,0x0,0x0,0x43,0x16,0x0,0x0,
0xd0,0x1d,0x0,0x0,0xe0,0x1d,0x0,0x0,
0x90,0x1b,0x0,0x0,0x50,0xf,0x0,0x0,
0x60,0xf,0x0,0x0,0x7,0x1d,0x0,0x0,
0x43,0x16,0x0,0x0,0xc0,0xc,0x0,0x0,
0xf0,0x1d,0x0,0x0,0xf0,0x1d,0x0,0x0,
0x30,0x15,0x0,0x0,0xf0,0x1d,0x0,0x0,
0x30,0x15,0x0,0x0,0x30,0x15,0x0,0x0,
0x43,0x16,0x0,0x0,0x43,0x16,0x0,0x0,
0xd0,0x1d,0x0,0x0,0x43,0x16,0x0,0x0,
0xd0,0x1d,0x0,0x0,0xe0,0x1d,0x0,0x0,
0x90,0x1b,0x0,0x0,0x50,0xf,0x0,0x0,
0xe0,0x1d,0x0,0x0,0x90,0x1b,0x0,0x0,
0xe0,0x1d,0x0,0x0,0x90,0x1b,0x0,0x0,
0xc0,0xf,0x0,0x0,0x83,0x1c,0x0,0x0,
0x83,0x1c,0x0,0x0,0x53,0x3,0x0,0x0,
0x90,0x1b,0x0,0x0,0x94,0x1c,0x0,0x0,
0xa4,0x1c,0x0,0x0,0x57,0x18,0x0,0x0,
0xa7,0x19,0x0,0x0,0xb7,0x19,0x0,0x0,
0x43,0x16,0x0,0x0,0x71,0x1d,0x0,0x0,
0xe3,0x1b,0x0,0x0,0x77,0x1b,0x0,0x0,
0xc7,0x19,0x0,0x0,0xf4,0x1b,0x0,0x0,
0x27,0x1b,0x0,0x0,0x83,0x1c,0x0,0x0,
0x83,0x1c,0x0,0x0,0x53,0x3,0x0,0x0,
0x90,0x1b,0x0,0x0,0x94,0x1c,0x0,0x0,
0xa4,0x1c,0x0,0x0,0x33,0x6,0x0,0x0,
0x4,0x1c,0x0,0x0,0xe3,0x1b,0x0,0x0,
0xb7,0x1a,0x0,0x0,0x43,0x16,0x0,0x0,
0x23,0xb,0x0,0x0,0x10,0x1d,0x0,0x0,
0xd4,0x1c,0x0,0x0,0xc7,0x1a,0x0,0x0,
0xa7,0x19,0x0,0x0,0x77,0x1b,0x0,0x0,
0xc7,0x19,0x0,0x0,0xa7,0x19,0x0,0x0,
0x77,0x1b,0x0,0x0,0xc7,0x19,0x0,0x0,
0xf4,0x1b,0x0,0x0,0x43,0x16,0x0,0x0,
0x70,0x1d,0x0,0x0,0x43,0x16,0x0,0x0,
0x20,0x9,0x0,0x0,0x3,0x1d,0x0,0x0,
0x0,0x1e,0x0,0x0,0x20,0x9,0x0,0x0,
0xd0,0xf,0x0,0x0,0xd7,0x1a,0x0,0x0,
0x20,0x9,0x0,0x0,0x83,0x1c,0x0,0x0,
0x14,0x1e,0x0,0x0,0xd0,0xf,0x0,0x0,
0xf7,0x1a,0x0,0x0,0x83,0x2,0x0,0x0,
0x37,0x1b,0x0,0x0,0x73,0x2,0x0,0x0,
0x73,0x2,0x0,0x0,0x33,0x6,0x0,0x0,
0x4,0x1c,0x0,0x0,0xb7,0x18,0x0,0x0,
0xd0,0xf,0x0,0x0,0x83,0x1c,0x0,0x0,
0x83,0x1c,0x0,0x0,0xd0,0xf,0x0,0x0,
0x7,0x1d,0x0,0x0,0x53,0x3,0x0,0x0,
0x90,0x1b,0x0,0x0,0x94,0x1c,0x0,0x0,
0xa4,0x1c,0x0,0x0,0x70,0x19,0x0,0x0,
0xe3,0x1b,0x0,0x0,0xd0,0xf,0x0,0x0,
0xf0,0x11,0x0,0x0,0x27,0x1b,0x0,0x0,
0x50,0x10,0x0,0x0,0x10,0x10,0x0,0x0,
0x67,0x19,0x0,0x0,0xf0,0x1d,0x0,0x0,
0x10,0x15,0x0,0x0,0x10,0x15,0x0,0x0,
0x10,0x15,0x0,0x0,0xa0,0x8,0x0,0x0,
0xd7,0x1a,0x0,0x0,0x30,0x15,0x0,0x0,
0x20,0x9,0x0,0x0,0x83,0x1c,0x0,0x0,
0x43,0x16,0x0,0x0,0x20,0x1e,0x0,0x0,
0x43,0x16,0x0,0x0,0xa0,0x8,0x0,0x0,
0xa4,0x1c,0x0,0x0,0x83,0x1c,0x0,0x0,
0x43,0x16,0x0,0x0,0x30,0x1e,0x0,0x0,
0x43,0x16,0x0,0x0,0x20,0x9,0x0,0x0,
0xa4,0x1c,0x0,0x0,0x43,0x16,0x0,0x0,
0x83,0x1c,0x0,0x0,0x83,0x1c,0x0,0x0,
0x43,0x16,0x0,0x0,0xa0,0x8,0x0,0x0,
0x94,0x1c,0x0,0x0,0xa4,0x1c,0x0,0x0,
0x41,0x1e,0x0,0x0,0x43,0x16,0x0,0x0,
0x83,0x1c,0x0,0x0,0x83,0x1c,0x0,0x0,
0x43,0x16,0x0,0x0,0x20,0x9,0x0,0x0,
0x94,0x1c,0x0,0x0,0xa4,0x1c,0x0,0x0,
0x71,0x1d,0x0,0x0,0x87,0x1b,0x0,0x0,
0xc7,0x19,0x0,0x0,0xf7,0x1a,0x0,0x0,
0x27,0x1b,0x0,0x0,0xe3,0x1b,0x0,0x0,
0x57,0x1b,0x0,0x0,0xf4,0x1b,0x0,0x0,
0xf4,0x1b,0x0,0x0,0xd0,0xf,0x0,0x0,
0xf3,0x3,0x0,0x0,0xd0,0x11,0x0,0x0,
0x7,0x1d,0x0,0x0,0x87,0x1d,0x0,0x0,
0xf7,0x1a,0x0,0x0,0x57,0x18,0x0,0x0,
0x77,0x1b,0x0,0x0,0x37,0x1b,0x0,0x0,
0x77,0x1b,0x0,0x0,0x83,0x2,0x0,0x0,
0x73,0x2,0x0,0x0,0x77,0x1b,0x0,0x0,
0x73,0x2,0x0,0x0,0x73,0x2,0x0,0x0,
0x77,0x1b,0x0,0x0,0x83,0x2,0x0,0x0,
0x73,0x2,0x0,0x0,0x77,0x1b,0x0,0x0,
0x73,0x2,0x0,0x0,0x73,0x2,0x0,0x0,
0xf3,0x3,0x0,0x0,0x33,0x5,0x0,0x0,
0x37,0x5,0x0,0x0,0x77,0x1b,0x0,0x0,
0x63,0x0,0x0,0x0,0x63,0x0,0x0,0x0,
0xf0,0x3,0x0,0x0,0x63,0x0,0x0,0x0,
0xe4,0x19,0x0,0x0,0xd4,0x19,0x0,0x0,
0x63,0x0,0x0,0x0,0x84,0x1a,0x0,0x0,
0x63,0x0,0x0,0x0,0xb4,0x18,0x0,0x0,
0x63,0x0,0x0,0x0,0x44,0x1b,0x0,0x0,
0x87,0x18,0x0,0x0,0x97,0x18,0x0,0x0,
0xb7,0x18,0x0,0x0,0x63,0x0,0x0,0x0,
0x80,0x5,0x0,0x0,0x63,0x0,0x0,0x0,
0x70,0x4,0x0,0x0,0x63,0x1e,0x0,0x0,
0x70,0x1e,0x0,0x0,0xf3,0x1d,0x0,0x0,
0x63,0x0,0x0,0x0,0x20,0x1,0x0,0x0,
0x63,0x0,0x0,0x0,0x20,0x1,0x0,0x0,
0x63,0x1e,0x0,0x0,0xa0,0x1e,0x0,0x0,
0xf3,0x1d,0x0,0x0,0x40,0x8,0x0,0x0,
0xf3,0x1d,0x0,0x0,0x60,0x8,0x0,0x0,
0xf3,0x1d,0x0,0x0,0x80,0x8,0x0,0x0,
0x63,0x1e,0x0,0x0,0xf0,0x8,0x0,0x0,
0xf3,0x1d,0x0,0x0,0xf3,0x1d,0x0,0x0,
0xa0,0x8,0x0,0x0,0x63,0x1e,0x0,0x0,
0xb0,0x1e,0x0,0x0,0x63,0x1e,0x0,0x0,
0xf0,0x8,0x0,0x0,0x83,0x1c,0x0,0x0,
0xf3,0x1d,0x0,0x0,0xa0,0x8,0x0,0x0,
0xa4,0x1c,0x0,0x0,0x63,0x1e,0x0,0x0,
0x50,0x9,0x0,0x0,0x63,0x1e,0x0,0x0,
0xc0,0x1e,0x0,0x0,0xf3,0x1d,0x0,0x0,
0x63,0x1e,0x0,0x0,0xf0,0x8,0x0,0x0,
0x63,0x0,0x0,0x0,0x90,0x5,0x0,0x0,
0x83,0x1c,0x0,0x0,0xa3,0x8,0x0,0x0,
0x13,0x9,0x0,0x0,0x93,0x9,0x0,0x0,
0x93,0x9,0x0,0x0,0xc4,0x1d,0x0,0x0,
0xf3,0x1d,0x0,0x0,0xf3,0x1d,0x0,0x0,
0xb0,0x9,0x0,0x0,0xf3,0x1d,0x0,0x0,
0x20,0x9,0x0,0x0,0x63,0x1e,0x0,0x0,
0x50,0x9,0x0,0x0,0x63,0x0,0x0,0x0,
0x30,0x1,0x0,0x0,0x63,0x1e,0x0,0x0,
0xd0,0x1e,0x0,0x0,0x63,0x1e,0x0,0x0,
0xa0,0x1e,0x0,0x0,0x63,0x0,0x0,0x0,
0x30,0x1,0x0,0x0,0xe3,0x1b,0x0,0x0,
0x63,0x1e,0x0,0x0,0xd0,0x1e,0x0,0x0,
0xe4,0x1e,0x0,0x0,0x63,0x1e,0x0,0x0,
0xf0,0x8,0x0,0x0,0x63,0x0,0x0,0x0,
0x30,0x1,0x0,0x0,0x63,0x0,0x0,0x0,
0x30,0x1,0x0,0x0,0x63,0x1e,0x0,0x0,
0xf0,0x1e,0x0,0x0,0x63,0x1e,0x0,0x0,
0x0,0xa,0x0,0x0,0xf3,0x1d,0x0,0x0,
0x63,0x0,0x0,0x0,0x30,0x1,0x0,0x0,
0x3,0x1f,0x0,0x0,0x10,0x1f,0x0,0x0,
0x3,0x1f,0x0,0x0,0x20,0x1f,0x0,0x0,
0x63,0x0,0x0,0x0,0x40,0x5,0x0,0x0,
0x63,0x0,0x0,0x0,0x44,0x5,0x0,0x0,
0x63,0x0,0x0,0x0,0x31,0x1,0x0,0x0,
0xf3,0x1d,0x0,0x0,0xf3,0x1d,0x0,0x0,
0xb0,0x9,0x0,0x0,0xf3,0x1d,0x0,0x0,
0x20,0x9,0x0,0x0,0x63,0x1e,0x0,0x0,
0x50,0x9,0x0,0x0,0x63,0x0,0x0,0x0,
0x30,0x1,0x0,0x0,0x63,0x1e,0x0,0x0,
0xd0,0x1e,0x0,0x0,0x63,0x1e,0x0,0x0,
0xa0,0x1e,0x0,0x0,0x63,0x0,0x0,0x0,
0x30,0x1,0x0,0x0,0xe3,0x1b,0x0,0x0,
0x63,0x1e,0x0,0x0,0xd0,0x1e,0x0,0x0,
0xe4,0x1e,0x0,0x0,0x63,0x1e,0x0,0x0,
0xf0,0x8,0x0,0x0,0x63,0x0,0x0,0x0,
0x30,0x1,0x0,0x0,0x63,0x0,0x0,0x0,
0x30,0x1,0x0,0x0,0x63,0x1e,0x0,0x0,
0xf0,0x1e,0x0,0x0,0x63,0x1e,0x0,0x0,
0x0,0xa,0x0,0x0,0xf3,0x1d,0x0,0x0,
0x63,0x0,0x0,0x0,0x30,0x1,0x0,0x0,
0x3,0x1f,0x0,0x0,0x10,0x1f,0x0,0x0,
0x3,0x1f,0x0,0x0,0x20,0x1f,0x0,0x0,
0x63,0x0,0x0,0x0,0x40,0x5,0x0,0x0,
0x63,0x0,0x0,0x0,0x44,0x5,0x0,0x0,
0x63,0x0,0x0,0x0,0x31,0x1,0x0,0x0,
0xf3,0x1d,0x0,0x0,0x63,0x0,0x0,0x0,
0x90,0x5,0x0,0x0,0xf3,0x1d,0x0,0x0,
0xb0,0x9,0x0,0x0,0xf3,0x1d,0x0,0x0,
0x20,0x9,0x0,0x0,0x63,0x1e,0x0,0x0,
0x50,0x9,0x0,0x0,0x63,0x0,0x0,0x0,
0x30,0x1,0x0,0x0,0x63,0x1e,0x0,0x0,
0xd0,0x1e,0x0,0x0,0x63,0x1e,0x0,0x0,
0xa0,0x1e,0x0,0x0,0x63,0x0,0x0,0x0,
0x30,0x1,0x0,0x0,0xe3,0x1b,0x0,0x0,
0x63,0x1e,0x0,0x0,0xd0,0x1e,0x0,0x0,
0xe4,0x1e,0x0,0x0,0x63,0x1e,0x0,0x0,
0xf0,0x8,0x0,0x0,0x63,0x0,0x0,0x0,
0x30,0x1,0x0,0x0,0x63,0x0,0x0,0x0,
0x30,0x1,0x0,0x0,0x63,0x1e,0x0,0x0,
0xf0,0x1e,0x0,0x0,0x63,0x1e,0x0,0x0,
0x0,0xa,0x0,0x0,0xf3,0x1d,0x0,0x0,
0x63,0x0,0x0,0x0,0x30,0x1,0x0,0x0,
0x3,0x1f,0x0,0x0,0x10,0x1f,0x0,0x0,
0x3,0x1f,0x0,0x0,0x20,0x1f,0x0,0x0,
0x63,0x0,0x0,0x0,0x40,0x5,0x0,0x0,
0x63,0x0,0x0,0x0,0x44,0x5,0x0,0x0,
0x63,0x0,0x0,0x0,0x31,0x1,0x0,0x0,
0xf3,0x1d,0x0,0x0,0xf3,0x1d,0x0,0x0,
0xa0,0x8,0x0,0x0,0xf3,0x1d,0x0,0x0,
0x20,0x9,0x0,0x0,0x63,0x0,0x0,0x0,
0x30,0x1,0x0,0x0,0x3,0xe,0x0,0x0,
0x63,0x0,0x0,0x0,0x30,0x1,0x0,0x0,
0xc3,0xe,0x0,0x0,0x13,0xb,0x0,0x0,
0x63,0x0,0x0,0x0,0xb4,0x18,0x0,0x0,
0x63,0x0,0x0,0x0,0x50,0x3,0x0,0x0,
0x90,0x1b,0x0,0x0,0x83,0x1c,0x0,0x0,
0x23,0x9,0x0,0x0,0xa4,0x1c,0x0,0x0,
0x83,0xb,0x0,0x0,0x23,0xb,0x0,0x0,
0x40,0x1f,0x0,0x0,0x63,0x0,0x0,0x0,
0xb4,0x18,0x0,0x0,0x63,0x0,0x0,0x0,
0xb4,0x18,0x0,0x0,0xc3,0x8,0x0,0x0,
0x63,0x0,0x0,0x0,0xb4,0x18,0x0,0x0,
0xf3,0x1d,0x0,0x0,0x63,0x0,0x0,0x0,
0x33,0xb,0x0,0x0,0xd1,0x1,0x0,0x0,
0x63,0x0,0x0,0x0,0xb4,0x18,0x0,0x0,
0x63,0x0,0x0,0x0,0xd0,0x1,0x0,0x0,
0x33,0xb,0x0,0x0,0x63,0x0,0x0,0x0,
0xd1,0x1,0x0,0x0,0x33,0xb,0x0,0x0,
0xa0,0x8,0x0,0x0,0x63,0x1e,0x0,0x0,
0x50,0x9,0x0,0x0,0x63,0x0,0x0,0x0,
0xf0,0x3,0x0,0x0,0x73,0xc,0x0,0x0,
0x63,0x1e,0x0,0x0,0x50,0x1f,0x0,0x0,
0xd3,0xd,0x0,0x0,0x60,0x1f,0x0,0x0,
0x63,0x1e,0x0,0x0,0x70,0x1f,0x0,0x0,
0x63,0x0,0x0,0x0,0xf0,0x3,0x0,0x0,
0x73,0xc,0x0,0x0,0x63,0x1e,0x0,0x0,
0xd0,0x1e,0x0,0x0,0x63,0x1e,0x0,0x0,
0xf0,0x8,0x0,0x0,0x63,0x0,0x0,0x0,
0xf0,0x3,0x0,0x0,0x73,0xc,0x0,0x0,
0x83,0x1c,0x0,0x0,0xf3,0x1d,0x0,0x0,
0xa0,0x8,0x0,0x0,0x94,0x1c,0x0,0x0,
0x63,0x0,0x0,0x0,0x63,0xc,0x0,0x0,
0x70,0xc,0x0,0x0,0x94,0x19,0x0,0x0,
0x83,0xc,0x0,0x0,0x80,0x1f,0x0,0x0,
0x63,0x0,0x0,0x0,0x63,0xc,0x0,0x0,
0x70,0xc,0x0,0x0,0xf4,0x18,0x0,0x0,
0x53,0x0,0x0,0x0,0xf0,0x1c,0x0,0x0,
0xf3,0x1d,0x0,0x0,0x40,0x8,0x0,0x0,
0xf3,0x1d,0x0,0x0,0xa0,0xc,0x0,0x0,
0x63,0xc,0x0,0x0,0x70,0xc,0x0,0x0,
0x77,0x1c,0x0,0x0,0x63,0x0,0x0,0x0,
0xf0,0x3,0x0,0x0,0x73,0xc,0x0,0x0,
0x63,0x1e,0x0,0x0,0x0,0xa,0x0,0x0,
0x63,0x1e,0x0,0x0,0x90,0x1f,0x0,0x0,
0xf3,0x9,0x0,0x0,0xa0,0x1f,0x0,0x0,
0xf3,0x1d,0x0,0x0,0x80,0x8,0x0,0x0,
0xf3,0x1d,0x0,0x0,0x70,0xd,0x0,0x0,
0xf3,0x1d,0x0,0x0,0x60,0x8,0x0,0x0,
0x63,0x0,0x0,0x0,0xf0,0x3,0x0,0x0,
0x73,0xc,0x0,0x0,0x3,0x1f,0x0,0x0,
0x10,0x1f,0x0,0x0,0x3,0x1f,0x0,0x0,
0xb0,0x1f,0x0,0x0,0x63,0x0,0x0,0x0,
0x30,0x5,0x0,0x0,0x63,0x0,0x0,0x0,
0x63,0xc,0x0,0x0,0x70,0xc,0x0,0x0,
0x34,0x5,0x0,0x0,0x63,0x0,0x0,0x0,
0x63,0xc,0x0,0x0,0x70,0xc,0x0,0x0,
0x14,0x1b,0x0,0x0,0xf3,0x1d,0x0,0x0,
0x63,0x0,0x0,0x0,0x63,0xc,0x0,0x0,
0x70,0xc,0x0,0x0,0xb4,0x19,0x0,0x0,
0x63,0x0,0x0,0x0,0x50,0x1,0x0,0x0,
0xf3,0x1d,0x0,0x0,0x13,0xe,0x0,0x0,
0xa0,0x8,0x0,0x0,0x63,0x1e,0x0,0x0,
0x50,0x9,0x0,0x0,0xb3,0xe,0x0,0x0,
0x60,0x1f,0x0,0x0,0x63,0x1e,0x0,0x0,
0x70,0x1f,0x0,0x0,0x33,0xe,0x0,0x0,
0xd0,0xf,0x0,0x0,0x63,0x0,0x0,0x0,
0xf0,0x3,0x0,0x0,0x63,0x1e,0x0,0x0,
0xd0,0x1e,0x0,0x0,0x33,0xe,0x0,0x0,
0xc0,0x1f,0x0,0x0,0x63,0x1e,0x0,0x0,
0x0,0xa,0x0,0x0,0xf3,0x9,0x0,0x0,
0xe0,0x1f,0x0,0x0,0xf3,0x1d,0x0,0x0,
0x80,0x8,0x0,0x0,0xf3,0x1d,0x0,0x0,
0x70,0xd,0x0,0x0,0xf3,0x1d,0x0,0x0,
0x40,0xe,0x0,0x0,0x33,0xe,0x0,0x0,
0xf0,0x1f,0x0,0x0,0x63,0x0,0x0,0x0,
0x50,0x5,0x0,0x0,0x63,0x0,0x0,0x0,
0x33,0xe,0x0,0x0,0x0,0x20,0x0,0x0,
0x33,0xe,0x0,0x0,0xd0,0xf,0x0,0x0,
0x54,0x5,0x0,0x0,0xf3,0x1d,0x0,0x0,
0xf3,0x1d,0x0,0x0,0xf3,0x1d,0x0,0x0,
0xf3,0x1d,0x0,0x0,0xa0,0x8,0x0,0x0,
0x63,0x1e,0x0,0x0,0x50,0x9,0x0,0x0,
0x63,0x1e,0x0,0x0,0xb0,0x1e,0x0,0x0,
0x63,0x1e,0x0,0x0,0xf0,0x8,0x0,0x0,
0xf3,0x1d,0x0,0x0,0x63,0x0,0x0,0x0,
0x90,0x1,0x0,0x0,0xc4,0x1b,0x0,0x0,
0x90,0x1b,0x0,0x0,0x63,0x0,0x0,0x0,
0x90,0x1,0x0,0x0,0x63,0x1e,0x0,0x0,
0x0,0xa,0x0,0x0,0xf3,0x9,0x0,0x0,
0xe0,0x1f,0x0,0x0,0x3,0x1f,0x0,0x0,
0x10,0x1f,0x0,0x0,0x63,0x0,0x0,0x0,
0xa0,0x1,0x0,0x0,0x90,0x1b,0x0,0x0,
0x63,0x0,0x0,0x0,0xa0,0x1,0x0,0x0,
0x90,0x1b,0x0,0x0,0x77,0x1c,0x0,0x0,
0x63,0x0,0x0,0x0,0xa0,0x1,0x0,0x0,
0x90,0x1b,0x0,0x0,0x63,0x1e,0x0,0x0,
0x90,0x1f,0x0,0x0,0xf3,0x9,0x0,0x0,
0xe0,0x1f,0x0,0x0,0x63,0x0,0x0,0x0,
0xa0,0x1,0x0,0x0,0x90,0x1b,0x0,0x0,
0xf3,0x1d,0x0,0x0,0xa0,0x8,0x0,0x0,
0x63,0x1e,0x0,0x0,0x50,0x9,0x0,0x0,
0x63,0x1e,0x0,0x0,0xf0,0x8,0x0,0x0,
0xf3,0x1d,0x0,0x0,0xa0,0x8,0x0,0x0,
0x63,0x0,0x0,0x0,0x90,0x1,0x0,0x0,
0xc4,0x1b,0x0,0x0,0x90,0x1b,0x0,0x0,
0x63,0x1e,0x0,0x0,0x90,0x1f,0x0,0x0,
0xf3,0x9,0x0,0x0,0x80,0x20,0x0,0x0,
0xf3,0x9,0x0,0x0,0xa0,0x1f,0x0,0x0,
0xf3,0x1d,0x0,0x0,0x63,0x0,0x0,0x0,
0xa0,0x1,0x0,0x0,0x90,0x1b,0x0,0x0,
0xf3,0x1d,0x0,0x0,0xa0,0x8,0x0,0x0,
0xf3,0x1d,0x0,0x0,0x20,0x9,0x0,0x0,
0x63,0x0,0x0,0x0,0xa0,0x1,0x0,0x0,
0x23,0xb,0x0,0x0,0x90,0x20,0x0,0x0,
0xa0,0x8,0x0,0x0,0x13,0xf,0x0,0x0,
0xa0,0x20,0x0,0x0,0x63,0x1e,0x0,0x0,
0x50,0x9,0x0,0x0,0x73,0xc,0x0,0x0,
0x63,0x0,0x0,0x0,0xc0,0x1,0x0,0x0,
0x63,0x1e,0x0,0x0,0x50,0x1f,0x0,0x0,
0x33,0xf,0x0,0x0,0x60,0x1f,0x0,0x0,
0x63,0x1e,0x0,0x0,0x70,0x1f,0x0,0x0,
0x63,0x1e,0x0,0x0,0xa0,0x1e,0x0,0x0,
0x73,0xc,0x0,0x0,0x63,0x0,0x0,0x0,
0xc0,0x1,0x0,0x0,0x63,0x1e,0x0,0x0,
0xd0,0x1e,0x0,0x0,0x63,0x1e,0x0,0x0,
0xf0,0x8,0x0,0x0,0x73,0xc,0x0,0x0,
0x63,0x0,0x0,0x0,0xc0,0x1,0x0,0x0,
0xf3,0x1d,0x0,0x0,0x33,0xe,0x0,0x0,
0xc0,0x20,0x0,0x0,0x77,0x1c,0x0,0x0,
0x73,0xc,0x0,0x0,0x63,0x0,0x0,0x0,
0xc0,0x1,0x0,0x0,0x63,0x1e,0x0,0x0,
0xd0,0x1e,0x0,0x0,0x63,0x1e,0x0,0x0,
0x90,0x1f,0x0,0x0,0x3,0x1f,0x0,0x0,
0x10,0x1f,0x0,0x0,0xf3,0x1d,0x0,0x0,
0xa0,0x8,0x0,0x0,0x33,0xe,0x0,0x0,
0xd0,0x20,0x0,0x0,0x63,0x1e,0x0,0x0,
0x0,0xa,0x0,0x0,0xf3,0x9,0x0,0x0,
0x80,0x20,0x0,0x0,0xf3,0x9,0x0,0x0,
0xe0,0x1f,0x0,0x0,0x63,0x0,0x0,0x0,
0x70,0x5,0x0,0x0,0x63,0x0,0x0,0x0,
0x73,0xc,0x0,0x0,0x74,0x5,0x0,0x0,
0xf3,0x1d,0x0,0x0,0x73,0xc,0x0,0x0,
0x43,0x16,0x0,0x0,0xa0,0x8,0x0,0x0,
0x83,0x1c,0x0,0x0,0x83,0xf,0x0,0x0,
0x20,0x9,0x0,0x0,0xa4,0x1c,0x0,0x0,
0x63,0x0,0x0,0x0,0xa0,0x4,0x0,0x0,
0xf3,0x1d,0x0,0x0,0xa0,0xc,0x0,0x0,
0x53,0xf,0x0,0x0,0x30,0xe,0x0,0x0,
0xb0,0x1d,0x0,0x0,0x33,0xe,0x0,0x0,
0xd0,0xf,0x0,0x0,0x63,0x0,0x0,0x0,
0xd3,0xf,0x0,0x0,0x34,0x19,0x0,0x0,
0x63,0x0,0x0,0x0,0xd3,0xf,0x0,0x0,
0xf4,0x18,0x0,0x0,0x83,0x1c,0x0,0x0,
0x13,0x10,0x0,0x0,0x14,0x1e,0x0,0x0,
0x63,0x0,0x0,0x0,0xd3,0xf,0x0,0x0,
0x24,0x19,0x0,0x0,0x43,0x12,0x0,0x0,
0xf0,0x20,0x0,0x0,0x43,0x12,0x0,0x0,
0xf0,0x20,0x0,0x0,0x53,0x10,0x0,0x0,
0xa0,0x8,0x0,0x0,0x63,0x0,0x0,0x0,
0xb0,0x4,0x0,0x0,0x43,0x12,0x0,0x0,
0xa0,0x20,0x0,0x0,0x43,0x12,0x0,0x0,
0xa0,0x20,0x0,0x0,0x53,0x10,0x0,0x0,
0x20,0x9,0x0,0x0,0x63,0x0,0x0,0x0,
0xb0,0x4,0x0,0x0,0x33,0x10,0x0,0x0,
0x93,0x10,0x0,0x0,0x73,0x10,0x0,0x0,
0x33,0x10,0x0,0x0,0x73,0x10,0x0,0x0,
0x93,0x10,0x0,0x0,0x63,0x0,0x0,0x0,
0x44,0x18,0x0,0x0,0x83,0x1c,0x0,0x0,
0x43,0x16,0x0,0x0,0xa0,0x8,0x0,0x0,
0xa4,0x1c,0x0,0x0,0x83,0x1c,0x0,0x0,
0x43,0x16,0x0,0x0,0x20,0x9,0x0,0x0,
0xa4,0x1c,0x0,0x0,0xf3,0x10,0x0,0x0,
0x83,0x1c,0x0,0x0,0x13,0x11,0x0,0x0,
0x83,0xf,0x0,0x0,0x10,0x9,0x0,0x0,
0xa4,0x1c,0x0,0x0,0x13,0x11,0x0,0x0,
0xb3,0x10,0x0,0x0,0x53,0x11,0x0,0x0,
0xb3,0x10,0x0,0x0,0xd3,0x10,0x0,0x0,
0x33,0x11,0x0,0x0,0xd3,0x10,0x0,0x0,
0xb3,0x10,0x0,0x0,0xd3,0x10,0x0,0x0,
0x83,0x1c,0x0,0x0,0x53,0x11,0x0,0x0,
0xb3,0x10,0x0,0x0,0x33,0x11,0x0,0x0,
0xd3,0x10,0x0,0x0,0x94,0x1c,0x0,0x0,
0x63,0x0,0x0,0x0,0xb3,0xf,0x0,0x0,
0x64,0x18,0x0,0x0,0x33,0x12,0x0,0x0,
0x83,0x1c,0x0,0x0,0xb3,0x10,0x0,0x0,
0xd3,0x11,0x0,0x0,0x63,0x0,0x0,0x0,
0x10,0x4,0x0,0x0,0xa4,0x1c,0x0,0x0,
0x83,0x1c,0x0,0x0,0xd3,0x10,0x0,0x0,
0xd3,0x11,0x0,0x0,0x63,0x0,0x0,0x0,
0x10,0x4,0x0,0x0,0xa4,0x1c,0x0,0x0,
0xd3,0xf,0x0,0x0,0x63,0x0,0x0,0x0,
0xf0,0x3,0x0,0x0,0x63,0x0,0x0,0x0,
0x74,0x1b,0x0,0x0,0x83,0x1c,0x0,0x0,
0xb3,0xf,0x0,0x0,0x70,0x10,0x0,0x0,
0xb3,0xf,0x0,0x0,0xd0,0x11,0x0,0x0,
0x63,0x0,0x0,0x0,0x10,0x4,0x0,0x0,
0xa4,0x1c,0x0,0x0,0x83,0x1c,0x0,0x0,
0xb3,0xf,0x0,0x0,0x90,0x10,0x0,0x0,
0xb3,0xf,0x0,0x0,0xd0,0x11,0x0,0x0,
0x63,0x0,0x0,0x0,0x10,0x4,0x0,0x0,
0xa4,0x1c,0x0,0x0,0xb3,0xf,0x0,0x0,
0x10,0x10,0x0,0x0,0x53,0x0,0x0,0x0,
0xf0,0x1c,0x0,0x0,0xb3,0xf,0x0,0x0,
0x50,0x10,0x0,0x0,0xa0,0x8,0x0,0x0,
0xa3,0x8,0x0,0x0,0xb3,0xf,0x0,0x0,
0x50,0x10,0x0,0x0,0xa0,0x8,0x0,0x0,
0xf3,0x1d,0x0,0x0,0xb3,0xf,0x0,0x0,
0xf0,0xf,0x0,0x0,0x83,0xc,0x0,0x0,
0x80,0x1f,0x0,0x0,0xb3,0xf,0x0,0x0,
0xd0,0xf,0x0,0x0,0x63,0x0,0x0,0x0,
0xf0,0x3,0x0,0x0,0x63,0x0,0x0,0x0,
0x74,0x1b,0x0,0x0,0xb3,0xf,0x0,0x0,
0xd0,0xf,0x0,0x0,0x63,0x0,0x0,0x0,
0xf0,0x3,0x0,0x0,0x63,0x0,0x0,0x0,
0x74,0x1b,0x0,0x0,0xf3,0x1d,0x0,0x0,
0x43,0x12,0x0,0x0,0x0,0x21,0x0,0x0,
0x83,0xc,0x0,0x0,0x10,0x21,0x0,0x0,
0xf3,0x1d,0x0,0x0,0x63,0x1e,0x0,0x0,
0x70,0x1e,0x0,0x0,0xe3,0x1b,0x0,0x0,
0x33,0x12,0x0,0x0,0xb0,0x11,0x0,0x0,
0x33,0x12,0x0,0x0,0xb0,0x11,0x0,0x0,
0x44,0x21,0x0,0x0,0x3,0x14,0x0,0x0,
0x50,0x21,0x0,0x0,0x63,0x0,0x0,0x0,
0x80,0x4,0x0,0x0,0xa3,0x7,0x0,0x0,
0x0,0x21,0x0,0x0,0x93,0x7,0x0,0x0,
0x10,0x21,0x0,0x0,0x63,0x21,0x0,0x0,
0x70,0x21,0x0,0x0,0x63,0x21,0x0,0x0,
0x80,0x21,0x0,0x0,0x63,0x0,0x0,0x0,
0x80,0x4,0x0,0x0,0x63,0x21,0x0,0x0,
0x70,0x21,0x0,0x0,0x63,0x21,0x0,0x0,
0x80,0x21,0x0,0x0,0x63,0x21,0x0,0x0,
0x90,0x21,0x0,0x0,0x3,0x14,0x0,0x0,
0xa4,0x21,0x0,0x0,0x3,0x14,0x0,0x0,
0xb4,0x21,0x0,0x0,0x63,0x0,0x0,0x0,
0x1,0x4,0x0,0x0,0xa3,0x7,0x0,0x0,
0xb3,0xf,0x0,0x0,0xd0,0xf,0x0,0x0,
0x83,0x1c,0x0,0x0,0x33,0x12,0x0,0x0,
0xb0,0x11,0x0,0x0,0x7,0x1d,0x0,0x0,
0xa4,0x1c,0x0,0x0,0x53,0x13,0x0,0x0,
0xc0,0x21,0x0,0x0,0xd0,0x21,0x0,0x0,
0x53,0x13,0x0,0x0,0xc0,0x21,0x0,0x0,
0xe0,0x21,0x0,0x0,0x53,0x13,0x0,0x0,
0x60,0x1d,0x0,0x0,0xc3,0x13,0x0,0x0,
0xf0,0x21,0x0,0x0,0x3,0xa,0x0,0x0,
0x90,0x1b,0x0,0x0,0xb3,0xf,0x0,0x0,
0xd0,0xf,0x0,0x0,0x63,0x0,0x0,0x0,
0xf0,0x3,0x0,0x0,0x63,0x0,0x0,0x0,
0x3,0xa,0x0,0x0,0x1,0x4,0x0,0x0,
0xf3,0x1d,0x0,0x0,0x43,0x12,0x0,0x0,
0xb0,0x7,0x0,0x0,0x4,0x22,0x0,0x0,
0x90,0x1b,0x0,0x0,0x63,0x1e,0x0,0x0,
0x70,0x1e,0x0,0x0,0x33,0x12,0x0,0x0,
0x63,0x1e,0x0,0x0,0xf0,0x8,0x0,0x0,
0xb3,0xf,0x0,0x0,0xd0,0xf,0x0,0x0,
0x77,0x1c,0x0,0x0,0x63,0x1e,0x0,0x0,
0x90,0x1f,0x0,0x0,0xf3,0x1d,0x0,0x0,
0x63,0x0,0x0,0x0,0xb3,0xf,0x0,0x0,
0xd0,0xf,0x0,0x0,0x44,0x19,0x0,0x0,
0x63,0x0,0x0,0x0,0x33,0xe,0x0,0x0,
0x70,0x19,0x0,0x0,0xb3,0xf,0x0,0x0,
0x50,0x10,0x0,0x0,0x33,0x12,0x0,0x0,
0xb3,0xf,0x0,0x0,0x10,0x10,0x0,0x0,
0x64,0x19,0x0,0x0,0xf3,0x14,0x0,0x0,
0x10,0x15,0x0,0x0,0xf3,0x14,0x0,0x0,
0x30,0x15,0x0,0x0,0x83,0x1c,0x0,0x0,
0xf3,0x14,0x0,0x0,0xa0,0x8,0x0,0x0,
0xa4,0x1c,0x0,0x0,0x83,0x1c,0x0,0x0,
0xf3,0x14,0x0,0x0,0x20,0x9,0x0,0x0,
0xa4,0x1c,0x0,0x0,0x43,0x12,0x0,0x0,
0x0,0x21,0x0,0x0,0x83,0xc,0x0,0x0,
0x10,0x21,0x0,0x0,0x53,0x15,0x0,0x0,
0x60,0x1f,0x0,0x0,0x63,0x1e,0x0,0x0,
0xd0,0x1e,0x0,0x0,0x53,0x15,0x0,0x0,
0x60,0x1f,0x0,0x0,0x63,0x0,0x0,0x0,
0x80,0x4,0x0,0x0,0x63,0x0,0x0,0x0,
0x80,0x4,0x0,0x0,0xe3,0x1b,0x0,0x0,
0x40,0x22,0x0,0x0,0xe3,0x1b,0x0,0x0,
0x50,0x22,0x0,0x0,0x63,0x0,0x0,0x0,
0x60,0x5,0x0,0x0,0x63,0x0,0x0,0x0,
0x33,0xe,0x0,0x0,0x0,0x20,0x0,0x0,
0x33,0xe,0x0,0x0,0xd0,0xf,0x0,0x0,
0x64,0x5,0x0,0x0,0xf3,0x1d,0x0,0x0,
0x63,0x0,0x0,0x0,0xb3,0xf,0x0,0x0,
0xd0,0xf,0x0,0x0,0x54,0x19,0x0,0x0,
0x63,0x0,0x0,0x0,0x33,0xe,0x0,0x0,
0xb3,0xf,0x0,0x0,0x50,0x10,0x0,0x0,
0x33,0x12,0x0,0x0,0xb3,0xf,0x0,0x0,
0x10,0x10,0x0,0x0,0x64,0x19,0x0,0x0,
0xf3,0x14,0x0,0x0,0x10,0x15,0x0,0x0,
0xf3,0x14,0x0,0x0,0x30,0x15,0x0,0x0,
0x83,0x1c,0x0,0x0,0x33,0xe,0x0,0x0,
0x60,0x1d,0x0,0x0,0xf3,0x14,0x0,0x0,
0xa0,0x8,0x0,0x0,0xa4,0x1c,0x0,0x0,
0x83,0x1c,0x0,0x0,0x33,0xe,0x0,0x0,
0x60,0x1d,0x0,0x0,0xf3,0x14,0x0,0x0,
0x20,0x9,0x0,0x0,0xa4,0x1c,0x0,0x0,
0x33,0xe,0x0,0x0,0x60,0x1d,0x0,0x0,
0x63,0x1e,0x0,0x0,0x70,0x1e,0x0,0x0,
0x63,0x1e,0x0,0x0,0x70,0x1e,0x0,0x0,
0x33,0xe,0x0,0x0,0x60,0x1d,0x0,0x0,
0x43,0x12,0x0,0x0,0x0,0x21,0x0,0x0,
0x83,0xc,0x0,0x0,0x10,0x21,0x0,0x0,
0x33,0xe,0x0,0x0,0x60,0x1d,0x0,0x0,
0x33,0xe,0x0,0x0,0x60,0x1d,0x0,0x0,
0x63,0x1e,0x0,0x0,0xd0,0x1e,0x0,0x0,
0x33,0xe,0x0,0x0,0x60,0x1d,0x0,0x0,
0x33,0xe,0x0,0x0,0x60,0x1d,0x0,0x0,
0xf3,0x1d,0x0,0x0,0xc0,0x8,0x0,0x0,
0x93,0x22,0x0,0x0,0xa0,0x22,0x0,0x0,
0xb3,0x22,0x0,0x0,0xc0,0x22,0x0,0x0,
0xb3,0x22,0x0,0x0,0xc0,0x22,0x0,0x0,
0x83,0x1c,0x0,0x0,0x23,0x9,0x0,0x0,
0xa4,0x1c,0x0,0x0,0x63,0x0,0x0,0x0,
0x54,0x18,0x0,0x0,0x63,0x0,0x0,0x0,
0xa0,0x4,0x0,0x0,0x83,0x1c,0x0,0x0,
0x63,0x0,0x0,0x0,0xa0,0x4,0x0,0x0,
0xa4,0x1c,0x0,0x0,0xd3,0x22,0x0,0x0,
0xe0,0x22,0x0,0x0,0x63,0x0,0x0,0x0,
0x90,0x3,0x0,0x0,0x43,0xf,0x0,0x0,
0x63,0x0,0x0,0x0,0x84,0x1b,0x0,0x0,
0x63,0x0,0x0,0x0,0xc4,0x19,0x0,0x0,
0x63,0x0,0x0,0x0,0x44,0x1b,0x0,0x0,
0x63,0x0,0x0,0x0,0x84,0x1b,0x0,0x0,
0x63,0x0,0x0,0x0,0x90,0x4,0x0,0x0,
0x63,0x0,0x0,0x0,0x54,0x18,0x0,0x0,
0x63,0x0,0x0,0x0,0x63,0x0,0x0,0x0,
0xf0,0x3,0x0,0x0,0x24,0x1b,0x0,0x0,
0x63,0x0,0x0,0x0,0xc4,0x19,0x0,0x0,
0xe3,0x1b,0x0,0x0,0x63,0x0,0x0,0x0,
0x70,0x1b,0x0,0x0,0xf4,0x1b,0x0,0x0,
0xe3,0x1b,0x0,0x0,0x63,0x0,0x0,0x0,
0x70,0x1b,0x0,0x0,0xf4,0x1b,0x0,0x0,
0xf3,0x1d,0x0,0x0,0x40,0x8,0x0,0x0,
0xf3,0x1d,0x0,0x0,0x60,0x8,0x0,0x0,
0x33,0x8,0x0,0x0,0x70,0xd,0x0,0x0,
0xf3,0x1d,0x0,0x0,0x70,0xd,0x0,0x0,
0x63,0x0,0x0,0x0,0xe4,0x18,0x0,0x0,
0x63,0x0,0x0,0x0,0xc4,0x19,0x0,0x0,
0x63,0x0,0x0,0x0,0x80,0x4,0x0,0x0,
0x63,0x0,0x0,0x0,0x80,0x4,0x0,0x0,
0xe3,0x1b,0x0,0x0,0xf0,0x22,0x0,0x0,
0xf3,0x21,0x0,0x0,0xe3,0x1b,0x0,0x0,
0x0,0x23,0x0,0x0,0xe3,0x1b,0x0,0x0,
0x40,0x22,0x0,0x0,0x10,0x15,0x0,0x0,
0x30,0x15,0x0,0x0,0x43,0x16,0x0,0x0,
0x40,0x1e,0x0,0x0,0x43,0x16,0x0,0x0,
0x70,0x1d,0x0,0x0,0x11,0x23,0x0,0x0,
0xf3,0x21,0x0,0x0,0x93,0x17,0x0,0x0,
0x10,0x15,0x0,0x0,0x73,0x17,0x0,0x0,
0xa3,0x17,0x0,0x0,0x30,0x15,0x0,0x0,
0x83,0x17,0x0,0x0,0x43,0x16,0x0,0x0,
0x83,0x1c,0x0,0x0,0x83,0x1c,0x0,0x0,
0x83,0x1c,0x0,0x0,0x43,0x16,0x0,0x0,
0x20,0x1e,0x0,0x0,0x43,0x16,0x0,0x0,
0xa0,0x8,0x0,0x0,0xa4,0x1c,0x0,0x0,
0x94,0x1c,0x0,0x0,0xa4,0x1c,0x0,0x0,
0x41,0x1e,0x0,0x0,0x43,0x16,0x0,0x0,
0x83,0x1c,0x0,0x0,0x83,0x1c,0x0,0x0,
0x83,0x1c,0x0,0x0,0x43,0x16,0x0,0x0,
0x30,0x1e,0x0,0x0,0x43,0x16,0x0,0x0,
0x20,0x9,0x0,0x0,0xa4,0x1c,0x0,0x0,
0x94,0x1c,0x0,0x0,0xa4,0x1c,0x0,0x0,
0x71,0x1d,0x0,0x0,0x11,0x23,0x0,0x0,
0xf3,0x1d,0x0,0x0,0xe3,0x1b,0x0,0x0,
0x20,0x23,0x0,0x0,0x30,0x23,0x0,0x0,
0x30,0x15,0x0,0x0,0x63,0x0,0x0,0x0,
0xf0,0x4,0x0,0x0,0x63,0x0,0x0,0x0,
0xf4,0x4,0x0,0x0,0x30,0x23,0x0,0x0,
0x30,0x15,0x0,0x0,0x63,0x0,0x0,0x0,
0x0,0x5,0x0,0x0,0x63,0x0,0x0,0x0,
0x4,0x5,0x0,0x0,0x11,0x23,0x0,0x0,
0x0,0x0,0x0,0x0,0x0,0x40,0x5,0xc0,
0x0,0x0,0x0,0x0,0x0,0x40,0xd5,0x3f,
0x0,0x0,0x0,0x0,0x0,0x40,0x5,0x40,
0xcd,0xcc,0xcc,0xcc,0xcc,0x8c,0x19,0x40,
0x0,0x0,0x0,0x0,0x0,0x40,0xf5,0x7f,
0x0,0x0,0x0,0x0,0x0,0x40,0xc7,0x3f,
0x0,0x0,0x0,0x0,0x0,0x40,0xf1,0x3f,
0x0,0x0,0x0,0x0,0x0,0xc0,0x94,0x3f,
0x0,0x0,0x0,0x0,0x0,0xc0,0x93,0x3f,
0x0,0x0,0x0,0x0,0x0,0xc0,0xa3,0x3f,
0x0,0x0,0x0,0x0,0x0,0xc0,0x9e,0x3f,
0x0,0x0,0x0,0x0,0x0,0x40,0xb6,0x3f,
0x0,0x0,0x0,0x0,0x0,0x40,0xcb,0x3f,
0x0,0x0,0x0,0x0,0x0,0x40,0xfd,0x3f,
0x0,0x0,0x0,0x0,0x0,0x40,0xe5,0x3f,
0x0,0x0,0x0,0x0,0x0,0x40,0xd1,0x3f,
0x0,0x0,0x0,0x0,0x0,0x80,0x97,0x3f,
0x0,0x0,0x0,0x0,0x0,0x40,0xa8,0x3f,
0x0,0x0,0x0,0x0,0x0,0x40,0xed,0x3f,
0x0,0x0,0x0,0x0,0x0,0x40,0xd3,0x3f,
0x0,0x0,0x0,0x0,0x0,0x40,0xb3,0x3f,
0x0,0x0,0x0,0x0,0x0,0x40,0xf5,0x3f,
0x0,0x0,0x0,0x0,0x0,0x40,0xa7,0x3f,
0x0,0x0,0x0,0x0,0x0,0x40,0xe1,0x3f,
0x0,0x0,0x0,0x0,0x0,0x40,0xdd,0x3f,
0xa,0xd7,0xa3,0x70,0x3d,0x4a,0x12,0x40,
0x0,0x0,0x0,0x0,0x0,0x0,0x75,0x3f,
0x0,0x0,0x0,0x0,0x0,0x40,0xc9,0x3f,
0x1,0x0,0x0,0x0,0x0,0xc0,0x3,0x0,
0x4,0x0,0x0,0x0,0x0,0xc0,0x3,0x0,
0x0,0x0,0x0,0x0,0x0,0xc0,0x3,0x0,
0x33,0x33,0x33,0x33,0x33,0x73,0x36,0x40,
0x66,0x66,0x66,0x66,0x66,0x26,0x7,0x40,
0x0,0x0,0x0,0x0,0x0,0x40,0x15,0x40,
0x7b,0x14,0xae,0x47,0xe1,0x3a,0x71,0x40,
0x0,0x0,0x0,0x0,0x0,0x40,0x1d,0x40,
0x1,0x0,0x0,0x0,0x0,0x80,0x3,0x0,
0x70,0x0,0x0,0x0,0x0,0xc0,0x3,0x0,
0x48,0xe1,0x7a,0x14,0xae,0x7,0x4,0x40,
0x68,0x0,0x0,0x0,0x0,0xc0,0x3,0x0,
0xa,0x0,0x0,0x0,0x0,0xc0,0x3,0x0,
0x8,0x0,0x0,0x0,0x0,0xc0,0x3,0x0,
0x29,0x5c,0x8f,0xc2,0xf5,0x68,0x19,0x40,
0x18,0x0,0x0,0x0,0x0,0xc0,0x3,0x0,
0xe4,0x21,0x0,0x0,0xec,0x21,0x0,0x0,
0xf4,0x21,0x0,0x0,0xfc,0x21,0x0,0x0,
0x4,0x22,0x0,0x0,0xc,0x22,0x0,0x0,
0x14,0x22,0x0,0x0,0x24,0x22,0x0,0x0,
0x34,0x22,0x0,0x0,0x3c,0x22,0x0,0x0,
0x54,0x22,0x0,0x0,0x6c,0x22,0x0,0x0,
0x84,0x22,0x0,0x0,0x9c,0x22,0x0,0x0,
0xac,0x22,0x0,0x0,0xb4,0x22,0x0,0x0,
0xc4,0x22,0x0,0x0,0xd4,0x22,0x0,0x0,
0xdc,0x22,0x0,0x0,0xec,0x22,0x0,0x0,
0xf4,0x22,0x0,0x0,0x4,0x23,0x0,0x0,
0x14,0x23,0x0,0x0,0x1c,0x23,0x0,0x0,
0x24,0x23,0x0,0x0,0x0,0x0,0x0,0x0,
0x0,0x0,0x0,0x0,0x0,0x0,0x0,0x0,
0x0,0x0,0x0,0x0,0x0,0x0,0x0,0x0,
0x0,0x0,0x0,0x0,0x0,0x0,0x0,0x0,
0x0,0x0,0x0,0x0,0x0,0x0,0x0,0x0,
0x0,0x0,0x0,0x0,0x0,0x0,0x0,0x0,
0x0,0x0,0x0,0x0,0x2,0x0,0x0,0x0,
0x8a,0x0,0x0,0x0,0x92,0x0,0x0,0x0,
0x0,0x0,0x0,0x0,0x2,0x0,0x0,0x0,
0x8a,0x0,0x0,0x0,0x92,0x0,0x0,0x0,
0x0,0x0,0x0,0x0,0x0,0x0,0x0,0x0,
0x0,0x0,0x0,0x0,0x4,0x0,0x0,0x0,
0x51,0x1,0x0,0x0,0x53,0x1,0x0,0x0,
0x8a,0x0,0x0,0x0,0x92,0x0,0x0,0x0,
0x0,0x0,0x0,0x0,0x4,0x0,0x0,0x0,
0x51,0x1,0x0,0x0,0x53,0x1,0x0,0x0,
0x8a,0x0,0x0,0x0,0x92,0x0,0x0,0x0,
0x0,0x0,0x0,0x0,0x4,0x0,0x0,0x0,
0x51,0x1,0x0,0x0,0x53,0x1,0x0,0x0,
0x8a,0x0,0x0,0x0,0x92,0x0,0x0,0x0,
0x0,0x0,0x0,0x0,0x4,0x0,0x0,0x0,
0x51,0x1,0x0,0x0,0x53,0x1,0x0,0x0,
0x8a,0x0,0x0,0x0,0x92,0x0,0x0,0x0,
0x0,0x0,0x0,0x0,0x2,0x0,0x0,0x0,
0xfd,0x0,0x0,0x0,0x7b,0x0,0x0,0x0,
0x0,0x0,0x0,0x0,0x1,0x0,0x0,0x0,
0xdb,0x1,0x0,0x0,0x2,0x0,0x0,0x0,
0xfd,0x0,0x0,0x0,0x7b,0x0,0x0,0x0,
0x0,0x0,0x0,0x0,0x2,0x0,0x0,0x0,
0xfd,0x0,0x0,0x0,0x7b,0x0,0x0,0x0,
0x0,0x0,0x0,0x0,0x1,0x0,0x0,0x0,
0xdb,0x1,0x0,0x0,0x2,0x0,0x0,0x0,
0xfd,0x0,0x0,0x0,0x7b,0x0,0x0,0x0,
0x0,0x0,0x0,0x0,0x1,0x0,0x0,0x0,
0xdb,0x1,0x0,0x0,0x2,0x0,0x0,0x0,
0xfd,0x0,0x0,0x0,0x7b,0x0,0x0,0x0,
0x0,0x0,0x0,0x0,0x2,0x0,0x0,0x0,
0xfd,0x0,0x0,0x0,0x7b,0x0,0x0,0x0,
0x0,0x0,0x0,0x0,0x1,0x0,0x0,0x0,
0xdb,0x1,0x0,0x0,0x0,0x0,0x0,0x0,
0x0,0x0,0x0,0x0,0x0,0x0,0x0,0x0,
0x0,0x0,0x0,0x0,0x0,0x0,0x0,0x0,
0x44,0x0,0x0,0x0,0xf,0x0,0x0,0x0,
0x9,0x0,0x0,0x0,0x0,0x0,0x0,0x0,
0x38,0x0,0x0,0x0,0x0,0x0,0x0,0x0,
0x38,0x0,0x0,0x0,0x0,0x0,0x1,0x0,
0xff,0xff,0xff,0xff,0x7,0x0,0x0,0x0,
0xb,0x0,0x50,0x0,0x0,0x0,0x0,0x0,
0x0,0x0,0x7,0x0,0x0,0x0,0x0,0x0,
0x0,0x0,0x0,0x0,0xb,0x0,0x0,0x0,
0x1,0x0,0x0,0x0,0x2e,0x0,0x50,0x6,
0x2e,0x1,0x3c,0x2,0x4c,0x2,0x12,0x0,
0x18,0x6,0x2,0x0,0x0,0x0,0x0,0x0,
0x44,0x0,0x0,0x0,0x1a,0x0,0x0,0x0,
0xb,0x0,0x0,0x0,0x0,0x0,0x0,0x0,
0x38,0x0,0x0,0x0,0x0,0x0,0x0,0x0,
0x38,0x0,0x0,0x0,0x0,0x0,0x1,0x0,
0xff,0xff,0xff,0xff,0x9,0x0,0x0,0x0,
0xc,0x0,0x50,0x0,0x0,0x0,0x0,0x0,
0x0,0x0,0x7,0x0,0x0,0x0,0x0,0x0,
0x0,0x0,0x0,0x0,0xc,0x0,0x0,0x0,
0x1,0x0,0x0,0x0,0x2e,0x3,0x3c,0x4,
0x18,0x7,0x6,0x64,0x7,0x50,0x9,0x2e,
0x5,0x18,0x8,0xe8,0x1,0x8,0x4c,0x3,
0xe8,0x0,0x0,0x18,0x6,0x2,0x0,0x0,
0x0,0x0,0x0,0x0,0x0,0x0,0x0,0x0,
0x44,0x0,0x0,0x0,0x6,0x0,0x0,0x0,
0xd,0x0,0x0,0x0,0x0,0x0,0x0,0x0,
0x38,0x0,0x0,0x0,0x0,0x0,0x0,0x0,
0x38,0x0,0x0,0x0,0x0,0x0,0x1,0x0,
0xff,0xff,0xff,0xff,0x7,0x0,0x0,0x0,
0xd,0x0,0x50,0x0,0x0,0x0,0x0,0x0,
0x0,0x0,0x7,0x0,0x0,0x0,0x0,0x0,
0x0,0x0,0x0,0x0,0xd,0x0,0x0,0x0,
0x1,0x0,0x0,0x0,0xe8,0x0,0x0,0x18,
0x6,0x2,0x0,0x0,0x0,0x0,0x0,0x0,
0x44,0x0,0x0,0x0,0x19,0x0,0x0,0x0,
0xf,0x0,0x0,0x0,0x0,0x0,0x0,0x0,
0x38,0x0,0x0,0x0,0x0,0x0,0x0,0x0,
0x38,0x0,0x0,0x0,0x0,0x0,0x1,0x0,
0xff,0xff,0xff,0xff,0x8,0x0,0x0,0x0,
0xe,0x0,0x50,0x0,0x0,0x0,0x0,0x0,
0x0,0x0,0x7,0x0,0x0,0x0,0x0,0x0,
0x0,0x0,0x0,0x0,0xe,0x0,0x0,0x0,
0x1,0x0,0x0,0x0,0x2e,0x6,0x50,0x11,
0x2e,0x7,0x3c,0x8,0x18,0x7,0xe,0x6e,
0x7,0x50,0x6,0x2e,0x9,0x3c,0xa,0x4c,
0x1,0x6,0x18,0x6,0x2,0x0,0x0,0x0,
0x0,0x0,0x0,0x0,0x0,0x0,0x0,0x0,
0x44,0x0,0x0,0x0,0x6,0x0,0x0,0x0,
0x16,0x0,0x0,0x0,0x0,0x0,0x0,0x0,
0x38,0x0,0x0,0x0,0x0,0x0,0x0,0x0,
0x38,0x0,0x0,0x0,0x0,0x0,0x1,0x0,
0xff,0xff,0xff,0xff,0x7,0x0,0x0,0x0,
0x12,0x0,0x50,0x0,0x0,0x0,0x0,0x0,
0x0,0x0,0x7,0x0,0x0,0x0,0x0,0x0,
0x0,0x0,0x0,0x0,0x12,0x0,0x0,0x0,
0x1,0x0,0x0,0x0,0xe8,0x0,0x0,0x18,
0x6,0x2,0x0,0x0,0x0,0x0,0x0,0x0,
0x44,0x0,0x0,0x0,0x6,0x0,0x0,0x0,
0x18,0x0,0x0,0x0,0x0,0x0,0x0,0x0,
0x38,0x0,0x0,0x0,0x0,0x0,0x0,0x0,
0x38,0x0,0x0,0x0,0x0,0x0,0x1,0x0,
0xff,0xff,0xff,0xff,0x7,0x0,0x0,0x0,
0x13,0x0,0x50,0x0,0x0,0x0,0x0,0x0,
0x0,0x0,0x7,0x0,0x0,0x0,0x0,0x0,
0x0,0x0,0x0,0x0,0x13,0x0,0x0,0x0,
0x1,0x0,0x0,0x0,0xe8,0x0,0x0,0x18,
0x6,0x2,0x0,0x0,0x0,0x0,0x0,0x0,
0x44,0x0,0x0,0x0,0x6,0x0,0x0,0x0,
0x1b,0x0,0x0,0x0,0x0,0x0,0x0,0x0,
0x38,0x0,0x0,0x0,0x0,0x0,0x0,0x0,
0x38,0x0,0x0,0x0,0x0,0x0,0x1,0x0,
0xff,0xff,0xff,0xff,0x7,0x0,0x0,0x0,
0x15,0x0,0x50,0x0,0x0,0x0,0x0,0x0,
0x0,0x0,0x7,0x0,0x0,0x0,0x0,0x0,
0x0,0x0,0x0,0x0,0x15,0x0,0x0,0x0,
0x1,0x0,0x0,0x0,0xe8,0x0,0x0,0x18,
0x6,0x2,0x0,0x0,0x0,0x0,0x0,0x0,
0x44,0x0,0x0,0x0,0x6,0x0,0x0,0x0,
0x1f,0x0,0x0,0x0,0x0,0x0,0x0,0x0,
0x38,0x0,0x0,0x0,0x0,0x0,0x0,0x0,
0x38,0x0,0x0,0x0,0x0,0x0,0x1,0x0,
0xff,0xff,0xff,0xff,0x7,0x0,0x0,0x0,
0x18,0x0,0x50,0x0,0x0,0x0,0x0,0x0,
0x0,0x0,0x7,0x0,0x0,0x0,0x0,0x0,
0x0,0x0,0x0,0x0,0x18,0x0,0x0,0x0,
0x1,0x0,0x0,0x0,0xe8,0x0,0x0,0x18,
0x6,0x2,0x0,0x0,0x0,0x0,0x0,0x0,
0x44,0x0,0x0,0x0,0x6,0x0,0x0,0x0,
0x21,0x0,0x0,0x0,0x0,0x0,0x0,0x0,
0x38,0x0,0x0,0x0,0x0,0x0,0x0,0x0,
0x38,0x0,0x0,0x0,0x0,0x0,0x1,0x0,
0xff,0xff,0xff,0xff,0x7,0x0,0x0,0x0,
0x19,0x0,0x50,0x0,0x0,0x0,0x0,0x0,
0x0,0x0,0x7,0x0,0x0,0x0,0x0,0x0,
0x0,0x0,0x0,0x0,0x19,0x0,0x0,0x0,
0x1,0x0,0x0,0x0,0xe8,0x0,0x0,0x18,
0x6,0x2,0x0,0x0,0x0,0x0,0x0,0x0,
0x44,0x0,0x0,0x0,0x7,0x0,0x0,0x0,
0x23,0x0,0x0,0x0,0x0,0x0,0x0,0x0,
0x38,0x0,0x0,0x0,0x0,0x0,0x0,0x0,
0x38,0x0,0x0,0x0,0x0,0x0,0x1,0x0,
0xff,0xff,0xff,0xff,0x7,0x0,0x0,0x0,
0x1a,0x0,0x50,0x0,0x0,0x0,0x0,0x0,
0x0,0x0,0x7,0x0,0x0,0x0,0x0,0x0,
0x0,0x0,0x0,0x0,0x1a,0x0,0x0,0x0,
0x1,0x0,0x0,0x0,0xea,0x0,0x0,0x0,
0x18,0x6,0x2,0x0,0x0,0x0,0x0,0x0,
0x44,0x0,0x0,0x0,0x7,0x0,0x0,0x0,
0x25,0x0,0x0,0x0,0x0,0x0,0x0,0x0,
0x38,0x0,0x0,0x0,0x0,0x0,0x0,0x0,
0x38,0x0,0x0,0x0,0x0,0x0,0x1,0x0,
0xff,0xff,0xff,0xff,0x7,0x0,0x0,0x0,
0x1b,0x0,0x50,0x0,0x0,0x0,0x0,0x0,
0x0,0x0,0x7,0x0,0x0,0x0,0x0,0x0,
0x0,0x0,0x0,0x0,0x1b,0x0,0x0,0x0,
0x1,0x0,0x0,0x0,0xea,0x1,0x0,0x0,
0x18,0x6,0x2,0x0,0x0,0x0,0x0,0x0,
0x44,0x0,0x0,0x0,0x7,0x0,0x0,0x0,
0x34,0x0,0x0,0x0,0x0,0x0,0x0,0x0,
0x38,0x0,0x0,0x0,0x0,0x0,0x0,0x0,
0x38,0x0,0x0,0x0,0x0,0x0,0x1,0x0,
0xff,0xff,0xff,0xff,0x7,0x0,0x0,0x0,
0x29,0x0,0x50,0x0,0x0,0x0,0x0,0x0,
0x0,0x0,0x7,0x0,0x0,0x0,0x0,0x0,
0x0,0x0,0x0,0x0,0x29,0x0,0x0,0x0,
0x1,0x0,0x0,0x0,0xea,0x2,0x0,0x0,
0x18,0x6,0x2,0x0,0x0,0x0,0x0,0x0,
0x44,0x0,0x0,0x0,0x7,0x0,0x0,0x0,
0x36,0x0,0x0,0x0,0x0,0x0,0x0,0x0,
0x38,0x0,0x0,0x0,0x0,0x0,0x0,0x0,
0x38,0x0,0x0,0x0,0x0,0x0,0x1,0x0,
0xff,0xff,0xff,0xff,0x9,0x0,0x0,0x0,
0x2a,0x0,0x50,0x0,0x0,0x0,0x0,0x0,
0x0,0x0,0x7,0x0,0x0,0x0,0x0,0x0,
0x0,0x0,0x0,0x0,0x2a,0x0,0x0,0x0,
0x1,0x0,0x0,0x0,0xb4,0xb,0x0,0x0,
0x18,0x6,0x2,0x0,0x0,0x0,0x0,0x0,
0x44,0x0,0x0,0x0,0x7,0x0,0x0,0x0,
0x38,0x0,0x0,0x0,0x0,0x0,0x0,0x0,
0x38,0x0,0x0,0x0,0x0,0x0,0x0,0x0,
0x38,0x0,0x0,0x0,0x0,0x0,0x1,0x0,
0xff,0xff,0xff,0xff,0x9,0x0,0x0,0x0,
0x2b,0x0,0x50,0x0,0x0,0x0,0x0,0x0,
0x0,0x0,0x7,0x0,0x0,0x0,0x0,0x0,
0x0,0x0,0x0,0x0,0x2b,0x0,0x0,0x0,
0x1,0x0,0x0,0x0,0xb4,0xc,0x0,0x0,
0x18,0x6,0x2,0x0,0x0,0x0,0x0,0x0,
0x44,0x0,0x0,0x0,0x7,0x0,0x0,0x0,
0x3a,0x0,0x0,0x0,0x0,0x0,0x0,0x0,
0x38,0x0,0x0,0x0,0x0,0x0,0x0,0x0,
0x38,0x0,0x0,0x0,0x0,0x0,0x1,0x0,
0xff,0xff,0xff,0xff,0x9,0x0,0x0,0x0,
0x2c,0x0,0x50,0x0,0x0,0x0,0x0,0x0,
0x0,0x0,0x7,0x0,0x0,0x0,0x0,0x0,
0x0,0x0,0x0,0x0,0x2c,0x0,0x0,0x0,
0x1,0x0,0x0,0x0,0xb4,0xd,0x0,0x0,
0x18,0x6,0x2,0x0,0x0,0x0,0x0,0x0,
0x44,0x0,0x0,0x0,0xd,0x0,0x0,0x0,
0x3c,0x0,0x0,0x0,0x0,0x0,0x0,0x0,
0x38,0x0,0x0,0x0,0x0,0x0,0x0,0x0,
0x38,0x0,0x0,0x0,0x0,0x0,0x1,0x0,
0xff,0xff,0xff,0xff,0x7,0x0,0x0,0x0,
0x2d,0x0,0x50,0x0,0x0,0x0,0x0,0x0,
0x0,0x0,0x7,0x0,0x0,0x0,0x0,0x0,
0x0,0x0,0x0,0x0,0x2d,0x0,0x0,0x0,
0x1,0x0,0x0,0x0,0x2e,0xe,0x3c,0xf,
0x4e,0x4,0x2e,0x10,0x3c,0x11,0x18,0x6,
0x2,0x0,0x0,0x0,0x0,0x0,0x0,0x0,
0x44,0x0,0x0,0x0,0x6,0x0,0x0,0x0,
0x3e,0x0,0x0,0x0,0x0,0x0,0x0,0x0,
0x38,0x0,0x0,0x0,0x0,0x0,0x0,0x0,
0x38,0x0,0x0,0x0,0x0,0x0,0x1,0x0,
0xff,0xff,0xff,0xff,0x7,0x0,0x0,0x0,
0x2e,0x0,0x50,0x0,0x0,0x0,0x0,0x0,
0x0,0x0,0x7,0x0,0x0,0x0,0x0,0x0,
0x0,0x0,0x0,0x0,0x2e,0x0,0x0,0x0,
0x1,0x0,0x0,0x0,0xe8,0x0,0x0,0x18,
0x6,0x2,0x0,0x0,0x0,0x0,0x0,0x0,
0x44,0x0,0x0,0x0,0x17,0x0,0x0,0x0,
0x4e,0x0,0x0,0x0,0x0,0x0,0x0,0x0,
0x38,0x0,0x0,0x0,0x0,0x0,0x0,0x0,
0x38,0x0,0x0,0x0,0x0,0x0,0x1,0x0,
0xff,0xff,0xff,0xff,0xa,0x0,0x0,0x0,
0x3b,0x0,0x50,0x0,0x0,0x0,0x0,0x0,
0x0,0x0,0x7,0x0,0x0,0x0,0x0,0x0,
0x0,0x0,0x0,0x0,0x3b,0x0,0x0,0x0,
0x1,0x0,0x0,0x0,0x2e,0x12,0x18,0x7,
0x2e,0x13,0x9c,0x7,0x18,0x8,0x2e,0x14,
0x9c,0x8,0x18,0x9,0x10,0x64,0x9c,0x9,
0x18,0x6,0x2,0x0,0x0,0x0,0x0,0x0,
0x44,0x0,0x0,0x0,0x2b,0x0,0x0,0x0,
0x5a,0x0,0x0,0x0,0x0,0x0,0x0,0x0,
0x38,0x0,0x0,0x0,0x0,0x0,0x0,0x0,
0x38,0x0,0x0,0x0,0x0,0x0,0x1,0x0,
0xff,0xff,0xff,0xff,0xa,0x0,0x0,0x0,
0x46,0x0,0x50,0x0,0x0,0x0,0x0,0x0,
0x0,0x0,0x7,0x0,0x0,0x0,0x0,0x0,
0x0,0x0,0x0,0x0,0x46,0x0,0x0,0x0,
0x1,0x0,0x0,0x0,0x2e,0x15,0x18,0x7,
0xac,0x16,0x7,0x0,0x0,0x3c,0x17,0x18,
0x7,0x6,0x64,0x7,0x4e,0x9,0x2e,0x18,
0x3c,0x19,0x18,0x8,0x6,0x64,0x8,0x4e,
0xb,0x2e,0x1a,0x18,0x9,0x13,0xbd,0x1,
0x0,0x0,0x6c,0x9,0x18,0x6,0x2,0x0,
0x0,0x0,0x0,0x0,0x0,0x0,0x0,0x0,
0x34,0x1,0x0,0x0,0x89,0x0,0x0,0x0,
0x65,0x0,0x0,0x0,0x0,0x0,0x0,0x0,
0x38,0x0,0x0,0x0,0x0,0x0,0x0,0x0,
0x38,0x0,0x0,0x0,0x0,0x0,0x15,0x0,
0xff,0xff,0xff,0xff,0xc,0x0,0x0,0x0,
0x64,0x0,0x50,0x0,0x0,0x0,0x0,0x0,
0x0,0x0,0x7,0x0,0x0,0x0,0x0,0x0,
0x0,0x0,0x0,0x0,0x64,0x0,0x0,0x0,
0x0,0x0,0x0,0x0,0x1,0x0,0x0,0x0,
0x65,0x0,0x0,0x0,0x3,0x0,0x0,0x0,
0x5,0x0,0x0,0x0,0x66,0x0,0x0,0x0,
0x5,0x0,0x0,0x0,0x9,0x0,0x0,0x0,
0x67,0x0,0x0,0x0,0x6,0x0,0x0,0x0,
0xd,0x0,0x0,0x0,0x68,0x0,0x0,0x0,
0x9,0x0,0x0,0x0,0x10,0x0,0x0,0x0,
0x69,0x0,0x0,0x0,0xb,0x0,0x0,0x0,
0x14,0x0,0x0,0x0,0x6a,0x0,0x0,0x0,
0xd,0x0,0x0,0x0,0x1c,0x0,0x0,0x0,
0x6b,0x0,0x0,0x0,0xf,0x0,0x0,0x0,
0x29,0x0,0x0,0x0,0x6c,0x0,0x0,0x0,
0x11,0x0,0x0,0x0,0x32,0x0,0x0,0x0,
0x6d,0x0,0x0,0x0,0x12,0x0,0x0,0x0,
0x34,0x0,0x0,0x0,0x6f,0x0,0x0,0x0,
0x14,0x0,0x0,0x0,0x40,0x0,0x0,0x0,
0x70,0x0,0x0,0x0,0x16,0x0,0x0,0x0,
0x44,0x0,0x0,0x0,0x71,0x0,0x0,0x0,
0x18,0x0,0x0,0x0,0x47,0x0,0x0,0x0,
0x72,0x0,0x0,0x0,0x1a,0x0,0x0,0x0,
0x50,0x0,0x0,0x0,0x73,0x0,0x0,0x0,
0x1c,0x0,0x0,0x0,0x58,0x0,0x0,0x0,
0x74,0x0,0x0,0x0,0x1d,0x0,0x0,0x0,
0x66,0x0,0x0,0x0,0x75,0x0,0x0,0x0,
0x20,0x0,0x0,0x0,0x73,0x0,0x0,0x0,
0x79,0x0,0x0,0x0,0x21,0x0,0x0,0x0,
0x75,0x0,0x0,0x0,0x7b,0x0,0x0,0x0,
0x22,0x0,0x0,0x0,0x7a,0x0,0x0,0x0,
0x7c,0x0,0x0,0x0,0x23,0x0,0x0,0x0,
0x85,0x0,0x0,0x0,0x7d,0x0,0x0,0x0,
0x23,0x0,0x0,0x0,0xca,0x12,0x0,0x30,
0x40,0xb4,0x1b,0x0,0x0,0x2e,0x1c,0x50,
0x27,0xa,0x30,0x26,0x10,0xff,0x30,0x27,
0x2e,0x1d,0x18,0x9,0xb4,0x1e,0x1,0x9,
0x2e,0x1f,0x18,0x7,0x2e,0x20,0x18,0xa,
0xac,0x21,0x7,0x1,0xa,0x2e,0x22,0x18,
0x7,0xac,0x23,0x7,0x0,0x0,0xe,0x2,
0x2e,0x24,0x18,0x9,0x2e,0x25,0x18,0xa,
0xb4,0x26,0x2,0x9,0x2e,0x27,0x30,0x27,
0x8,0x30,0x28,0x2e,0x28,0x18,0x7,0xac,
0x29,0x7,0x0,0x0,0x2e,0x2a,0x18,0x9,
0xb4,0x2b,0x1,0x9,0x2e,0x2c,0x50,0x19,
0x2e,0x2d,0x18,0x7,0x2e,0x2e,0x6c,0x7,
0x50,0xf,0x2e,0x2f,0x18,0x8,0x28,0x14,
0x18,0xb,0xac,0x35,0x8,0x1,0xb,0xe,
0x2,0x2e,0x36,0x74,0x50,0xb,0x2e,0x37,
0x18,0x7,0xac,0x38,0x7,0x0,0x0,0x18,
0x6,0xd4,0x16,0x6,0x2,0x0,0x0,0x0,
0x0,0x0,0x0,0x0,0x0,0x0,0x0,0x0,
0x5c,0x0,0x0,0x0,0x17,0x0,0x0,0x0,
0x0,0x0,0x0,0x0,0x0,0x0,0x0,0x0,
0x38,0x0,0x0,0x0,0x0,0x0,0x0,0x0,
0x38,0x0,0x0,0x0,0x0,0x0,0x3,0x0,
0xff,0xff,0xff,0xff,0xb,0x0,0x0,0x0,
0x75,0x0,0xa0,0x1,0x0,0x0,0x0,0x0,
0x0,0x0,0x7,0x0,0x0,0x0,0x0,0x0,
0x0,0x0,0x0,0x0,0x76,0x0,0x0,0x0,
0x1,0x0,0x0,0x0,0x9,0x0,0x0,0x0,
0x77,0x0,0x0,0x0,0x3,0x0,0x0,0x0,
0x15,0x0,0x0,0x0,0x78,0x0,0x0,0x0,
0x3,0x0,0x0,0x0,0x2e,0x30,0x74,0x50,
0x10,0x2e,0x31,0x50,0xc,0x2e,0x32,0x18,
0x9,0x2e,0x33,0x18,0xa,0xb4,0x34,0x2,
0x9,0xe,0x2,0x0,0x0,0x0,0x0,0x0,
0x50,0x0,0x0,0x0,0xb,0x0,0x0,0x0,
0x67,0x0,0x0,0x0,0x0,0x0,0x0,0x0,
0x38,0x0,0x0,0x0,0x0,0x0,0x0,0x0,
0x38,0x0,0x0,0x0,0x0,0x0,0x2,0x0,
0xff,0xff,0xff,0xff,0x9,0x0,0x0,0x0,
0x7e,0x0,0x50,0x0,0x0,0x0,0x0,0x0,
0x0,0x0,0x7,0x0,0x0,0x0,0x0,0x0,
0x0,0x0,0x0,0x0,0x7e,0x0,0x0,0x0,
0x0,0x0,0x0,0x0,0x1,0x0,0x0,0x0,
0x7e,0x0,0x0,0x0,0x1,0x0,0x0,0x0,
0xca,0xb4,0x39,0x0,0x0,0x18,0x6,0xd4,
0x16,0x6,0x2,0x0,0x0,0x0,0x0,0x0,
0x50,0x0,0x0,0x0,0xb,0x0,0x0,0x0,
0x69,0x0,0x0,0x0,0x0,0x0,0x0,0x0,
0x38,0x0,0x0,0x0,0x0,0x0,0x0,0x0,
0x38,0x0,0x0,0x0,0x0,0x0,0x2,0x0,
0xff,0xff,0xff,0xff,0x9,0x0,0x0,0x0,
0x7f,0x0,0x50,0x0,0x0,0x0,0x0,0x0,
0x0,0x0,0x7,0x0,0x0,0x0,0x0,0x0,
0x0,0x0,0x0,0x0,0x7f,0x0,0x0,0x0,
0x0,0x0,0x0,0x0,0x1,0x0,0x0,0x0,
0x7f,0x0,0x0,0x0,0x1,0x0,0x0,0x0,
0xca,0xb4,0x3a,0x0,0x0,0x18,0x6,0xd4,
0x16,0x6,0x2,0x0,0x0,0x0,0x0,0x0,
0x50,0x0,0x0,0x0,0xb,0x0,0x0,0x0,
0x6b,0x0,0x0,0x0,0x0,0x0,0x0,0x0,
0x38,0x0,0x0,0x0,0x0,0x0,0x0,0x0,
0x38,0x0,0x0,0x0,0x0,0x0,0x2,0x0,
0xff,0xff,0xff,0xff,0x9,0x0,0x0,0x0,
0x80,0x0,0x50,0x0,0x0,0x0,0x0,0x0,
0x0,0x0,0x7,0x0,0x0,0x0,0x0,0x0,
0x0,0x0,0x0,0x0,0x80,0x0,0x0,0x0,
0x0,0x0,0x0,0x0,0x1,0x0,0x0,0x0,
0x80,0x0,0x0,0x0,0x1,0x0,0x0,0x0,
0xca,0xb4,0x3b,0x0,0x0,0x18,0x6,0xd4,
0x16,0x6,0x2,0x0,0x0,0x0,0x0,0x0,
0x50,0x0,0x0,0x0,0xb,0x0,0x0,0x0,
0x6d,0x0,0x0,0x0,0x0,0x0,0x0,0x0,
0x38,0x0,0x0,0x0,0x0,0x0,0x0,0x0,
0x38,0x0,0x0,0x0,0x0,0x0,0x2,0x0,
0xff,0xff,0xff,0xff,0x9,0x0,0x0,0x0,
0x81,0x0,0x50,0x0,0x0,0x0,0x0,0x0,
0x0,0x0,0x7,0x0,0x0,0x0,0x0,0x0,
0x0,0x0,0x0,0x0,0x81,0x0,0x0,0x0,
0x0,0x0,0x0,0x0,0x1,0x0,0x0,0x0,
0x81,0x0,0x0,0x0,0x1,0x0,0x0,0x0,
0xca,0xb4,0x3c,0x0,0x0,0x18,0x6,0xd4,
0x16,0x6,0x2,0x0,0x0,0x0,0x0,0x0,
0x80,0x0,0x0,0x0,0x32,0x0,0x0,0x0,
0x6f,0x0,0x0,0x0,0x0,0x0,0x0,0x0,
0x38,0x0,0x0,0x0,0x0,0x0,0x0,0x0,
0x38,0x0,0x0,0x0,0x0,0x0,0x6,0x0,
0xff,0xff,0xff,0xff,0xb,0x0,0x0,0x0,
0x82,0x0,0x50,0x0,0x0,0x0,0x0,0x0,
0x0,0x0,0x7,0x0,0x0,0x0,0x0,0x0,
0x0,0x0,0x0,0x0,0x82,0x0,0x0,0x0,
0x0,0x0,0x0,0x0,0x1,0x0,0x0,0x0,
0x83,0x0,0x0,0x0,0x3,0x0,0x0,0x0,
0x5,0x0,0x0,0x0,0x84,0x0,0x0,0x0,
0x4,0x0,0x0,0x0,0x1c,0x0,0x0,0x0,
0x85,0x0,0x0,0x0,0x6,0x0,0x0,0x0,
0x1f,0x0,0x0,0x0,0x86,0x0,0x0,0x0,
0x7,0x0,0x0,0x0,0x2e,0x0,0x0,0x0,
0x87,0x0,0x0,0x0,0x7,0x0,0x0,0x0,
0xca,0xb4,0x3d,0x0,0x0,0x2e,0x3e,0x50,
0x16,0x2e,0x3f,0x18,0x7,0x6,0x66,0x7,
0x50,0xd,0x2e,0x40,0x18,0xa,0xb4,0x41,
0x1,0xa,0x50,0x3,0x8,0x30,0x30,0x2e,
0x42,0x18,0x7,0x2e,0x43,0x18,0xa,0xac,
0x44,0x7,0x1,0xa,0x18,0x6,0xd4,0x16,
0x6,0x2,0x0,0x0,0x0,0x0,0x0,0x0,
0x0,0x0,0x0,0x0,0x0,0x0,0x0,0x0,
0x68,0x0,0x0,0x0,0xf,0x0,0x0,0x0,
0x71,0x0,0x0,0x0,0x0,0x0,0x0,0x0,
0x38,0x0,0x0,0x0,0x0,0x0,0x0,0x0,
0x38,0x0,0x0,0x0,0x0,0x0,0x4,0x0,
0xff,0xff,0xff,0xff,0x9,0x0,0x0,0x0,
0x88,0x0,0x50,0x0,0x0,0x0,0x0,0x0,
0x0,0x0,0x7,0x0,0x0,0x0,0x0,0x0,
0x0,0x0,0x0,0x0,0x88,0x0,0x0,0x0,
0x0,0x0,0x0,0x0,0x1,0x0,0x0,0x0,
0x89,0x0,0x0,0x0,0x3,0x0,0x0,0x0,
0x5,0x0,0x0,0x0,0x8a,0x0,0x0,0x0,
0x4,0x0,0x0,0x0,0xb,0x0,0x0,0x0,
0x8b,0x0,0x0,0x0,0x4,0x0,0x0,0x0,
0xca,0xb4,0x45,0x0,0x0,0xb4,0x46,0x0,
0x0,0x18,0x6,0xd4,0x16,0x6,0x2,0x0,
0x0,0x0,0x0,0x0,0x0,0x0,0x0,0x0,
0x50,0x0,0x0,0x0,0xb,0x0,0x0,0x0,
0x73,0x0,0x0,0x0,0x0,0x0,0x0,0x0,
0x38,0x0,0x0,0x0,0x0,0x0,0x0,0x0,
0x38,0x0,0x0,0x0,0x0,0x0,0x2,0x0,
0xff,0xff,0xff,0xff,0x9,0x0,0x0,0x0,
0x8c,0x0,0x50,0x0,0x0,0x0,0x0,0x0,
0x0,0x0,0x7,0x0,0x0,0x0,0x0,0x0,
0x0,0x0,0x0,0x0,0x8c,0x0,0x0,0x0,
0x0,0x0,0x0,0x0,0x1,0x0,0x0,0x0,
0x8c,0x0,0x0,0x0,0x1,0x0,0x0,0x0,
0xca,0xb4,0x47,0x0,0x0,0x18,0x6,0xd4,
0x16,0x6,0x2,0x0,0x0,0x0,0x0,0x0,
0x68,0x0,0x0,0x0,0x16,0x0,0x0,0x0,
0x75,0x0,0x0,0x0,0x0,0x0,0x0,0x0,
0x38,0x0,0x0,0x0,0x0,0x0,0x0,0x0,
0x38,0x0,0x0,0x0,0x0,0x0,0x4,0x0,
0xff,0xff,0xff,0xff,0xa,0x0,0x0,0x0,
0x8d,0x0,0x50,0x0,0x0,0x0,0x0,0x0,
0x0,0x0,0x7,0x0,0x0,0x0,0x0,0x0,
0x0,0x0,0x0,0x0,0x8d,0x0,0x0,0x0,
0x0,0x0,0x0,0x0,0x1,0x0,0x0,0x0,
0x8e,0x0,0x0,0x0,0x3,0x0,0x0,0x0,
0x7,0x0,0x0,0x0,0x8f,0x0,0x0,0x0,
0x4,0x0,0x0,0x0,0x12,0x0,0x0,0x0,
0x90,0x0,0x0,0x0,0x4,0x0,0x0,0x0,
0xca,0xea,0x3,0x0,0x0,0x30,0x33,0x2e,
0x48,0x18,0x7,0xac,0x49,0x7,0x0,0x0,
0x18,0x6,0xd4,0x16,0x6,0x2,0x0,0x0,
0x0,0x0,0x0,0x0,0x0,0x0,0x0,0x0,
0x44,0x0,0x0,0x0,0x19,0x0,0x0,0x0,
0x84,0x1,0x0,0x0,0x0,0x0,0x0,0x0,
0x38,0x0,0x0,0x0,0x0,0x0,0x0,0x0,
0x38,0x0,0x0,0x0,0x0,0x0,0x1,0x0,
0xff,0xff,0xff,0xff,0x9,0x0,0x0,0x0,
0x51,0x3,0x50,0x0,0x0,0x0,0x0,0x0,
0x0,0x0,0x7,0x0,0x0,0x0,0x0,0x0,
0x0,0x0,0x0,0x0,0x52,0x3,0x0,0x0,
0x1,0x0,0x0,0x0,0x2e,0x4a,0x18,0x7,
0x13,0xc1,0x1,0x0,0x0,0x6c,0x7,0x4e,
0xb,0x2e,0x4b,0x18,0x8,0x13,0xc2,0x1,
0x0,0x0,0x6c,0x8,0x2,0x0,0x0,0x0,
0x0,0x0,0x0,0x0,0x0,0x0,0x0,0x0,
0x44,0x0,0x0,0x0,0x16,0x0,0x0,0x0,
0x85,0x1,0x0,0x0,0x0,0x0,0x0,0x0,
0x38,0x0,0x0,0x0,0x0,0x0,0x0,0x0,
0x38,0x0,0x0,0x0,0x0,0x0,0x1,0x0,
0xff,0xff,0xff,0xff,0x9,0x0,0x0,0x0,
0x55,0x3,0x50,0x0,0x0,0x0,0x0,0x0,
0x0,0x0,0x7,0x0,0x0,0x0,0x0,0x0,
0x0,0x0,0x0,0x0,0x56,0x3,0x0,0x0,
0x1,0x0,0x0,0x0,0x2e,0x4c,0x18,0x7,
0x12,0x43,0x6c,0x7,0x4e,0xb,0x2e,0x4d,
0x18,0x8,0x13,0xc2,0x1,0x0,0x0,0x6c,
0x8,0x2,0x0,0x0,0x0,0x0,0x0,0x0,
0x94,0x0,0x0,0x0,0x3e,0x0,0x0,0x0,
0x86,0x1,0x0,0x0,0x1,0x0,0x1,0x0,
0x38,0x0,0x0,0x0,0x0,0x0,0x0,0x0,
0x40,0x0,0x0,0x0,0x0,0x0,0x7,0x0,
0xff,0xff,0xff,0xff,0xa,0x0,0x0,0x0,
0x59,0x3,0x50,0x0,0x0,0x0,0x0,0x0,
0x0,0x0,0x8,0x0,0x0,0x0,0x0,0x0,
0xfb,0x0,0x0,0x0,0x0,0x0,0x0,0x0,
0x0,0x0,0x0,0x0,0x5a,0x3,0x0,0x0,
0x1,0x0,0x0,0x0,0xd,0x0,0x0,0x0,
0x5b,0x3,0x0,0x0,0x2,0x0,0x0,0x0,
0x12,0x0,0x0,0x0,0x5c,0x3,0x0,0x0,
0x3,0x0,0x0,0x0,0x1f,0x0,0x0,0x0,
0x5d,0x3,0x0,0x0,0x4,0x0,0x0,0x0,
0x24,0x0,0x0,0x0,0x5e,0x3,0x0,0x0,
0x5,0x0,0x0,0x0,0x31,0x0,0x0,0x0,
0x5f,0x3,0x0,0x0,0x6,0x0,0x0,0x0,
0x39,0x0,0x0,0x0,0x60,0x3,0x0,0x0,
0x7,0x0,0x0,0x0,0x2e,0x4e,0x18,0x8,
0x13,0xc3,0x1,0x0,0x0,0x6c,0x8,0x50,
0x5,0x16,0x6,0x3c,0x4f,0x2,0x2e,0x50,
0x18,0x8,0x13,0xc4,0x1,0x0,0x0,0x6c,
0x8,0x50,0x5,0x16,0x6,0x3c,0x51,0x2,
0x2e,0x52,0x18,0x8,0x13,0xc5,0x1,0x0,
0x0,0x6c,0x8,0x50,0x8,0x14,0x1c,0x9,
0x2e,0x53,0x9e,0x9,0x2,0x16,0x6,0x3c,
0x54,0x2,0x0,0x0,0x0,0x0,0x0,0x0,
0x5c,0x0,0x0,0x0,0x13,0x0,0x0,0x0,
0x87,0x1,0x0,0x0,0x0,0x0,0x0,0x0,
0x38,0x0,0x0,0x0,0x0,0x0,0x0,0x0,
0x38,0x0,0x0,0x0,0x0,0x0,0x3,0x0,
0xff,0xff,0xff,0xff,0xb,0x0,0x0,0x0,
0x63,0x3,0x50,0x0,0x0,0x0,0x0,0x0,
0x0,0x0,0x7,0x0,0x0,0x0,0x0,0x0,
0x0,0x0,0x0,0x0,0x64,0x3,0x0,0x0,
0x2,0x0,0x0,0x0,0x4,0x0,0x0,0x0,
0x65,0x3,0x0,0x0,0x4,0x0,0x0,0x0,
0x11,0x0,0x0,0x0,0x66,0x3,0x0,0x0,
0x4,0x0,0x0,0x0,0xb4,0x55,0x0,0x0,
0x2e,0x56,0x18,0x7,0x2e,0x57,0x18,0xa,
0xac,0x58,0x7,0x1,0xa,0xe,0x2,0x0,
0x0,0x0,0x0,0x0,0x0,0x0,0x0,0x0,
0xe8,0x0,0x0,0x0,0x8c,0x0,0x0,0x0,
0x88,0x1,0x0,0x0,0x0,0x0,0x0,0x0,
0x38,0x0,0x0,0x0,0x0,0x0,0x0,0x0,
0x38,0x0,0x0,0x0,0x0,0x0,0xe,0x0,
0xff,0xff,0xff,0xff,0x11,0x0,0x0,0x0,
0x68,0x3,0x50,0x0,0x2,0x0,0x0,0x0,
0x0,0x0,0xb,0x0,0x0,0x0,0x0,0x0,
0x0,0x0,0x0,0x0,0x69,0x3,0x0,0x0,
0x1,0x0,0x0,0x0,0x5,0x0,0x0,0x0,
0x6a,0x3,0x0,0x0,0x2,0x0,0x0,0x0,
0x14,0x0,0x0,0x0,0x6b,0x3,0x0,0x0,
0x4,0x0,0x0,0x0,0x22,0x0,0x0,0x0,
0x6c,0x3,0x0,0x0,0x6,0x0,0x0,0x0,
0x35,0x0,0x0,0x0,0x6c,0x3,0x0,0x0,
0x7,0x0,0x0,0x0,0x3d,0x0,0x0,0x0,
0x6e,0x3,0x0,0x0,0x9,0x0,0x0,0x0,
0x41,0x0,0x0,0x0,0x70,0x3,0x0,0x0,
0xa,0x0,0x0,0x0,0x47,0x0,0x0,0x0,
0x71,0x3,0x0,0x0,0xb,0x0,0x0,0x0,
0x55,0x0,0x0,0x0,0x72,0x3,0x0,0x0,
0xd,0x0,0x0,0x0,0x6f,0x0,0x0,0x0,
0x73,0x3,0x0,0x0,0xe,0x0,0x0,0x0,
0x71,0x0,0x0,0x0,0x74,0x3,0x0,0x0,
0x10,0x0,0x0,0x0,0x7e,0x0,0x0,0x0,
0x75,0x3,0x0,0x0,0x11,0x0,0x0,0x0,
0x86,0x0,0x0,0x0,0x76,0x3,0x0,0x0,
0x13,0x0,0x0,0x0,0x8a,0x0,0x0,0x0,
0x77,0x3,0x0,0x0,0x13,0x0,0x0,0x0,
0x17,0x0,0x0,0x0,0x4a,0x0,0x0,0x0,
0xe8,0x0,0x0,0x18,0xa,0x2e,0x59,0x50,
0x34,0x2e,0x5a,0x3c,0x5b,0x18,0xb,0xe,
0x6e,0xb,0x50,0x29,0x6,0x18,0x7,0x1a,
0x7,0xc,0x2e,0x5c,0x3c,0x5d,0x68,0xc,
0x50,0x1b,0x2e,0x5e,0x18,0x10,0x16,0x7,
0x34,0x10,0x4e,0x2,0x12,0x0,0x18,0xf,
0xac,0x5f,0xa,0x1,0xf,0x16,0x7,0x7c,
0x18,0x7,0x56,0x4c,0xda,0x16,0xa,0x30,
0x1e,0xea,0x4,0x0,0x0,0x18,0x9,0x6,
0x18,0x8,0x1a,0x8,0xb,0x16,0xa,0x3c,
0x60,0x68,0xb,0x50,0x31,0x1a,0xa,0xc,
0x16,0x8,0x34,0xc,0x74,0x4e,0x10,0x1a,
0xa,0xd,0x16,0x8,0x34,0xd,0x3c,0x61,
0x18,0xe,0x6,0x6c,0xe,0x50,0x2,0x4c,
0xd,0x1a,0x9,0xc,0xb4,0x62,0x1,0x8,
0x18,0xd,0xa,0x36,0xc,0xd,0x16,0x8,
0x7c,0x18,0x8,0x56,0x4c,0xc4,0x16,0x9,
0x30,0x22,0xe,0x2,0x0,0x0,0x0,0x0,
0x0,0x0,0x0,0x0,0x0,0x0,0x0,0x0,
0xe8,0x0,0x0,0x0,0x8c,0x0,0x0,0x0,
0x89,0x1,0x0,0x0,0x0,0x0,0x0,0x0,
0x38,0x0,0x0,0x0,0x0,0x0,0x0,0x0,
0x38,0x0,0x0,0x0,0x0,0x0,0xe,0x0,
0xff,0xff,0xff,0xff,0x11,0x0,0x0,0x0,
0x79,0x3,0x50,0x0,0x2,0x0,0x0,0x0,
0x0,0x0,0xb,0x0,0x0,0x0,0x0,0x0,
0x0,0x0,0x0,0x0,0x7a,0x3,0x0,0x0,
0x1,0x0,0x0,0x0,0x5,0x0,0x0,0x0,
0x7b,0x3,0x0,0x0,0x2,0x0,0x0,0x0,
0x14,0x0,0x0,0x0,0x7c,0x3,0x0,0x0,
0x4,0x0,0x0,0x0,0x22,0x0,0x0,0x0,
0x7d,0x3,0x0,0x0,0x6,0x0,0x0,0x0,
0x35,0x0,0x0,0x0,0x7d,0x3,0x0,0x0,
0x7,0x0,0x0,0x0,0x3d,0x0,0x0,0x0,
0x7f,0x3,0x0,0x0,0x9,0x0,0x0,0x0,
0x41,0x0,0x0,0x0,0x81,0x3,0x0,0x0,
0xa,0x0,0x0,0x0,0x47,0x0,0x0,0x0,
0x82,0x3,0x0,0x0,0xb,0x0,0x0,0x0,
0x55,0x0,0x0,0x0,0x83,0x3,0x0,0x0,
0xd,0x0,0x0,0x0,0x6f,0x0,0x0,0x0,
0x84,0x3,0x0,0x0,0xe,0x0,0x0,0x0,
0x71,0x0,0x0,0x0,0x85,0x3,0x0,0x0,
0x10,0x0,0x0,0x0,0x7e,0x0,0x0,0x0,
0x86,0x3,0x0,0x0,0x11,0x0,0x0,0x0,
0x86,0x0,0x0,0x0,0x87,0x3,0x0,0x0,
0x13,0x0,0x0,0x0,0x8a,0x0,0x0,0x0,
0x88,0x3,0x0,0x0,0x13,0x0,0x0,0x0,
0x17,0x0,0x0,0x0,0x4a,0x0,0x0,0x0,
0xe8,0x0,0x0,0x18,0x9,0x2e,0x63,0x50,
0x34,0x2e,0x64,0x3c,0x65,0x18,0xb,0xe,
0x6e,0xb,0x50,0x29,0x6,0x18,0x7,0x1a,
0x7,0xc,0x2e,0x66,0x3c,0x67,0x68,0xc,
0x50,0x1b,0x2e,0x68,0x18,0x10,0x16,0x7,
0x34,0x10,0x4e,0x2,0x12,0x0,0x18,0xf,
0xac,0x69,0x9,0x1,0xf,0x16,0x7,0x7c,
0x18,0x7,0x56,0x4c,0xda,0x16,0x9,0x30,
0x20,0xea,0x5,0x0,0x0,0x18,0x8,0x6,
0x18,0xa,0x1a,0xa,0xb,0x16,0x9,0x3c,
0x6a,0x68,0xb,0x50,0x31,0x1a,0x9,0xc,
0x16,0xa,0x34,0xc,0x74,0x4e,0x10,0x1a,
0x9,0xd,0x16,0xa,0x34,0xd,0x3c,0x6b,
0x18,0xe,0x6,0x6c,0xe,0x50,0x2,0x4c,
0xd,0x1a,0x8,0xc,0xb4,0x6c,0x1,0xa,
0x18,0xd,0xa,0x36,0xc,0xd,0x16,0xa,
0x7c,0x18,0xa,0x56,0x4c,0xc4,0x16,0x8,
0x30,0x24,0xe,0x2,0x0,0x0,0x0,0x0,
0x0,0x0,0x0,0x0,0x0,0x0,0x0,0x0,
0x50,0x0,0x0,0x0,0xf,0x0,0x0,0x0,
0x8a,0x1,0x0,0x0,0x0,0x0,0x0,0x0,
0x38,0x0,0x0,0x0,0x0,0x0,0x0,0x0,
0x38,0x0,0x0,0x0,0x0,0x0,0x2,0x0,
0xff,0xff,0xff,0xff,0xb,0x0,0x0,0x0,
0x8a,0x3,0x50,0x0,0x0,0x0,0x0,0x0,
0x0,0x0,0x7,0x0,0x0,0x0,0x0,0x0,
0x0,0x0,0x0,0x0,0x8b,0x3,0x0,0x0,
0x2,0x0,0x0,0x0,0xd,0x0,0x0,0x0,
0x8f,0x3,0x0,0x0,0x2,0x0,0x0,0x0,
0x2e,0x6d,0x18,0x7,0x28,0x24,0x18,0xa,
0xac,0x73,0x7,0x1,0xa,0xe,0x2,0x0,
0x0,0x0,0x0,0x0,0x0,0x0,0x0,0x0,
0x6c,0x0,0x0,0x0,0x2a,0x0,0x0,0x0,
0x0,0x0,0x0,0x0,0x0,0x0,0x0,0x0,
0x38,0x0,0x0,0x0,0x0,0x0,0x0,0x0,
0x38,0x0,0x0,0x0,0x0,0x0,0x4,0x0,
0xff,0xff,0xff,0xff,0xe,0x0,0x0,0x0,
0x8b,0x3,0x60,0x1,0x1,0x0,0x0,0x0,
0x0,0x0,0x8,0x0,0x0,0x0,0x0,0x0,
0x0,0x0,0x0,0x0,0x8c,0x3,0x0,0x0,
0x1,0x0,0x0,0x0,0x1c,0x0,0x0,0x0,
0x8d,0x3,0x0,0x0,0x3,0x0,0x0,0x0,
0x20,0x0,0x0,0x0,0x8d,0x3,0x0,0x0,
0x4,0x0,0x0,0x0,0x28,0x0,0x0,0x0,
0x8e,0x3,0x0,0x0,0x4,0x0,0x0,0x0,
0x3,0x0,0x0,0x0,0x6,0x18,0x7,0x1a,
0x7,0x8,0x2e,0x6e,0x18,0x9,0x2e,0x6f,
0x3c,0x70,0x18,0xc,0x14,0x1d,0xd,0xac,
0x71,0x9,0x2,0xc,0x68,0x8,0x50,0xc,
0xb4,0x72,0x1,0x7,0x16,0x7,0x7c,0x18,
0x7,0x56,0x4c,0xdb,0xe,0x2,0x0,0x0,
0x0,0x0,0x0,0x0,0x0,0x0,0x0,0x0,
0x50,0x0,0x0,0x0,0x1b,0x0,0x0,0x0,
0x8b,0x1,0x0,0x0,0x0,0x0,0x0,0x0,
0x38,0x0,0x0,0x0,0x0,0x0,0x0,0x0,
0x38,0x0,0x0,0x0,0x0,0x0,0x2,0x0,
0xff,0xff,0xff,0xff,0xb,0x0,0x0,0x0,
0x91,0x3,0x50,0x0,0x0,0x0,0x0,0x0,
0x0,0x0,0x7,0x0,0x0,0x0,0x0,0x0,
0x0,0x0,0x0,0x0,0x92,0x3,0x0,0x0,
0x2,0x0,0x0,0x0,0x19,0x0,0x0,0x0,
0xaa,0x3,0x0,0x0,0x2,0x0,0x0,0x0,
0x2e,0x74,0x18,0x7,0x28,0x26,0x18,0xa,
0xad,0x8f,0x0,0x0,0x0,0x7,0x0,0x0,
0x0,0x1,0x0,0x0,0x0,0xa,0x0,0x0,
0x0,0xe,0x2,0x0,0x0,0x0,0x0,0x0,
0x0,0x0,0x0,0x0,0x0,0x0,0x0,0x0,
0xdc,0x0,0x0,0x0,0xdf,0x0,0x0,0x0,
0x0,0x0,0x0,0x0,0x0,0x0,0x0,0x0,
0x38,0x0,0x0,0x0,0x0,0x0,0x0,0x0,
0x38,0x0,0x0,0x0,0x2,0x0,0xd,0x0,
0xff,0xff,0xff,0xff,0x11,0x0,0x0,0x0,
0x92,0x3,0x60,0x1,0x0,0x0,0x0,0x0,
0x0,0x0,0x7,0x0,0x0,0x0,0x0,0x0,
0x8d,0x1,0x0,0x0,0x3a,0x1,0x0,0x0,
0x0,0x0,0x0,0x0,0x92,0x3,0x0,0x0,
0x0,0x0,0x0,0x0,0x1,0x0,0x0,0x0,
0x93,0x3,0x0,0x0,0x1,0x0,0x0,0x0,
0x5,0x0,0x0,0x0,0x94,0x3,0x0,0x0,
0x2,0x0,0x0,0x0,0x1c,0x0,0x0,0x0,
0x95,0x3,0x0,0x0,0x3,0x0,0x0,0x0,
0x1e,0x0,0x0,0x0,0x97,0x3,0x0,0x0,
0x4,0x0,0x0,0x0,0x42,0x0,0x0,0x0,
0x98,0x3,0x0,0x0,0x5,0x0,0x0,0x0,
0x51,0x0,0x0,0x0,0x99,0x3,0x0,0x0,
0x8,0x0,0x0,0x0,0x69,0x0,0x0,0x0,
0x9a,0x3,0x0,0x0,0x9,0x0,0x0,0x0,
0x6b,0x0,0x0,0x0,0x9d,0x3,0x0,0x0,
0xb,0x0,0x0,0x0,0x7a,0x0,0x0,0x0,
0x9e,0x3,0x0,0x0,0xd,0x0,0x0,0x0,
0xaa,0x0,0x0,0x0,0x9f,0x3,0x0,0x0,
0xf,0x0,0x0,0x0,0xbf,0x0,0x0,0x0,
0xa0,0x3,0x0,0x0,0x11,0x0,0x0,0x0,
0xdb,0x0,0x0,0x0,0xa9,0x3,0x0,0x0,
0x11,0x0,0x0,0x0,0xca,0x2e,0x75,0x20,
0x0,0x1e,0x0,0x74,0x4e,0x12,0x1e,0x0,
0x3c,0x76,0x74,0x4e,0xb,0x2e,0x77,0x3c,
0x78,0x18,0x7,0x6,0x6a,0x7,0x50,0x2,
0xe,0x2,0x2e,0x79,0x18,0x7,0x14,0x1e,
0xa,0x2e,0x7a,0x18,0xc,0x2e,0x7b,0x18,
0xf,0x2e,0x7c,0x3c,0x7d,0x7e,0x18,0x10,
0xac,0x7e,0xc,0x2,0xf,0x18,0xb,0xac,
0x7f,0x7,0x2,0xa,0x20,0x1,0x1e,0x0,
0x3d,0x80,0x0,0x0,0x0,0x18,0x7,0x1e,
0x1,0x6a,0x7,0x50,0x1a,0x2f,0x81,0x0,
0x0,0x0,0x18,0x8,0xad,0x82,0x0,0x0,
0x0,0x8,0x0,0x0,0x0,0x0,0x0,0x0,
0x0,0x0,0x0,0x0,0x0,0xe,0x2,0x1e,
0x0,0x18,0x7,0x1e,0x1,0x43,0x83,0x0,
0x0,0x0,0x7,0x0,0x0,0x0,0x1e,0x0,
0x18,0x7,0x1e,0x1,0x18,0xa,0x1e,0x1,
0x18,0xe,0x1e,0x0,0x18,0xf,0xb5,0x84,
0x0,0x0,0x0,0x2,0x0,0x0,0x0,0xe,
0x0,0x0,0x0,0x18,0xb,0xad,0x85,0x0,
0x0,0x0,0x7,0x0,0x0,0x0,0x2,0x0,
0x0,0x0,0xa,0x0,0x0,0x0,0x1e,0x0,
0x18,0x7,0xad,0x86,0x0,0x0,0x0,0x7,
0x0,0x0,0x0,0x0,0x0,0x0,0x0,0x0,
0x0,0x0,0x0,0x2f,0x87,0x0,0x0,0x0,
0x18,0x7,0x28,0x27,0x18,0xa,0xad,0x8e,
0x0,0x0,0x0,0x7,0x0,0x0,0x0,0x1,
0x0,0x0,0x0,0xa,0x0,0x0,0x0,0xd4,
0x16,0x6,0x2,0x0,0x0,0x0,0x0,0x0,
0x0,0x0,0x0,0x0,0x0,0x0,0x0,0x0,
0x8c,0x0,0x0,0x0,0x73,0x0,0x0,0x0,
0x0,0x0,0x0,0x0,0x0,0x0,0x0,0x0,
0x38,0x0,0x0,0x0,0x0,0x0,0x0,0x0,
0x38,0x0,0x0,0x0,0x0,0x0,0x7,0x0,
0xff,0xff,0xff,0xff,0x10,0x0,0x0,0x0,
0xa0,0x3,0xa0,0x1,0x0,0x0,0x0,0x0,
0x0,0x0,0x7,0x0,0x0,0x0,0x0,0x0,
0x0,0x0,0x0,0x0,0xa1,0x3,0x0,0x0,
0x2,0x0,0x0,0x0,0x7,0x0,0x0,0x0,
0xa2,0x3,0x0,0x0,0x3,0x0,0x0,0x0,
0x1b,0x0,0x0,0x0,0xa3,0x3,0x0,0x0,
0x4,0x0,0x0,0x0,0x1d,0x0,0x0,0x0,
0xa5,0x3,0x0,0x0,0x6,0x0,0x0,0x0,
0x2c,0x0,0x0,0x0,0xa6,0x3,0x0,0x0,
0x8,0x0,0x0,0x0,0x5c,0x0,0x0,0x0,
0xa7,0x3,0x0,0x0,0xa,0x0,0x0,0x0,
0x71,0x0,0x0,0x0,0xa8,0x3,0x0,0x0,
0xa,0x0,0x0,0x0,0x2f,0x88,0x0,0x0,
0x0,0x20,0x0,0x1e,0x0,0x74,0x4e,0xf,
0x1e,0x0,0x3d,0x89,0x0,0x0,0x0,0x18,
0x7,0x1e,0x1,0x6a,0x7,0x50,0x2,0xe,
0x2,0x1e,0x0,0x18,0x7,0x1e,0x1,0x43,
0x8a,0x0,0x0,0x0,0x7,0x0,0x0,0x0,
0x1e,0x0,0x18,0x7,0x1e,0x1,0x18,0xa,
0x1e,0x1,0x18,0xe,0x1e,0x0,0x18,0xf,
0xb5,0x8b,0x0,0x0,0x0,0x2,0x0,0x0,
0x0,0xe,0x0,0x0,0x0,0x18,0xb,0xad,
0x8c,0x0,0x0,0x0,0x7,0x0,0x0,0x0,
0x2,0x0,0x0,0x0,0xa,0x0,0x0,0x0,
0x1e,0x0,0x18,0x7,0xad,0x8d,0x0,0x0,
0x0,0x7,0x0,0x0,0x0,0x0,0x0,0x0,
0x0,0x0,0x0,0x0,0x0,0xe,0x2,0x0,
0x0,0x0,0x0,0x0,0x0,0x0,0x0,0x0,
0xb4,0x0,0x0,0x0,0xe3,0x0,0x0,0x0,
0x8c,0x1,0x0,0x0,0x2,0x0,0x2,0x0,
0x38,0x0,0x0,0x0,0x0,0x0,0x0,0x0,
0x48,0x0,0x0,0x0,0x0,0x0,0x9,0x0,
0xff,0xff,0xff,0xff,0x1a,0x0,0x0,0x0,
0xac,0x3,0x50,0x0,0x0,0x0,0x0,0x0,
0x0,0x0,0xb,0x0,0x0,0x0,0x0,0x0,
0xc7,0x0,0x0,0x0,0x0,0x0,0x0,0x0,
0x8d,0x1,0x0,0x0,0x0,0x0,0x0,0x0,
0x0,0x0,0x0,0x0,0xad,0x3,0x0,0x0,
0x1,0x0,0x0,0x0,0xb,0x0,0x0,0x0,
0xae,0x3,0x0,0x0,0x2,0x0,0x0,0x0,
0xe,0x0,0x0,0x0,0xaf,0x3,0x0,0x0,
0x3,0x0,0x0,0x0,0x19,0x0,0x0,0x0,
0xb1,0x3,0x0,0x0,0x4,0x0,0x0,0x0,
0x89,0x0,0x0,0x0,0xb2,0x3,0x0,0x0,
0x5,0x0,0x0,0x0,0x91,0x0,0x0,0x0,
0xb3,0x3,0x0,0x0,0x6,0x0,0x0,0x0,
0x9c,0x0,0x0,0x0,0xb4,0x3,0x0,0x0,
0x7,0x0,0x0,0x0,0xcd,0x0,0x0,0x0,
0xb5,0x3,0x0,0x0,0x8,0x0,0x0,0x0,
0xd8,0x0,0x0,0x0,0xb6,0x3,0x0,0x0,
0x9,0x0,0x0,0x0,0x16,0x7,0x4e,0x5,
0x2f,0x90,0x0,0x0,0x0,0x18,0xa,0x74,
0x50,0xb,0x2f,0x91,0x0,0x0,0x0,0x3d,
0x92,0x0,0x0,0x0,0x2,0x2f,0x93,0x0,
0x0,0x0,0x18,0xb,0x14,0x1e,0xe,0x2f,
0x94,0x0,0x0,0x0,0x18,0x10,0xb5,0x95,
0x0,0x0,0x0,0x1,0x0,0x0,0x0,0x6,
0x0,0x0,0x0,0x4e,0x1,0x6,0x18,0x13,
0x2f,0x96,0x0,0x0,0x0,0x18,0x15,0x14,
0x1e,0x18,0x16,0xa,0x3d,0x97,0x0,0x0,
0x0,0x7e,0x18,0x19,0xad,0x98,0x0,0x0,
0x0,0x15,0x0,0x0,0x0,0x2,0x0,0x0,
0x0,0x18,0x0,0x0,0x0,0x18,0x14,0xad,
0x99,0x0,0x0,0x0,0x10,0x0,0x0,0x0,
0x2,0x0,0x0,0x0,0x13,0x0,0x0,0x0,
0x18,0xf,0xad,0x9a,0x0,0x0,0x0,0xb,
0x0,0x0,0x0,0x2,0x0,0x0,0x0,0xe,
0x0,0x0,0x0,0x18,0x9,0x18,0xb,0x10,
0x1,0x6a,0xb,0x50,0xb,0x2f,0x9b,0x0,
0x0,0x0,0x3d,0x9c,0x0,0x0,0x0,0x2,
0x1a,0x9,0xb,0x2f,0x9d,0x0,0x0,0x0,
0x18,0xc,0x14,0x1e,0xf,0x16,0xa,0x3d,
0x9e,0x0,0x0,0x0,0x18,0x11,0x10,0x2,
0xa2,0x11,0x18,0x10,0xad,0x9f,0x0,0x0,
0x0,0xc,0x0,0x0,0x0,0x2,0x0,0x0,
0x0,0xf,0x0,0x0,0x0,0x66,0xb,0x50,
0xb,0x2f,0xa0,0x0,0x0,0x0,0x3d,0xa1,
0x0,0x0,0x0,0x2,0x2f,0xa2,0x0,0x0,
0x0,0x3d,0xa3,0x0,0x0,0x0,0x2,0x0,
0x0,0x0,0x0,0x0,0x0,0x0,0x0,0x0,
0x50,0x0,0x0,0x0,0x1e,0x0,0x0,0x0,
0x8e,0x1,0x0,0x0,0x0,0x0,0x0,0x0,
0x38,0x0,0x0,0x0,0x0,0x0,0x0,0x0,
0x38,0x0,0x0,0x0,0x0,0x0,0x2,0x0,
0xff,0xff,0xff,0xff,0xb,0x0,0x0,0x0,
0xb9,0x3,0x50,0x0,0x0,0x0,0x0,0x0,
0x0,0x0,0x7,0x0,0x0,0x0,0x0,0x0,
0x0,0x0,0x0,0x0,0xba,0x3,0x0,0x0,
0x2,0x0,0x0,0x0,0x1c,0x0,0x0,0x0,
0xbe,0x3,0x0,0x0,0x2,0x0,0x0,0x0,
0x2f,0xa4,0x0,0x0,0x0,0x18,0x7,0x28,
0x2a,0x18,0xa,0xad,0xa8,0x0,0x0,0x0,
0x7,0x0,0x0,0x0,0x1,0x0,0x0,0x0,
0xa,0x0,0x0,0x0,0xe,0x2,0x0,0x0,
0x0,0x0,0x0,0x0,0x0,0x0,0x0,0x0,
0x5c,0x0,0x0,0x0,0x23,0x0,0x0,0x0,
0x0,0x0,0x0,0x0,0x0,0x0,0x0,0x0,
0x38,0x0,0x0,0x0,0x0,0x0,0x0,0x0,
0x38,0x0,0x0,0x0,0x0,0x0,0x3,0x0,
0xff,0xff,0xff,0xff,0xa,0x0,0x0,0x0,
0xba,0x3,0x60,0x1,0x0,0x0,0x0,0x0,
0x0,0x0,0x7,0x0,0x0,0x0,0x0,0x0,
0x0,0x0,0x0,0x0,0xbb,0x3,0x0,0x0,
0x2,0x0,0x0,0x0,0x14,0x0,0x0,0x0,
0xbc,0x3,0x0,0x0,0x4,0x0,0x0,0x0,
0x21,0x0,0x0,0x0,0xbd,0x3,0x0,0x0,
0x4,0x0,0x0,0x0,0x2f,0xa5,0x0,0x0,
0x0,0x18,0x9,0xb5,0xa6,0x0,0x0,0x0,
0x1,0x0,0x0,0x0,0x9,0x0,0x0,0x0,
0xb5,0xa7,0x0,0x0,0x0,0x0,0x0,0x0,
0x0,0x0,0x0,0x0,0x0,0xe,0x2,0x0,
0x0,0x0,0x0,0x0,0x0,0x0,0x0,0x0,
0x64,0x0,0x0,0x0,0x32,0x0,0x0,0x0,
0x8f,0x1,0x0,0x0,0x1,0x0,0x1,0x0,
0x38,0x0,0x0,0x0,0x0,0x0,0x0,0x0,
0x40,0x0,0x0,0x0,0x0,0x0,0x3,0x0,
0xff,0xff,0xff,0xff,0xa,0x0,0x0,0x0,
0xc0,0x3,0x50,0x0,0x0,0x0,0x0,0x0,
0x0,0x0,0x8,0x0,0x0,0x0,0x0,0x0,
0xc7,0x0,0x0,0x0,0x0,0x0,0x0,0x0,
0x0,0x0,0x0,0x0,0xc1,0x3,0x0,0x0,
0x1,0x0,0x0,0x0,0x21,0x0,0x0,0x0,
0xc2,0x3,0x0,0x0,0x2,0x0,0x0,0x0,
0x23,0x0,0x0,0x0,0xc3,0x3,0x0,0x0,
0x3,0x0,0x0,0x0,0x2f,0xa9,0x0,0x0,
0x0,0x74,0x4e,0x19,0x1a,0x6,0x8,0x6,
0x68,0x8,0x4e,0x11,0x1a,0x6,0x9,0x2f,
0xaa,0x0,0x0,0x0,0x3d,0xab,0x0,0x0,
0x0,0x66,0x9,0x50,0x2,0x6,0x2,0x2f,
0xac,0x0,0x0,0x0,0x18,0x8,0x16,0x6,
0x34,0x8,0x4e,0x1,0x6,0x2,0x0,0x0,
0x0,0x0,0x0,0x0,0x0,0x0,0x0,0x0,
0xb8,0x0,0x0,0x0,0xbf,0x0,0x0,0x0,
0x90,0x1,0x0,0x0,0x0,0x0,0x0,0x0,
0x38,0x0,0x0,0x0,0x0,0x0,0x0,0x0,
0x38,0x0,0x0,0x0,0x0,0x0,0xa,0x0,
0xff,0xff,0xff,0xff,0xf,0x0,0x0,0x0,
0xc6,0x3,0x50,0x0,0x2,0x0,0x0,0x0,
0x0,0x0,0x9,0x0,0x0,0x0,0x0,0x0,
0x0,0x0,0x0,0x0,0xc7,0x3,0x0,0x0,
0x1,0x0,0x0,0x0,0x5,0x0,0x0,0x0,
0xc8,0x3,0x0,0x0,0x2,0x0,0x0,0x0,
0x1d,0x0,0x0,0x0,0xc9,0x3,0x0,0x0,
0x4,0x0,0x0,0x0,0x31,0x0,0x0,0x0,
0xca,0x3,0x0,0x0,0x7,0x0,0x0,0x0,
0x53,0x0,0x0,0x0,0xcb,0x3,0x0,0x0,
0x8,0x0,0x0,0x0,0x5b,0x0,0x0,0x0,
0xce,0x3,0x0,0x0,0x9,0x0,0x0,0x0,
0x6e,0x0,0x0,0x0,0xcf,0x3,0x0,0x0,
0xb,0x0,0x0,0x0,0x85,0x0,0x0,0x0,
0xd1,0x3,0x0,0x0,0xc,0x0,0x0,0x0,
0xa4,0x0,0x0,0x0,0xd2,0x3,0x0,0x0,
0xe,0x0,0x0,0x0,0xbc,0x0,0x0,0x0,
0xd4,0x3,0x0,0x0,0xf,0x0,0x0,0x0,
0x20,0x0,0x0,0x0,0x5b,0x0,0x0,0x0,
0xe8,0x0,0x0,0x18,0x8,0x2f,0xad,0x0,
0x0,0x0,0x50,0x4f,0x2f,0xae,0x0,0x0,
0x0,0x3d,0xaf,0x0,0x0,0x0,0x18,0x9,
0xe,0x6e,0x9,0x50,0x3e,0x6,0x18,0x7,
0x1a,0x7,0xa,0x2f,0xb0,0x0,0x0,0x0,
0x3d,0xb1,0x0,0x0,0x0,0x68,0xa,0x50,
0x2a,0x2f,0xb2,0x0,0x0,0x0,0x18,0xe,
0x16,0x7,0x34,0xe,0x4e,0x2,0x12,0x0,
0x18,0xd,0xad,0xb3,0x0,0x0,0x0,0x8,
0x0,0x0,0x0,0x1,0x0,0x0,0x0,0xd,
0x0,0x0,0x0,0x16,0x7,0x7c,0x18,0x7,
0x56,0x4c,0xc5,0x56,0x16,0x8,0x3d,0xb4,
0x0,0x0,0x0,0x18,0x9,0x2f,0xb5,0x0,
0x0,0x0,0x68,0x9,0x50,0x17,0x12,0x0,
0x18,0xc,0xad,0xb6,0x0,0x0,0x0,0x8,
0x0,0x0,0x0,0x1,0x0,0x0,0x0,0xc,
0x0,0x0,0x0,0x4c,0xd6,0x16,0x8,0x3d,
0xb7,0x0,0x0,0x0,0x18,0x9,0x6,0x6c,
0x9,0x50,0x29,0x2f,0xb8,0x0,0x0,0x0,
0x3d,0xb9,0x0,0x0,0x0,0x18,0xa,0x6,
0x64,0xa,0x50,0x18,0x2f,0xba,0x0,0x0,
0x0,0x18,0xd,0xad,0xbb,0x0,0x0,0x0,
0x8,0x0,0x0,0x0,0x1,0x0,0x0,0x0,
0xd,0x0,0x0,0x0,0x16,0x8,0x2,0x0,
0x0,0x0,0x0,0x0,0x0,0x0,0x0,0x0,
0x90,0x0,0x0,0x0,0x84,0x0,0x0,0x0,
0x91,0x1,0x0,0x0,0x0,0x0,0x0,0x0,
0x38,0x0,0x0,0x0,0x0,0x0,0x0,0x0,
0x38,0x0,0x0,0x0,0x0,0x0,0x7,0x0,
0xff,0xff,0xff,0xff,0xe,0x0,0x0,0x0,
0xd7,0x3,0x50,0x0,0x1,0x0,0x0,0x0,
0x0,0x0,0x8,0x0,0x0,0x0,0x0,0x0,
0x0,0x0,0x0,0x0,0xd8,0x3,0x0,0x0,
0x1,0x0,0x0,0x0,0x5,0x0,0x0,0x0,
0xd9,0x3,0x0,0x0,0x2,0x0,0x0,0x0,
0x7,0x0,0x0,0x0,0xda,0x3,0x0,0x0,
0x5,0x0,0x0,0x0,0x39,0x0,0x0,0x0,
0xdc,0x3,0x0,0x0,0x7,0x0,0x0,0x0,
0x42,0x0,0x0,0x0,0xdf,0x3,0x0,0x0,
0x8,0x0,0x0,0x0,0x5a,0x0,0x0,0x0,
0xe0,0x3,0x0,0x0,0xa,0x0,0x0,0x0,
0x81,0x0,0x0,0x0,0xe2,0x3,0x0,0x0,
0xb,0x0,0x0,0x0,0x42,0x0,0x0,0x0,
0xe8,0x0,0x0,0x18,0x7,0xbc,0x25,0x2f,
0xbc,0x0,0x0,0x0,0x18,0x8,0x2f,0xbd,
0x0,0x0,0x0,0x4e,0x2,0x12,0x11,0x18,
0xb,0xad,0xbe,0x0,0x0,0x0,0x8,0x0,
0x0,0x0,0x1,0x0,0x0,0x0,0xb,0x0,
0x0,0x0,0x18,0x7,0x52,0x11,0xcd,0xa,
0x0,0x0,0x0,0xd5,0x1,0x0,0x0,0xbc,
0x5,0xe8,0x0,0x0,0x18,0x7,0xd4,0xbc,
0x0,0xbe,0x56,0x16,0x7,0x3d,0xbf,0x0,
0x0,0x0,0x18,0x8,0x2f,0xc0,0x0,0x0,
0x0,0x3d,0xc1,0x0,0x0,0x0,0x68,0x8,
0x50,0x27,0x11,0x64,0x2,0x0,0x0,0x18,
0xc,0x11,0x18,0x3,0x0,0x0,0x18,0xd,
0xea,0x6,0x2,0xc,0x18,0xb,0xad,0xc2,
0x0,0x0,0x0,0x7,0x0,0x0,0x0,0x1,
0x0,0x0,0x0,0xb,0x0,0x0,0x0,0x4c,
0xc1,0x16,0x7,0x2,0x0,0x0,0x0,0x0,
0x0,0x0,0x0,0x0,0x0,0x0,0x0,0x0,
0x64,0x0,0x0,0x0,0x45,0x0,0x0,0x0,
0x92,0x1,0x0,0x0,0x1,0x0,0x1,0x0,
0x38,0x0,0x0,0x0,0x0,0x0,0x0,0x0,
0x40,0x0,0x0,0x0,0x0,0x0,0x3,0x0,
0xff,0xff,0xff,0xff,0xc,0x0,0x0,0x0,
0xe5,0x3,0x50,0x0,0x0,0x0,0x0,0x0,
0x0,0x0,0x8,0x0,0x0,0x0,0x0,0x0,
0xc7,0x0,0x0,0x0,0x0,0x0,0x0,0x0,
0x0,0x0,0x0,0x0,0xe6,0x3,0x0,0x0,
0x1,0x0,0x0,0x0,0x26,0x0,0x0,0x0,
0xe7,0x3,0x0,0x0,0x2,0x0,0x0,0x0,
0x32,0x0,0x0,0x0,0xe8,0x3,0x0,0x0,
0x3,0x0,0x0,0x0,0x1a,0x6,0x8,0x6,
0x66,0x8,0x50,0x2a,0x1a,0x6,0x9,0x2f,
0xc3,0x0,0x0,0x0,0x3d,0xc4,0x0,0x0,
0x0,0x68,0x9,0x50,0x19,0x2f,0xc5,0x0,
0x0,0x0,0x18,0xa,0x16,0x6,0x34,0xa,
0x50,0xc,0x2f,0xc6,0x0,0x0,0x0,0x18,
0xb,0x16,0x6,0x34,0xb,0x2,0x11,0x64,
0x2,0x0,0x0,0x18,0x8,0x11,0x18,0x3,
0x0,0x0,0x18,0x9,0xea,0x7,0x2,0x8,
0x2,0x0,0x0,0x0,0x0,0x0,0x0,0x0,
0x64,0x0,0x0,0x0,0x2c,0x0,0x0,0x0,
0x93,0x1,0x0,0x0,0x1,0x0,0x1,0x0,
0x38,0x0,0x0,0x0,0x0,0x0,0x0,0x0,
0x40,0x0,0x0,0x0,0x0,0x0,0x3,0x0,
0xff,0xff,0xff,0xff,0xb,0x0,0x0,0x0,
0xeb,0x3,0x50,0x0,0x0,0x0,0x0,0x0,
0x0,0x0,0x8,0x0,0x0,0x0,0x0,0x0,
0xc7,0x0,0x0,0x0,0x0,0x0,0x0,0x0,
0x0,0x0,0x0,0x0,0xec,0x3,0x0,0x0,
0x1,0x0,0x0,0x0,0x19,0x0,0x0,0x0,
0xed,0x3,0x0,0x0,0x2,0x0,0x0,0x0,
0x29,0x0,0x0,0x0,0xee,0x3,0x0,0x0,
0x3,0x0,0x0,0x0,0x1a,0x6,0x8,0x6,
0x66,0x8,0x50,0x21,0x1a,0x6,0x9,0x2f,
0xc7,0x0,0x0,0x0,0x3d,0xc8,0x0,0x0,
0x0,0x68,0x9,0x50,0x10,0x2f,0xc9,0x0,
0x0,0x0,0x18,0xa,0x16,0x6,0x34,0xa,
0x4e,0x2,0x12,0x0,0x2,0x12,0x0,0x2,
0x0,0x0,0x0,0x0,0x0,0x0,0x0,0x0,
0x64,0x0,0x0,0x0,0x35,0x0,0x0,0x0,
0x94,0x1,0x0,0x0,0x1,0x0,0x1,0x0,
0x38,0x0,0x0,0x0,0x0,0x0,0x0,0x0,
0x40,0x0,0x0,0x0,0x0,0x0,0x3,0x0,
0xff,0xff,0xff,0xff,0xb,0x0,0x0,0x0,
0xf1,0x3,0x50,0x0,0x0,0x0,0x0,0x0,
0x0,0x0,0x8,0x0,0x0,0x0,0x0,0x0,
0xc7,0x0,0x0,0x0,0x0,0x0,0x0,0x0,
0x0,0x0,0x0,0x0,0xf2,0x3,0x0,0x0,
0x1,0x0,0x0,0x0,0x20,0x0,0x0,0x0,
0xf3,0x3,0x0,0x0,0x2,0x0,0x0,0x0,
0x31,0x0,0x0,0x0,0xf4,0x3,0x0,0x0,
0x3,0x0,0x0,0x0,0x2f,0xca,0x0,0x0,
0x0,0x50,0x2a,0x1a,0x6,0x8,0x6,0x66,
0x8,0x50,0x22,0x1a,0x6,0x9,0x2f,0xcb,
0x0,0x0,0x0,0x3d,0xcc,0x0,0x0,0x0,
0x68,0x9,0x50,0x11,0x2f,0xcd,0x0,0x0,
0x0,0x18,0xa,0x16,0x6,0x34,0xa,0x4e,
0x3,0xe8,0x0,0x0,0x2,0xe8,0x0,0x0,
0x2,0x0,0x0,0x0,0x0,0x0,0x0,0x0,
0xd4,0x0,0x0,0x0,0xa5,0x0,0x0,0x0,
0x95,0x1,0x0,0x0,0x1,0x0,0x1,0x0,
0x38,0x0,0x0,0x0,0x0,0x0,0x0,0x0,
0x40,0x0,0x0,0x0,0x0,0x0,0xc,0x0,
0xff,0xff,0xff,0xff,0x10,0x0,0x0,0x0,
0xf7,0x3,0x50,0x0,0x1,0x0,0x0,0x0,
0x0,0x0,0xc,0x0,0x0,0x0,0x0,0x0,
0xc7,0x0,0x0,0x0,0x0,0x0,0x0,0x0,
0x0,0x0,0x0,0x0,0xf8,0x3,0x0,0x0,
0x1,0x0,0x0,0x0,0x5,0x0,0x0,0x0,
0xf9,0x3,0x0,0x0,0x2,0x0,0x0,0x0,
0x1e,0x0,0x0,0x0,0xfa,0x3,0x0,0x0,
0x3,0x0,0x0,0x0,0x21,0x0,0x0,0x0,
0xfc,0x3,0x0,0x0,0x4,0x0,0x0,0x0,
0x35,0x0,0x0,0x0,0xfd,0x3,0x0,0x0,
0x6,0x0,0x0,0x0,0x48,0x0,0x0,0x0,
0xfe,0x3,0x0,0x0,0x7,0x0,0x0,0x0,
0x64,0x0,0x0,0x0,0xff,0x3,0x0,0x0,
0x8,0x0,0x0,0x0,0x66,0x0,0x0,0x0,
0x1,0x4,0x0,0x0,0x9,0x0,0x0,0x0,
0x73,0x0,0x0,0x0,0x2,0x4,0x0,0x0,
0xb,0x0,0x0,0x0,0x86,0x0,0x0,0x0,
0x3,0x4,0x0,0x0,0xd,0x0,0x0,0x0,
0x97,0x0,0x0,0x0,0x4,0x4,0x0,0x0,
0xe,0x0,0x0,0x0,0xa2,0x0,0x0,0x0,
0x6,0x4,0x0,0x0,0xf,0x0,0x0,0x0,
0x24,0x0,0x0,0x0,0xe8,0x0,0x0,0x18,
0x8,0x2f,0xce,0x0,0x0,0x0,0x74,0x4e,
0x11,0x2f,0xcf,0x0,0x0,0x0,0x3d,0xd0,
0x0,0x0,0x0,0x18,0xc,0xe,0x6c,0xc,
0x50,0x3,0x16,0x8,0x2,0x6,0x18,0x9,
0x1a,0x9,0xc,0x2f,0xd1,0x0,0x0,0x0,
0x3d,0xd2,0x0,0x0,0x0,0x68,0xc,0x50,
0x6d,0x2f,0xd3,0x0,0x0,0x0,0x18,0xd,
0x16,0x9,0x34,0xd,0x4e,0x4,0xea,0x8,
0x0,0x0,0x18,0xa,0x3d,0xd4,0x0,0x0,
0x0,0x18,0xf,0xb5,0xd5,0x0,0x0,0x0,
0x1,0x0,0x0,0x0,0xf,0x0,0x0,0x0,
0x18,0xd,0x16,0x6,0x6e,0xd,0x50,0x2,
0x4c,0x31,0x16,0xa,0x3d,0xd6,0x0,0x0,
0x0,0x4e,0x2,0x16,0xa,0x18,0xb,0x1a,
0x9,0xd,0x2f,0xd7,0x0,0x0,0x0,0x6c,
0xd,0x43,0xd8,0x0,0x0,0x0,0xb,0x0,
0x0,0x0,0xad,0xd9,0x0,0x0,0x0,0x8,
0x0,0x0,0x0,0x1,0x0,0x0,0x0,0xb,
0x0,0x0,0x0,0x16,0x9,0x7c,0x18,0x9,
0x56,0x4d,0x82,0xff,0xff,0xff,0x16,0x8,
0x2,0x0,0x0,0x0,0x0,0x0,0x0,0x0,
0xe4,0x1,0x0,0x0,0x29,0x3,0x0,0x0,
0x96,0x1,0x0,0x0,0x4,0x0,0x4,0x0,
0x38,0x0,0x0,0x0,0x0,0x0,0x0,0x0,
0x58,0x0,0x0,0x0,0x0,0x0,0x21,0x0,
0xff,0xff,0xff,0xff,0x1c,0x0,0x0,0x0,
0x9,0x4,0x50,0x0,0x0,0x0,0x0,0x0,
0x0,0x0,0x14,0x0,0x0,0x0,0x0,0x0,
0x97,0x1,0x0,0x0,0x0,0x0,0x0,0x0,
0x5,0x1,0x0,0x0,0x0,0x0,0x0,0x0,
0x98,0x1,0x0,0x0,0x0,0x0,0x0,0x0,
0xd3,0x0,0x0,0x0,0x0,0x0,0x0,0x0,
0x0,0x0,0x0,0x0,0xa,0x4,0x0,0x0,
0x1,0x0,0x0,0x0,0x1b,0x0,0x0,0x0,
0xb,0x4,0x0,0x0,0x2,0x0,0x0,0x0,
0x36,0x0,0x0,0x0,0xc,0x4,0x0,0x0,
0x3,0x0,0x0,0x0,0x51,0x0,0x0,0x0,
0xd,0x4,0x0,0x0,0x4,0x0,0x0,0x0,
0x6c,0x0,0x0,0x0,0xe,0x4,0x0,0x0,
0x5,0x0,0x0,0x0,0xa5,0x0,0x0,0x0,
0xf,0x4,0x0,0x0,0x6,0x0,0x0,0x0,
0xde,0x0,0x0,0x0,0x10,0x4,0x0,0x0,
0x7,0x0,0x0,0x0,0x17,0x1,0x0,0x0,
0x11,0x4,0x0,0x0,0x8,0x0,0x0,0x0,
0x50,0x1,0x0,0x0,0x12,0x4,0x0,0x0,
0x9,0x0,0x0,0x0,0x7a,0x1,0x0,0x0,
0x14,0x4,0x0,0x0,0xa,0x0,0x0,0x0,
0x82,0x1,0x0,0x0,0x15,0x4,0x0,0x0,
0xc,0x0,0x0,0x0,0x84,0x1,0x0,0x0,
0x16,0x4,0x0,0x0,0xc,0x0,0x0,0x0,
0xaa,0x1,0x0,0x0,0x17,0x4,0x0,0x0,
0xc,0x0,0x0,0x0,0xc5,0x1,0x0,0x0,
0x18,0x4,0x0,0x0,0xc,0x0,0x0,0x0,
0xd4,0x1,0x0,0x0,0x19,0x4,0x0,0x0,
0xc,0x0,0x0,0x0,0xe5,0x1,0x0,0x0,
0x1d,0x4,0x0,0x0,0xd,0x0,0x0,0x0,
0xf1,0x1,0x0,0x0,0x1e,0x4,0x0,0x0,
0xf,0x0,0x0,0x0,0xf3,0x1,0x0,0x0,
0x1f,0x4,0x0,0x0,0xf,0x0,0x0,0x0,
0x19,0x2,0x0,0x0,0x20,0x4,0x0,0x0,
0xf,0x0,0x0,0x0,0x40,0x2,0x0,0x0,
0x21,0x4,0x0,0x0,0xf,0x0,0x0,0x0,
0x4f,0x2,0x0,0x0,0x22,0x4,0x0,0x0,
0xf,0x0,0x0,0x0,0x60,0x2,0x0,0x0,
0x26,0x4,0x0,0x0,0x10,0x0,0x0,0x0,
0x6c,0x2,0x0,0x0,0x27,0x4,0x0,0x0,
0x12,0x0,0x0,0x0,0x6e,0x2,0x0,0x0,
0x28,0x4,0x0,0x0,0x12,0x0,0x0,0x0,
0x88,0x2,0x0,0x0,0x29,0x4,0x0,0x0,
0x12,0x0,0x0,0x0,0xaf,0x2,0x0,0x0,
0x2a,0x4,0x0,0x0,0x12,0x0,0x0,0x0,
0xbe,0x2,0x0,0x0,0x2b,0x4,0x0,0x0,
0x12,0x0,0x0,0x0,0xcf,0x2,0x0,0x0,
0x2f,0x4,0x0,0x0,0x13,0x0,0x0,0x0,
0xd1,0x2,0x0,0x0,0x30,0x4,0x0,0x0,
0x13,0x0,0x0,0x0,0xeb,0x2,0x0,0x0,
0x31,0x4,0x0,0x0,0x13,0x0,0x0,0x0,
0x6,0x3,0x0,0x0,0x32,0x4,0x0,0x0,
0x13,0x0,0x0,0x0,0x15,0x3,0x0,0x0,
0x33,0x4,0x0,0x0,0x13,0x0,0x0,0x0,
0x26,0x3,0x0,0x0,0x35,0x4,0x0,0x0,
0x13,0x0,0x0,0x0,0x16,0x6,0x3d,0xda,
0x0,0x0,0x0,0x4e,0x1,0x6,0x18,0x16,
0xb5,0xdb,0x0,0x0,0x0,0x1,0x0,0x0,
0x0,0x16,0x0,0x0,0x0,0x18,0x12,0x16,
0x6,0x3d,0xdc,0x0,0x0,0x0,0x4e,0x1,
0x6,0x18,0x16,0xb5,0xdd,0x0,0x0,0x0,
0x1,0x0,0x0,0x0,0x16,0x0,0x0,0x0,
0x18,0x13,0x16,0x6,0x3d,0xde,0x0,0x0,
0x0,0x4e,0x1,0x6,0x18,0x16,0xb5,0xdf,
0x0,0x0,0x0,0x1,0x0,0x0,0x0,0x16,
0x0,0x0,0x0,0x18,0x11,0x16,0x6,0x3d,
0xe0,0x0,0x0,0x0,0x4e,0x1,0x6,0x18,
0x16,0xb5,0xe1,0x0,0x0,0x0,0x1,0x0,
0x0,0x0,0x16,0x0,0x0,0x0,0x18,0x10,
0x2f,0xe2,0x0,0x0,0x0,0x18,0x14,0x14,
0x1c,0x17,0x16,0x7,0x3d,0xe3,0x0,0x0,
0x0,0x4e,0x2,0x10,0x1,0x18,0x1b,0xb5,
0xe4,0x0,0x0,0x0,0x1,0x0,0x0,0x0,
0x1b,0x0,0x0,0x0,0x18,0x18,0xad,0xe5,
0x0,0x0,0x0,0x14,0x0,0x0,0x0,0x2,
0x0,0x0,0x0,0x17,0x0,0x0,0x0,0x18,
0xf,0x2f,0xe6,0x0,0x0,0x0,0x18,0x14,
0x14,0x1c,0x17,0x16,0x7,0x3d,0xe7,0x0,
0x0,0x0,0x4e,0x2,0x10,0x1,0x18,0x1b,
0xb5,0xe8,0x0,0x0,0x0,0x1,0x0,0x0,
0x0,0x1b,0x0,0x0,0x0,0x18,0x18,0xad,
0xe9,0x0,0x0,0x0,0x14,0x0,0x0,0x0,
0x2,0x0,0x0,0x0,0x17,0x0,0x0,0x0,
0x18,0xe,0x2f,0xea,0x0,0x0,0x0,0x18,
0x14,0x14,0x1c,0x17,0x16,0x8,0x3d,0xeb,
0x0,0x0,0x0,0x4e,0x2,0x10,0x1,0x18,
0x1b,0xb5,0xec,0x0,0x0,0x0,0x1,0x0,
0x0,0x0,0x1b,0x0,0x0,0x0,0x18,0x18,
0xad,0xed,0x0,0x0,0x0,0x14,0x0,0x0,
0x0,0x2,0x0,0x0,0x0,0x17,0x0,0x0,
0x0,0x18,0xc,0x2f,0xee,0x0,0x0,0x0,
0x18,0x14,0x14,0x1c,0x17,0x16,0x8,0x3d,
0xef,0x0,0x0,0x0,0x4e,0x2,0x10,0x1,
0x18,0x1b,0xb5,0xf0,0x0,0x0,0x0,0x1,
0x0,0x0,0x0,0x1b,0x0,0x0,0x0,0x18,
0x18,0xad,0xf1,0x0,0x0,0x0,0x14,0x0,
0x0,0x0,0x2,0x0,0x0,0x0,0x17,0x0,
0x0,0x0,0x18,0xb,0xb5,0xf2,0x0,0x0,
0x0,0x1,0x0,0x0,0x0,0x9,0x0,0x0,
0x0,0x18,0x14,0x11,0x68,0x1,0x0,0x0,
0xa0,0x14,0x18,0x15,0x11,0x68,0x1,0x0,
0x0,0x80,0x15,0x18,0x16,0x11,0x68,0x1,
0x0,0x0,0xa0,0x16,0x18,0xd,0x18,0x14,
0x10,0x5a,0x6c,0x14,0x50,0x63,0x16,0x8,
0x3d,0xf3,0x0,0x0,0x0,0x18,0x15,0x16,
0xc,0x80,0x15,0x18,0x16,0x1a,0x13,0x17,
0x16,0x10,0x80,0x17,0x18,0x18,0x16,0xe,
0x9e,0x18,0x18,0x19,0x16,0xc,0x9c,0x19,
0xa2,0x16,0x18,0x15,0x16,0x8,0x3d,0xf4,
0x0,0x0,0x0,0x18,0x16,0x1a,0x12,0x17,
0x16,0xf,0x9e,0x17,0x18,0x18,0x16,0xb,
0x9c,0x18,0x80,0x16,0x18,0x16,0x1a,0x10,
0x17,0x16,0xe,0x9e,0x17,0x18,0x18,0x16,
0xc,0x9c,0x18,0x18,0x17,0x1a,0x11,0x18,
0x16,0xf,0x9e,0x18,0x18,0x19,0x16,0xb,
0x9c,0x19,0x18,0x18,0xea,0x9,0x4,0x15,
0x2,0x1a,0xd,0x14,0x11,0xb4,0x0,0x0,
0x0,0x6c,0x14,0x50,0x6f,0x16,0x8,0x3d,
0xf5,0x0,0x0,0x0,0x18,0x15,0x16,0xc,
0x80,0x15,0x18,0x16,0x1a,0x12,0x17,0x16,
0x11,0x80,0x17,0x18,0x18,0x16,0xf,0x9e,
0x18,0x18,0x19,0x16,0xc,0x9c,0x19,0xa2,
0x16,0x18,0x15,0x16,0x8,0x3d,0xf6,0x0,
0x0,0x0,0x18,0x16,0x16,0xb,0x80,0x16,
0x18,0x17,0x1a,0x13,0x18,0x16,0x10,0x80,
0x18,0x18,0x19,0x16,0xe,0x9e,0x19,0x18,
0x1a,0x16,0xb,0x9c,0x1a,0xa2,0x17,0x18,
0x16,0x1a,0x11,0x17,0x16,0xf,0x9e,0x17,
0x18,0x18,0x16,0xc,0x9c,0x18,0x18,0x17,
0x1a,0x10,0x18,0x16,0xe,0x9e,0x18,0x18,
0x19,0x16,0xb,0x9c,0x19,0x18,0x18,0xea,
0xa,0x4,0x15,0x2,0x1a,0xd,0x14,0x11,
0xe,0x1,0x0,0x0,0x6c,0x14,0x50,0x63,
0x16,0x8,0x3d,0xf7,0x0,0x0,0x0,0x18,
0x15,0x1a,0x13,0x16,0x16,0xe,0x9e,0x16,
0x18,0x17,0x16,0xc,0x9c,0x17,0x80,0x15,
0x18,0x15,0x16,0x8,0x3d,0xf8,0x0,0x0,
0x0,0x18,0x16,0x16,0xb,0x80,0x16,0x18,
0x17,0x1a,0x12,0x18,0x16,0x11,0x80,0x18,
0x18,0x19,0x16,0xf,0x9e,0x19,0x18,0x1a,
0x16,0xb,0x9c,0x1a,0xa2,0x17,0x18,0x16,
0x1a,0x10,0x17,0x16,0xe,0x9e,0x17,0x18,
0x18,0x16,0xc,0x9c,0x18,0x18,0x17,0x1a,
0x11,0x18,0x16,0xf,0x9e,0x18,0x18,0x19,
0x16,0xb,0x9c,0x19,0x18,0x18,0xea,0xb,
0x4,0x15,0x2,0x16,0x8,0x3d,0xf9,0x0,
0x0,0x0,0x18,0x14,0x1a,0x12,0x15,0x16,
0xf,0x9e,0x15,0x18,0x16,0x16,0xc,0x9c,
0x16,0x80,0x14,0x18,0x14,0x16,0x8,0x3d,
0xfa,0x0,0x0,0x0,0x18,0x15,0x1a,0x13,
0x16,0x16,0xe,0x9e,0x16,0x18,0x17,0x16,
0xb,0x9c,0x17,0x80,0x15,0x18,0x15,0x1a,
0x11,0x16,0x16,0xf,0x9e,0x16,0x18,0x17,
0x16,0xc,0x9c,0x17,0x18,0x16,0x1a,0x10,
0x17,0x16,0xe,0x9e,0x17,0x18,0x18,0x16,
0xb,0x9c,0x18,0x18,0x17,0xea,0xc,0x4,
0x14,0x2,0x16,0xa,0x2,0x0,0x0,0x0,
0x0,0x0,0x0,0x0,0x0,0x0,0x0,0x0,
0x0,0x0,0x0,0x0,0x0,0x0,0x0,0x0,
0x64,0x0,0x0,0x0,0x49,0x0,0x0,0x0,
0x99,0x1,0x0,0x0,0x1,0x0,0x1,0x0,
0x38,0x0,0x0,0x0,0x0,0x0,0x0,0x0,
0x40,0x0,0x0,0x0,0x0,0x0,0x3,0x0,
0xff,0xff,0xff,0xff,0xe,0x0,0x0,0x0,
0x37,0x4,0x50,0x0,0x0,0x0,0x0,0x0,
0x0,0x0,0x8,0x0,0x0,0x0,0x0,0x0,
0xc7,0x0,0x0,0x0,0x0,0x0,0x0,0x0,
0x0,0x0,0x0,0x0,0x38,0x4,0x0,0x0,
0x1,0x0,0x0,0x0,0x20,0x0,0x0,0x0,
0x39,0x4,0x0,0x0,0x2,0x0,0x0,0x0,
0x3b,0x0,0x0,0x0,0x3a,0x4,0x0,0x0,
0x3,0x0,0x0,0x0,0x2f,0xfb,0x0,0x0,
0x0,0x50,0x34,0x1a,0x6,0x8,0x6,0x66,
0x8,0x50,0x2c,0x1a,0x6,0x9,0x2f,0xfc,
0x0,0x0,0x0,0x3d,0xfd,0x0,0x0,0x0,
0x68,0x9,0x50,0x1b,0x2f,0xfe,0x0,0x0,
0x0,0x18,0xa,0x16,0x6,0x34,0xa,0x4e,
0xd,0xb5,0xff,0x0,0x0,0x0,0x1,0x0,
0x0,0x0,0x6,0x0,0x0,0x0,0x2,0xb5,
0x0,0x1,0x0,0x0,0x1,0x0,0x0,0x0,
0x6,0x0,0x0,0x0,0x2,0x0,0x0,0x0,
0x0,0x0,0x0,0x0,0x0,0x0,0x0,0x0,
0xb8,0x0,0x0,0x0,0x93,0x0,0x0,0x0,
0x9a,0x1,0x0,0x0,0x1,0x0,0x1,0x0,
0x38,0x0,0x0,0x0,0x0,0x0,0x0,0x0,
0x40,0x0,0x0,0x0,0x0,0x0,0xa,0x0,
0xff,0xff,0xff,0xff,0x10,0x0,0x0,0x0,
0x3d,0x4,0x50,0x0,0x0,0x0,0x0,0x0,
0x0,0x0,0x9,0x0,0x0,0x0,0x0,0x0,
0xc7,0x0,0x0,0x0,0x0,0x0,0x0,0x0,
0x0,0x0,0x0,0x0,0x3e,0x4,0x0,0x0,
0x1,0x0,0x0,0x0,0x21,0x0,0x0,0x0,
0x3f,0x4,0x0,0x0,0x2,0x0,0x0,0x0,
0x23,0x0,0x0,0x0,0x40,0x4,0x0,0x0,
0x3,0x0,0x0,0x0,0x47,0x0,0x0,0x0,
0x41,0x4,0x0,0x0,0x4,0x0,0x0,0x0,
0x49,0x0,0x0,0x0,0x42,0x4,0x0,0x0,
0x5,0x0,0x0,0x0,0x58,0x0,0x0,0x0,
0x43,0x4,0x0,0x0,0x6,0x0,0x0,0x0,
0x65,0x0,0x0,0x0,0x44,0x4,0x0,0x0,
0x7,0x0,0x0,0x0,0x67,0x0,0x0,0x0,
0x45,0x4,0x0,0x0,0x9,0x0,0x0,0x0,
0x72,0x0,0x0,0x0,0x46,0x4,0x0,0x0,
0xb,0x0,0x0,0x0,0x91,0x0,0x0,0x0,
0x47,0x4,0x0,0x0,0xb,0x0,0x0,0x0,
0x2f,0x1,0x1,0x0,0x0,0x74,0x4e,0x19,
0x1a,0x6,0x9,0x6,0x68,0x9,0x4e,0x11,
0x1a,0x6,0xa,0x2f,0x2,0x1,0x0,0x0,
0x3d,0x3,0x1,0x0,0x0,0x66,0xa,0x50,
0x2,0xe,0x2,0x2f,0x4,0x1,0x0,0x0,
0x18,0x9,0x16,0x6,0x34,0x9,0x50,0x19,
0x2f,0x5,0x1,0x0,0x0,0x18,0xa,0x16,
0x6,0x34,0xa,0x3d,0x6,0x1,0x0,0x0,
0x18,0xb,0x6,0x64,0xb,0x50,0x2,0xe,
0x2,0xb5,0x7,0x1,0x0,0x0,0x1,0x0,
0x0,0x0,0x6,0x0,0x0,0x0,0x18,0x8,
0x2f,0x8,0x1,0x0,0x0,0x18,0x9,0x16,
0x8,0x34,0x9,0x50,0x2,0xe,0x2,0x2f,
0x9,0x1,0x0,0x0,0x18,0x9,0x8,0x36,
0x9,0x8,0x1a,0x6,0xb,0xb5,0xa,0x1,
0x0,0x0,0x1,0x0,0x0,0x0,0x6,0x0,
0x0,0x0,0x18,0xc,0xb5,0xb,0x1,0x0,
0x0,0x2,0x0,0x0,0x0,0xb,0x0,0x0,
0x0,0xe,0x2,0x0,0x0,0x0,0x0,0x0,
0xb8,0x0,0x0,0x0,0x99,0x0,0x0,0x0,
0x9b,0x1,0x0,0x0,0x1,0x0,0x1,0x0,
0x38,0x0,0x0,0x0,0x0,0x0,0x0,0x0,
0x40,0x0,0x0,0x0,0x0,0x0,0xa,0x0,
0xff,0xff,0xff,0xff,0xd,0x0,0x0,0x0,
0x49,0x4,0x50,0x0,0x0,0x0,0x0,0x0,
0x0,0x0,0x9,0x0,0x0,0x0,0x0,0x0,
0xc7,0x0,0x0,0x0,0x0,0x0,0x0,0x0,
0x0,0x0,0x0,0x0,0x4a,0x4,0x0,0x0,
0x1,0x0,0x0,0x0,0x21,0x0,0x0,0x0,
0x4b,0x4,0x0,0x0,0x2,0x0,0x0,0x0,
0x23,0x0,0x0,0x0,0x4c,0x4,0x0,0x0,
0x3,0x0,0x0,0x0,0x5f,0x0,0x0,0x0,
0x4d,0x4,0x0,0x0,0x4,0x0,0x0,0x0,
0x61,0x0,0x0,0x0,0x4e,0x4,0x0,0x0,
0x5,0x0,0x0,0x0,0x70,0x0,0x0,0x0,
0x4f,0x4,0x0,0x0,0x6,0x0,0x0,0x0,
0x7d,0x0,0x0,0x0,0x50,0x4,0x0,0x0,
0x7,0x0,0x0,0x0,0x7f,0x0,0x0,0x0,
0x51,0x4,0x0,0x0,0x9,0x0,0x0,0x0,
0x8a,0x0,0x0,0x0,0x52,0x4,0x0,0x0,
0xb,0x0,0x0,0x0,0x97,0x0,0x0,0x0,
0x53,0x4,0x0,0x0,0xb,0x0,0x0,0x0,
0x2f,0xc,0x1,0x0,0x0,0x74,0x4e,0x19,
0x1a,0x6,0x9,0x6,0x68,0x9,0x4e,0x11,
0x1a,0x6,0xa,0x2f,0xd,0x1,0x0,0x0,
0x3d,0xe,0x1,0x0,0x0,0x66,0xa,0x50,
0x2,0xe,0x2,0x2f,0xf,0x1,0x0,0x0,
0x50,0x37,0x1a,0x6,0x9,0x2f,0x10,0x1,
0x0,0x0,0x3d,0x11,0x1,0x0,0x0,0x68,
0x9,0x50,0x26,0x2f,0x12,0x1,0x0,0x0,
0x18,0xa,0x16,0x6,0x34,0xa,0x50,0x19,
0x2f,0x13,0x1,0x0,0x0,0x18,0xb,0x16,
0x6,0x34,0xb,0x3d,0x14,0x1,0x0,0x0,
0x18,0xc,0x6,0x64,0xc,0x50,0x2,0xe,
0x2,0xb5,0x15,0x1,0x0,0x0,0x1,0x0,
0x0,0x0,0x6,0x0,0x0,0x0,0x18,0x8,
0x2f,0x16,0x1,0x0,0x0,0x18,0x9,0x16,
0x8,0x34,0x9,0x50,0x2,0xe,0x2,0x2f,
0x17,0x1,0x0,0x0,0x18,0x9,0x8,0x36,
0x9,0x8,0xb5,0x18,0x1,0x0,0x0,0x1,
0x0,0x0,0x0,0x6,0x0,0x0,0x0,0xe,
0x2,0x0,0x0,0x0,0x0,0x0,0x0,0x0,
0x24,0x1,0x0,0x0,0x45,0x1,0x0,0x0,
0x9c,0x1,0x0,0x0,0x0,0x0,0x0,0x0,
0x38,0x0,0x0,0x0,0x0,0x0,0x0,0x0,
0x38,0x0,0x0,0x0,0x2,0x0,0x13,0x0,
0xff,0xff,0xff,0xff,0xd,0x0,0x0,0x0,
0x55,0x4,0x50,0x0,0x0,0x0,0x0,0x0,
0x0,0x0,0x8,0x0,0x0,0x0,0x0,0x0,
0x86,0x0,0x0,0x0,0x84,0x0,0x0,0x0,
0x0,0x0,0x0,0x0,0x55,0x4,0x0,0x0,
0x0,0x0,0x0,0x0,0x1,0x0,0x0,0x0,
0x56,0x4,0x0,0x0,0x1,0x0,0x0,0x0,
0x8,0x0,0x0,0x0,0x57,0x4,0x0,0x0,
0x3,0x0,0x0,0x0,0x22,0x0,0x0,0x0,
0x58,0x4,0x0,0x0,0x4,0x0,0x0,0x0,
0x32,0x0,0x0,0x0,0x59,0x4,0x0,0x0,
0x6,0x0,0x0,0x0,0x49,0x0,0x0,0x0,
0x5a,0x4,0x0,0x0,0x8,0x0,0x0,0x0,
0x62,0x0,0x0,0x0,0x5c,0x4,0x0,0x0,
0xb,0x0,0x0,0x0,0x6f,0x0,0x0,0x0,
0x5e,0x4,0x0,0x0,0xc,0x0,0x0,0x0,
0x71,0x0,0x0,0x0,0x61,0x4,0x0,0x0,
0xd,0x0,0x0,0x0,0x88,0x0,0x0,0x0,
0x62,0x4,0x0,0x0,0xf,0x0,0x0,0x0,
0xa6,0x0,0x0,0x0,0x63,0x4,0x0,0x0,
0x11,0x0,0x0,0x0,0xc1,0x0,0x0,0x0,
0x64,0x4,0x0,0x0,0x12,0x0,0x0,0x0,
0xc3,0x0,0x0,0x0,0x67,0x4,0x0,0x0,
0x13,0x0,0x0,0x0,0xda,0x0,0x0,0x0,
0x68,0x4,0x0,0x0,0x16,0x0,0x0,0x0,
0xee,0x0,0x0,0x0,0x69,0x4,0x0,0x0,
0x17,0x0,0x0,0x0,0xf0,0x0,0x0,0x0,
0x6c,0x4,0x0,0x0,0x18,0x0,0x0,0x0,
0x10,0x1,0x0,0x0,0x6d,0x4,0x0,0x0,
0x19,0x0,0x0,0x0,0x30,0x1,0x0,0x0,
0x6f,0x4,0x0,0x0,0x1b,0x0,0x0,0x0,
0x41,0x1,0x0,0x0,0x75,0x4,0x0,0x0,
0x1b,0x0,0x0,0x0,0xca,0x2f,0x19,0x1,
0x0,0x0,0x50,0x69,0x2f,0x1a,0x1,0x0,
0x0,0x18,0x8,0x6,0x66,0x8,0x50,0x7,
0x2f,0x1b,0x1,0x0,0x0,0x4c,0x5,0x2f,
0x1c,0x1,0x0,0x0,0x18,0x7,0x2f,0x1d,
0x1,0x0,0x0,0x50,0x39,0x2f,0x1e,0x1,
0x0,0x0,0x6c,0x7,0x50,0x30,0x2f,0x1f,
0x1,0x0,0x0,0x50,0x27,0xb5,0x20,0x1,
0x0,0x0,0x1,0x0,0x0,0x0,0x7,0x0,
0x0,0x0,0x74,0x50,0x17,0x1a,0x7,0xa,
0x2f,0x21,0x1,0x0,0x0,0x18,0xb,0xb5,
0x22,0x1,0x0,0x0,0x2,0x0,0x0,0x0,
0xa,0x0,0x0,0x0,0x4c,0xd,0xb5,0x23,
0x1,0x0,0x0,0x1,0x0,0x0,0x0,0x7,
0x0,0x0,0x0,0xe,0x2,0x2f,0x24,0x1,
0x0,0x0,0x50,0x4b,0x2f,0x25,0x1,0x0,
0x0,0x18,0x8,0x2f,0x26,0x1,0x0,0x0,
0x6c,0x8,0x50,0x3b,0x2f,0x27,0x1,0x0,
0x0,0x50,0x32,0x2f,0x28,0x1,0x0,0x0,
0x18,0xb,0xb5,0x29,0x1,0x0,0x0,0x1,
0x0,0x0,0x0,0xb,0x0,0x0,0x0,0x74,
0x50,0x1b,0x2f,0x2a,0x1,0x0,0x0,0x18,
0xb,0x2f,0x2b,0x1,0x0,0x0,0x18,0xc,
0xb5,0x2c,0x1,0x0,0x0,0x2,0x0,0x0,
0x0,0xb,0x0,0x0,0x0,0xe,0x2,0x2f,
0x2d,0x1,0x0,0x0,0x18,0xa,0xb5,0x2e,
0x1,0x0,0x0,0x1,0x0,0x0,0x0,0xa,
0x0,0x0,0x0,0x74,0x50,0x16,0x2f,0x2f,
0x1,0x0,0x0,0x18,0xa,0xb5,0x30,0x1,
0x0,0x0,0x1,0x0,0x0,0x0,0xa,0x0,
0x0,0x0,0xe,0x2,0x2f,0x31,0x1,0x0,
0x0,0x3d,0x32,0x1,0x0,0x0,0x18,0x8,
0x2f,0x33,0x1,0x0,0x0,0x3d,0x34,0x1,
0x0,0x0,0x18,0x9,0x4,0x1f,0x9c,0x9,
0xa2,0x8,0x20,0x1,0x2f,0x35,0x1,0x0,
0x0,0x3d,0x36,0x1,0x0,0x0,0x18,0x8,
0x2f,0x37,0x1,0x0,0x0,0x3d,0x38,0x1,
0x0,0x0,0x18,0x9,0x4,0x20,0x9c,0x9,
0x80,0x8,0x20,0x0,0x28,0x37,0x18,0xa,
0xb5,0x3d,0x1,0x0,0x0,0x1,0x0,0x0,
0x0,0xa,0x0,0x0,0x0,0xd4,0x16,0x6,
0x2,0x0,0x0,0x0,0x0,0x0,0x0,0x0,
0x0,0x0,0x0,0x0,0x0,0x0,0x0,0x0,
0x0,0x0,0x0,0x0,0x0,0x0,0x0,0x0,
0x7c,0x0,0x0,0x0,0x45,0x0,0x0,0x0,
0x0,0x0,0x0,0x0,0x1,0x0,0x1,0x0,
0x38,0x0,0x0,0x0,0x0,0x0,0x0,0x0,
0x40,0x0,0x0,0x0,0x0,0x0,0x5,0x0,
0xff,0xff,0xff,0xff,0xf,0x0,0x0,0x0,
0x6f,0x4,0x90,0x1,0x0,0x0,0x0,0x0,
0x0,0x0,0xa,0x0,0x0,0x0,0x0,0x0,
0xae,0x1,0x0,0x0,0x0,0x0,0x0,0x0,
0x0,0x0,0x0,0x0,0x70,0x4,0x0,0x0,
0x1,0x0,0x0,0x0,0xf,0x0,0x0,0x0,
0x71,0x4,0x0,0x0,0x2,0x0,0x0,0x0,
0x1c,0x0,0x0,0x0,0x72,0x4,0x0,0x0,
0x3,0x0,0x0,0x0,0x2d,0x0,0x0,0x0,
0x73,0x4,0x0,0x0,0x5,0x0,0x0,0x0,
0x43,0x0,0x0,0x0,0x74,0x4,0x0,0x0,
0x5,0x0,0x0,0x0,0xb5,0x39,0x1,0x0,
0x0,0x1,0x0,0x0,0x0,0x6,0x0,0x0,
0x0,0x18,0x9,0x18,0xa,0x16,0x6,0x3d,
0x3a,0x1,0x0,0x0,0x80,0xa,0x18,0x8,
0x18,0xa,0x1e,0x1,0x66,0xa,0x50,0x1f,
0x1a,0x9,0xb,0x1e,0x0,0x6a,0xb,0x50,
0x16,0x16,0x6,0x3d,0x3b,0x1,0x0,0x0,
0x18,0xe,0xb5,0x3c,0x1,0x0,0x0,0x1,
0x0,0x0,0x0,0xe,0x0,0x0,0x0,0xe,
0x2,0x0,0x0,0x0,0x0,0x0,0x0,0x0,
0xdc,0x0,0x0,0x0,0xf5,0x0,0x0,0x0,
0x9d,0x1,0x0,0x0,0x2,0x0,0x2,0x0,
0x38,0x0,0x0,0x0,0x0,0x0,0x0,0x0,
0x48,0x0,0x0,0x0,0x0,0x0,0xc,0x0,
0xff,0xff,0xff,0xff,0x16,0x0,0x0,0x0,
0x77,0x4,0x50,0x0,0x1,0x0,0x0,0x0,
0x0,0x0,0xc,0x0,0x0,0x0,0x0,0x0,
0xc7,0x0,0x0,0x0,0x0,0x0,0x0,0x0,
0x95,0x0,0x0,0x0,0x0,0x0,0x0,0x0,
0x0,0x0,0x0,0x0,0x78,0x4,0x0,0x0,
0x1,0x0,0x0,0x0,0x11,0x0,0x0,0x0,
0x79,0x4,0x0,0x0,0x2,0x0,0x0,0x0,
0x13,0x0,0x0,0x0,0x7b,0x4,0x0,0x0,
0x3,0x0,0x0,0x0,0x5a,0x0,0x0,0x0,
0x7c,0x4,0x0,0x0,0x4,0x0,0x0,0x0,
0x89,0x0,0x0,0x0,0x7d,0x4,0x0,0x0,
0x6,0x0,0x0,0x0,0x96,0x0,0x0,0x0,
0x7f,0x4,0x0,0x0,0x7,0x0,0x0,0x0,
0xa3,0x0,0x0,0x0,0x80,0x4,0x0,0x0,
0x9,0x0,0x0,0x0,0xba,0x0,0x0,0x0,
0x81,0x4,0x0,0x0,0xb,0x0,0x0,0x0,
0xcd,0x0,0x0,0x0,0x82,0x4,0x0,0x0,
0xc,0x0,0x0,0x0,0xd8,0x0,0x0,0x0,
0x83,0x4,0x0,0x0,0xe,0x0,0x0,0x0,
0xeb,0x0,0x0,0x0,0x84,0x4,0x0,0x0,
0xf,0x0,0x0,0x0,0xf3,0x0,0x0,0x0,
0x85,0x4,0x0,0x0,0xf,0x0,0x0,0x0,
0x9a,0x0,0x0,0x0,0x2f,0x3e,0x1,0x0,
0x0,0x3d,0x3f,0x1,0x0,0x0,0x18,0xc,
0x6,0x6a,0xc,0x50,0x2,0xe,0x2,0x2f,
0x40,0x1,0x0,0x0,0x18,0xc,0x14,0x1e,
0xf,0x2f,0x41,0x1,0x0,0x0,0x18,0x11,
0x1a,0x6,0x14,0x2f,0x42,0x1,0x0,0x0,
0x3d,0x43,0x1,0x0,0x0,0x7e,0x18,0x15,
0xad,0x44,0x1,0x0,0x0,0x11,0x0,0x0,
0x0,0x2,0x0,0x0,0x0,0x14,0x0,0x0,
0x0,0x18,0x10,0xad,0x45,0x1,0x0,0x0,
0xc,0x0,0x0,0x0,0x2,0x0,0x0,0x0,
0xf,0x0,0x0,0x0,0x18,0xb,0x2f,0x46,
0x1,0x0,0x0,0x18,0xc,0x14,0x1e,0xf,
0xb5,0x47,0x1,0x0,0x0,0x1,0x0,0x0,
0x0,0x7,0x0,0x0,0x0,0x4e,0x1,0x6,
0x18,0x10,0xad,0x48,0x1,0x0,0x0,0xc,
0x0,0x0,0x0,0x2,0x0,0x0,0x0,0xf,
0x0,0x0,0x0,0x18,0xa,0xb5,0x49,0x1,
0x0,0x0,0x1,0x0,0x0,0x0,0xb,0x0,
0x0,0x0,0x10,0x1,0x18,0x9,0x1a,0x9,
0xc,0x16,0xa,0x6a,0xc,0x50,0x50,0x1a,
0xb,0xd,0x16,0x9,0x80,0xd,0x18,0xe,
0x2f,0x4a,0x1,0x0,0x0,0x3d,0x4b,0x1,
0x0,0x0,0x68,0xe,0x50,0x13,0x16,0x9,
0x80,0xb,0x18,0x11,0xb5,0x4c,0x1,0x0,
0x0,0x1,0x0,0x0,0x0,0x11,0x0,0x0,
0x0,0x16,0x9,0xa2,0xb,0x18,0xd,0x6,
0x66,0xd,0x50,0x13,0x16,0x9,0xa2,0xb,
0x18,0x10,0xb5,0x4d,0x1,0x0,0x0,0x1,
0x0,0x0,0x0,0x10,0x0,0x0,0x0,0x16,
0x9,0x7c,0x18,0x9,0x56,0x4c,0xa7,0xe,
0x2,0x0,0x0,0x0,0x0,0x0,0x0,0x0,
0x44,0x0,0x0,0x0,0x31,0x0,0x0,0x0,
0x9e,0x1,0x0,0x0,0x0,0x0,0x0,0x0,
0x38,0x0,0x0,0x0,0x0,0x0,0x0,0x0,
0x38,0x0,0x0,0x0,0x0,0x0,0x1,0x0,
0xff,0xff,0xff,0xff,0xc,0x0,0x0,0x0,
0x87,0x4,0x50,0x0,0x0,0x0,0x0,0x0,
0x0,0x0,0x7,0x0,0x0,0x0,0x0,0x0,
0x0,0x0,0x0,0x0,0x88,0x4,0x0,0x0,
0x1,0x0,0x0,0x0,0x2f,0x4e,0x1,0x0,
0x0,0x50,0x24,0x2f,0x4f,0x1,0x0,0x0,
0x18,0x7,0x14,0x1c,0xa,0x2f,0x50,0x1,
0x0,0x0,0x18,0xb,0xad,0x51,0x1,0x0,
0x0,0x7,0x0,0x0,0x0,0x2,0x0,0x0,
0x0,0xa,0x0,0x0,0x0,0x4c,0x5,0x2f,
0x52,0x1,0x0,0x0,0x2,0x0,0x0,0x0,
0x0,0x0,0x0,0x0,0x0,0x0,0x0,0x0,
0x7c,0x0,0x0,0x0,0xae,0x0,0x0,0x0,
0x9f,0x1,0x0,0x0,0x1,0x0,0x1,0x0,
0x38,0x0,0x0,0x0,0x0,0x0,0x0,0x0,
0x40,0x0,0x0,0x0,0x0,0x0,0x5,0x0,
0xff,0xff,0xff,0xff,0x14,0x0,0x0,0x0,
0x8b,0x4,0x50,0x0,0x0,0x0,0x0,0x0,
0x0,0x0,0x8,0x0,0x0,0x0,0x0,0x0,
0xc7,0x0,0x0,0x0,0x0,0x0,0x0,0x0,
0x0,0x0,0x0,0x0,0x8c,0x4,0x0,0x0,
0x1,0x0,0x0,0x0,0x8,0x0,0x0,0x0,
0x8d,0x4,0x0,0x0,0x2,0x0,0x0,0x0,
0xe,0x0,0x0,0x0,0x8f,0x4,0x0,0x0,
0x3,0x0,0x0,0x0,0x26,0x0,0x0,0x0,
0x90,0x4,0x0,0x0,0x4,0x0,0x0,0x0,
0x6a,0x0,0x0,0x0,0x92,0x4,0x0,0x0,
0x5,0x0,0x0,0x0,0x2f,0x53,0x1,0x0,
0x0,0x74,0x50,0x6,0x2f,0x54,0x1,0x0,
0x0,0x2,0x1a,0x6,0x8,0x2f,0x55,0x1,
0x0,0x0,0x6c,0x8,0x4e,0xc,0x1a,0x6,
0x9,0x2f,0x56,0x1,0x0,0x0,0x6c,0x9,
0x50,0x44,0x2f,0x57,0x1,0x0,0x0,0x18,
0xa,0x14,0x21,0xd,0x2f,0x58,0x1,0x0,
0x0,0x18,0xf,0x2f,0x59,0x1,0x0,0x0,
0x18,0x12,0x2f,0x5a,0x1,0x0,0x0,0x18,
0x13,0xad,0x5b,0x1,0x0,0x0,0xf,0x0,
0x0,0x0,0x2,0x0,0x0,0x0,0x12,0x0,
0x0,0x0,0x18,0xe,0xad,0x5c,0x1,0x0,
0x0,0xa,0x0,0x0,0x0,0x2,0x0,0x0,
0x0,0xd,0x0,0x0,0x0,0x2,0x2f,0x5d,
0x1,0x0,0x0,0x18,0x8,0x14,0x21,0xb,
0x2f,0x5e,0x1,0x0,0x0,0x18,0xd,0x2f,
0x5f,0x1,0x0,0x0,0x18,0x10,0x2f,0x60,
0x1,0x0,0x0,0x18,0x11,0xad,0x61,0x1,
0x0,0x0,0xd,0x0,0x0,0x0,0x2,0x0,
0x0,0x0,0x10,0x0,0x0,0x0,0x18,0xc,
0xad,0x62,0x1,0x0,0x0,0x8,0x0,0x0,
0x0,0x2,0x0,0x0,0x0,0xb,0x0,0x0,
0x0,0x2,0x0,0x0,0x0,0x0,0x0,0x0,
0xe4,0x0,0x0,0x0,0x98,0x0,0x0,0x0,
0xa0,0x1,0x0,0x0,0x2,0x0,0x2,0x0,
0x38,0x0,0x0,0x0,0x0,0x0,0x0,0x0,
0x48,0x0,0x0,0x0,0x0,0x0,0xd,0x0,
0xff,0xff,0xff,0xff,0xf,0x0,0x0,0x0,
0x95,0x4,0x50,0x0,0x0,0x0,0x0,0x0,
0x0,0x0,0xb,0x0,0x0,0x0,0x0,0x0,
0xfd,0x0,0x0,0x0,0x0,0x0,0x0,0x0,
0xa1,0x1,0x0,0x0,0x0,0x0,0x0,0x0,
0x0,0x0,0x0,0x0,0x96,0x4,0x0,0x0,
0x1,0x0,0x0,0x0,0x10,0x0,0x0,0x0,
0x97,0x4,0x0,0x0,0x2,0x0,0x0,0x0,
0x12,0x0,0x0,0x0,0x99,0x4,0x0,0x0,
0x3,0x0,0x0,0x0,0x21,0x0,0x0,0x0,
0x9a,0x4,0x0,0x0,0x4,0x0,0x0,0x0,
0x40,0x0,0x0,0x0,0x9b,0x4,0x0,0x0,
0x5,0x0,0x0,0x0,0x42,0x0,0x0,0x0,
0x9d,0x4,0x0,0x0,0x6,0x0,0x0,0x0,
0x54,0x0,0x0,0x0,0x9e,0x4,0x0,0x0,
0x7,0x0,0x0,0x0,0x56,0x0,0x0,0x0,
0xa0,0x4,0x0,0x0,0x8,0x0,0x0,0x0,
0x65,0x0,0x0,0x0,0xa1,0x4,0x0,0x0,
0x9,0x0,0x0,0x0,0x72,0x0,0x0,0x0,
0xa2,0x4,0x0,0x0,0xa,0x0,0x0,0x0,
0x74,0x0,0x0,0x0,0xa4,0x4,0x0,0x0,
0xc,0x0,0x0,0x0,0x7f,0x0,0x0,0x0,
0xa5,0x4,0x0,0x0,0xe,0x0,0x0,0x0,
0x96,0x0,0x0,0x0,0xa6,0x4,0x0,0x0,
0xe,0x0,0x0,0x0,0x2f,0x63,0x1,0x0,
0x0,0x74,0x4e,0x8,0x2f,0x64,0x1,0x0,
0x0,0x74,0x50,0x2,0xe,0x2,0xb5,0x65,
0x1,0x0,0x0,0x1,0x0,0x0,0x0,0x7,
0x0,0x0,0x0,0x18,0xa,0xb5,0x66,0x1,
0x0,0x0,0x1,0x0,0x0,0x0,0xa,0x0,
0x0,0x0,0x74,0x4e,0xf,0x4,0x22,0x80,
0xa,0x18,0xb,0x2f,0x67,0x1,0x0,0x0,
0x66,0xb,0x50,0x2,0xe,0x2,0x2f,0x68,
0x1,0x0,0x0,0x6e,0x6,0x50,0xb,0x2f,
0x69,0x1,0x0,0x0,0x6e,0x6,0x50,0x2,
0xe,0x2,0xb5,0x6a,0x1,0x0,0x0,0x1,
0x0,0x0,0x0,0x6,0x0,0x0,0x0,0x18,
0x9,0x2f,0x6b,0x1,0x0,0x0,0x18,0xb,
0x16,0x9,0x34,0xb,0x50,0x2,0xe,0x2,
0x2f,0x6c,0x1,0x0,0x0,0x18,0xb,0x8,
0x36,0xb,0x9,0x1a,0x6,0xd,0x2f,0x6d,
0x1,0x0,0x0,0x18,0xe,0xb5,0x6e,0x1,
0x0,0x0,0x2,0x0,0x0,0x0,0xd,0x0,
0x0,0x0,0xe,0x2,0x0,0x0,0x0,0x0,
0x9c,0x0,0x0,0x0,0x85,0x0,0x0,0x0,
0xa2,0x1,0x0,0x0,0x2,0x0,0x2,0x0,
0x38,0x0,0x0,0x0,0x0,0x0,0x0,0x0,
0x48,0x0,0x0,0x0,0x0,0x0,0x7,0x0,
0xff,0xff,0xff,0xff,0x11,0x0,0x0,0x0,
0xa8,0x4,0x50,0x0,0x0,0x0,0x0,0x0,
0x0,0x0,0x9,0x0,0x0,0x0,0x0,0x0,
0xa3,0x1,0x0,0x0,0x0,0x0,0x0,0x0,
0xa4,0x1,0x0,0x0,0x0,0x0,0x0,0x0,
0x0,0x0,0x0,0x0,0xa9,0x4,0x0,0x0,
0x2,0x0,0x0,0x0,0x3,0x0,0x0,0x0,
0xaa,0x4,0x0,0x0,0x4,0x0,0x0,0x0,
0x32,0x0,0x0,0x0,0xab,0x4,0x0,0x0,
0x6,0x0,0x0,0x0,0x62,0x0,0x0,0x0,
0xac,0x4,0x0,0x0,0x8,0x0,0x0,0x0,
0x65,0x0,0x0,0x0,0xad,0x4,0x0,0x0,
0xa,0x0,0x0,0x0,0x6c,0x0,0x0,0x0,
0xae,0x4,0x0,0x0,0xc,0x0,0x0,0x0,
0x83,0x0,0x0,0x0,0xaf,0x4,0x0,0x0,
0xc,0x0,0x0,0x0,0x8,0x30,0x2a,0x2f,
0x6f,0x1,0x0,0x0,0x18,0x9,0x14,0x1e,
0xc,0xb5,0x70,0x1,0x0,0x0,0x1,0x0,
0x0,0x0,0x6,0x0,0x0,0x0,0x4e,0x1,
0x6,0x18,0xd,0xad,0x71,0x1,0x0,0x0,
0x9,0x0,0x0,0x0,0x2,0x0,0x0,0x0,
0xc,0x0,0x0,0x0,0x30,0x2b,0x2f,0x72,
0x1,0x0,0x0,0x18,0x9,0x14,0x23,0xc,
0xb5,0x73,0x1,0x0,0x0,0x1,0x0,0x0,
0x0,0x7,0x0,0x0,0x0,0x4e,0x2,0x10,
0x1,0x18,0xd,0xad,0x74,0x1,0x0,0x0,
0x9,0x0,0x0,0x0,0x2,0x0,0x0,0x0,
0xc,0x0,0x0,0x0,0x30,0x2c,0xa,0x30,
0x2d,0x2f,0x75,0x1,0x0,0x0,0x30,0x27,
0x2f,0x76,0x1,0x0,0x0,0x18,0xb,0x14,
0x24,0xc,0xb5,0x77,0x1,0x0,0x0,0x2,
0x0,0x0,0x0,0xb,0x0,0x0,0x0,0xe,
0x2,0x0,0x0,0x0,0x0,0x0,0x0,0x0,
0x8,0x1,0x0,0x0,0x9b,0x0,0x0,0x0,
0xa5,0x1,0x0,0x0,0x2,0x0,0x2,0x0,
0x38,0x0,0x0,0x0,0x0,0x0,0x0,0x0,
0x48,0x0,0x0,0x0,0x0,0x0,0x10,0x0,
0xff,0xff,0xff,0xff,0xf,0x0,0x0,0x0,
0xb1,0x4,0x50,0x0,0x0,0x0,0x0,0x0,
0x0,0x0,0xa,0x0,0x0,0x0,0x0,0x0,
0xfd,0x0,0x0,0x0,0x0,0x0,0x0,0x0,
0xa1,0x1,0x0,0x0,0x0,0x0,0x0,0x0,
0x0,0x0,0x0,0x0,0xb2,0x4,0x0,0x0,
0x1,0x0,0x0,0x0,0x11,0x0,0x0,0x0,
0xb3,0x4,0x0,0x0,0x2,0x0,0x0,0x0,
0x13,0x0,0x0,0x0,0xb5,0x4,0x0,0x0,
0x3,0x0,0x0,0x0,0x22,0x0,0x0,0x0,
0xb6,0x4,0x0,0x0,0x4,0x0,0x0,0x0,
0x37,0x0,0x0,0x0,0xb7,0x4,0x0,0x0,
0x5,0x0,0x0,0x0,0x39,0x0,0x0,0x0,
0xb9,0x4,0x0,0x0,0x6,0x0,0x0,0x0,
0x48,0x0,0x0,0x0,0xba,0x4,0x0,0x0,
0x8,0x0,0x0,0x0,0x57,0x0,0x0,0x0,
0xbb,0x4,0x0,0x0,0xb,0x0,0x0,0x0,
0x5a,0x0,0x0,0x0,0xbc,0x4,0x0,0x0,
0xd,0x0,0x0,0x0,0x71,0x0,0x0,0x0,
0xbe,0x4,0x0,0x0,0xe,0x0,0x0,0x0,
0x73,0x0,0x0,0x0,0xc1,0x4,0x0,0x0,
0x10,0x0,0x0,0x0,0x76,0x0,0x0,0x0,
0xc2,0x4,0x0,0x0,0x12,0x0,0x0,0x0,
0x7a,0x0,0x0,0x0,0xc3,0x4,0x0,0x0,
0x14,0x0,0x0,0x0,0x7d,0x0,0x0,0x0,
0xc4,0x4,0x0,0x0,0x16,0x0,0x0,0x0,
0x80,0x0,0x0,0x0,0xc5,0x4,0x0,0x0,
0x18,0x0,0x0,0x0,0x98,0x0,0x0,0x0,
0xc6,0x4,0x0,0x0,0x18,0x0,0x0,0x0,
0x2f,0x78,0x1,0x0,0x0,0x74,0x4e,0x9,
0x2f,0x79,0x1,0x0,0x0,0x6e,0x6,0x50,
0x2,0xe,0x2,0xb5,0x7a,0x1,0x0,0x0,
0x1,0x0,0x0,0x0,0x7,0x0,0x0,0x0,
0x18,0x9,0xb5,0x7b,0x1,0x0,0x0,0x1,
0x0,0x0,0x0,0x9,0x0,0x0,0x0,0x74,
0x4e,0x5,0x6,0x6a,0x9,0x50,0x2,0xe,
0x2,0x4,0x22,0x80,0x9,0x18,0xa,0x2f,
0x7c,0x1,0x0,0x0,0x68,0xa,0x50,0x2b,
0x2f,0x7d,0x1,0x0,0x0,0x74,0x50,0x21,
0x2f,0x7e,0x1,0x0,0x0,0x50,0x1a,0x8,
0x30,0x2d,0x1a,0x6,0xd,0x2f,0x7f,0x1,
0x0,0x0,0x18,0xe,0xb5,0x80,0x1,0x0,
0x0,0x2,0x0,0x0,0x0,0xd,0x0,0x0,
0x0,0xe,0x2,0xa,0x30,0x2a,0x10,0xff,
0x30,0x2b,0xa,0x30,0x2d,0x8,0x30,0x30,
0x2f,0x81,0x1,0x0,0x0,0x18,0xa,0xad,
0x82,0x1,0x0,0x0,0xa,0x0,0x0,0x0,
0x0,0x0,0x0,0x0,0x0,0x0,0x0,0x0,
0x16,0x8,0x2,0x0,0x0,0x0,0x0,0x0,
0x0,0x0,0x0,0x0,0x0,0x0,0x0,0x0,
0xd8,0x0,0x0,0x0,0xdc,0x0,0x0,0x0,
0xa6,0x1,0x0,0x0,0x2,0x0,0x2,0x0,
0x38,0x0,0x0,0x0,0x0,0x0,0x0,0x0,
0x48,0x0,0x0,0x0,0x0,0x0,0xc,0x0,
0xff,0xff,0xff,0xff,0x1a,0x0,0x0,0x0,
0xc8,0x4,0x50,0x0,0x0,0x0,0x0,0x0,
0x0,0x0,0xd,0x0,0x0,0x0,0x0,0x0,
0xa3,0x1,0x0,0x0,0x0,0x0,0x0,0x0,
0xa7,0x1,0x0,0x0,0x0,0x0,0x0,0x0,
0x0,0x0,0x0,0x0,0xc9,0x4,0x0,0x0,
0x1,0x0,0x0,0x0,0x2a,0x0,0x0,0x0,
0xca,0x4,0x0,0x0,0x2,0x0,0x0,0x0,
0x76,0x0,0x0,0x0,0xcb,0x4,0x0,0x0,
0x3,0x0,0x0,0x0,0x7c,0x0,0x0,0x0,
0xcc,0x4,0x0,0x0,0x4,0x0,0x0,0x0,
0x8d,0x0,0x0,0x0,0xce,0x4,0x0,0x0,
0x6,0x0,0x0,0x0,0xa5,0x0,0x0,0x0,
0xcf,0x4,0x0,0x0,0x8,0x0,0x0,0x0,
0xbd,0x0,0x0,0x0,0xd0,0x4,0x0,0x0,
0xa,0x0,0x0,0x0,0xc1,0x0,0x0,0x0,
0xd1,0x4,0x0,0x0,0xc,0x0,0x0,0x0,
0xc5,0x0,0x0,0x0,0xd2,0x4,0x0,0x0,
0xe,0x0,0x0,0x0,0xce,0x0,0x0,0x0,
0xd4,0x4,0x0,0x0,0xf,0x0,0x0,0x0,
0xd6,0x0,0x0,0x0,0xd5,0x4,0x0,0x0,
0x11,0x0,0x0,0x0,0xda,0x0,0x0,0x0,
0xd6,0x4,0x0,0x0,0x11,0x0,0x0,0x0,
0x2f,0x83,0x1,0x0,0x0,0x18,0xd,0x14,
0x1e,0x10,0x2f,0x84,0x1,0x0,0x0,0x3d,
0x85,0x1,0x0,0x0,0x7e,0x18,0x11,0xad,
0x86,0x1,0x0,0x0,0xd,0x0,0x0,0x0,
0x2,0x0,0x0,0x0,0x10,0x0,0x0,0x0,
0x18,0xa,0x2f,0x87,0x1,0x0,0x0,0x18,
0xd,0x14,0x1e,0x10,0x2f,0x88,0x1,0x0,
0x0,0x18,0x12,0xb5,0x89,0x1,0x0,0x0,
0x1,0x0,0x0,0x0,0x6,0x0,0x0,0x0,
0x4e,0x1,0x6,0x18,0x15,0x1a,0xa,0x16,
0xad,0x8a,0x1,0x0,0x0,0x12,0x0,0x0,
0x0,0x2,0x0,0x0,0x0,0x15,0x0,0x0,
0x0,0x18,0x11,0xad,0x8b,0x1,0x0,0x0,
0xd,0x0,0x0,0x0,0x2,0x0,0x0,0x0,
0x10,0x0,0x0,0x0,0x18,0xc,0x16,0x7,
0x74,0x74,0x18,0xb,0xb5,0x8c,0x1,0x0,
0x0,0x1,0x0,0x0,0x0,0xc,0x0,0x0,
0x0,0x74,0x74,0x18,0x9,0x2f,0x8d,0x1,
0x0,0x0,0x18,0xd,0xad,0x8e,0x1,0x0,
0x0,0xd,0x0,0x0,0x0,0x0,0x0,0x0,
0x0,0x0,0x0,0x0,0x0,0x2f,0x8f,0x1,
0x0,0x0,0x18,0xd,0xad,0x90,0x1,0x0,
0x0,0xd,0x0,0x0,0x0,0x0,0x0,0x0,
0x0,0x0,0x0,0x0,0x0,0x16,0xc,0x30,
0x2f,0x16,0x9,0x30,0x30,0x16,0xb,0x4e,
0x3,0x16,0x9,0x74,0x30,0x2e,0x2f,0x91,
0x1,0x0,0x0,0x74,0x50,0x4,0x10,0xff,
0x30,0x2f,0xe,0x2,0x0,0x0,0x0,0x0,
0x80,0x0,0x0,0x0,0x2c,0x0,0x0,0x0,
0xa8,0x1,0x0,0x0,0x0,0x0,0x0,0x0,
0x38,0x0,0x0,0x0,0x0,0x0,0x0,0x0,
0x38,0x0,0x0,0x0,0x0,0x0,0x6,0x0,
0xff,0xff,0xff,0xff,0xa,0x0,0x0,0x0,
0xd8,0x4,0x50,0x0,0x0,0x0,0x0,0x0,
0x0,0x0,0x7,0x0,0x0,0x0,0x0,0x0,
0x0,0x0,0x0,0x0,0xd9,0x4,0x0,0x0,
0x2,0x0,0x0,0x0,0x3,0x0,0x0,0x0,
0xda,0x4,0x0,0x0,0x4,0x0,0x0,0x0,
0x7,0x0,0x0,0x0,0xdb,0x4,0x0,0x0,
0x6,0x0,0x0,0x0,0xa,0x0,0x0,0x0,
0xdd,0x4,0x0,0x0,0x7,0x0,0x0,0x0,
0x12,0x0,0x0,0x0,0xde,0x4,0x0,0x0,
0x9,0x0,0x0,0x0,0x2a,0x0,0x0,0x0,
0xdf,0x4,0x0,0x0,0x9,0x0,0x0,0x0,
0xa,0x30,0x2e,0x10,0xff,0x30,0x2f,0xa,
0x30,0x30,0x2f,0x92,0x1,0x0,0x0,0x74,
0x50,0x18,0x2f,0x93,0x1,0x0,0x0,0x18,
0x7,0xad,0x94,0x1,0x0,0x0,0x7,0x0,
0x0,0x0,0x0,0x0,0x0,0x0,0x0,0x0,
0x0,0x0,0xe,0x2,0x0,0x0,0x0,0x0,
0x8,0x1,0x0,0x0,0xf9,0x0,0x0,0x0,
0xa9,0x1,0x0,0x0,0x2,0x0,0x2,0x0,
0x38,0x0,0x0,0x0,0x0,0x0,0x0,0x0,
0x48,0x0,0x0,0x0,0x0,0x0,0x10,0x0,
0xff,0xff,0xff,0xff,0x10,0x0,0x0,0x0,
0xe1,0x4,0x50,0x0,0x0,0x0,0x0,0x0,
0x0,0x0,0xb,0x0,0x0,0x0,0x0,0x0,
0xfd,0x0,0x0,0x0,0x0,0x0,0x0,0x0,
0xa1,0x1,0x0,0x0,0x0,0x0,0x0,0x0,
0x0,0x0,0x0,0x0,0xe2,0x4,0x0,0x0,
0x1,0x0,0x0,0x0,0x12,0x0,0x0,0x0,
0xe3,0x4,0x0,0x0,0x3,0x0,0x0,0x0,
0x15,0x0,0x0,0x0,0xe5,0x4,0x0,0x0,
0x5,0x0,0x0,0x0,0x28,0x0,0x0,0x0,
0xe7,0x4,0x0,0x0,0x6,0x0,0x0,0x0,
0x37,0x0,0x0,0x0,0xe8,0x4,0x0,0x0,
0x7,0x0,0x0,0x0,0x58,0x0,0x0,0x0,
0xe9,0x4,0x0,0x0,0x9,0x0,0x0,0x0,
0x67,0x0,0x0,0x0,0xea,0x4,0x0,0x0,
0xa,0x0,0x0,0x0,0x74,0x0,0x0,0x0,
0xeb,0x4,0x0,0x0,0xc,0x0,0x0,0x0,
0x7f,0x0,0x0,0x0,0xee,0x4,0x0,0x0,
0xe,0x0,0x0,0x0,0x92,0x0,0x0,0x0,
0xf0,0x4,0x0,0x0,0xf,0x0,0x0,0x0,
0xa1,0x0,0x0,0x0,0xf1,0x4,0x0,0x0,
0x10,0x0,0x0,0x0,0xa3,0x0,0x0,0x0,
0xf3,0x4,0x0,0x0,0x11,0x0,0x0,0x0,
0xb5,0x0,0x0,0x0,0xf4,0x4,0x0,0x0,
0x12,0x0,0x0,0x0,0xb7,0x0,0x0,0x0,
0xf6,0x4,0x0,0x0,0x13,0x0,0x0,0x0,
0xdf,0x0,0x0,0x0,0xf7,0x4,0x0,0x0,
0x15,0x0,0x0,0x0,0xf7,0x0,0x0,0x0,
0xf8,0x4,0x0,0x0,0x15,0x0,0x0,0x0,
0x2f,0x95,0x1,0x0,0x0,0x6c,0x6,0x4e,
0x9,0x2f,0x96,0x1,0x0,0x0,0x6c,0x6,
0x50,0x3,0x8,0x30,0x30,0x1a,0x6,0xd,
0x1a,0x7,0xe,0xb5,0x97,0x1,0x0,0x0,
0x2,0x0,0x0,0x0,0xd,0x0,0x0,0x0,
0xb5,0x98,0x1,0x0,0x0,0x1,0x0,0x0,
0x0,0x7,0x0,0x0,0x0,0x18,0xa,0xb5,
0x99,0x1,0x0,0x0,0x1,0x0,0x0,0x0,
0xa,0x0,0x0,0x0,0x50,0x39,0x1a,0xa,
0xb,0x4,0x22,0x80,0xb,0x18,0xc,0x2f,
0x9a,0x1,0x0,0x0,0x66,0xc,0x50,0x27,
0xb5,0x9b,0x1,0x0,0x0,0x1,0x0,0x0,
0x0,0x6,0x0,0x0,0x0,0x18,0x9,0x2f,
0x9c,0x1,0x0,0x0,0x18,0xd,0x16,0x9,
0x34,0xd,0x50,0xb,0x2f,0x9d,0x1,0x0,
0x0,0x18,0xe,0xa,0x36,0xe,0x9,0x1a,
0x6,0xd,0x1a,0x7,0xe,0xb5,0x9e,0x1,
0x0,0x0,0x2,0x0,0x0,0x0,0xd,0x0,
0x0,0x0,0x2f,0x9f,0x1,0x0,0x0,0x74,
0x4e,0x7,0x2f,0xa0,0x1,0x0,0x0,0x50,
0x2,0xe,0x2,0x2f,0xa1,0x1,0x0,0x0,
0x6e,0x6,0x50,0xb,0x2f,0xa2,0x1,0x0,
0x0,0x6e,0x6,0x50,0x2,0xe,0x2,0xb5,
0xa3,0x1,0x0,0x0,0x1,0x0,0x0,0x0,
0xa,0x0,0x0,0x0,0x50,0x31,0x1a,0xa,
0xb,0x4,0x22,0x80,0xb,0x18,0xc,0x2f,
0xa4,0x1,0x0,0x0,0x66,0xc,0x4e,0x7,
0x2f,0xa5,0x1,0x0,0x0,0x50,0x18,0x2f,
0xa6,0x1,0x0,0x0,0x18,0xd,0xad,0xa7,
0x1,0x0,0x0,0xd,0x0,0x0,0x0,0x0,
0x0,0x0,0x0,0x0,0x0,0x0,0x0,0xe,
0x2,0x0,0x0,0x0,0x0,0x0,0x0,0x0,
0x0,0x0,0x0,0x0,0x0,0x0,0x0,0x0,
0x14,0x2,0x0,0x0,0xb9,0x2,0x0,0x0,
0xaa,0x1,0x0,0x0,0x0,0x0,0x0,0x0,
0x38,0x0,0x0,0x0,0x0,0x0,0x0,0x0,
0x38,0x0,0x0,0x0,0x0,0x0,0x27,0x0,
0xff,0xff,0xff,0xff,0x1b,0x0,0x0,0x0,
0xfa,0x4,0x50,0x0,0x2,0x0,0x0,0x0,
0x0,0x0,0x10,0x0,0x0,0x0,0x0,0x0,
0x0,0x0,0x0,0x0,0xfb,0x4,0x0,0x0,
0x1,0x0,0x0,0x0,0xf,0x0,0x0,0x0,
0xfc,0x4,0x0,0x0,0x2,0x0,0x0,0x0,
0x14,0x0,0x0,0x0,0xfe,0x4,0x0,0x0,
0x3,0x0,0x0,0x0,0x27,0x0,0x0,0x0,
0xff,0x4,0x0,0x0,0x5,0x0,0x0,0x0,
0x6f,0x0,0x0,0x0,0x0,0x5,0x0,0x0,
0x6,0x0,0x0,0x0,0x7d,0x0,0x0,0x0,
0x1,0x5,0x0,0x0,0x8,0x0,0x0,0x0,
0xac,0x0,0x0,0x0,0x2,0x5,0x0,0x0,
0x9,0x0,0x0,0x0,0xaf,0x0,0x0,0x0,
0x5,0x5,0x0,0x0,0xa,0x0,0x0,0x0,
0xc2,0x0,0x0,0x0,0x6,0x5,0x0,0x0,
0xc,0x0,0x0,0x0,0xd0,0x0,0x0,0x0,
0x7,0x5,0x0,0x0,0xd,0x0,0x0,0x0,
0xd3,0x0,0x0,0x0,0x9,0x5,0x0,0x0,
0xe,0x0,0x0,0x0,0xda,0x0,0x0,0x0,
0xa,0x5,0x0,0x0,0xf,0x0,0x0,0x0,
0xe1,0x0,0x0,0x0,0xc,0x5,0x0,0x0,
0x10,0x0,0x0,0x0,0xf3,0x0,0x0,0x0,
0xd,0x5,0x0,0x0,0x13,0x0,0x0,0x0,
0xfa,0x0,0x0,0x0,0xe,0x5,0x0,0x0,
0x15,0x0,0x0,0x0,0x9,0x1,0x0,0x0,
0x10,0x5,0x0,0x0,0x18,0x0,0x0,0x0,
0x10,0x1,0x0,0x0,0x11,0x5,0x0,0x0,
0x1a,0x0,0x0,0x0,0x18,0x1,0x0,0x0,
0x14,0x5,0x0,0x0,0x1b,0x0,0x0,0x0,
0x1d,0x1,0x0,0x0,0x15,0x5,0x0,0x0,
0x1c,0x0,0x0,0x0,0x33,0x1,0x0,0x0,
0x16,0x5,0x0,0x0,0x1e,0x0,0x0,0x0,
0x57,0x1,0x0,0x0,0x17,0x5,0x0,0x0,
0x1f,0x0,0x0,0x0,0x6d,0x1,0x0,0x0,
0x18,0x5,0x0,0x0,0x21,0x0,0x0,0x0,
0x91,0x1,0x0,0x0,0x19,0x5,0x0,0x0,
0x23,0x0,0x0,0x0,0xac,0x1,0x0,0x0,
0x1a,0x5,0x0,0x0,0x24,0x0,0x0,0x0,
0xaf,0x1,0x0,0x0,0x1d,0x5,0x0,0x0,
0x25,0x0,0x0,0x0,0xbf,0x1,0x0,0x0,
0x1e,0x5,0x0,0x0,0x27,0x0,0x0,0x0,
0xd0,0x1,0x0,0x0,0x1f,0x5,0x0,0x0,
0x29,0x0,0x0,0x0,0xff,0x1,0x0,0x0,
0x1f,0x5,0x0,0x0,0x2a,0x0,0x0,0x0,
0x7,0x2,0x0,0x0,0x20,0x5,0x0,0x0,
0x2b,0x0,0x0,0x0,0xa,0x2,0x0,0x0,
0x23,0x5,0x0,0x0,0x2c,0x0,0x0,0x0,
0x1e,0x2,0x0,0x0,0x24,0x5,0x0,0x0,
0x2e,0x0,0x0,0x0,0x23,0x2,0x0,0x0,
0x25,0x5,0x0,0x0,0x30,0x0,0x0,0x0,
0x47,0x2,0x0,0x0,0x26,0x5,0x0,0x0,
0x31,0x0,0x0,0x0,0x5b,0x2,0x0,0x0,
0x27,0x5,0x0,0x0,0x33,0x0,0x0,0x0,
0x89,0x2,0x0,0x0,0x28,0x5,0x0,0x0,
0x35,0x0,0x0,0x0,0xa4,0x2,0x0,0x0,
0x29,0x5,0x0,0x0,0x36,0x0,0x0,0x0,
0xa7,0x2,0x0,0x0,0x23,0x5,0x0,0x0,
0x36,0x0,0x0,0x0,0xb3,0x2,0x0,0x0,
0x2b,0x5,0x0,0x0,0x37,0x0,0x0,0x0,
0xb6,0x2,0x0,0x0,0x2c,0x5,0x0,0x0,
0x37,0x0,0x0,0x0,0xc2,0x1,0x0,0x0,
0xd,0x2,0x0,0x0,0xb5,0xa8,0x1,0x0,
0x0,0x0,0x0,0x0,0x0,0x0,0x0,0x0,
0x0,0x18,0xe,0xe8,0x0,0x0,0x18,0xc,
0x2f,0xa9,0x1,0x0,0x0,0x18,0x10,0x13,
0xda,0x1,0x0,0x0,0x6c,0x10,0x51,0x88,
0x0,0x0,0x0,0x2f,0xaa,0x1,0x0,0x0,
0x18,0x11,0x14,0x1e,0x14,0x2f,0xab,0x1,
0x0,0x0,0x18,0x16,0x2f,0xac,0x1,0x0,
0x0,0x18,0x19,0x16,0xe,0x3d,0xad,0x1,
0x0,0x0,0x7e,0x18,0x1a,0xad,0xae,0x1,
0x0,0x0,0x16,0x0,0x0,0x0,0x2,0x0,
0x0,0x0,0x19,0x0,0x0,0x0,0x18,0x15,
0xad,0xaf,0x1,0x0,0x0,0x11,0x0,0x0,
0x0,0x2,0x0,0x0,0x0,0x14,0x0,0x0,
0x0,0x18,0xd,0x16,0xe,0x3d,0xb0,0x1,
0x0,0x0,0x18,0x11,0x6,0x64,0x11,0x50,
0x2f,0x16,0xd,0x18,0x16,0x1a,0xe,0x17,
0x16,0xd,0x34,0x17,0x18,0x17,0xea,0xd,
0x2,0x16,0x18,0x15,0xe8,0x1,0x15,0x18,
0x15,0xea,0xe,0x1,0x15,0x18,0x14,0xad,
0xb1,0x1,0x0,0x0,0xc,0x0,0x0,0x0,
0x1,0x0,0x0,0x0,0x14,0x0,0x0,0x0,
0x16,0xc,0x2,0x2f,0xb2,0x1,0x0,0x0,
0x18,0x10,0x13,0xc1,0x1,0x0,0x0,0x6c,
0x10,0x51,0xed,0x0,0x0,0x0,0x16,0xe,
0x3d,0xb3,0x1,0x0,0x0,0x18,0x11,0x6,
0x6c,0x11,0x50,0x3,0x16,0xc,0x2,0x2f,
0xb4,0x1,0x0,0x0,0x18,0xb,0x2f,0xb5,
0x1,0x0,0x0,0x18,0x8,0x2f,0xb6,0x1,
0x0,0x0,0x18,0x11,0x10,0x2,0xa0,0x11,
0x18,0x12,0x6,0x6c,0x12,0x50,0x16,0x2f,
0xb7,0x1,0x0,0x0,0x18,0xb,0x2f,0xb8,
0x1,0x0,0x0,0x18,0x13,0x10,0x1,0x80,
0x13,0x18,0x8,0x4c,0xf,0x2f,0xb9,0x1,
0x0,0x0,0x18,0x8,0x2f,0xba,0x1,0x0,
0x0,0x7e,0x18,0xb,0xe8,0x0,0x0,0x18,
0xf,0x1a,0xb,0x11,0x6,0x66,0x11,0x50,
0x32,0x1a,0xb,0x12,0x16,0xe,0x3d,0xbb,
0x1,0x0,0x0,0x68,0x12,0x50,0x24,0x16,
0xb,0x18,0x16,0x1a,0xe,0x17,0x16,0xb,
0x34,0x17,0x18,0x17,0xea,0xf,0x2,0x16,
0x18,0x15,0xad,0xbc,0x1,0x0,0x0,0xf,
0x0,0x0,0x0,0x1,0x0,0x0,0x0,0x15,
0x0,0x0,0x0,0x1a,0x8,0x11,0x6,0x66,
0x11,0x50,0x32,0x1a,0x8,0x12,0x16,0xe,
0x3d,0xbd,0x1,0x0,0x0,0x68,0x12,0x50,
0x24,0x16,0x8,0x18,0x16,0x1a,0xe,0x17,
0x16,0x8,0x34,0x17,0x18,0x17,0xea,0x10,
0x2,0x16,0x18,0x15,0xad,0xbe,0x1,0x0,
0x0,0xf,0x0,0x0,0x0,0x1,0x0,0x0,
0x0,0x15,0x0,0x0,0x0,0x16,0xf,0x18,
0x14,0xea,0x11,0x1,0x14,0x18,0x13,0xad,
0xbf,0x1,0x0,0x0,0xc,0x0,0x0,0x0,
0x1,0x0,0x0,0x0,0x13,0x0,0x0,0x0,
0x16,0xc,0x2,0xb5,0xc0,0x1,0x0,0x0,
0x0,0x0,0x0,0x0,0x0,0x0,0x0,0x0,
0x74,0x50,0x4b,0x6,0x18,0x7,0x1a,0x7,
0x10,0x16,0xe,0x3d,0xc1,0x1,0x0,0x0,
0x68,0x10,0x50,0x37,0x16,0x7,0x18,0x15,
0x1a,0xe,0x16,0x16,0x7,0x34,0x16,0x18,
0x16,0xea,0x12,0x2,0x15,0x18,0x14,0xe8,
0x1,0x14,0x18,0x14,0xea,0x13,0x1,0x14,
0x18,0x13,0xad,0xc2,0x1,0x0,0x0,0xc,
0x0,0x0,0x0,0x1,0x0,0x0,0x0,0x13,
0x0,0x0,0x0,0x16,0x7,0x7c,0x18,0x7,
0x56,0x4c,0xbb,0x16,0xc,0x2,0x6,0x18,
0x9,0x1a,0x9,0x10,0x16,0xe,0x3d,0xc3,
0x1,0x0,0x0,0x68,0x10,0x51,0x95,0x0,
0x0,0x0,0xe8,0x0,0x0,0x18,0xa,0x16,
0x9,0x18,0x14,0x1a,0xe,0x15,0x16,0x9,
0x34,0x15,0x18,0x15,0xea,0x14,0x2,0x14,
0x18,0x13,0xad,0xc4,0x1,0x0,0x0,0xa,
0x0,0x0,0x0,0x1,0x0,0x0,0x0,0x13,
0x0,0x0,0x0,0x1a,0x9,0x11,0x10,0x1,
0x80,0x11,0x18,0x12,0x16,0xe,0x3d,0xc5,
0x1,0x0,0x0,0x68,0x12,0x50,0x2e,0x1a,
0x9,0x16,0x10,0x1,0x80,0x16,0x18,0x16,
0x1a,0xe,0x17,0x1a,0x9,0x18,0x10,0x1,
0x80,0x18,0x34,0x17,0x18,0x17,0xea,0x15,
0x2,0x16,0x18,0x15,0xad,0xc6,0x1,0x0,
0x0,0xa,0x0,0x0,0x0,0x1,0x0,0x0,
0x0,0x15,0x0,0x0,0x0,0x16,0xa,0x18,
0x14,0xea,0x16,0x1,0x14,0x18,0x13,0xad,
0xc7,0x1,0x0,0x0,0xc,0x0,0x0,0x0,
0x1,0x0,0x0,0x0,0x13,0x0,0x0,0x0,
0x1a,0x9,0x11,0x10,0x2,0x80,0x11,0x18,
0x9,0x56,0x4d,0x5a,0xff,0xff,0xff,0x16,
0xc,0x2,0x16,0x6,0x2,0x0,0x0,0x0,
0x0,0x0,0x0,0x0,0x0,0x0,0x0,0x0,
0x0,0x0,0x0,0x0,0x0,0x0,0x0,0x0,
0x0,0x0,0x0,0x0,0x0,0x0,0x0,0x0,
0x88,0x0,0x0,0x0,0xca,0x0,0x0,0x0,
0xab,0x1,0x0,0x0,0x1,0x0,0x1,0x0,
0x38,0x0,0x0,0x0,0x0,0x0,0x0,0x0,
0x40,0x0,0x0,0x0,0x0,0x0,0x6,0x0,
0xff,0xff,0xff,0xff,0x18,0x0,0x0,0x0,
0x2e,0x5,0x50,0x0,0x0,0x0,0x0,0x0,
0x0,0x0,0x9,0x0,0x0,0x0,0x0,0x0,
0xfd,0x0,0x0,0x0,0x0,0x0,0x0,0x0,
0x0,0x0,0x0,0x0,0x2f,0x5,0x0,0x0,
0x1,0x0,0x0,0x0,0x73,0x0,0x0,0x0,
0x30,0x5,0x0,0x0,0x2,0x0,0x0,0x0,
0x93,0x0,0x0,0x0,0x31,0x5,0x0,0x0,
0x3,0x0,0x0,0x0,0x95,0x0,0x0,0x0,
0x32,0x5,0x0,0x0,0x4,0x0,0x0,0x0,
0xa5,0x0,0x0,0x0,0x33,0x5,0x0,0x0,
0x5,0x0,0x0,0x0,0xa8,0x0,0x0,0x0,
0x34,0x5,0x0,0x0,0x6,0x0,0x0,0x0,
0x2f,0xc8,0x1,0x0,0x0,0x18,0x9,0x14,
0x1e,0xc,0x2f,0xc9,0x1,0x0,0x0,0x18,
0xe,0xb5,0xca,0x1,0x0,0x0,0x1,0x0,
0x0,0x0,0x6,0x0,0x0,0x0,0x4e,0x1,
0x6,0x18,0x11,0x2f,0xcb,0x1,0x0,0x0,
0x18,0x13,0x14,0x1e,0x16,0x2f,0xcc,0x1,
0x0,0x0,0x3d,0xcd,0x1,0x0,0x0,0x7e,
0x18,0x17,0xad,0xce,0x1,0x0,0x0,0x13,
0x0,0x0,0x0,0x2,0x0,0x0,0x0,0x16,
0x0,0x0,0x0,0x18,0x12,0xad,0xcf,0x1,
0x0,0x0,0xe,0x0,0x0,0x0,0x2,0x0,
0x0,0x0,0x11,0x0,0x0,0x0,0x18,0xd,
0xad,0xd0,0x1,0x0,0x0,0x9,0x0,0x0,
0x0,0x2,0x0,0x0,0x0,0xc,0x0,0x0,
0x0,0x18,0x8,0x2f,0xd1,0x1,0x0,0x0,
0x18,0x9,0x13,0xda,0x1,0x0,0x0,0x6c,
0x9,0x4e,0x10,0x2f,0xd2,0x1,0x0,0x0,
0x18,0xa,0x13,0xc1,0x1,0x0,0x0,0x6c,
0xa,0x50,0x2,0x6,0x2,0xb5,0xd3,0x1,
0x0,0x0,0x0,0x0,0x0,0x0,0x0,0x0,
0x0,0x0,0x74,0x50,0x3,0x16,0x8,0x2,
0x2f,0xd4,0x1,0x0,0x0,0x18,0x9,0x1a,
0x8,0xd,0x10,0x2,0x9e,0xd,0x18,0xc,
0xad,0xd5,0x1,0x0,0x0,0x9,0x0,0x0,
0x0,0x1,0x0,0x0,0x0,0xc,0x0,0x0,
0x0,0x2,0x0,0x0,0x0,0x0,0x0,0x0,
0xc8,0x0,0x0,0x0,0x9f,0x0,0x0,0x0,
0xac,0x1,0x0,0x0,0x1,0x0,0x1,0x0,
0x38,0x0,0x0,0x0,0x0,0x0,0x0,0x0,
0x40,0x0,0x0,0x0,0x0,0x0,0xb,0x0,
0xff,0xff,0xff,0xff,0x10,0x0,0x0,0x0,
0x37,0x5,0x50,0x0,0x1,0x0,0x0,0x0,
0x0,0x0,0xc,0x0,0x0,0x0,0x0,0x0,
0xf6,0x0,0x0,0x0,0x0,0x0,0x0,0x0,
0x0,0x0,0x0,0x0,0x38,0x5,0x0,0x0,
0x1,0x0,0x0,0x0,0xf,0x0,0x0,0x0,
0x39,0x5,0x0,0x0,0x2,0x0,0x0,0x0,
0x34,0x0,0x0,0x0,0x3a,0x5,0x0,0x0,
0x3,0x0,0x0,0x0,0x36,0x0,0x0,0x0,
0x3c,0x5,0x0,0x0,0x4,0x0,0x0,0x0,
0x4c,0x0,0x0,0x0,0x3d,0x5,0x0,0x0,
0x5,0x0,0x0,0x0,0x5d,0x0,0x0,0x0,
0x3e,0x5,0x0,0x0,0x7,0x0,0x0,0x0,
0x66,0x0,0x0,0x0,0x3f,0x5,0x0,0x0,
0x8,0x0,0x0,0x0,0x8f,0x0,0x0,0x0,
0x40,0x5,0x0,0x0,0x9,0x0,0x0,0x0,
0x92,0x0,0x0,0x0,0x41,0x5,0x0,0x0,
0xa,0x0,0x0,0x0,0x9a,0x0,0x0,0x0,
0x43,0x5,0x0,0x0,0xb,0x0,0x0,0x0,
0x9c,0x0,0x0,0x0,0x44,0x5,0x0,0x0,
0xb,0x0,0x0,0x0,0x4f,0x0,0x0,0x0,
0xb5,0xd6,0x1,0x0,0x0,0x1,0x0,0x0,
0x0,0x6,0x0,0x0,0x0,0x18,0xb,0xb5,
0xd7,0x1,0x0,0x0,0x1,0x0,0x0,0x0,
0xb,0x0,0x0,0x0,0x74,0x4e,0x15,0x2f,
0xd8,0x1,0x0,0x0,0x74,0x4e,0xd,0x2f,
0xd9,0x1,0x0,0x0,0x3d,0xda,0x1,0x0,
0x0,0x74,0x50,0x2,0xc,0x2,0x2f,0xdb,
0x1,0x0,0x0,0x3d,0xdc,0x1,0x0,0x0,
0x3d,0xdd,0x1,0x0,0x0,0x4e,0x3,0xe8,
0x0,0x0,0x18,0x9,0x6,0x18,0xa,0x1a,
0xa,0xc,0x16,0x9,0x3d,0xde,0x1,0x0,
0x0,0x68,0xc,0x50,0x3d,0x1a,0x9,0xd,
0x16,0xa,0x34,0xd,0x18,0x8,0x50,0x2a,
0x16,0x8,0x3d,0xdf,0x1,0x0,0x0,0x50,
0x21,0x16,0x8,0x3d,0xe0,0x1,0x0,0x0,
0x18,0xf,0xb5,0xe1,0x1,0x0,0x0,0x1,
0x0,0x0,0x0,0xf,0x0,0x0,0x0,0x18,
0xd,0x16,0xb,0x6c,0xd,0x50,0x3,0x16,
0x8,0x2,0x16,0xa,0x7c,0x18,0xa,0x56,
0x4c,0xb5,0xc,0x2,0x16,0x7,0x2,0x0,
0x0,0x0,0x0,0x0,0x0,0x0,0x0,0x0,
0x64,0x0,0x0,0x0,0x42,0x0,0x0,0x0,
0xad,0x1,0x0,0x0,0x1,0x0,0x1,0x0,
0x38,0x0,0x0,0x0,0x0,0x0,0x0,0x0,
0x40,0x0,0x0,0x0,0x0,0x0,0x3,0x0,
0xff,0xff,0xff,0xff,0xb,0x0,0x0,0x0,
0x46,0x5,0x50,0x0,0x0,0x0,0x0,0x0,
0x0,0x0,0x8,0x0,0x0,0x0,0x0,0x0,
0xae,0x1,0x0,0x0,0x0,0x0,0x0,0x0,
0x0,0x0,0x0,0x0,0x47,0x5,0x0,0x0,
0x1,0x0,0x0,0x0,0x5,0x0,0x0,0x0,
0x48,0x5,0x0,0x0,0x2,0x0,0x0,0x0,
0x7,0x0,0x0,0x0,0x49,0x5,0x0,0x0,
0x3,0x0,0x0,0x0,0x16,0x6,0x74,0x50,
0x2,0x6,0x2,0x2f,0xe2,0x1,0x0,0x0,
0x3d,0xe3,0x1,0x0,0x0,0x18,0x8,0x16,
0x6,0x3d,0xe4,0x1,0x0,0x0,0x3d,0xe5,
0x1,0x0,0x0,0x3d,0xe6,0x1,0x0,0x0,
0x80,0x8,0x18,0x9,0x16,0x6,0x3d,0xe7,
0x1,0x0,0x0,0x3d,0xe8,0x1,0x0,0x0,
0x80,0x9,0x18,0xa,0x16,0x6,0x3d,0xe9,
0x1,0x0,0x0,0x80,0xa,0x2,0x0,0x0,
0x0,0x0,0x0,0x0,0x0,0x0,0x0,0x0,
0x30,0x1,0x0,0x0,0xd6,0x0,0x0,0x0,
0xaf,0x1,0x0,0x0,0x1,0x0,0x1,0x0,
0x38,0x0,0x0,0x0,0x0,0x0,0x0,0x0,
0x40,0x0,0x0,0x0,0x0,0x0,0x13,0x0,
0xff,0xff,0xff,0xff,0x17,0x0,0x0,0x0,
0x4c,0x5,0x50,0x0,0x3,0x0,0x0,0x0,
0x0,0x0,0x11,0x0,0x0,0x0,0x0,0x0,
0xb0,0x1,0x0,0x0,0x0,0x0,0x0,0x0,
0x0,0x0,0x0,0x0,0x4d,0x5,0x0,0x0,
0x1,0x0,0x0,0x0,0x15,0x0,0x0,0x0,
0x4e,0x5,0x0,0x0,0x2,0x0,0x0,0x0,
0x17,0x0,0x0,0x0,0x50,0x5,0x0,0x0,
0x3,0x0,0x0,0x0,0x2d,0x0,0x0,0x0,
0x51,0x5,0x0,0x0,0x4,0x0,0x0,0x0,
0x41,0x0,0x0,0x0,0x52,0x5,0x0,0x0,
0x6,0x0,0x0,0x0,0x4a,0x0,0x0,0x0,
0x53,0x5,0x0,0x0,0x7,0x0,0x0,0x0,
0x57,0x0,0x0,0x0,0x54,0x5,0x0,0x0,
0x8,0x0,0x0,0x0,0x5c,0x0,0x0,0x0,
0x56,0x5,0x0,0x0,0x9,0x0,0x0,0x0,
0x6a,0x0,0x0,0x0,0x57,0x5,0x0,0x0,
0xa,0x0,0x0,0x0,0x7b,0x0,0x0,0x0,
0x58,0x5,0x0,0x0,0xc,0x0,0x0,0x0,
0x84,0x0,0x0,0x0,0x59,0x5,0x0,0x0,
0xd,0x0,0x0,0x0,0x90,0x0,0x0,0x0,
0x5a,0x5,0x0,0x0,0xe,0x0,0x0,0x0,
0xa1,0x0,0x0,0x0,0x5b,0x5,0x0,0x0,
0x10,0x0,0x0,0x0,0xaa,0x0,0x0,0x0,
0x5c,0x5,0x0,0x0,0x11,0x0,0x0,0x0,
0xb5,0x0,0x0,0x0,0x5d,0x5,0x0,0x0,
0x13,0x0,0x0,0x0,0xb9,0x0,0x0,0x0,
0x5e,0x5,0x0,0x0,0x14,0x0,0x0,0x0,
0xc1,0x0,0x0,0x0,0x5f,0x5,0x0,0x0,
0x15,0x0,0x0,0x0,0xc9,0x0,0x0,0x0,
0x60,0x5,0x0,0x0,0x16,0x0,0x0,0x0,
0xd4,0x0,0x0,0x0,0x61,0x5,0x0,0x0,
0x16,0x0,0x0,0x0,0x30,0x0,0x0,0x0,
0x6d,0x0,0x0,0x0,0x93,0x0,0x0,0x0,
0x2f,0xea,0x1,0x0,0x0,0x74,0x4e,0xd,
0x2f,0xeb,0x1,0x0,0x0,0x3d,0xec,0x1,
0x0,0x0,0x74,0x50,0x2,0xe,0x2,0x2f,
0xed,0x1,0x0,0x0,0x3d,0xee,0x1,0x0,
0x0,0x3d,0xef,0x1,0x0,0x0,0x4e,0x3,
0xe8,0x0,0x0,0x18,0x8,0x6,0x18,0x9,
0x1a,0x9,0x11,0x16,0x8,0x3d,0xf0,0x1,
0x0,0x0,0x68,0x11,0x51,0x93,0x0,0x0,
0x0,0x1a,0x8,0x12,0x16,0x9,0x34,0x12,
0x18,0x10,0x74,0x4e,0xa,0x16,0x10,0x3d,
0xf1,0x1,0x0,0x0,0x74,0x50,0x5,0x4d,
0x6d,0x0,0x0,0x0,0x16,0x10,0x3d,0xf2,
0x1,0x0,0x0,0x4e,0x3,0xe8,0x0,0x0,
0x18,0xf,0x6,0x18,0xe,0x1a,0xe,0x12,
0x16,0xf,0x3d,0xf3,0x1,0x0,0x0,0x68,
0x12,0x50,0x4e,0x1a,0xf,0x13,0x16,0xe,
0x34,0x13,0x18,0xd,0x3d,0xf4,0x1,0x0,
0x0,0x4e,0x3,0xe8,0x0,0x0,0x18,0xc,
0x6,0x18,0xa,0x1a,0xa,0x13,0x16,0xc,
0x3d,0xf5,0x1,0x0,0x0,0x68,0x13,0x50,
0x20,0x1a,0xc,0x14,0x16,0xa,0x34,0x14,
0x18,0xb,0x50,0xd,0x16,0xb,0x3d,0xf6,
0x1,0x0,0x0,0x50,0x4,0xa6,0x6,0x1,
0xb,0x16,0xa,0x7c,0x18,0xa,0x56,0x4c,
0xd2,0x16,0xe,0x7c,0x18,0xe,0x56,0x4c,
0xa4,0x16,0x9,0x7c,0x18,0x9,0x56,0x4d,
0x5c,0xff,0xff,0xff,0xe,0x2,0x0,0x0,
0x0,0x0,0x0,0x0,0x0,0x0,0x0,0x0,
0xac,0x0,0x0,0x0,0xb0,0x0,0x0,0x0,
0xb1,0x1,0x0,0x0,0x1,0x0,0x1,0x0,
0x38,0x0,0x0,0x0,0x0,0x0,0x0,0x0,
0x40,0x0,0x0,0x0,0x0,0x0,0x9,0x0,
0xff,0xff,0xff,0xff,0x13,0x0,0x0,0x0,
0x63,0x5,0x50,0x0,0x0,0x0,0x0,0x0,
0x0,0x0,0x9,0x0,0x0,0x0,0x0,0x0,
0xc7,0x0,0x0,0x0,0x0,0x0,0x0,0x0,
0x0,0x0,0x0,0x0,0x64,0x5,0x0,0x0,
0x1,0x0,0x0,0x0,0x47,0x0,0x0,0x0,
0x65,0x5,0x0,0x0,0x2,0x0,0x0,0x0,
0x57,0x0,0x0,0x0,0x66,0x5,0x0,0x0,
0x5,0x0,0x0,0x0,0x64,0x0,0x0,0x0,
0x67,0x5,0x0,0x0,0x7,0x0,0x0,0x0,
0x71,0x0,0x0,0x0,0x68,0x5,0x0,0x0,
0x9,0x0,0x0,0x0,0x82,0x0,0x0,0x0,
0x69,0x5,0x0,0x0,0xb,0x0,0x0,0x0,
0x9e,0x0,0x0,0x0,0x6d,0x5,0x0,0x0,
0xc,0x0,0x0,0x0,0xa0,0x0,0x0,0x0,
0x70,0x5,0x0,0x0,0xe,0x0,0x0,0x0,
0xad,0x0,0x0,0x0,0x71,0x5,0x0,0x0,
0xe,0x0,0x0,0x0,0x2f,0xf7,0x1,0x0,
0x0,0x18,0x9,0x14,0x1e,0xc,0x2f,0xf8,
0x1,0x0,0x0,0x18,0xe,0x1a,0x6,0x11,
0x2f,0xf9,0x1,0x0,0x0,0x3d,0xfa,0x1,
0x0,0x0,0x7e,0x18,0x12,0xad,0xfb,0x1,
0x0,0x0,0xe,0x0,0x0,0x0,0x2,0x0,
0x0,0x0,0x11,0x0,0x0,0x0,0x18,0xd,
0xad,0xfc,0x1,0x0,0x0,0x9,0x0,0x0,
0x0,0x2,0x0,0x0,0x0,0xc,0x0,0x0,
0x0,0x18,0x8,0xb5,0xfd,0x1,0x0,0x0,
0x0,0x0,0x0,0x0,0x0,0x0,0x0,0x0,
0x74,0x50,0x49,0xb5,0xfe,0x1,0x0,0x0,
0x1,0x0,0x0,0x0,0x8,0x0,0x0,0x0,
0xb5,0xff,0x1,0x0,0x0,0x1,0x0,0x0,
0x0,0x8,0x0,0x0,0x0,0x2f,0x0,0x2,
0x0,0x0,0x18,0x9,0x6,0x43,0x1,0x2,
0x0,0x0,0x9,0x0,0x0,0x0,0x2f,0x2,
0x2,0x0,0x0,0x18,0x9,0x28,0x47,0x18,
0xc,0xad,0x5,0x2,0x0,0x0,0x9,0x0,
0x0,0x0,0x1,0x0,0x0,0x0,0xc,0x0,
0x0,0x0,0xe,0x2,0xb5,0x6,0x2,0x0,
0x0,0x1,0x0,0x0,0x0,0x8,0x0,0x0,
0x0,0x16,0x7,0x2,0x0,0x0,0x0,0x0,
0x5c,0x0,0x0,0x0,0x1c,0x0,0x0,0x0,
0x0,0x0,0x0,0x0,0x0,0x0,0x0,0x0,
0x38,0x0,0x0,0x0,0x0,0x0,0x0,0x0,
0x38,0x0,0x0,0x0,0x0,0x0,0x3,0x0,
0xff,0xff,0xff,0xff,0x9,0x0,0x0,0x0,
0x69,0x5,0xa0,0x1,0x0,0x0,0x0,0x0,
0x0,0x0,0x7,0x0,0x0,0x0,0x0,0x0,
0x0,0x0,0x0,0x0,0x6a,0x5,0x0,0x0,
0x2,0x0,0x0,0x0,0xd,0x0,0x0,0x0,
0x6b,0x5,0x0,0x0,0x4,0x0,0x0,0x0,
0x1a,0x0,0x0,0x0,0x6c,0x5,0x0,0x0,
0x4,0x0,0x0,0x0,0xb5,0x3,0x2,0x0,
0x0,0x0,0x0,0x0,0x0,0x0,0x0,0x0,
0x0,0xb5,0x4,0x2,0x0,0x0,0x0,0x0,
0x0,0x0,0x0,0x0,0x0,0x0,0xe,0x2,
0x0,0x0,0x0,0x0,0x0,0x0,0x0,0x0,
0x98,0x0,0x0,0x0,0x86,0x0,0x0,0x0,
0xb2,0x1,0x0,0x0,0x1,0x0,0x1,0x0,
0x38,0x0,0x0,0x0,0x0,0x0,0x0,0x0,
0x40,0x0,0x0,0x0,0x1,0x0,0x7,0x0,
0xff,0xff,0xff,0xff,0x12,0x0,0x0,0x0,
0x73,0x5,0x50,0x0,0x0,0x0,0x0,0x0,
0x0,0x0,0x8,0x0,0x0,0x0,0x0,0x0,
0xc7,0x0,0x0,0x0,0x0,0x0,0x0,0x0,
0x3a,0x1,0x0,0x0,0x0,0x0,0x0,0x0,
0x73,0x5,0x0,0x0,0x0,0x0,0x0,0x0,
0x1,0x0,0x0,0x0,0x74,0x5,0x0,0x0,
0x1,0x0,0x0,0x0,0x48,0x0,0x0,0x0,
0x75,0x5,0x0,0x0,0x3,0x0,0x0,0x0,
0x4c,0x0,0x0,0x0,0x76,0x5,0x0,0x0,
0x5,0x0,0x0,0x0,0x4f,0x0,0x0,0x0,
0x77,0x5,0x0,0x0,0x7,0x0,0x0,0x0,
0x67,0x0,0x0,0x0,0x78,0x5,0x0,0x0,
0x9,0x0,0x0,0x0,0x83,0x0,0x0,0x0,
0x88,0x5,0x0,0x0,0x9,0x0,0x0,0x0,
0xca,0x2f,0x7,0x2,0x0,0x0,0x18,0x8,
0x14,0x1e,0xb,0x2f,0x8,0x2,0x0,0x0,
0x18,0xd,0x1a,0x6,0x10,0x2f,0x9,0x2,
0x0,0x0,0x3d,0xa,0x2,0x0,0x0,0x7e,
0x18,0x11,0xad,0xb,0x2,0x0,0x0,0xd,
0x0,0x0,0x0,0x2,0x0,0x0,0x0,0x10,
0x0,0x0,0x0,0x18,0xc,0xad,0xc,0x2,
0x0,0x0,0x8,0x0,0x0,0x0,0x2,0x0,
0x0,0x0,0xb,0x0,0x0,0x0,0x20,0x0,
0x1e,0x0,0x30,0x27,0x8,0x30,0x28,0x2f,
0xd,0x2,0x0,0x0,0x18,0x8,0xad,0xe,
0x2,0x0,0x0,0x8,0x0,0x0,0x0,0x0,
0x0,0x0,0x0,0x0,0x0,0x0,0x0,0x2f,
0xf,0x2,0x0,0x0,0x18,0x8,0x28,0x49,
0x18,0xb,0xad,0x1c,0x2,0x0,0x0,0x8,
0x0,0x0,0x0,0x1,0x0,0x0,0x0,0xb,
0x0,0x0,0x0,0xd4,0xe,0x2,0x0,0x0,
0x0,0x0,0x0,0x0,0x0,0x0,0x0,0x0,
0xc8,0x0,0x0,0x0,0xa9,0x0,0x0,0x0,
0x0,0x0,0x0,0x0,0x0,0x0,0x0,0x0,
0x38,0x0,0x0,0x0,0x0,0x0,0x0,0x0,
0x38,0x0,0x0,0x0,0x0,0x0,0xc,0x0,
0xff,0xff,0xff,0xff,0xe,0x0,0x0,0x0,
0x78,0x5,0x60,0x1,0x0,0x0,0x0,0x0,
0x0,0x0,0x9,0x0,0x0,0x0,0x0,0x0,
0x0,0x0,0x0,0x0,0x79,0x5,0x0,0x0,
0x1,0x0,0x0,0x0,0x13,0x0,0x0,0x0,
0x7a,0x5,0x0,0x0,0x3,0x0,0x0,0x0,
0x3a,0x0,0x0,0x0,0x7b,0x5,0x0,0x0,
0x4,0x0,0x0,0x0,0x4b,0x0,0x0,0x0,
0x7d,0x5,0x0,0x0,0x5,0x0,0x0,0x0,
0x4e,0x0,0x0,0x0,0x7e,0x5,0x0,0x0,
0x8,0x0,0x0,0x0,0x5f,0x0,0x0,0x0,
0x7f,0x5,0x0,0x0,0xa,0x0,0x0,0x0,
0x6c,0x0,0x0,0x0,0x80,0x5,0x0,0x0,
0xc,0x0,0x0,0x0,0x79,0x0,0x0,0x0,
0x81,0x5,0x0,0x0,0xd,0x0,0x0,0x0,
0x7b,0x0,0x0,0x0,0x84,0x5,0x0,0x0,
0xf,0x0,0x0,0x0,0x8c,0x0,0x0,0x0,
0x85,0x5,0x0,0x0,0x11,0x0,0x0,0x0,
0x99,0x0,0x0,0x0,0x86,0x5,0x0,0x0,
0x13,0x0,0x0,0x0,0xa6,0x0,0x0,0x0,
0x87,0x5,0x0,0x0,0x13,0x0,0x0,0x0,
0x1e,0x0,0x18,0xb,0xb5,0x10,0x2,0x0,
0x0,0x1,0x0,0x0,0x0,0xb,0x0,0x0,
0x0,0x18,0x8,0x2f,0x11,0x2,0x0,0x0,
0x18,0x9,0x1a,0x8,0xc,0x2f,0x12,0x2,
0x0,0x0,0x3d,0x13,0x2,0x0,0x0,0x18,
0xd,0xad,0x14,0x2,0x0,0x0,0x9,0x0,
0x0,0x0,0x2,0x0,0x0,0x0,0xc,0x0,
0x0,0x0,0xb5,0x15,0x2,0x0,0x0,0x1,
0x0,0x0,0x0,0x8,0x0,0x0,0x0,0x74,
0x74,0x18,0x7,0x74,0x50,0x2d,0x1e,0x0,
0x18,0xb,0xb5,0x16,0x2,0x0,0x0,0x1,
0x0,0x0,0x0,0xb,0x0,0x0,0x0,0xb5,
0x17,0x2,0x0,0x0,0x0,0x0,0x0,0x0,
0x0,0x0,0x0,0x0,0xb5,0x18,0x2,0x0,
0x0,0x0,0x0,0x0,0x0,0x0,0x0,0x0,
0x0,0xe,0x2,0x1e,0x0,0x18,0xb,0xb5,
0x19,0x2,0x0,0x0,0x1,0x0,0x0,0x0,
0xb,0x0,0x0,0x0,0xb5,0x1a,0x2,0x0,
0x0,0x0,0x0,0x0,0x0,0x0,0x0,0x0,
0x0,0xb5,0x1b,0x2,0x0,0x0,0x0,0x0,
0x0,0x0,0x0,0x0,0x0,0x0,0x16,0x6,
0x2,0x0,0x0,0x0,0x0,0x0,0x0,0x0,
0x0,0x0,0x0,0x0,0x0,0x0,0x0,0x0,
0x98,0x0,0x0,0x0,0x46,0x0,0x0,0x0,
0xb3,0x1,0x0,0x0,0x0,0x0,0x0,0x0,
0x38,0x0,0x0,0x0,0x0,0x0,0x0,0x0,
0x38,0x0,0x0,0x0,0x3,0x0,0x7,0x0,
0xff,0xff,0xff,0xff,0xa,0x0,0x0,0x0,
0x8a,0x5,0x50,0x0,0x0,0x0,0x0,0x0,
0x0,0x0,0x7,0x0,0x0,0x0,0x0,0x0,
0x34,0x2,0x0,0x0,0x35,0x2,0x0,0x0,
0x36,0x2,0x0,0x0,0x0,0x0,0x0,0x0,
0x8a,0x5,0x0,0x0,0x0,0x0,0x0,0x0,
0x1,0x0,0x0,0x0,0x8b,0x5,0x0,0x0,
0x1,0x0,0x0,0x0,0x21,0x0,0x0,0x0,
0x8c,0x5,0x0,0x0,0x2,0x0,0x0,0x0,
0x25,0x0,0x0,0x0,0x8d,0x5,0x0,0x0,
0x3,0x0,0x0,0x0,0x31,0x0,0x0,0x0,
0x8f,0x5,0x0,0x0,0x5,0x0,0x0,0x0,
0x42,0x0,0x0,0x0,0x9b,0x5,0x0,0x0,
0x6,0x0,0x0,0x0,0x45,0x0,0x0,0x0,
0x9c,0x5,0x0,0x0,0x6,0x0,0x0,0x0,
0xca,0x2f,0x1d,0x2,0x0,0x0,0x3d,0x1e,
0x2,0x0,0x0,0x18,0x7,0x2f,0x1f,0x2,
0x0,0x0,0x3d,0x20,0x2,0x0,0x0,0x18,
0x8,0x10,0x2,0x9e,0x8,0x80,0x7,0x20,
0x1,0x10,0xff,0x20,0x2,0x2f,0x21,0x2,
0x0,0x0,0x3d,0x22,0x2,0x0,0x0,0x20,
0x0,0x28,0x4b,0x18,0x9,0xb5,0x2a,0x2,
0x0,0x0,0x1,0x0,0x0,0x0,0x9,0x0,
0x0,0x0,0x1e,0x2,0x2,0xd4,0x0,0x0,
0x0,0x0,0x0,0x0,0x0,0x0,0x0,0x0,
0xa0,0x0,0x0,0x0,0x78,0x0,0x0,0x0,
0x0,0x0,0x0,0x0,0x1,0x0,0x1,0x0,
0x38,0x0,0x0,0x0,0x0,0x0,0x0,0x0,
0x40,0x0,0x0,0x0,0x0,0x0,0x8,0x0,
0xff,0xff,0xff,0xff,0xf,0x0,0x0,0x0,
0x8f,0x5,0x90,0x1,0x0,0x0,0x0,0x0,
0x0,0x0,0xa,0x0,0x0,0x0,0x0,0x0,
0xae,0x1,0x0,0x0,0x0,0x0,0x0,0x0,
0x0,0x0,0x0,0x0,0x90,0x5,0x0,0x0,
0x1,0x0,0x0,0x0,0x1c,0x0,0x0,0x0,
0x91,0x5,0x0,0x0,0x2,0x0,0x0,0x0,
0x1e,0x0,0x0,0x0,0x93,0x5,0x0,0x0,
0x3,0x0,0x0,0x0,0x3e,0x0,0x0,0x0,
0x94,0x5,0x0,0x0,0x4,0x0,0x0,0x0,
0x61,0x0,0x0,0x0,0x95,0x5,0x0,0x0,
0x5,0x0,0x0,0x0,0x69,0x0,0x0,0x0,
0x96,0x5,0x0,0x0,0x8,0x0,0x0,0x0,
0x6d,0x0,0x0,0x0,0x97,0x5,0x0,0x0,
0xa,0x0,0x0,0x0,0x76,0x0,0x0,0x0,
0x99,0x5,0x0,0x0,0xa,0x0,0x0,0x0,
0x16,0x6,0x3d,0x23,0x2,0x0,0x0,0x18,
0xa,0x6,0x6a,0xa,0x4e,0xe,0x16,0x6,
0x3d,0x24,0x2,0x0,0x0,0x18,0xb,0xe,
0x6c,0xb,0x50,0x2,0xe,0x2,0xb5,0x25,
0x2,0x0,0x0,0x1,0x0,0x0,0x0,0x6,
0x0,0x0,0x0,0x18,0xa,0x16,0x6,0x3d,
0x26,0x2,0x0,0x0,0x18,0xb,0x10,0x2,
0x9e,0xb,0x80,0xa,0x18,0x9,0x2f,0x27,
0x2,0x0,0x0,0x18,0xa,0x1a,0x9,0xe,
0x1e,0x1,0xa2,0xe,0x18,0xd,0xad,0x28,
0x2,0x0,0x0,0xa,0x0,0x0,0x0,0x1,
0x0,0x0,0x0,0xd,0x0,0x0,0x0,0x18,
0x8,0x18,0xa,0x1e,0x0,0x68,0xa,0x50,
0xd,0x16,0x8,0x20,0x0,0x16,0x6,0x3d,
0x29,0x2,0x0,0x0,0x20,0x2,0xe,0x2,
0x0,0x0,0x0,0x0,0x0,0x0,0x0,0x0,
0xc8,0x0,0x0,0x0,0x69,0x0,0x0,0x0,
0xb4,0x1,0x0,0x0,0x0,0x0,0x0,0x0,
0x38,0x0,0x0,0x0,0x0,0x0,0x0,0x0,
0x38,0x0,0x0,0x0,0x0,0x0,0xc,0x0,
0xff,0xff,0xff,0xff,0xd,0x0,0x0,0x0,
0x9e,0x5,0x50,0x0,0x0,0x0,0x0,0x0,
0x0,0x0,0x8,0x0,0x0,0x0,0x0,0x0,
0x0,0x0,0x0,0x0,0x9f,0x5,0x0,0x0,
0x1,0x0,0x0,0x0,0x8,0x0,0x0,0x0,
0xa0,0x5,0x0,0x0,0x2,0x0,0x0,0x0,
0xa,0x0,0x0,0x0,0xa2,0x5,0x0,0x0,
0x3,0x0,0x0,0x0,0x19,0x0,0x0,0x0,
0xa3,0x5,0x0,0x0,0x4,0x0,0x0,0x0,
0x1e,0x0,0x0,0x0,0xa4,0x5,0x0,0x0,
0x5,0x0,0x0,0x0,0x20,0x0,0x0,0x0,
0xa6,0x5,0x0,0x0,0x6,0x0,0x0,0x0,
0x38,0x0,0x0,0x0,0xa7,0x5,0x0,0x0,
0x9,0x0,0x0,0x0,0x50,0x0,0x0,0x0,
0xa8,0x5,0x0,0x0,0xa,0x0,0x0,0x0,
0x52,0x0,0x0,0x0,0xab,0x5,0x0,0x0,
0xc,0x0,0x0,0x0,0x56,0x0,0x0,0x0,
0xac,0x5,0x0,0x0,0xe,0x0,0x0,0x0,
0x59,0x0,0x0,0x0,0xad,0x5,0x0,0x0,
0x10,0x0,0x0,0x0,0x66,0x0,0x0,0x0,
0xae,0x5,0x0,0x0,0x10,0x0,0x0,0x0,
0x2f,0x2b,0x2,0x0,0x0,0x74,0x50,0x2,
0xe,0x2,0xb5,0x2c,0x2,0x0,0x0,0x0,
0x0,0x0,0x0,0x0,0x0,0x0,0x0,0x18,
0x7,0x6,0x68,0x7,0x50,0x2,0xe,0x2,
0x2f,0x2d,0x2,0x0,0x0,0x18,0x8,0x6,
0x66,0x8,0x50,0x26,0x1a,0x7,0x9,0x2f,
0x2e,0x2,0x0,0x0,0x6e,0x9,0x50,0x1a,
0x2f,0x2f,0x2,0x0,0x0,0x18,0xa,0xad,
0x30,0x2,0x0,0x0,0xa,0x0,0x0,0x0,
0x0,0x0,0x0,0x0,0x0,0x0,0x0,0x0,
0xe,0x2,0x10,0xff,0x30,0x27,0xa,0x30,
0x28,0xb5,0x31,0x2,0x0,0x0,0x0,0x0,
0x0,0x0,0x0,0x0,0x0,0x0,0x16,0x6,
0x2,0x0,0x0,0x0,0x0,0x0,0x0,0x0,
0x0,0x0,0x0,0x0,0x0,0x0,0x0,0x0,
0x9c,0x0,0x0,0x0,0xa0,0x0,0x0,0x0,
0xb5,0x1,0x0,0x0,0x1,0x0,0x1,0x0,
0x38,0x0,0x0,0x0,0x0,0x0,0x0,0x0,
0x40,0x0,0x0,0x0,0x2,0x0,0x7,0x0,
0xff,0xff,0xff,0xff,0x15,0x0,0x0,0x0,
0xb0,0x5,0x50,0x0,0x0,0x0,0x0,0x0,
0x0,0x0,0x8,0x0,0x0,0x0,0x0,0x0,
0xb6,0x1,0x0,0x0,0x0,0x0,0x0,0x0,
0xa3,0x1,0x0,0x0,0x37,0x2,0x0,0x0,
0x0,0x0,0x0,0x0,0xb0,0x5,0x0,0x0,
0x0,0x0,0x0,0x0,0x1,0x0,0x0,0x0,
0xb1,0x5,0x0,0x0,0x1,0x0,0x0,0x0,
0x14,0x0,0x0,0x0,0xb2,0x5,0x0,0x0,
0x2,0x0,0x0,0x0,0x16,0x0,0x0,0x0,
0xb4,0x5,0x0,0x0,0x3,0x0,0x0,0x0,
0x72,0x0,0x0,0x0,0xb5,0x5,0x0,0x0,
0x4,0x0,0x0,0x0,0x81,0x0,0x0,0x0,
0xb7,0x5,0x0,0x0,0x6,0x0,0x0,0x0,
0x9d,0x0,0x0,0x0,0xd9,0x5,0x0,0x0,
0x6,0x0,0x0,0x0,0xca,0x1e,0x2,0x74,
0x4e,0xe,0x1e,0x2,0x3d,0x32,0x2,0x0,
0x0,0x18,0x8,0xe,0x6c,0x8,0x50,0x2,
0xe,0x2,0x2f,0x33,0x2,0x0,0x0,0x18,
0x8,0x14,0x1e,0xb,0x2f,0x34,0x2,0x0,
0x0,0x18,0xd,0x1e,0x2,0x3d,0x35,0x2,
0x0,0x0,0x18,0x14,0xb5,0x36,0x2,0x0,
0x0,0x1,0x0,0x0,0x0,0x14,0x0,0x0,
0x0,0x18,0x10,0x2f,0x37,0x2,0x0,0x0,
0x3d,0x38,0x2,0x0,0x0,0x7e,0x18,0x11,
0xad,0x39,0x2,0x0,0x0,0xd,0x0,0x0,
0x0,0x2,0x0,0x0,0x0,0x10,0x0,0x0,
0x0,0x18,0xc,0xad,0x3a,0x2,0x0,0x0,
0x8,0x0,0x0,0x0,0x2,0x0,0x0,0x0,
0xb,0x0,0x0,0x0,0x20,0x0,0x1e,0x2,
0x3d,0x3b,0x2,0x0,0x0,0x4e,0x4,0xea,
0x17,0x0,0x0,0x20,0x1,0x2f,0x3c,0x2,
0x0,0x0,0x18,0x8,0x28,0x4e,0x18,0xb,
0xad,0x6e,0x2,0x0,0x0,0x8,0x0,0x0,
0x0,0x1,0x0,0x0,0x0,0xb,0x0,0x0,
0x0,0xd4,0xe,0x2,0x0,0x0,0x0,0x0,
0x90,0x0,0x0,0x0,0x4b,0x0,0x0,0x0,
0x0,0x0,0x0,0x0,0x0,0x0,0x0,0x0,
0x38,0x0,0x0,0x0,0x0,0x0,0x0,0x0,
0x38,0x0,0x0,0x0,0x1,0x0,0x7,0x0,
0xff,0xff,0xff,0xff,0xb,0x0,0x0,0x0,
0xb7,0x5,0x60,0x1,0x0,0x0,0x0,0x0,
0x0,0x0,0x7,0x0,0x0,0x0,0x0,0x0,
0x38,0x2,0x0,0x0,0x0,0x0,0x0,0x0,
0xb7,0x5,0x0,0x0,0x0,0x0,0x0,0x0,
0x1,0x0,0x0,0x0,0xb8,0x5,0x0,0x0,
0x1,0x0,0x0,0x0,0x4,0x0,0x0,0x0,
0xba,0x5,0x0,0x0,0x3,0x0,0x0,0x0,
0x15,0x0,0x0,0x0,0xd2,0x5,0x0,0x0,
0x4,0x0,0x0,0x0,0x1a,0x0,0x0,0x0,
0xd3,0x5,0x0,0x0,0x7,0x0,0x0,0x0,
0x2c,0x0,0x0,0x0,0xd4,0x5,0x0,0x0,
0x9,0x0,0x0,0x0,0x48,0x0,0x0,0x0,
0xd8,0x5,0x0,0x0,0x9,0x0,0x0,0x0,
0xca,0xa,0x20,0x0,0x28,0x4f,0x18,0x9,
0xb5,0x69,0x2,0x0,0x0,0x1,0x0,0x0,
0x0,0x9,0x0,0x0,0x0,0x1e,0x0,0x74,
0x50,0x2e,0x22,0x1,0x0,0x18,0x9,0xb5,
0x6a,0x2,0x0,0x0,0x1,0x0,0x0,0x0,
0x9,0x0,0x0,0x0,0x2f,0x6b,0x2,0x0,
0x0,0x18,0x7,0x28,0x50,0x18,0xa,0xad,
0x6d,0x2,0x0,0x0,0x7,0x0,0x0,0x0,
0x1,0x0,0x0,0x0,0xa,0x0,0x0,0x0,
0xd4,0xe,0x2,0x0,0x0,0x0,0x0,0x0,
0x0,0x0,0x0,0x0,0x0,0x0,0x0,0x0,
0xc,0x1,0x0,0x0,0xb,0x2,0x0,0x0,
0x0,0x0,0x0,0x0,0x1,0x0,0x1,0x0,
0x38,0x0,0x0,0x0,0x0,0x0,0x0,0x0,
0x40,0x0,0x0,0x0,0x0,0x0,0x11,0x0,
0xff,0xff,0xff,0xff,0x1b,0x0,0x0,0x0,
0xba,0x5,0xd0,0x1,0x0,0x0,0x0,0x0,
0x0,0x0,0xe,0x0,0x0,0x0,0x0,0x0,
0xae,0x1,0x0,0x0,0x0,0x0,0x0,0x0,
0x0,0x0,0x0,0x0,0xbb,0x5,0x0,0x0,
0x1,0x0,0x0,0x0,0x14,0x0,0x0,0x0,
0xbc,0x5,0x0,0x0,0x2,0x0,0x0,0x0,
0x16,0x0,0x0,0x0,0xbe,0x5,0x0,0x0,
0x4,0x0,0x0,0x0,0x19,0x0,0x0,0x0,
0xbf,0x5,0x0,0x0,0x5,0x0,0x0,0x0,
0x22,0x0,0x0,0x0,0xc0,0x5,0x0,0x0,
0x6,0x0,0x0,0x0,0x25,0x0,0x0,0x0,
0xc1,0x5,0x0,0x0,0x9,0x0,0x0,0x0,
0x37,0x0,0x0,0x0,0xc2,0x5,0x0,0x0,
0xa,0x0,0x0,0x0,0x39,0x0,0x0,0x0,
0xc5,0x5,0x0,0x0,0xb,0x0,0x0,0x0,
0x62,0x0,0x0,0x0,0xc6,0x5,0x0,0x0,
0xc,0x0,0x0,0x0,0x97,0x0,0x0,0x0,
0xc7,0x5,0x0,0x0,0xd,0x0,0x0,0x0,
0xc2,0x0,0x0,0x0,0xc9,0x5,0x0,0x0,
0xe,0x0,0x0,0x0,0xf9,0x0,0x0,0x0,
0xca,0x5,0x0,0x0,0xf,0x0,0x0,0x0,
0x30,0x1,0x0,0x0,0xcc,0x5,0x0,0x0,
0x11,0x0,0x0,0x0,0x8f,0x1,0x0,0x0,
0xcd,0x5,0x0,0x0,0x13,0x0,0x0,0x0,
0xee,0x1,0x0,0x0,0xce,0x5,0x0,0x0,
0x15,0x0,0x0,0x0,0xfb,0x1,0x0,0x0,
0xcf,0x5,0x0,0x0,0x17,0x0,0x0,0x0,
0x8,0x2,0x0,0x0,0xd0,0x5,0x0,0x0,
0x17,0x0,0x0,0x0,0x1e,0x0,0x4e,0x10,
0x16,0x6,0x3d,0x3d,0x2,0x0,0x0,0x18,
0xe,0x22,0x1,0x0,0x6e,0xe,0x50,0x2,
0xe,0x2,0x8,0x20,0x0,0x16,0x6,0x3d,
0x3e,0x2,0x0,0x0,0x18,0xd,0x74,0x50,
0x14,0x22,0x1,0x0,0x18,0x10,0xb5,0x3f,
0x2,0x0,0x0,0x1,0x0,0x0,0x0,0x10,
0x0,0x0,0x0,0xe,0x2,0x22,0x1,0x1,
0x18,0x10,0x16,0x6,0x3d,0x40,0x2,0x0,
0x0,0x18,0x11,0x1a,0xd,0x12,0x16,0x6,
0x3d,0x41,0x2,0x0,0x0,0x18,0x13,0xb5,
0x42,0x2,0x0,0x0,0x4,0x0,0x0,0x0,
0x10,0x0,0x0,0x0,0x18,0xa,0x16,0x6,
0x3d,0x43,0x2,0x0,0x0,0x3d,0x44,0x2,
0x0,0x0,0x18,0xe,0x16,0x6,0x3d,0x45,
0x2,0x0,0x0,0x80,0xe,0x18,0xf,0x16,
0xa,0x3d,0x46,0x2,0x0,0x0,0x80,0xf,
0x18,0x10,0x16,0xa,0x3d,0x47,0x2,0x0,
0x0,0x18,0x11,0x10,0x2,0x9e,0x11,0x80,
0x10,0x18,0x8,0xb5,0x48,0x2,0x0,0x0,
0x1,0x0,0x0,0x0,0x6,0x0,0x0,0x0,
0x18,0xe,0x16,0xa,0x3d,0x49,0x2,0x0,
0x0,0x80,0xe,0x18,0xf,0x16,0xa,0x3d,
0x4a,0x2,0x0,0x0,0x18,0x10,0x10,0x2,
0x9e,0x10,0x80,0xf,0x18,0x9,0x2f,0x4b,
0x2,0x0,0x0,0x18,0xe,0x14,0x1e,0x11,
0x2f,0x4c,0x2,0x0,0x0,0x3d,0x4d,0x2,
0x0,0x0,0x18,0x13,0x2f,0x4e,0x2,0x0,
0x0,0x3d,0x4f,0x2,0x0,0x0,0xa2,0x13,
0x18,0x12,0xad,0x50,0x2,0x0,0x0,0xe,
0x0,0x0,0x0,0x2,0x0,0x0,0x0,0x11,
0x0,0x0,0x0,0x18,0xb,0x2f,0x51,0x2,
0x0,0x0,0x18,0xe,0x14,0x1e,0x11,0x2f,
0x52,0x2,0x0,0x0,0x3d,0x53,0x2,0x0,
0x0,0x18,0x13,0x2f,0x54,0x2,0x0,0x0,
0x3d,0x55,0x2,0x0,0x0,0xa2,0x13,0x18,
0x12,0xad,0x56,0x2,0x0,0x0,0xe,0x0,
0x0,0x0,0x2,0x0,0x0,0x0,0x11,0x0,
0x0,0x0,0x18,0xc,0x2f,0x57,0x2,0x0,
0x0,0x18,0xe,0x2f,0x58,0x2,0x0,0x0,
0x18,0xf,0x14,0x1e,0x12,0x2f,0x59,0x2,
0x0,0x0,0x18,0x14,0x1a,0x8,0x19,0x2f,
0x5a,0x2,0x0,0x0,0x3d,0x5b,0x2,0x0,
0x0,0x18,0x1a,0x10,0x2,0x9e,0x1a,0xa2,
0x19,0x18,0x17,0x1a,0xb,0x18,0xad,0x5c,
0x2,0x0,0x0,0x14,0x0,0x0,0x0,0x2,
0x0,0x0,0x0,0x17,0x0,0x0,0x0,0x18,
0x13,0xad,0x5d,0x2,0x0,0x0,0xf,0x0,
0x0,0x0,0x2,0x0,0x0,0x0,0x12,0x0,
0x0,0x0,0x43,0x5e,0x2,0x0,0x0,0xe,
0x0,0x0,0x0,0x2f,0x5f,0x2,0x0,0x0,
0x18,0xe,0x2f,0x60,0x2,0x0,0x0,0x18,
0xf,0x14,0x1e,0x12,0x2f,0x61,0x2,0x0,
0x0,0x18,0x14,0x1a,0x9,0x19,0x2f,0x62,
0x2,0x0,0x0,0x3d,0x63,0x2,0x0,0x0,
0x18,0x1a,0x10,0x2,0x9e,0x1a,0xa2,0x19,
0x18,0x17,0x1a,0xc,0x18,0xad,0x64,0x2,
0x0,0x0,0x14,0x0,0x0,0x0,0x2,0x0,
0x0,0x0,0x17,0x0,0x0,0x0,0x18,0x13,
0xad,0x65,0x2,0x0,0x0,0xf,0x0,0x0,
0x0,0x2,0x0,0x0,0x0,0x12,0x0,0x0,
0x0,0x43,0x66,0x2,0x0,0x0,0xe,0x0,
0x0,0x0,0xb5,0x67,0x2,0x0,0x0,0x0,
0x0,0x0,0x0,0x0,0x0,0x0,0x0,0xb5,
0x68,0x2,0x0,0x0,0x0,0x0,0x0,0x0,
0x0,0x0,0x0,0x0,0x16,0x7,0x2,0x0,
0x0,0x0,0x0,0x0,0x0,0x0,0x0,0x0,
0x50,0x0,0x0,0x0,0x14,0x0,0x0,0x0,
0x0,0x0,0x0,0x0,0x0,0x0,0x0,0x0,
0x38,0x0,0x0,0x0,0x0,0x0,0x0,0x0,
0x38,0x0,0x0,0x0,0x0,0x0,0x2,0x0,
0xff,0xff,0xff,0xff,0xa,0x0,0x0,0x0,
0xd4,0x5,0xe0,0x1,0x0,0x0,0x0,0x0,
0x0,0x0,0x7,0x0,0x0,0x0,0x0,0x0,
0x0,0x0,0x0,0x0,0xd5,0x5,0x0,0x0,
0x2,0x0,0x0,0x0,0x12,0x0,0x0,0x0,
0xd6,0x5,0x0,0x0,0x2,0x0,0x0,0x0,
0x22,0x1,0x2,0x18,0x9,0xb5,0x6c,0x2,
0x0,0x0,0x1,0x0,0x0,0x0,0x9,0x0,
0x0,0x0,0xe,0x2,0x0,0x0,0x0,0x0,
0x6c,0x0,0x0,0x0,0x18,0x0,0x0,0x0,
0xb7,0x1,0x0,0x0,0x0,0x0,0x0,0x0,
0x38,0x0,0x0,0x0,0x0,0x0,0x0,0x0,
0x38,0x0,0x0,0x0,0x1,0x0,0x4,0x0,
0xff,0xff,0xff,0xff,0xa,0x0,0x0,0x0,
0xdb,0x5,0x50,0x0,0x0,0x0,0x0,0x0,
0x0,0x0,0x7,0x0,0x0,0x0,0x0,0x0,
0x38,0x2,0x0,0x0,0x0,0x0,0x0,0x0,
0xdb,0x5,0x0,0x0,0x0,0x0,0x0,0x0,
0x1,0x0,0x0,0x0,0xdc,0x5,0x0,0x0,
0x1,0x0,0x0,0x0,0x4,0x0,0x0,0x0,
0xdd,0x5,0x0,0x0,0x3,0x0,0x0,0x0,
0x15,0x0,0x0,0x0,0xe7,0x5,0x0,0x0,
0x3,0x0,0x0,0x0,0xca,0xa,0x20,0x0,
0x28,0x52,0x18,0x9,0xb5,0x74,0x2,0x0,
0x0,0x1,0x0,0x0,0x0,0x9,0x0,0x0,
0x0,0xd4,0xe,0x2,0x0,0x0,0x0,0x0,
0x94,0x0,0x0,0x0,0x4d,0x0,0x0,0x0,
0x0,0x0,0x0,0x0,0x1,0x0,0x1,0x0,
0x38,0x0,0x0,0x0,0x0,0x0,0x0,0x0,
0x40,0x0,0x0,0x0,0x0,0x0,0x7,0x0,
0xff,0xff,0xff,0xff,0xc,0x0,0x0,0x0,
0xdd,0x5,0x90,0x1,0x0,0x0,0x0,0x0,
0x0,0x0,0x9,0x0,0x0,0x0,0x0,0x0,
0xae,0x1,0x0,0x0,0x0,0x0,0x0,0x0,
0x0,0x0,0x0,0x0,0xde,0x5,0x0,0x0,
0x1,0x0,0x0,0x0,0x16,0x0,0x0,0x0,
0xdf,0x5,0x0,0x0,0x2,0x0,0x0,0x0,
0x18,0x0,0x0,0x0,0xe1,0x5,0x0,0x0,
0x3,0x0,0x0,0x0,0x30,0x0,0x0,0x0,
0xe2,0x5,0x0,0x0,0x4,0x0,0x0,0x0,
0x44,0x0,0x0,0x0,0xe3,0x5,0x0,0x0,
0x6,0x0,0x0,0x0,0x48,0x0,0x0,0x0,
0xe5,0x5,0x0,0x0,0x8,0x0,0x0,0x0,
0x4b,0x0,0x0,0x0,0xe6,0x5,0x0,0x0,
0x8,0x0,0x0,0x0,0x1e,0x0,0x4e,0x12,
0x16,0x6,0x3d,0x6f,0x2,0x0,0x0,0x18,
0x9,0x2f,0x70,0x2,0x0,0x0,0x6e,0x9,
0x50,0x2,0xe,0x2,0x16,0x6,0x3d,0x71,
0x2,0x0,0x0,0x18,0xb,0xb5,0x72,0x2,
0x0,0x0,0x1,0x0,0x0,0x0,0xb,0x0,
0x0,0x0,0x18,0x8,0xb5,0x73,0x2,0x0,
0x0,0x1,0x0,0x0,0x0,0x8,0x0,0x0,
0x0,0x50,0x9,0x6,0x64,0x8,0x50,0x4,
0x16,0x8,0x30,0x4c,0x8,0x20,0x0,0xe,
0x2,0x0,0x0,0x0,0x0,0x0,0x0,0x0,
0x4c,0x1,0x0,0x0,0xed,0x0,0x0,0x0,
0xb8,0x1,0x0,0x0,0x0,0x0,0x0,0x0,
0x38,0x0,0x0,0x0,0x0,0x0,0x0,0x0,
0x38,0x0,0x0,0x0,0x0,0x0,0x17,0x0,
0xff,0xff,0xff,0xff,0xb,0x0,0x0,0x0,
0xe9,0x5,0x50,0x0,0x0,0x0,0x0,0x0,
0x0,0x0,0x8,0x0,0x0,0x0,0x0,0x0,
0x0,0x0,0x0,0x0,0xea,0x5,0x0,0x0,
0x1,0x0,0x0,0x0,0x10,0x0,0x0,0x0,
0xeb,0x5,0x0,0x0,0x4,0x0,0x0,0x0,
0x1d,0x0,0x0,0x0,0xec,0x5,0x0,0x0,
0x5,0x0,0x0,0x0,0x1f,0x0,0x0,0x0,
0xef,0x5,0x0,0x0,0x6,0x0,0x0,0x0,
0x2e,0x0,0x0,0x0,0xf0,0x5,0x0,0x0,
0x7,0x0,0x0,0x0,0x33,0x0,0x0,0x0,
0xf1,0x5,0x0,0x0,0xa,0x0,0x0,0x0,
0x40,0x0,0x0,0x0,0xf2,0x5,0x0,0x0,
0xb,0x0,0x0,0x0,0x42,0x0,0x0,0x0,
0xf5,0x5,0x0,0x0,0xc,0x0,0x0,0x0,
0x52,0x0,0x0,0x0,0xf6,0x5,0x0,0x0,
0xf,0x0,0x0,0x0,0x5f,0x0,0x0,0x0,
0xf7,0x5,0x0,0x0,0x10,0x0,0x0,0x0,
0x61,0x0,0x0,0x0,0xfa,0x5,0x0,0x0,
0x11,0x0,0x0,0x0,0x76,0x0,0x0,0x0,
0xfb,0x5,0x0,0x0,0x14,0x0,0x0,0x0,
0x83,0x0,0x0,0x0,0xfc,0x5,0x0,0x0,
0x15,0x0,0x0,0x0,0x85,0x0,0x0,0x0,
0xff,0x5,0x0,0x0,0x16,0x0,0x0,0x0,
0x95,0x0,0x0,0x0,0x0,0x6,0x0,0x0,
0x19,0x0,0x0,0x0,0xa2,0x0,0x0,0x0,
0x1,0x6,0x0,0x0,0x1a,0x0,0x0,0x0,
0xa4,0x0,0x0,0x0,0x4,0x6,0x0,0x0,
0x1b,0x0,0x0,0x0,0xb9,0x0,0x0,0x0,
0x5,0x6,0x0,0x0,0x1d,0x0,0x0,0x0,
0xbd,0x0,0x0,0x0,0x7,0x6,0x0,0x0,
0x1e,0x0,0x0,0x0,0xcd,0x0,0x0,0x0,
0x9,0x6,0x0,0x0,0x21,0x0,0x0,0x0,
0xd0,0x0,0x0,0x0,0xa,0x6,0x0,0x0,
0x23,0x0,0x0,0x0,0xdd,0x0,0x0,0x0,
0xd,0x6,0x0,0x0,0x25,0x0,0x0,0x0,
0xea,0x0,0x0,0x0,0xe,0x6,0x0,0x0,
0x25,0x0,0x0,0x0,0xb5,0x75,0x2,0x0,
0x0,0x0,0x0,0x0,0x0,0x0,0x0,0x0,
0x0,0x74,0x50,0xf,0xb5,0x76,0x2,0x0,
0x0,0x0,0x0,0x0,0x0,0x0,0x0,0x0,
0x0,0xe,0x2,0xb5,0x77,0x2,0x0,0x0,
0x0,0x0,0x0,0x0,0x0,0x0,0x0,0x0,
0x18,0x7,0x6,0x68,0x7,0x50,0xf,0xb5,
0x78,0x2,0x0,0x0,0x0,0x0,0x0,0x0,
0x0,0x0,0x0,0x0,0xe,0x2,0x2f,0x79,
0x2,0x0,0x0,0x50,0x18,0x2f,0x7a,0x2,
0x0,0x0,0x6e,0x7,0x50,0xf,0xb5,0x7b,
0x2,0x0,0x0,0x0,0x0,0x0,0x0,0x0,
0x0,0x0,0x0,0xe,0x2,0x2f,0x7c,0x2,
0x0,0x0,0x18,0x8,0x6,0x66,0x8,0x50,
0x18,0x2f,0x7d,0x2,0x0,0x0,0x6e,0x7,
0x50,0xf,0xb5,0x7e,0x2,0x0,0x0,0x0,
0x0,0x0,0x0,0x0,0x0,0x0,0x0,0xe,
0x2,0x2f,0x7f,0x2,0x0,0x0,0x50,0x18,
0x2f,0x80,0x2,0x0,0x0,0x6c,0x7,0x50,
0xf,0xb5,0x81,0x2,0x0,0x0,0x0,0x0,
0x0,0x0,0x0,0x0,0x0,0x0,0xe,0x2,
0x2f,0x82,0x2,0x0,0x0,0x18,0x8,0x6,
0x66,0x8,0x50,0xd,0x2f,0x83,0x2,0x0,
0x0,0x6c,0x7,0x50,0x4,0x10,0xff,0x30,
0x27,0x2f,0x84,0x2,0x0,0x0,0x6e,0x7,
0x50,0x17,0x2f,0x85,0x2,0x0,0x0,0x50,
0x10,0x8,0x30,0x26,0xb5,0x86,0x2,0x0,
0x0,0x1,0x0,0x0,0x0,0x7,0x0,0x0,
0x0,0xb5,0x87,0x2,0x0,0x0,0x0,0x0,
0x0,0x0,0x0,0x0,0x0,0x0,0x16,0x6,
0x2,0x0,0x0,0x0,0x0,0x0,0x0,0x0,
0x0,0x0,0x0,0x0,0x0,0x0,0x0,0x0,
0x0,0x0,0x0,0x0,0x0,0x0,0x0,0x0,
0x0,0x0,0x0,0x0,0x0,0x0,0x0,0x0,
0x50,0x0,0x0,0x0,0x45,0x0,0x0,0x0,
0x60,0x0,0x0,0x0,0x0,0x0,0x0,0x0,
0x38,0x0,0x0,0x0,0x0,0x0,0x0,0x0,
0x38,0x0,0x0,0x0,0x0,0x0,0x2,0x0,
0xff,0xff,0xff,0xff,0xf,0x0,0x0,0x0,
0x4c,0x0,0x90,0x0,0x0,0x0,0x0,0x0,
0x0,0x0,0x7,0x0,0x0,0x0,0x0,0x0,
0x0,0x0,0x0,0x0,0x4c,0x0,0x0,0x0,
0x0,0x0,0x0,0x0,0x1,0x0,0x0,0x0,
0x4c,0x0,0x0,0x0,0x1,0x0,0x0,0x0,
0xca,0x2f,0x88,0x2,0x0,0x0,0x18,0x7,
0x2f,0x89,0x2,0x0,0x0,0x3d,0x8a,0x2,
0x0,0x0,0x18,0xa,0x2f,0x8b,0x2,0x0,
0x0,0x18,0xc,0xad,0x8c,0x2,0x0,0x0,
0xc,0x0,0x0,0x0,0x0,0x0,0x0,0x0,
0x0,0x0,0x0,0x0,0x18,0xb,0xad,0x8d,
0x2,0x0,0x0,0x7,0x0,0x0,0x0,0x2,
0x0,0x0,0x0,0xa,0x0,0x0,0x0,0x18,
0x6,0xd4,0x16,0x6,0x2,0x0,0x0,0x0,
0x50,0x0,0x0,0x0,0x1f,0x0,0x0,0x0,
0x60,0x0,0x0,0x0,0x0,0x0,0x0,0x0,
0x38,0x0,0x0,0x0,0x0,0x0,0x0,0x0,
0x38,0x0,0x0,0x0,0x0,0x0,0x2,0x0,
0xff,0xff,0xff,0xff,0xa,0x0,0x0,0x0,
0x53,0x0,0x90,0x0,0x0,0x0,0x0,0x0,
0x0,0x0,0x7,0x0,0x0,0x0,0x0,0x0,
0x0,0x0,0x0,0x0,0x53,0x0,0x0,0x0,
0x0,0x0,0x0,0x0,0x1,0x0,0x0,0x0,
0x53,0x0,0x0,0x0,0x1,0x0,0x0,0x0,
0xca,0x2f,0x8e,0x2,0x0,0x0,0x18,0x7,
0xad,0x8f,0x2,0x0,0x0,0x7,0x0,0x0,
0x0,0x0,0x0,0x0,0x0,0x0,0x0,0x0,
0x0,0x18,0x6,0xd4,0x16,0x6,0x2,0x0,
0x50,0x0,0x0,0x0,0x1f,0x0,0x0,0x0,
0x60,0x0,0x0,0x0,0x0,0x0,0x0,0x0,
0x38,0x0,0x0,0x0,0x0,0x0,0x0,0x0,
0x38,0x0,0x0,0x0,0x0,0x0,0x2,0x0,
0xff,0xff,0xff,0xff,0xa,0x0,0x0,0x0,
0x5a,0x0,0x90,0x0,0x0,0x0,0x0,0x0,
0x0,0x0,0x7,0x0,0x0,0x0,0x0,0x0,
0x0,0x0,0x0,0x0,0x5a,0x0,0x0,0x0,
0x0,0x0,0x0,0x0,0x1,0x0,0x0,0x0,
0x5a,0x0,0x0,0x0,0x1,0x0,0x0,0x0,
0xca,0x2f,0x90,0x2,0x0,0x0,0x18,0x7,
0xad,0x91,0x2,0x0,0x0,0x7,0x0,0x0,
0x0,0x0,0x0,0x0,0x0,0x0,0x0,0x0,
0x0,0x18,0x6,0xd4,0x16,0x6,0x2,0x0,
0x50,0x0,0x0,0x0,0x1f,0x0,0x0,0x0,
0x60,0x0,0x0,0x0,0x0,0x0,0x0,0x0,
0x38,0x0,0x0,0x0,0x0,0x0,0x0,0x0,
0x38,0x0,0x0,0x0,0x0,0x0,0x2,0x0,
0xff,0xff,0xff,0xff,0xa,0x0,0x0,0x0,
0x61,0x0,0x90,0x0,0x0,0x0,0x0,0x0,
0x0,0x0,0x7,0x0,0x0,0x0,0x0,0x0,
0x0,0x0,0x0,0x0,0x61,0x0,0x0,0x0,
0x0,0x0,0x0,0x0,0x1,0x0,0x0,0x0,
0x61,0x0,0x0,0x0,0x1,0x0,0x0,0x0,
0xca,0x2f,0x92,0x2,0x0,0x0,0x18,0x7,
0xad,0x93,0x2,0x0,0x0,0x7,0x0,0x0,
0x0,0x0,0x0,0x0,0x0,0x0,0x0,0x0,
0x0,0x18,0x6,0xd4,0x16,0x6,0x2,0x0,
0x74,0x0,0x0,0x0,0x2e,0x0,0x0,0x0,
0x78,0x0,0x0,0x0,0x0,0x0,0x0,0x0,
0x38,0x0,0x0,0x0,0x0,0x0,0x0,0x0,
0x38,0x0,0x0,0x0,0x0,0x0,0x5,0x0,
0xff,0xff,0xff,0xff,0x9,0x0,0x0,0x0,
0x91,0x0,0x50,0x0,0x0,0x0,0x0,0x0,
0x0,0x0,0x7,0x0,0x0,0x0,0x0,0x0,
0x0,0x0,0x0,0x0,0x91,0x0,0x0,0x0,
0x0,0x0,0x0,0x0,0x1,0x0,0x0,0x0,
0x92,0x0,0x0,0x0,0x3,0x0,0x0,0x0,
0xe,0x0,0x0,0x0,0x93,0x0,0x0,0x0,
0x5,0x0,0x0,0x0,0x1b,0x0,0x0,0x0,
0x94,0x0,0x0,0x0,0x6,0x0,0x0,0x0,
0x2a,0x0,0x0,0x0,0x95,0x0,0x0,0x0,
0x6,0x0,0x0,0x0,0xca,0xb5,0x94,0x2,
0x0,0x0,0x0,0x0,0x0,0x0,0x0,0x0,
0x0,0x0,0xb5,0x95,0x2,0x0,0x0,0x0,
0x0,0x0,0x0,0x0,0x0,0x0,0x0,0xb5,
0x96,0x2,0x0,0x0,0x0,0x0,0x0,0x0,
0x0,0x0,0x0,0x0,0x18,0x6,0xd4,0x16,
0x6,0x2,0x0,0x0,0x0,0x0,0x0,0x0,
0x44,0x0,0x0,0x0,0xd,0x0,0x0,0x0,
0x7c,0x0,0x0,0x0,0x0,0x0,0x0,0x0,
0x38,0x0,0x0,0x0,0x0,0x0,0x0,0x0,
0x38,0x0,0x0,0x0,0x0,0x0,0x1,0x0,
0xff,0xff,0xff,0xff,0x7,0x0,0x0,0x0,
0x99,0x0,0x90,0x0,0x0,0x0,0x0,0x0,
0x0,0x0,0x7,0x0,0x0,0x0,0x0,0x0,
0x0,0x0,0x0,0x0,0x99,0x0,0x0,0x0,
0x1,0x0,0x0,0x0,0x2f,0x97,0x2,0x0,
0x0,0x3d,0x98,0x2,0x0,0x0,0x18,0x6,
0x2,0x0,0x0,0x0,0x0,0x0,0x0,0x0,
0x44,0x0,0x0,0x0,0x2e,0x0,0x0,0x0,
0x82,0x0,0x0,0x0,0x0,0x0,0x0,0x0,
0x38,0x0,0x0,0x0,0x0,0x0,0x0,0x0,
0x38,0x0,0x0,0x0,0x0,0x0,0x1,0x0,
0xff,0xff,0xff,0xff,0x7,0x0,0x0,0x0,
0x9e,0x0,0x90,0x0,0x0,0x0,0x0,0x0,
0x0,0x0,0x7,0x0,0x0,0x0,0x0,0x0,
0x0,0x0,0x0,0x0,0x9e,0x0,0x0,0x0,
0x1,0x0,0x0,0x0,0x2f,0x99,0x2,0x0,
0x0,0x3d,0x9a,0x2,0x0,0x0,0x50,0x7,
0x13,0xe5,0x1,0x0,0x0,0x4c,0x18,0x2f,
0x9b,0x2,0x0,0x0,0x3d,0x9c,0x2,0x0,
0x0,0x50,0x7,0x13,0xe8,0x1,0x0,0x0,
0x4c,0x5,0x13,0xe9,0x1,0x0,0x0,0x18,
0x6,0x2,0x0,0x0,0x0,0x0,0x0,0x0,
0x44,0x0,0x0,0x0,0x8,0x0,0x0,0x0,
0x80,0x0,0x0,0x0,0x0,0x0,0x0,0x0,
0x38,0x0,0x0,0x0,0x0,0x0,0x0,0x0,
0x38,0x0,0x0,0x0,0x0,0x0,0x1,0x0,
0xff,0xff,0xff,0xff,0x7,0x0,0x0,0x0,
0x9d,0x0,0x90,0x0,0x0,0x0,0x0,0x0,
0x0,0x0,0x7,0x0,0x0,0x0,0x0,0x0,
0x0,0x0,0x0,0x0,0x9d,0x0,0x0,0x0,
0x1,0x0,0x0,0x0,0x2f,0x9d,0x2,0x0,
0x0,0x18,0x6,0x2,0x0,0x0,0x0,0x0,
0x44,0x0,0x0,0x0,0x17,0x0,0x0,0x0,
0x8b,0x0,0x0,0x0,0x0,0x0,0x0,0x0,
0x38,0x0,0x0,0x0,0x0,0x0,0x0,0x0,
0x38,0x0,0x0,0x0,0x0,0x0,0x1,0x0,
0xff,0xff,0xff,0xff,0x7,0x0,0x0,0x0,
0xa8,0x0,0x90,0x0,0x0,0x0,0x0,0x0,
0x0,0x0,0x7,0x0,0x0,0x0,0x0,0x0,
0x0,0x0,0x0,0x0,0xa8,0x0,0x0,0x0,
0x1,0x0,0x0,0x0,0x2f,0x9e,0x2,0x0,
0x0,0x3d,0x9f,0x2,0x0,0x0,0x50,0x7,
0x11,0xe8,0x0,0x0,0x0,0x4c,0x1,0x6,
0x18,0x6,0x2,0x0,0x0,0x0,0x0,0x0,
0x44,0x0,0x0,0x0,0xd,0x0,0x0,0x0,
0x8d,0x0,0x0,0x0,0x0,0x0,0x0,0x0,
0x38,0x0,0x0,0x0,0x0,0x0,0x0,0x0,
0x38,0x0,0x0,0x0,0x0,0x0,0x1,0x0,
0xff,0xff,0xff,0xff,0x7,0x0,0x0,0x0,
0xa9,0x0,0x90,0x0,0x0,0x0,0x0,0x0,
0x0,0x0,0x7,0x0,0x0,0x0,0x0,0x0,
0x0,0x0,0x0,0x0,0xa9,0x0,0x0,0x0,
0x1,0x0,0x0,0x0,0x2f,0xa0,0x2,0x0,
0x0,0x3d,0xa1,0x2,0x0,0x0,0x18,0x6,
0x2,0x0,0x0,0x0,0x0,0x0,0x0,0x0,
0x44,0x0,0x0,0x0,0xd,0x0,0x0,0x0,
0x82,0x0,0x0,0x0,0x0,0x0,0x0,0x0,
0x38,0x0,0x0,0x0,0x0,0x0,0x0,0x0,
0x38,0x0,0x0,0x0,0x0,0x0,0x1,0x0,
0xff,0xff,0xff,0xff,0x7,0x0,0x0,0x0,
0xab,0x0,0x90,0x0,0x0,0x0,0x0,0x0,
0x0,0x0,0x7,0x0,0x0,0x0,0x0,0x0,
0x0,0x0,0x0,0x0,0xab,0x0,0x0,0x0,
0x1,0x0,0x0,0x0,0x2f,0xa2,0x2,0x0,
0x0,0x3d,0xa3,0x2,0x0,0x0,0x18,0x6,
0x2,0x0,0x0,0x0,0x0,0x0,0x0,0x0,
0x44,0x0,0x0,0x0,0xd,0x0,0x0,0x0,
0x85,0x0,0x0,0x0,0x0,0x0,0x0,0x0,
0x38,0x0,0x0,0x0,0x0,0x0,0x0,0x0,
0x38,0x0,0x0,0x0,0x0,0x0,0x1,0x0,
0xff,0xff,0xff,0xff,0x7,0x0,0x0,0x0,
0xa4,0x0,0xd0,0x0,0x0,0x0,0x0,0x0,
0x0,0x0,0x7,0x0,0x0,0x0,0x0,0x0,
0x0,0x0,0x0,0x0,0xa4,0x0,0x0,0x0,
0x1,0x0,0x0,0x0,0x2f,0xa4,0x2,0x0,
0x0,0x3d,0xa5,0x2,0x0,0x0,0x18,0x6,
0x2,0x0,0x0,0x0,0x0,0x0,0x0,0x0,
0x44,0x0,0x0,0x0,0xd,0x0,0x0,0x0,
0x87,0x0,0x0,0x0,0x0,0x0,0x0,0x0,
0x38,0x0,0x0,0x0,0x0,0x0,0x0,0x0,
0x38,0x0,0x0,0x0,0x0,0x0,0x1,0x0,
0xff,0xff,0xff,0xff,0x7,0x0,0x0,0x0,
0xa5,0x0,0xd0,0x0,0x0,0x0,0x0,0x0,
0x0,0x0,0x7,0x0,0x0,0x0,0x0,0x0,
0x0,0x0,0x0,0x0,0xa5,0x0,0x0,0x0,
0x1,0x0,0x0,0x0,0x2f,0xa6,0x2,0x0,
0x0,0x3d,0xa7,0x2,0x0,0x0,0x18,0x6,
0x2,0x0,0x0,0x0,0x0,0x0,0x0,0x0,
0x44,0x0,0x0,0x0,0xd,0x0,0x0,0x0,
0x89,0x0,0x0,0x0,0x0,0x0,0x0,0x0,
0x38,0x0,0x0,0x0,0x0,0x0,0x0,0x0,
0x38,0x0,0x0,0x0,0x0,0x0,0x1,0x0,
0xff,0xff,0xff,0xff,0x7,0x0,0x0,0x0,
0xa6,0x0,0xd0,0x0,0x0,0x0,0x0,0x0,
0x0,0x0,0x7,0x0,0x0,0x0,0x0,0x0,
0x0,0x0,0x0,0x0,0xa6,0x0,0x0,0x0,
0x1,0x0,0x0,0x0,0x2f,0xa8,0x2,0x0,
0x0,0x3d,0xa9,0x2,0x0,0x0,0x18,0x6,
0x2,0x0,0x0,0x0,0x0,0x0,0x0,0x0,
0x44,0x0,0x0,0x0,0xd,0x0,0x0,0x0,
0x82,0x0,0x0,0x0,0x0,0x0,0x0,0x0,
0x38,0x0,0x0,0x0,0x0,0x0,0x0,0x0,
0x38,0x0,0x0,0x0,0x0,0x0,0x1,0x0,
0xff,0xff,0xff,0xff,0x7,0x0,0x0,0x0,
0xac,0x0,0x90,0x0,0x0,0x0,0x0,0x0,
0x0,0x0,0x7,0x0,0x0,0x0,0x0,0x0,
0x0,0x0,0x0,0x0,0xac,0x0,0x0,0x0,
0x1,0x0,0x0,0x0,0x2f,0xaa,0x2,0x0,
0x0,0x3d,0xab,0x2,0x0,0x0,0x18,0x6,
0x2,0x0,0x0,0x0,0x0,0x0,0x0,0x0,
0x44,0x0,0x0,0x0,0x8,0x0,0x0,0x0,
0x80,0x0,0x0,0x0,0x0,0x0,0x0,0x0,
0x38,0x0,0x0,0x0,0x0,0x0,0x0,0x0,
0x38,0x0,0x0,0x0,0x0,0x0,0x1,0x0,
0xff,0xff,0xff,0xff,0x7,0x0,0x0,0x0,
0xaf,0x0,0xd0,0x0,0x0,0x0,0x0,0x0,
0x0,0x0,0x7,0x0,0x0,0x0,0x0,0x0,
0x0,0x0,0x0,0x0,0xaf,0x0,0x0,0x0,
0x1,0x0,0x0,0x0,0x2f,0xac,0x2,0x0,
0x0,0x18,0x6,0x2,0x0,0x0,0x0,0x0,
0x44,0x0,0x0,0x0,0xd,0x0,0x0,0x0,
0x8b,0x0,0x0,0x0,0x0,0x0,0x0,0x0,
0x38,0x0,0x0,0x0,0x0,0x0,0x0,0x0,
0x38,0x0,0x0,0x0,0x0,0x0,0x1,0x0,
0xff,0xff,0xff,0xff,0x7,0x0,0x0,0x0,
0xb3,0x0,0x10,0x1,0x0,0x0,0x0,0x0,
0x0,0x0,0x7,0x0,0x0,0x0,0x0,0x0,
0x0,0x0,0x0,0x0,0xb3,0x0,0x0,0x0,
0x1,0x0,0x0,0x0,0x2f,0xad,0x2,0x0,
0x0,0x3d,0xae,0x2,0x0,0x0,0x18,0x6,
0x2,0x0,0x0,0x0,0x0,0x0,0x0,0x0,
0x44,0x0,0x0,0x0,0xd,0x0,0x0,0x0,
0x82,0x0,0x0,0x0,0x0,0x0,0x0,0x0,
0x38,0x0,0x0,0x0,0x0,0x0,0x0,0x0,
0x38,0x0,0x0,0x0,0x0,0x0,0x1,0x0,
0xff,0xff,0xff,0xff,0x7,0x0,0x0,0x0,
0xb5,0x0,0x10,0x1,0x0,0x0,0x0,0x0,
0x0,0x0,0x7,0x0,0x0,0x0,0x0,0x0,
0x0,0x0,0x0,0x0,0xb5,0x0,0x0,0x0,
0x1,0x0,0x0,0x0,0x2f,0xaf,0x2,0x0,
0x0,0x3d,0xb0,0x2,0x0,0x0,0x18,0x6,
0x2,0x0,0x0,0x0,0x0,0x0,0x0,0x0,
0x44,0x0,0x0,0x0,0xd,0x0,0x0,0x0,
0x82,0x0,0x0,0x0,0x0,0x0,0x0,0x0,
0x38,0x0,0x0,0x0,0x0,0x0,0x0,0x0,
0x38,0x0,0x0,0x0,0x0,0x0,0x1,0x0,
0xff,0xff,0xff,0xff,0x7,0x0,0x0,0x0,
0xb6,0x0,0x10,0x1,0x0,0x0,0x0,0x0,
0x0,0x0,0x7,0x0,0x0,0x0,0x0,0x0,
0x0,0x0,0x0,0x0,0xb6,0x0,0x0,0x0,
0x1,0x0,0x0,0x0,0x2f,0xb1,0x2,0x0,
0x0,0x3d,0xb2,0x2,0x0,0x0,0x18,0x6,
0x2,0x0,0x0,0x0,0x0,0x0,0x0,0x0,
0x44,0x0,0x0,0x0,0x30,0x0,0x0,0x0,
0x8b,0x0,0x0,0x0,0x0,0x0,0x0,0x0,
0x38,0x0,0x0,0x0,0x0,0x0,0x0,0x0,
0x38,0x0,0x0,0x0,0x0,0x0,0x1,0x0,
0xff,0xff,0xff,0xff,0xd,0x0,0x0,0x0,
0xba,0x0,0x50,0x1,0x0,0x0,0x0,0x0,
0x0,0x0,0x7,0x0,0x0,0x0,0x0,0x0,
0x0,0x0,0x0,0x0,0xba,0x0,0x0,0x0,
0x1,0x0,0x0,0x0,0x2f,0xb3,0x2,0x0,
0x0,0x18,0x7,0x14,0x25,0xa,0x2f,0xb4,
0x2,0x0,0x0,0x3d,0xb5,0x2,0x0,0x0,
0x18,0xc,0x10,0xc,0xa2,0xc,0x18,0xb,
0xad,0xb6,0x2,0x0,0x0,0x7,0x0,0x0,
0x0,0x2,0x0,0x0,0x0,0xa,0x0,0x0,
0x0,0x18,0x6,0x2,0x0,0x0,0x0,0x0,
0x44,0x0,0x0,0x0,0xd,0x0,0x0,0x0,
0x96,0x0,0x0,0x0,0x0,0x0,0x0,0x0,
0x38,0x0,0x0,0x0,0x0,0x0,0x0,0x0,
0x38,0x0,0x0,0x0,0x0,0x0,0x1,0x0,
0xff,0xff,0xff,0xff,0x7,0x0,0x0,0x0,
0xbc,0x0,0x50,0x1,0x0,0x0,0x0,0x0,
0x0,0x0,0x7,0x0,0x0,0x0,0x0,0x0,
0x0,0x0,0x0,0x0,0xbc,0x0,0x0,0x0,
0x1,0x0,0x0,0x0,0x2f,0xb7,0x2,0x0,
0x0,0x3d,0xb8,0x2,0x0,0x0,0x18,0x6,
0x2,0x0,0x0,0x0,0x0,0x0,0x0,0x0,
0x44,0x0,0x0,0x0,0xd,0x0,0x0,0x0,
0x82,0x0,0x0,0x0,0x0,0x0,0x0,0x0,
0x38,0x0,0x0,0x0,0x0,0x0,0x0,0x0,
0x38,0x0,0x0,0x0,0x0,0x0,0x1,0x0,
0xff,0xff,0xff,0xff,0x7,0x0,0x0,0x0,
0xbd,0x0,0x50,0x1,0x0,0x0,0x0,0x0,
0x0,0x0,0x7,0x0,0x0,0x0,0x0,0x0,
0x0,0x0,0x0,0x0,0xbd,0x0,0x0,0x0,
0x1,0x0,0x0,0x0,0x2f,0xb9,0x2,0x0,
0x0,0x3d,0xba,0x2,0x0,0x0,0x18,0x6,
0x2,0x0,0x0,0x0,0x0,0x0,0x0,0x0,
0x44,0x0,0x0,0x0,0x8,0x0,0x0,0x0,
0x94,0x0,0x0,0x0,0x0,0x0,0x0,0x0,
0x38,0x0,0x0,0x0,0x0,0x0,0x0,0x0,
0x38,0x0,0x0,0x0,0x0,0x0,0x1,0x0,
0xff,0xff,0xff,0xff,0x7,0x0,0x0,0x0,
0xb9,0x0,0x50,0x1,0x0,0x0,0x0,0x0,
0x0,0x0,0x7,0x0,0x0,0x0,0x0,0x0,
0x0,0x0,0x0,0x0,0xb9,0x0,0x0,0x0,
0x1,0x0,0x0,0x0,0x2f,0xbb,0x2,0x0,
0x0,0x18,0x6,0x2,0x0,0x0,0x0,0x0,
0x44,0x0,0x0,0x0,0xd,0x0,0x0,0x0,
0x82,0x0,0x0,0x0,0x0,0x0,0x0,0x0,
0x38,0x0,0x0,0x0,0x0,0x0,0x0,0x0,
0x38,0x0,0x0,0x0,0x0,0x0,0x1,0x0,
0xff,0xff,0xff,0xff,0x7,0x0,0x0,0x0,
0xbe,0x0,0x50,0x1,0x0,0x0,0x0,0x0,
0x0,0x0,0x7,0x0,0x0,0x0,0x0,0x0,
0x0,0x0,0x0,0x0,0xbe,0x0,0x0,0x0,
0x1,0x0,0x0,0x0,0x2f,0xbc,0x2,0x0,
0x0,0x3d,0xbd,0x2,0x0,0x0,0x18,0x6,
0x2,0x0,0x0,0x0,0x0,0x0,0x0,0x0,
0x44,0x0,0x0,0x0,0x15,0x0,0x0,0x0,
0x9a,0x0,0x0,0x0,0x0,0x0,0x0,0x0,
0x38,0x0,0x0,0x0,0x0,0x0,0x0,0x0,
0x38,0x0,0x0,0x0,0x0,0x0,0x1,0x0,
0xff,0xff,0xff,0xff,0x7,0x0,0x0,0x0,
0xc4,0x0,0x90,0x1,0x0,0x0,0x0,0x0,
0x0,0x0,0x7,0x0,0x0,0x0,0x0,0x0,
0x0,0x0,0x0,0x0,0xc4,0x0,0x0,0x0,
0x1,0x0,0x0,0x0,0x2f,0xbe,0x2,0x0,
0x0,0x3d,0xbf,0x2,0x0,0x0,0x50,0x4,
0x10,0x3,0x4c,0x2,0x10,0x2,0x18,0x6,
0x2,0x0,0x0,0x0,0x0,0x0,0x0,0x0,
0x44,0x0,0x0,0x0,0x3e,0x0,0x0,0x0,
0x9c,0x0,0x0,0x0,0x0,0x0,0x0,0x0,
0x38,0x0,0x0,0x0,0x0,0x0,0x0,0x0,
0x38,0x0,0x0,0x0,0x0,0x0,0x1,0x0,
0xff,0xff,0xff,0xff,0xe,0x0,0x0,0x0,
0xc5,0x0,0x90,0x1,0x0,0x0,0x0,0x0,
0x0,0x0,0x7,0x0,0x0,0x0,0x0,0x0,
0x0,0x0,0x0,0x0,0xc5,0x0,0x0,0x0,
0x1,0x0,0x0,0x0,0x2f,0xc0,0x2,0x0,
0x0,0x18,0x7,0x2f,0xc1,0x2,0x0,0x0,
0x18,0xb,0x2f,0xc2,0x2,0x0,0x0,0x18,
0xc,0x2f,0xc3,0x2,0x0,0x0,0x7e,0x9c,
0xc,0xa2,0xb,0x18,0xd,0x2f,0xc4,0x2,
0x0,0x0,0x9e,0xd,0x18,0xa,0xad,0xc5,
0x2,0x0,0x0,0x7,0x0,0x0,0x0,0x1,
0x0,0x0,0x0,0xa,0x0,0x0,0x0,0x18,
0x6,0x2,0x0,0x0,0x0,0x0,0x0,0x0,
0x44,0x0,0x0,0x0,0x8,0x0,0x0,0x0,
0x80,0x0,0x0,0x0,0x0,0x0,0x0,0x0,
0x38,0x0,0x0,0x0,0x0,0x0,0x0,0x0,
0x38,0x0,0x0,0x0,0x0,0x0,0x1,0x0,
0xff,0xff,0xff,0xff,0x7,0x0,0x0,0x0,
0xc1,0x0,0x90,0x1,0x0,0x0,0x0,0x0,
0x0,0x0,0x7,0x0,0x0,0x0,0x0,0x0,
0x0,0x0,0x0,0x0,0xc1,0x0,0x0,0x0,
0x1,0x0,0x0,0x0,0x2f,0xc6,0x2,0x0,
0x0,0x18,0x6,0x2,0x0,0x0,0x0,0x0,
0x44,0x0,0x0,0x0,0xd,0x0,0x0,0x0,
0x8b,0x0,0x0,0x0,0x0,0x0,0x0,0x0,
0x38,0x0,0x0,0x0,0x0,0x0,0x0,0x0,
0x38,0x0,0x0,0x0,0x0,0x0,0x1,0x0,
0xff,0xff,0xff,0xff,0x7,0x0,0x0,0x0,
0xc9,0x0,0xd0,0x1,0x0,0x0,0x0,0x0,
0x0,0x0,0x7,0x0,0x0,0x0,0x0,0x0,
0x0,0x0,0x0,0x0,0xc9,0x0,0x0,0x0,
0x1,0x0,0x0,0x0,0x2f,0xc7,0x2,0x0,
0x0,0x3d,0xc8,0x2,0x0,0x0,0x18,0x6,
0x2,0x0,0x0,0x0,0x0,0x0,0x0,0x0,
0x44,0x0,0x0,0x0,0xd,0x0,0x0,0x0,
0x9e,0x0,0x0,0x0,0x0,0x0,0x0,0x0,
0x38,0x0,0x0,0x0,0x0,0x0,0x0,0x0,
0x38,0x0,0x0,0x0,0x0,0x0,0x1,0x0,
0xff,0xff,0xff,0xff,0x7,0x0,0x0,0x0,
0xca,0x0,0xd0,0x1,0x0,0x0,0x0,0x0,
0x0,0x0,0x7,0x0,0x0,0x0,0x0,0x0,
0x0,0x0,0x0,0x0,0xca,0x0,0x0,0x0,
0x1,0x0,0x0,0x0,0x2f,0xc9,0x2,0x0,
0x0,0x3d,0xca,0x2,0x0,0x0,0x18,0x6,
0x2,0x0,0x0,0x0,0x0,0x0,0x0,0x0,
0x44,0x0,0x0,0x0,0xd,0x0,0x0,0x0,
0x96,0x0,0x0,0x0,0x0,0x0,0x0,0x0,
0x38,0x0,0x0,0x0,0x0,0x0,0x0,0x0,
0x38,0x0,0x0,0x0,0x0,0x0,0x1,0x0,
0xff,0xff,0xff,0xff,0x7,0x0,0x0,0x0,
0xcb,0x0,0xd0,0x1,0x0,0x0,0x0,0x0,
0x0,0x0,0x7,0x0,0x0,0x0,0x0,0x0,
0x0,0x0,0x0,0x0,0xcb,0x0,0x0,0x0,
0x1,0x0,0x0,0x0,0x2f,0xcb,0x2,0x0,
0x0,0x3d,0xcc,0x2,0x0,0x0,0x18,0x6,
0x2,0x0,0x0,0x0,0x0,0x0,0x0,0x0,
0x44,0x0,0x0,0x0,0x2b,0x0,0x0,0x0,
0x82,0x0,0x0,0x0,0x0,0x0,0x0,0x0,
0x38,0x0,0x0,0x0,0x0,0x0,0x0,0x0,
0x38,0x0,0x0,0x0,0x0,0x0,0x1,0x0,
0xff,0xff,0xff,0xff,0x8,0x0,0x0,0x0,
0xcc,0x0,0xd0,0x1,0x0,0x0,0x0,0x0,
0x0,0x0,0x7,0x0,0x0,0x0,0x0,0x0,
0x0,0x0,0x0,0x0,0xcc,0x0,0x0,0x0,
0x1,0x0,0x0,0x0,0x2f,0xcd,0x2,0x0,
0x0,0x3d,0xce,0x2,0x0,0x0,0x18,0x7,
0x12,0x14,0x6c,0x7,0x50,0xc,0x2f,0xcf,
0x2,0x0,0x0,0x3d,0xd0,0x2,0x0,0x0,
0x4c,0xa,0x2f,0xd1,0x2,0x0,0x0,0x3d,
0xd2,0x2,0x0,0x0,0x18,0x6,0x2,0x0,
0x0,0x0,0x0,0x0,0x0,0x0,0x0,0x0,
0x44,0x0,0x0,0x0,0x48,0x0,0x0,0x0,
0x82,0x0,0x0,0x0,0x0,0x0,0x0,0x0,
0x38,0x0,0x0,0x0,0x0,0x0,0x0,0x0,
0x38,0x0,0x0,0x0,0x0,0x0,0x1,0x0,
0xff,0xff,0xff,0xff,0xd,0x0,0x0,0x0,
0xcd,0x0,0xd0,0x1,0x0,0x0,0x0,0x0,
0x0,0x0,0x7,0x0,0x0,0x0,0x0,0x0,
0x0,0x0,0x0,0x0,0xcd,0x0,0x0,0x0,
0x1,0x0,0x0,0x0,0x2f,0xd3,0x2,0x0,
0x0,0x3d,0xd4,0x2,0x0,0x0,0x18,0x7,
0x12,0x14,0x6c,0x7,0x50,0x29,0x2f,0xd5,
0x2,0x0,0x0,0x18,0x8,0x2f,0xd6,0x2,
0x0,0x0,0x3d,0xd7,0x2,0x0,0x0,0x18,
0xb,0x14,0x26,0xc,0xad,0xd8,0x2,0x0,
0x0,0x8,0x0,0x0,0x0,0x2,0x0,0x0,
0x0,0xb,0x0,0x0,0x0,0x4c,0xa,0x2f,
0xd9,0x2,0x0,0x0,0x3d,0xda,0x2,0x0,
0x0,0x18,0x6,0x2,0x0,0x0,0x0,0x0,
0x44,0x0,0x0,0x0,0x1b,0x0,0x0,0x0,
0x8b,0x0,0x0,0x0,0x0,0x0,0x0,0x0,
0x38,0x0,0x0,0x0,0x0,0x0,0x0,0x0,
0x38,0x0,0x0,0x0,0x0,0x0,0x1,0x0,
0xff,0xff,0xff,0xff,0x8,0x0,0x0,0x0,
0xce,0x0,0xd0,0x1,0x0,0x0,0x0,0x0,
0x0,0x0,0x7,0x0,0x0,0x0,0x0,0x0,
0x0,0x0,0x0,0x0,0xce,0x0,0x0,0x0,
0x1,0x0,0x0,0x0,0x2f,0xdb,0x2,0x0,
0x0,0x3d,0xdc,0x2,0x0,0x0,0x18,0x7,
0x12,0x14,0x6c,0x7,0x50,0x4,0x10,0x2,
0x4c,0x2,0x10,0x1,0x18,0x6,0x2,0x0,
0x0,0x0,0x0,0x0,0x0,0x0,0x0,0x0,
0x44,0x0,0x0,0x0,0x2b,0x0,0x0,0x0,
0x82,0x0,0x0,0x0,0x0,0x0,0x0,0x0,
0x38,0x0,0x0,0x0,0x0,0x0,0x0,0x0,
0x38,0x0,0x0,0x0,0x0,0x0,0x1,0x0,
0xff,0xff,0xff,0xff,0x8,0x0,0x0,0x0,
0xd3,0x0,0x10,0x2,0x0,0x0,0x0,0x0,
0x0,0x0,0x7,0x0,0x0,0x0,0x0,0x0,
0x0,0x0,0x0,0x0,0xd3,0x0,0x0,0x0,
0x1,0x0,0x0,0x0,0x2f,0xdd,0x2,0x0,
0x0,0x3d,0xde,0x2,0x0,0x0,0x18,0x7,
0x12,0x14,0x6c,0x7,0x50,0xc,0x2f,0xdf,
0x2,0x0,0x0,0x3d,0xe0,0x2,0x0,0x0,
0x4c,0xa,0x2f,0xe1,0x2,0x0,0x0,0x3d,
0xe2,0x2,0x0,0x0,0x18,0x6,0x2,0x0,
0x0,0x0,0x0,0x0,0x0,0x0,0x0,0x0,
0x44,0x0,0x0,0x0,0x8,0x0,0x0,0x0,
0x94,0x0,0x0,0x0,0x0,0x0,0x0,0x0,
0x38,0x0,0x0,0x0,0x0,0x0,0x0,0x0,
0x38,0x0,0x0,0x0,0x0,0x0,0x1,0x0,
0xff,0xff,0xff,0xff,0x7,0x0,0x0,0x0,
0xd1,0x0,0x10,0x2,0x0,0x0,0x0,0x0,
0x0,0x0,0x7,0x0,0x0,0x0,0x0,0x0,
0x0,0x0,0x0,0x0,0xd1,0x0,0x0,0x0,
0x1,0x0,0x0,0x0,0x2f,0xe3,0x2,0x0,
0x0,0x18,0x6,0x2,0x0,0x0,0x0,0x0,
0x44,0x0,0x0,0x0,0x2b,0x0,0x0,0x0,
0xa5,0x0,0x0,0x0,0x0,0x0,0x0,0x0,
0x38,0x0,0x0,0x0,0x0,0x0,0x0,0x0,
0x38,0x0,0x0,0x0,0x0,0x0,0x1,0x0,
0xff,0xff,0xff,0xff,0x8,0x0,0x0,0x0,
0xd5,0x0,0x10,0x2,0x0,0x0,0x0,0x0,
0x0,0x0,0x7,0x0,0x0,0x0,0x0,0x0,
0x0,0x0,0x0,0x0,0xd5,0x0,0x0,0x0,
0x1,0x0,0x0,0x0,0x2f,0xe4,0x2,0x0,
0x0,0x3d,0xe5,0x2,0x0,0x0,0x18,0x7,
0x12,0x14,0x6c,0x7,0x50,0xc,0x2f,0xe6,
0x2,0x0,0x0,0x3d,0xe7,0x2,0x0,0x0,
0x4c,0xa,0x2f,0xe8,0x2,0x0,0x0,0x3d,
0xe9,0x2,0x0,0x0,0x18,0x6,0x2,0x0,
0x0,0x0,0x0,0x0,0x0,0x0,0x0,0x0,
0x74,0x0,0x0,0x0,0x48,0x0,0x0,0x0,
0xa8,0x0,0x0,0x0,0x0,0x0,0x0,0x0,
0x38,0x0,0x0,0x0,0x0,0x0,0x0,0x0,
0x38,0x0,0x0,0x0,0x0,0x0,0x5,0x0,
0xff,0xff,0xff,0xff,0xb,0x0,0x0,0x0,
0xda,0x0,0x10,0x2,0x0,0x0,0x0,0x0,
0x0,0x0,0x7,0x0,0x0,0x0,0x0,0x0,
0x0,0x0,0x0,0x0,0xda,0x0,0x0,0x0,
0x0,0x0,0x0,0x0,0x1,0x0,0x0,0x0,
0xdb,0x0,0x0,0x0,0x2,0x0,0x0,0x0,
0xd,0x0,0x0,0x0,0xdc,0x0,0x0,0x0,
0x3,0x0,0x0,0x0,0x2d,0x0,0x0,0x0,
0xde,0x0,0x0,0x0,0x4,0x0,0x0,0x0,
0x44,0x0,0x0,0x0,0xdf,0x0,0x0,0x0,
0x4,0x0,0x0,0x0,0xca,0x2f,0xea,0x2,
0x0,0x0,0x3d,0xeb,0x2,0x0,0x0,0x50,
0x20,0x2f,0xec,0x2,0x0,0x0,0x18,0x7,
0x12,0x14,0x18,0xa,0xad,0xed,0x2,0x0,
0x0,0x7,0x0,0x0,0x0,0x1,0x0,0x0,
0x0,0xa,0x0,0x0,0x0,0x18,0x6,0x4c,
0x17,0x2f,0xee,0x2,0x0,0x0,0x18,0x7,
0x12,0x14,0x18,0x8,0x43,0xef,0x2,0x0,
0x0,0x7,0x0,0x0,0x0,0x1a,0x8,0x6,
0xd4,0x16,0x6,0x2,0x0,0x0,0x0,0x0,
0x44,0x0,0x0,0x0,0x8,0x0,0x0,0x0,
0x80,0x0,0x0,0x0,0x0,0x0,0x0,0x0,
0x38,0x0,0x0,0x0,0x0,0x0,0x0,0x0,
0x38,0x0,0x0,0x0,0x0,0x0,0x1,0x0,
0xff,0xff,0xff,0xff,0x7,0x0,0x0,0x0,
0xd9,0x0,0x10,0x2,0x0,0x0,0x0,0x0,
0x0,0x0,0x7,0x0,0x0,0x0,0x0,0x0,
0x0,0x0,0x0,0x0,0xd9,0x0,0x0,0x0,
0x1,0x0,0x0,0x0,0x2f,0xf0,0x2,0x0,
0x0,0x18,0x6,0x2,0x0,0x0,0x0,0x0,
0x44,0x0,0x0,0x0,0xd,0x0,0x0,0x0,
0x8b,0x0,0x0,0x0,0x0,0x0,0x0,0x0,
0x38,0x0,0x0,0x0,0x0,0x0,0x0,0x0,
0x38,0x0,0x0,0x0,0x0,0x0,0x1,0x0,
0xff,0xff,0xff,0xff,0x7,0x0,0x0,0x0,
0xe4,0x0,0xd0,0x1,0x0,0x0,0x0,0x0,
0x0,0x0,0x7,0x0,0x0,0x0,0x0,0x0,
0x0,0x0,0x0,0x0,0xe4,0x0,0x0,0x0,
0x1,0x0,0x0,0x0,0x2f,0xf1,0x2,0x0,
0x0,0x3d,0xf2,0x2,0x0,0x0,0x18,0x6,
0x2,0x0,0x0,0x0,0x0,0x0,0x0,0x0,
0x44,0x0,0x0,0x0,0xd,0x0,0x0,0x0,
0x9e,0x0,0x0,0x0,0x0,0x0,0x0,0x0,
0x38,0x0,0x0,0x0,0x0,0x0,0x0,0x0,
0x38,0x0,0x0,0x0,0x0,0x0,0x1,0x0,
0xff,0xff,0xff,0xff,0x7,0x0,0x0,0x0,
0xe5,0x0,0xd0,0x1,0x0,0x0,0x0,0x0,
0x0,0x0,0x7,0x0,0x0,0x0,0x0,0x0,
0x0,0x0,0x0,0x0,0xe5,0x0,0x0,0x0,
0x1,0x0,0x0,0x0,0x2f,0xf3,0x2,0x0,
0x0,0x3d,0xf4,0x2,0x0,0x0,0x18,0x6,
0x2,0x0,0x0,0x0,0x0,0x0,0x0,0x0,
0x44,0x0,0x0,0x0,0xd,0x0,0x0,0x0,
0x96,0x0,0x0,0x0,0x0,0x0,0x0,0x0,
0x38,0x0,0x0,0x0,0x0,0x0,0x0,0x0,
0x38,0x0,0x0,0x0,0x0,0x0,0x1,0x0,
0xff,0xff,0xff,0xff,0x7,0x0,0x0,0x0,
0xe6,0x0,0xd0,0x1,0x0,0x0,0x0,0x0,
0x0,0x0,0x7,0x0,0x0,0x0,0x0,0x0,
0x0,0x0,0x0,0x0,0xe6,0x0,0x0,0x0,
0x1,0x0,0x0,0x0,0x2f,0xf5,0x2,0x0,
0x0,0x3d,0xf6,0x2,0x0,0x0,0x18,0x6,
0x2,0x0,0x0,0x0,0x0,0x0,0x0,0x0,
0x44,0x0,0x0,0x0,0x2e,0x0,0x0,0x0,
0x82,0x0,0x0,0x0,0x0,0x0,0x0,0x0,
0x38,0x0,0x0,0x0,0x0,0x0,0x0,0x0,
0x38,0x0,0x0,0x0,0x0,0x0,0x1,0x0,
0xff,0xff,0xff,0xff,0x8,0x0,0x0,0x0,
0xe7,0x0,0xd0,0x1,0x0,0x0,0x0,0x0,
0x0,0x0,0x7,0x0,0x0,0x0,0x0,0x0,
0x0,0x0,0x0,0x0,0xe7,0x0,0x0,0x0,
0x1,0x0,0x0,0x0,0x2f,0xf7,0x2,0x0,
0x0,0x3d,0xf8,0x2,0x0,0x0,0x18,0x7,
0x13,0xf3,0x1,0x0,0x0,0x6c,0x7,0x50,
0xc,0x2f,0xf9,0x2,0x0,0x0,0x3d,0xfa,
0x2,0x0,0x0,0x4c,0xa,0x2f,0xfb,0x2,
0x0,0x0,0x3d,0xfc,0x2,0x0,0x0,0x18,
0x6,0x2,0x0,0x0,0x0,0x0,0x0,0x0,
0x44,0x0,0x0,0x0,0x4b,0x0,0x0,0x0,
0x82,0x0,0x0,0x0,0x0,0x0,0x0,0x0,
0x38,0x0,0x0,0x0,0x0,0x0,0x0,0x0,
0x38,0x0,0x0,0x0,0x0,0x0,0x1,0x0,
0xff,0xff,0xff,0xff,0xd,0x0,0x0,0x0,
0xe8,0x0,0xd0,0x1,0x0,0x0,0x0,0x0,
0x0,0x0,0x7,0x0,0x0,0x0,0x0,0x0,
0x0,0x0,0x0,0x0,0xe8,0x0,0x0,0x0,
0x1,0x0,0x0,0x0,0x2f,0xfd,0x2,0x0,
0x0,0x3d,0xfe,0x2,0x0,0x0,0x18,0x7,
0x13,0xf3,0x1,0x0,0x0,0x6c,0x7,0x50,
0x29,0x2f,0xff,0x2,0x0,0x0,0x18,0x8,
0x2f,0x0,0x3,0x0,0x0,0x3d,0x1,0x3,
0x0,0x0,0x18,0xb,0x14,0x26,0xc,0xad,
0x2,0x3,0x0,0x0,0x8,0x0,0x0,0x0,
0x2,0x0,0x0,0x0,0xb,0x0,0x0,0x0,
0x4c,0xa,0x2f,0x3,0x3,0x0,0x0,0x3d,
0x4,0x3,0x0,0x0,0x18,0x6,0x2,0x0,
0x0,0x0,0x0,0x0,0x0,0x0,0x0,0x0,
0x44,0x0,0x0,0x0,0x1e,0x0,0x0,0x0,
0x8b,0x0,0x0,0x0,0x0,0x0,0x0,0x0,
0x38,0x0,0x0,0x0,0x0,0x0,0x0,0x0,
0x38,0x0,0x0,0x0,0x0,0x0,0x1,0x0,
0xff,0xff,0xff,0xff,0x8,0x0,0x0,0x0,
0xe9,0x0,0xd0,0x1,0x0,0x0,0x0,0x0,
0x0,0x0,0x7,0x0,0x0,0x0,0x0,0x0,
0x0,0x0,0x0,0x0,0xe9,0x0,0x0,0x0,
0x1,0x0,0x0,0x0,0x2f,0x5,0x3,0x0,
0x0,0x3d,0x6,0x3,0x0,0x0,0x18,0x7,
0x13,0xf3,0x1,0x0,0x0,0x6c,0x7,0x50,
0x4,0x10,0x2,0x4c,0x2,0x10,0x1,0x18,
0x6,0x2,0x0,0x0,0x0,0x0,0x0,0x0,
0x44,0x0,0x0,0x0,0x2e,0x0,0x0,0x0,
0x82,0x0,0x0,0x0,0x0,0x0,0x0,0x0,
0x38,0x0,0x0,0x0,0x0,0x0,0x0,0x0,
0x38,0x0,0x0,0x0,0x0,0x0,0x1,0x0,
0xff,0xff,0xff,0xff,0x8,0x0,0x0,0x0,
0xee,0x0,0x10,0x2,0x0,0x0,0x0,0x0,
0x0,0x0,0x7,0x0,0x0,0x0,0x0,0x0,
0x0,0x0,0x0,0x0,0xee,0x0,0x0,0x0,
0x1,0x0,0x0,0x0,0x2f,0x7,0x3,0x0,
0x0,0x3d,0x8,0x3,0x0,0x0,0x18,0x7,
0x13,0xf3,0x1,0x0,0x0,0x6c,0x7,0x50,
0xc,0x2f,0x9,0x3,0x0,0x0,0x3d,0xa,
0x3,0x0,0x0,0x4c,0xa,0x2f,0xb,0x3,
0x0,0x0,0x3d,0xc,0x3,0x0,0x0,0x18,
0x6,0x2,0x0,0x0,0x0,0x0,0x0,0x0,
0x44,0x0,0x0,0x0,0x8,0x0,0x0,0x0,
0x94,0x0,0x0,0x0,0x0,0x0,0x0,0x0,
0x38,0x0,0x0,0x0,0x0,0x0,0x0,0x0,
0x38,0x0,0x0,0x0,0x0,0x0,0x1,0x0,
0xff,0xff,0xff,0xff,0x7,0x0,0x0,0x0,
0xec,0x0,0x10,0x2,0x0,0x0,0x0,0x0,
0x0,0x0,0x7,0x0,0x0,0x0,0x0,0x0,
0x0,0x0,0x0,0x0,0xec,0x0,0x0,0x0,
0x1,0x0,0x0,0x0,0x2f,0xd,0x3,0x0,
0x0,0x18,0x6,0x2,0x0,0x0,0x0,0x0,
0x44,0x0,0x0,0x0,0x2e,0x0,0x0,0x0,
0xa5,0x0,0x0,0x0,0x0,0x0,0x0,0x0,
0x38,0x0,0x0,0x0,0x0,0x0,0x0,0x0,
0x38,0x0,0x0,0x0,0x0,0x0,0x1,0x0,
0xff,0xff,0xff,0xff,0x8,0x0,0x0,0x0,
0xf0,0x0,0x10,0x2,0x0,0x0,0x0,0x0,
0x0,0x0,0x7,0x0,0x0,0x0,0x0,0x0,
0x0,0x0,0x0,0x0,0xf0,0x0,0x0,0x0,
0x1,0x0,0x0,0x0,0x2f,0xe,0x3,0x0,
0x0,0x3d,0xf,0x3,0x0,0x0,0x18,0x7,
0x13,0xf3,0x1,0x0,0x0,0x6c,0x7,0x50,
0xc,0x2f,0x10,0x3,0x0,0x0,0x3d,0x11,
0x3,0x0,0x0,0x4c,0xa,0x2f,0x12,0x3,
0x0,0x0,0x3d,0x13,0x3,0x0,0x0,0x18,
0x6,0x2,0x0,0x0,0x0,0x0,0x0,0x0,
0x74,0x0,0x0,0x0,0x4e,0x0,0x0,0x0,
0xa8,0x0,0x0,0x0,0x0,0x0,0x0,0x0,
0x38,0x0,0x0,0x0,0x0,0x0,0x0,0x0,
0x38,0x0,0x0,0x0,0x0,0x0,0x5,0x0,
0xff,0xff,0xff,0xff,0xb,0x0,0x0,0x0,
0xf5,0x0,0x10,0x2,0x0,0x0,0x0,0x0,
0x0,0x0,0x7,0x0,0x0,0x0,0x0,0x0,
0x0,0x0,0x0,0x0,0xf5,0x0,0x0,0x0,
0x0,0x0,0x0,0x0,0x1,0x0,0x0,0x0,
0xf6,0x0,0x0,0x0,0x2,0x0,0x0,0x0,
0xd,0x0,0x0,0x0,0xf7,0x0,0x0,0x0,
0x3,0x0,0x0,0x0,0x30,0x0,0x0,0x0,
0xf9,0x0,0x0,0x0,0x4,0x0,0x0,0x0,
0x4a,0x0,0x0,0x0,0xfa,0x0,0x0,0x0,
0x4,0x0,0x0,0x0,0xca,0x2f,0x14,0x3,
0x0,0x0,0x3d,0x15,0x3,0x0,0x0,0x50,
0x23,0x2f,0x16,0x3,0x0,0x0,0x18,0x7,
0x13,0xf3,0x1,0x0,0x0,0x18,0xa,0xad,
0x17,0x3,0x0,0x0,0x7,0x0,0x0,0x0,
0x1,0x0,0x0,0x0,0xa,0x0,0x0,0x0,
0x18,0x6,0x4c,0x1a,0x2f,0x18,0x3,0x0,
0x0,0x18,0x7,0x13,0xf3,0x1,0x0,0x0,
0x18,0x8,0x43,0x19,0x3,0x0,0x0,0x7,
0x0,0x0,0x0,0x1a,0x8,0x6,0xd4,0x16,
0x6,0x2,0x0,0x0,0x0,0x0,0x0,0x0,
0x44,0x0,0x0,0x0,0x8,0x0,0x0,0x0,
0x80,0x0,0x0,0x0,0x0,0x0,0x0,0x0,
0x38,0x0,0x0,0x0,0x0,0x0,0x0,0x0,
0x38,0x0,0x0,0x0,0x0,0x0,0x1,0x0,
0xff,0xff,0xff,0xff,0x7,0x0,0x0,0x0,
0xf4,0x0,0x10,0x2,0x0,0x0,0x0,0x0,
0x0,0x0,0x7,0x0,0x0,0x0,0x0,0x0,
0x0,0x0,0x0,0x0,0xf4,0x0,0x0,0x0,
0x1,0x0,0x0,0x0,0x2f,0x1a,0x3,0x0,
0x0,0x18,0x6,0x2,0x0,0x0,0x0,0x0,
0x44,0x0,0x0,0x0,0xd,0x0,0x0,0x0,
0x8d,0x0,0x0,0x0,0x0,0x0,0x0,0x0,
0x38,0x0,0x0,0x0,0x0,0x0,0x0,0x0,
0x38,0x0,0x0,0x0,0x0,0x0,0x1,0x0,
0xff,0xff,0xff,0xff,0x7,0x0,0x0,0x0,
0xff,0x0,0xd0,0x1,0x0,0x0,0x0,0x0,
0x0,0x0,0x7,0x0,0x0,0x0,0x0,0x0,
0x0,0x0,0x0,0x0,0xff,0x0,0x0,0x0,
0x1,0x0,0x0,0x0,0x2f,0x1b,0x3,0x0,
0x0,0x3d,0x1c,0x3,0x0,0x0,0x18,0x6,
0x2,0x0,0x0,0x0,0x0,0x0,0x0,0x0,
0x44,0x0,0x0,0x0,0xd,0x0,0x0,0x0,
0x8b,0x0,0x0,0x0,0x0,0x0,0x0,0x0,
0x38,0x0,0x0,0x0,0x0,0x0,0x0,0x0,
0x38,0x0,0x0,0x0,0x0,0x0,0x1,0x0,
0xff,0xff,0xff,0xff,0x7,0x0,0x0,0x0,
0x0,0x1,0xd0,0x1,0x0,0x0,0x0,0x0,
0x0,0x0,0x7,0x0,0x0,0x0,0x0,0x0,
0x0,0x0,0x0,0x0,0x0,0x1,0x0,0x0,
0x1,0x0,0x0,0x0,0x2f,0x1d,0x3,0x0,
0x0,0x3d,0x1e,0x3,0x0,0x0,0x18,0x6,
0x2,0x0,0x0,0x0,0x0,0x0,0x0,0x0,
0x44,0x0,0x0,0x0,0xd,0x0,0x0,0x0,
0x9e,0x0,0x0,0x0,0x0,0x0,0x0,0x0,
0x38,0x0,0x0,0x0,0x0,0x0,0x0,0x0,
0x38,0x0,0x0,0x0,0x0,0x0,0x1,0x0,
0xff,0xff,0xff,0xff,0x7,0x0,0x0,0x0,
0x1,0x1,0xd0,0x1,0x0,0x0,0x0,0x0,
0x0,0x0,0x7,0x0,0x0,0x0,0x0,0x0,
0x0,0x0,0x0,0x0,0x1,0x1,0x0,0x0,
0x1,0x0,0x0,0x0,0x2f,0x1f,0x3,0x0,
0x0,0x3d,0x20,0x3,0x0,0x0,0x18,0x6,
0x2,0x0,0x0,0x0,0x0,0x0,0x0,0x0,
0x44,0x0,0x0,0x0,0xd,0x0,0x0,0x0,
0x96,0x0,0x0,0x0,0x0,0x0,0x0,0x0,
0x38,0x0,0x0,0x0,0x0,0x0,0x0,0x0,
0x38,0x0,0x0,0x0,0x0,0x0,0x1,0x0,
0xff,0xff,0xff,0xff,0x7,0x0,0x0,0x0,
0x2,0x1,0xd0,0x1,0x0,0x0,0x0,0x0,
0x0,0x0,0x7,0x0,0x0,0x0,0x0,0x0,
0x0,0x0,0x0,0x0,0x2,0x1,0x0,0x0,
0x1,0x0,0x0,0x0,0x2f,0x21,0x3,0x0,
0x0,0x3d,0x22,0x3,0x0,0x0,0x18,0x6,
0x2,0x0,0x0,0x0,0x0,0x0,0x0,0x0,
0x44,0x0,0x0,0x0,0x2e,0x0,0x0,0x0,
0x82,0x0,0x0,0x0,0x0,0x0,0x0,0x0,
0x38,0x0,0x0,0x0,0x0,0x0,0x0,0x0,
0x38,0x0,0x0,0x0,0x0,0x0,0x1,0x0,
0xff,0xff,0xff,0xff,0x8,0x0,0x0,0x0,
0x3,0x1,0xd0,0x1,0x0,0x0,0x0,0x0,
0x0,0x0,0x7,0x0,0x0,0x0,0x0,0x0,
0x0,0x0,0x0,0x0,0x3,0x1,0x0,0x0,
0x1,0x0,0x0,0x0,0x2f,0x23,0x3,0x0,
0x0,0x3d,0x24,0x3,0x0,0x0,0x18,0x7,
0x13,0xbd,0x1,0x0,0x0,0x6c,0x7,0x50,
0xc,0x2f,0x25,0x3,0x0,0x0,0x3d,0x26,
0x3,0x0,0x0,0x4c,0xa,0x2f,0x27,0x3,
0x0,0x0,0x3d,0x28,0x3,0x0,0x0,0x18,
0x6,0x2,0x0,0x0,0x0,0x0,0x0,0x0,
0x44,0x0,0x0,0x0,0x4b,0x0,0x0,0x0,
0x82,0x0,0x0,0x0,0x0,0x0,0x0,0x0,
0x38,0x0,0x0,0x0,0x0,0x0,0x0,0x0,
0x38,0x0,0x0,0x0,0x0,0x0,0x1,0x0,
0xff,0xff,0xff,0xff,0xd,0x0,0x0,0x0,
0x4,0x1,0xd0,0x1,0x0,0x0,0x0,0x0,
0x0,0x0,0x7,0x0,0x0,0x0,0x0,0x0,
0x0,0x0,0x0,0x0,0x4,0x1,0x0,0x0,
0x1,0x0,0x0,0x0,0x2f,0x29,0x3,0x0,
0x0,0x3d,0x2a,0x3,0x0,0x0,0x18,0x7,
0x13,0xbd,0x1,0x0,0x0,0x6c,0x7,0x50,
0x29,0x2f,0x2b,0x3,0x0,0x0,0x18,0x8,
0x2f,0x2c,0x3,0x0,0x0,0x3d,0x2d,0x3,
0x0,0x0,0x18,0xb,0x14,0x26,0xc,0xad,
0x2e,0x3,0x0,0x0,0x8,0x0,0x0,0x0,
0x2,0x0,0x0,0x0,0xb,0x0,0x0,0x0,
0x4c,0xa,0x2f,0x2f,0x3,0x0,0x0,0x3d,
0x30,0x3,0x0,0x0,0x18,0x6,0x2,0x0,
0x0,0x0,0x0,0x0,0x0,0x0,0x0,0x0,
0x44,0x0,0x0,0x0,0x1e,0x0,0x0,0x0,
0x8b,0x0,0x0,0x0,0x0,0x0,0x0,0x0,
0x38,0x0,0x0,0x0,0x0,0x0,0x0,0x0,
0x38,0x0,0x0,0x0,0x0,0x0,0x1,0x0,
0xff,0xff,0xff,0xff,0x8,0x0,0x0,0x0,
0x5,0x1,0xd0,0x1,0x0,0x0,0x0,0x0,
0x0,0x0,0x7,0x0,0x0,0x0,0x0,0x0,
0x0,0x0,0x0,0x0,0x5,0x1,0x0,0x0,
0x1,0x0,0x0,0x0,0x2f,0x31,0x3,0x0,
0x0,0x3d,0x32,0x3,0x0,0x0,0x18,0x7,
0x13,0xbd,0x1,0x0,0x0,0x6c,0x7,0x50,
0x4,0x10,0x2,0x4c,0x2,0x10,0x1,0x18,
0x6,0x2,0x0,0x0,0x0,0x0,0x0,0x0,
0x44,0x0,0x0,0x0,0x2e,0x0,0x0,0x0,
0x82,0x0,0x0,0x0,0x0,0x0,0x0,0x0,
0x38,0x0,0x0,0x0,0x0,0x0,0x0,0x0,
0x38,0x0,0x0,0x0,0x0,0x0,0x1,0x0,
0xff,0xff,0xff,0xff,0x8,0x0,0x0,0x0,
0xa,0x1,0x10,0x2,0x0,0x0,0x0,0x0,
0x0,0x0,0x7,0x0,0x0,0x0,0x0,0x0,
0x0,0x0,0x0,0x0,0xa,0x1,0x0,0x0,
0x1,0x0,0x0,0x0,0x2f,0x33,0x3,0x0,
0x0,0x3d,0x34,0x3,0x0,0x0,0x18,0x7,
0x13,0xbd,0x1,0x0,0x0,0x6c,0x7,0x50,
0xc,0x2f,0x35,0x3,0x0,0x0,0x3d,0x36,
0x3,0x0,0x0,0x4c,0xa,0x2f,0x37,0x3,
0x0,0x0,0x3d,0x38,0x3,0x0,0x0,0x18,
0x6,0x2,0x0,0x0,0x0,0x0,0x0,0x0,
0x44,0x0,0x0,0x0,0x8,0x0,0x0,0x0,
0x94,0x0,0x0,0x0,0x0,0x0,0x0,0x0,
0x38,0x0,0x0,0x0,0x0,0x0,0x0,0x0,
0x38,0x0,0x0,0x0,0x0,0x0,0x1,0x0,
0xff,0xff,0xff,0xff,0x7,0x0,0x0,0x0,
0x8,0x1,0x10,0x2,0x0,0x0,0x0,0x0,
0x0,0x0,0x7,0x0,0x0,0x0,0x0,0x0,
0x0,0x0,0x0,0x0,0x8,0x1,0x0,0x0,
0x1,0x0,0x0,0x0,0x2f,0x39,0x3,0x0,
0x0,0x18,0x6,0x2,0x0,0x0,0x0,0x0,
0x44,0x0,0x0,0x0,0x2e,0x0,0x0,0x0,
0xa5,0x0,0x0,0x0,0x0,0x0,0x0,0x0,
0x38,0x0,0x0,0x0,0x0,0x0,0x0,0x0,
0x38,0x0,0x0,0x0,0x0,0x0,0x1,0x0,
0xff,0xff,0xff,0xff,0x8,0x0,0x0,0x0,
0xc,0x1,0x10,0x2,0x0,0x0,0x0,0x0,
0x0,0x0,0x7,0x0,0x0,0x0,0x0,0x0,
0x0,0x0,0x0,0x0,0xc,0x1,0x0,0x0,
0x1,0x0,0x0,0x0,0x2f,0x3a,0x3,0x0,
0x0,0x3d,0x3b,0x3,0x0,0x0,0x18,0x7,
0x13,0xbd,0x1,0x0,0x0,0x6c,0x7,0x50,
0xc,0x2f,0x3c,0x3,0x0,0x0,0x3d,0x3d,
0x3,0x0,0x0,0x4c,0xa,0x2f,0x3e,0x3,
0x0,0x0,0x3d,0x3f,0x3,0x0,0x0,0x18,
0x6,0x2,0x0,0x0,0x0,0x0,0x0,0x0,
0x74,0x0,0x0,0x0,0x4e,0x0,0x0,0x0,
0xa8,0x0,0x0,0x0,0x0,0x0,0x0,0x0,
0x38,0x0,0x0,0x0,0x0,0x0,0x0,0x0,
0x38,0x0,0x0,0x0,0x0,0x0,0x5,0x0,
0xff,0xff,0xff,0xff,0xb,0x0,0x0,0x0,
0x11,0x1,0x10,0x2,0x0,0x0,0x0,0x0,
0x0,0x0,0x7,0x0,0x0,0x0,0x0,0x0,
0x0,0x0,0x0,0x0,0x11,0x1,0x0,0x0,
0x0,0x0,0x0,0x0,0x1,0x0,0x0,0x0,
0x12,0x1,0x0,0x0,0x2,0x0,0x0,0x0,
0xd,0x0,0x0,0x0,0x13,0x1,0x0,0x0,
0x3,0x0,0x0,0x0,0x30,0x0,0x0,0x0,
0x15,0x1,0x0,0x0,0x4,0x0,0x0,0x0,
0x4a,0x0,0x0,0x0,0x16,0x1,0x0,0x0,
0x4,0x0,0x0,0x0,0xca,0x2f,0x40,0x3,
0x0,0x0,0x3d,0x41,0x3,0x0,0x0,0x50,
0x23,0x2f,0x42,0x3,0x0,0x0,0x18,0x7,
0x13,0xbd,0x1,0x0,0x0,0x18,0xa,0xad,
0x43,0x3,0x0,0x0,0x7,0x0,0x0,0x0,
0x1,0x0,0x0,0x0,0xa,0x0,0x0,0x0,
0x18,0x6,0x4c,0x1a,0x2f,0x44,0x3,0x0,
0x0,0x18,0x7,0x13,0xbd,0x1,0x0,0x0,
0x18,0x8,0x43,0x45,0x3,0x0,0x0,0x7,
0x0,0x0,0x0,0x1a,0x8,0x6,0xd4,0x16,
0x6,0x2,0x0,0x0,0x0,0x0,0x0,0x0,
0x44,0x0,0x0,0x0,0x8,0x0,0x0,0x0,
0x80,0x0,0x0,0x0,0x0,0x0,0x0,0x0,
0x38,0x0,0x0,0x0,0x0,0x0,0x0,0x0,
0x38,0x0,0x0,0x0,0x0,0x0,0x1,0x0,
0xff,0xff,0xff,0xff,0x7,0x0,0x0,0x0,
0x10,0x1,0x10,0x2,0x0,0x0,0x0,0x0,
0x0,0x0,0x7,0x0,0x0,0x0,0x0,0x0,
0x0,0x0,0x0,0x0,0x10,0x1,0x0,0x0,
0x1,0x0,0x0,0x0,0x2f,0x46,0x3,0x0,
0x0,0x18,0x6,0x2,0x0,0x0,0x0,0x0,
0x44,0x0,0x0,0x0,0xd,0x0,0x0,0x0,
0x8b,0x0,0x0,0x0,0x0,0x0,0x0,0x0,
0x38,0x0,0x0,0x0,0x0,0x0,0x0,0x0,
0x38,0x0,0x0,0x0,0x0,0x0,0x1,0x0,
0xff,0xff,0xff,0xff,0x7,0x0,0x0,0x0,
0x1f,0x1,0x10,0x1,0x0,0x0,0x0,0x0,
0x0,0x0,0x7,0x0,0x0,0x0,0x0,0x0,
0x0,0x0,0x0,0x0,0x1f,0x1,0x0,0x0,
0x1,0x0,0x0,0x0,0x2f,0x47,0x3,0x0,
0x0,0x3d,0x48,0x3,0x0,0x0,0x18,0x6,
0x2,0x0,0x0,0x0,0x0,0x0,0x0,0x0,
0x44,0x0,0x0,0x0,0x13,0x0,0x0,0x0,
0x9e,0x0,0x0,0x0,0x0,0x0,0x0,0x0,
0x38,0x0,0x0,0x0,0x0,0x0,0x0,0x0,
0x38,0x0,0x0,0x0,0x0,0x0,0x1,0x0,
0xff,0xff,0xff,0xff,0x8,0x0,0x0,0x0,
0x20,0x1,0x10,0x1,0x0,0x0,0x0,0x0,
0x0,0x0,0x7,0x0,0x0,0x0,0x0,0x0,
0x0,0x0,0x0,0x0,0x20,0x1,0x0,0x0,
0x1,0x0,0x0,0x0,0x2f,0x49,0x3,0x0,
0x0,0x3d,0x4a,0x3,0x0,0x0,0x18,0x7,
0x10,0x26,0xa2,0x7,0x18,0x6,0x2,0x0,
0x0,0x0,0x0,0x0,0x0,0x0,0x0,0x0,
0x74,0x0,0x0,0x0,0x40,0x0,0x0,0x0,
0xae,0x0,0x0,0x0,0x0,0x0,0x0,0x0,
0x38,0x0,0x0,0x0,0x0,0x0,0x0,0x0,
0x38,0x0,0x0,0x0,0x0,0x0,0x5,0x0,
0xff,0xff,0xff,0xff,0x9,0x0,0x0,0x0,
0x21,0x1,0x10,0x1,0x0,0x0,0x0,0x0,
0x0,0x0,0x7,0x0,0x0,0x0,0x0,0x0,
0x0,0x0,0x0,0x0,0x21,0x1,0x0,0x0,
0x1,0x0,0x0,0x0,0x15,0x0,0x0,0x0,
0x22,0x1,0x0,0x0,0x1,0x0,0x0,0x0,
0x1c,0x0,0x0,0x0,0x23,0x1,0x0,0x0,
0x1,0x0,0x0,0x0,0x31,0x0,0x0,0x0,
0x24,0x1,0x0,0x0,0x1,0x0,0x0,0x0,
0x38,0x0,0x0,0x0,0x25,0x1,0x0,0x0,
0x1,0x0,0x0,0x0,0x2f,0x4b,0x3,0x0,
0x0,0x3d,0x4c,0x3,0x0,0x0,0x18,0x7,
0x13,0xf3,0x1,0x0,0x0,0x6c,0x7,0x50,
0x7,0x2f,0x4d,0x3,0x0,0x0,0x4c,0x21,
0x2f,0x4e,0x3,0x0,0x0,0x3d,0x4f,0x3,
0x0,0x0,0x18,0x8,0x13,0xbd,0x1,0x0,
0x0,0x6c,0x8,0x50,0x7,0x2f,0x50,0x3,
0x0,0x0,0x4c,0x5,0x2f,0x51,0x3,0x0,
0x0,0x18,0x6,0x2,0x0,0x0,0x0,0x0,
0x50,0x0,0x0,0x0,0x1f,0x0,0x0,0x0,
0xb0,0x0,0x0,0x0,0x0,0x0,0x0,0x0,
0x38,0x0,0x0,0x0,0x0,0x0,0x0,0x0,
0x38,0x0,0x0,0x0,0x0,0x0,0x2,0x0,
0xff,0xff,0xff,0xff,0xa,0x0,0x0,0x0,
0x26,0x1,0x10,0x1,0x0,0x0,0x0,0x0,
0x0,0x0,0x7,0x0,0x0,0x0,0x0,0x0,
0x0,0x0,0x0,0x0,0x26,0x1,0x0,0x0,
0x0,0x0,0x0,0x0,0x1,0x0,0x0,0x0,
0x26,0x1,0x0,0x0,0x1,0x0,0x0,0x0,
0xca,0x2f,0x52,0x3,0x0,0x0,0x18,0x7,
0xad,0x53,0x3,0x0,0x0,0x7,0x0,0x0,
0x0,0x0,0x0,0x0,0x0,0x0,0x0,0x0,
0x0,0x18,0x6,0xd4,0x16,0x6,0x2,0x0,
0x44,0x0,0x0,0x0,0x12,0x0,0x0,0x0,
0xb5,0x0,0x0,0x0,0x0,0x0,0x0,0x0,
0x38,0x0,0x0,0x0,0x0,0x0,0x0,0x0,
0x38,0x0,0x0,0x0,0x0,0x0,0x1,0x0,
0xff,0xff,0xff,0xff,0x7,0x0,0x0,0x0,
0x34,0x1,0xd0,0x0,0x0,0x0,0x0,0x0,
0x0,0x0,0x7,0x0,0x0,0x0,0x0,0x0,
0x0,0x0,0x0,0x0,0x34,0x1,0x0,0x0,
0x1,0x0,0x0,0x0,0x2f,0x54,0x3,0x0,
0x0,0x3d,0x55,0x3,0x0,0x0,0x3d,0x56,
0x3,0x0,0x0,0x18,0x6,0x2,0x0,0x0,
0x0,0x0,0x0,0x0,0x0,0x0,0x0,0x0,
0x44,0x0,0x0,0x0,0x34,0x0,0x0,0x0,
0xb9,0x0,0x0,0x0,0x0,0x0,0x0,0x0,
0x38,0x0,0x0,0x0,0x0,0x0,0x0,0x0,
0x38,0x0,0x0,0x0,0x0,0x0,0x1,0x0,
0xff,0xff,0xff,0xff,0xe,0x0,0x0,0x0,
0x37,0x1,0xd0,0x0,0x0,0x0,0x0,0x0,
0x0,0x0,0x7,0x0,0x0,0x0,0x0,0x0,
0x0,0x0,0x0,0x0,0x37,0x1,0x0,0x0,
0x1,0x0,0x0,0x0,0x2f,0x57,0x3,0x0,
0x0,0x18,0x7,0x14,0x1e,0xa,0x2f,0x58,
0x3,0x0,0x0,0x18,0xc,0x11,0x96,0x0,
0x0,0x0,0xa2,0xc,0x18,0xd,0x10,0x2,
0x9e,0xd,0x18,0xb,0xad,0x59,0x3,0x0,
0x0,0x7,0x0,0x0,0x0,0x2,0x0,0x0,
0x0,0xa,0x0,0x0,0x0,0x18,0x6,0x2,
0x0,0x0,0x0,0x0,0x0,0x0,0x0,0x0,
0x44,0x0,0x0,0x0,0x11,0x0,0x0,0x0,
0xbb,0x0,0x0,0x0,0x0,0x0,0x0,0x0,
0x38,0x0,0x0,0x0,0x0,0x0,0x0,0x0,
0x38,0x0,0x0,0x0,0x0,0x0,0x1,0x0,
0xff,0xff,0xff,0xff,0x8,0x0,0x0,0x0,
0x38,0x1,0xd0,0x0,0x0,0x0,0x0,0x0,
0x0,0x0,0x7,0x0,0x0,0x0,0x0,0x0,
0x0,0x0,0x0,0x0,0x38,0x1,0x0,0x0,
0x1,0x0,0x0,0x0,0x2f,0x5a,0x3,0x0,
0x0,0x18,0x7,0x11,0x96,0x0,0x0,0x0,
0x80,0x7,0x18,0x6,0x2,0x0,0x0,0x0,
0x0,0x0,0x0,0x0,0x0,0x0,0x0,0x0,
0x44,0x0,0x0,0x0,0xd,0x0,0x0,0x0,
0xbd,0x0,0x0,0x0,0x0,0x0,0x0,0x0,
0x38,0x0,0x0,0x0,0x0,0x0,0x0,0x0,
0x38,0x0,0x0,0x0,0x0,0x0,0x1,0x0,
0xff,0xff,0xff,0xff,0x7,0x0,0x0,0x0,
0x39,0x1,0xd0,0x0,0x0,0x0,0x0,0x0,
0x0,0x0,0x7,0x0,0x0,0x0,0x0,0x0,
0x0,0x0,0x0,0x0,0x39,0x1,0x0,0x0,
0x1,0x0,0x0,0x0,0x2f,0x5b,0x3,0x0,
0x0,0x3d,0x5c,0x3,0x0,0x0,0x18,0x6,
0x2,0x0,0x0,0x0,0x0,0x0,0x0,0x0,
0x50,0x0,0x0,0x0,0x1f,0x0,0x0,0x0,
0xbf,0x0,0x0,0x0,0x0,0x0,0x0,0x0,
0x38,0x0,0x0,0x0,0x0,0x0,0x0,0x0,
0x38,0x0,0x0,0x0,0x0,0x0,0x2,0x0,
0xff,0xff,0xff,0xff,0xa,0x0,0x0,0x0,
0x3a,0x1,0xd0,0x0,0x0,0x0,0x0,0x0,
0x0,0x0,0x7,0x0,0x0,0x0,0x0,0x0,
0x0,0x0,0x0,0x0,0x3a,0x1,0x0,0x0,
0x0,0x0,0x0,0x0,0x1,0x0,0x0,0x0,
0x3a,0x1,0x0,0x0,0x1,0x0,0x0,0x0,
0xca,0x2f,0x5d,0x3,0x0,0x0,0x18,0x7,
0xad,0x5e,0x3,0x0,0x0,0x7,0x0,0x0,
0x0,0x0,0x0,0x0,0x0,0x0,0x0,0x0,
0x0,0x18,0x6,0xd4,0x16,0x6,0x2,0x0,
0x50,0x0,0x0,0x0,0x1f,0x0,0x0,0x0,
0xc1,0x0,0x0,0x0,0x0,0x0,0x0,0x0,
0x38,0x0,0x0,0x0,0x0,0x0,0x0,0x0,
0x38,0x0,0x0,0x0,0x0,0x0,0x2,0x0,
0xff,0xff,0xff,0xff,0xa,0x0,0x0,0x0,
0x3b,0x1,0xd0,0x0,0x0,0x0,0x0,0x0,
0x0,0x0,0x7,0x0,0x0,0x0,0x0,0x0,
0x0,0x0,0x0,0x0,0x3b,0x1,0x0,0x0,
0x0,0x0,0x0,0x0,0x1,0x0,0x0,0x0,
0x3b,0x1,0x0,0x0,0x1,0x0,0x0,0x0,
0xca,0x2f,0x5f,0x3,0x0,0x0,0x18,0x7,
0xad,0x60,0x3,0x0,0x0,0x7,0x0,0x0,
0x0,0x0,0x0,0x0,0x0,0x0,0x0,0x0,
0x0,0x18,0x6,0xd4,0x16,0x6,0x2,0x0,
0x5c,0x0,0x0,0x0,0x26,0x0,0x0,0x0,
0xc3,0x0,0x0,0x0,0x0,0x0,0x0,0x0,
0x38,0x0,0x0,0x0,0x0,0x0,0x0,0x0,
0x38,0x0,0x0,0x0,0x0,0x0,0x3,0x0,
0xff,0xff,0xff,0xff,0xa,0x0,0x0,0x0,
0x3c,0x1,0xd0,0x0,0x0,0x0,0x0,0x0,
0x0,0x0,0x7,0x0,0x0,0x0,0x0,0x0,
0x0,0x0,0x0,0x0,0x3c,0x1,0x0,0x0,
0x0,0x0,0x0,0x0,0x1,0x0,0x0,0x0,
0x3c,0x1,0x0,0x0,0x1,0x0,0x0,0x0,
0x8,0x0,0x0,0x0,0x3c,0x1,0x0,0x0,
0x2,0x0,0x0,0x0,0xca,0x2f,0x61,0x3,
0x0,0x0,0x50,0x1a,0x2f,0x62,0x3,0x0,
0x0,0x18,0x7,0xad,0x63,0x3,0x0,0x0,
0x7,0x0,0x0,0x0,0x0,0x0,0x0,0x0,
0x0,0x0,0x0,0x0,0x18,0x6,0xd4,0x16,
0x6,0x2,0x0,0x0,0x0,0x0,0x0,0x0,
0x44,0x0,0x0,0x0,0x8,0x0,0x0,0x0,
0x80,0x0,0x0,0x0,0x0,0x0,0x0,0x0,
0x38,0x0,0x0,0x0,0x0,0x0,0x0,0x0,
0x38,0x0,0x0,0x0,0x0,0x0,0x1,0x0,
0xff,0xff,0xff,0xff,0x7,0x0,0x0,0x0,
0x30,0x1,0xd0,0x0,0x0,0x0,0x0,0x0,
0x0,0x0,0x7,0x0,0x0,0x0,0x0,0x0,
0x0,0x0,0x0,0x0,0x30,0x1,0x0,0x0,
0x1,0x0,0x0,0x0,0x2f,0x64,0x3,0x0,
0x0,0x18,0x6,0x2,0x0,0x0,0x0,0x0,
0x68,0x0,0x0,0x0,0x34,0x0,0x0,0x0,
0x78,0x0,0x0,0x0,0x0,0x0,0x0,0x0,
0x38,0x0,0x0,0x0,0x0,0x0,0x0,0x0,
0x38,0x0,0x0,0x0,0x0,0x0,0x4,0x0,
0xff,0xff,0xff,0xff,0xa,0x0,0x0,0x0,
0x3d,0x1,0xd0,0x0,0x0,0x0,0x0,0x0,
0x0,0x0,0x7,0x0,0x0,0x0,0x0,0x0,
0x0,0x0,0x0,0x0,0x3d,0x1,0x0,0x0,
0x0,0x0,0x0,0x0,0x1,0x0,0x0,0x0,
0x3e,0x1,0x0,0x0,0x3,0x0,0x0,0x0,
0x16,0x0,0x0,0x0,0x3f,0x1,0x0,0x0,
0x4,0x0,0x0,0x0,0x30,0x0,0x0,0x0,
0x40,0x1,0x0,0x0,0x4,0x0,0x0,0x0,
0xca,0x2f,0x65,0x3,0x0,0x0,0x18,0x7,
0x2f,0x66,0x3,0x0,0x0,0x43,0x67,0x3,
0x0,0x0,0x7,0x0,0x0,0x0,0x2f,0x68,
0x3,0x0,0x0,0x18,0x7,0xad,0x69,0x3,
0x0,0x0,0x7,0x0,0x0,0x0,0x0,0x0,
0x0,0x0,0x0,0x0,0x0,0x0,0x18,0x6,
0xd4,0x16,0x6,0x2,0x0,0x0,0x0,0x0,
0x0,0x0,0x0,0x0,0x0,0x0,0x0,0x0,
0x68,0x0,0x0,0x0,0x30,0x0,0x0,0x0,
0xc5,0x0,0x0,0x0,0x0,0x0,0x0,0x0,
0x38,0x0,0x0,0x0,0x0,0x0,0x0,0x0,
0x38,0x0,0x0,0x0,0x0,0x0,0x4,0x0,
0xff,0xff,0xff,0xff,0xa,0x0,0x0,0x0,
0x41,0x1,0xd0,0x0,0x0,0x0,0x0,0x0,
0x0,0x0,0x7,0x0,0x0,0x0,0x0,0x0,
0x0,0x0,0x0,0x0,0x41,0x1,0x0,0x0,
0x0,0x0,0x0,0x0,0x1,0x0,0x0,0x0,
0x42,0x1,0x0,0x0,0x2,0x0,0x0,0x0,
0x16,0x0,0x0,0x0,0x43,0x1,0x0,0x0,
0x3,0x0,0x0,0x0,0x2c,0x0,0x0,0x0,
0x44,0x1,0x0,0x0,0x3,0x0,0x0,0x0,
0xca,0x2f,0x6a,0x3,0x0,0x0,0x3d,0x6b,
0x3,0x0,0x0,0x18,0x7,0x2f,0x6c,0x3,
0x0,0x0,0x6c,0x7,0x50,0x16,0x2f,0x6d,
0x3,0x0,0x0,0x18,0x8,0xc,0x18,0x9,
0x43,0x6e,0x3,0x0,0x0,0x8,0x0,0x0,
0x0,0x1a,0x9,0x6,0xd4,0x16,0x6,0x2,
0x0,0x0,0x0,0x0,0x0,0x0,0x0,0x0,
0x44,0x0,0x0,0x0,0xd,0x0,0x0,0x0,
0x8b,0x0,0x0,0x0,0x0,0x0,0x0,0x0,
0x38,0x0,0x0,0x0,0x0,0x0,0x0,0x0,
0x38,0x0,0x0,0x0,0x0,0x0,0x1,0x0,
0xff,0xff,0xff,0xff,0x7,0x0,0x0,0x0,
0x4a,0x1,0x10,0x1,0x0,0x0,0x0,0x0,
0x0,0x0,0x7,0x0,0x0,0x0,0x0,0x0,
0x0,0x0,0x0,0x0,0x4a,0x1,0x0,0x0,
0x1,0x0,0x0,0x0,0x2f,0x6f,0x3,0x0,
0x0,0x3d,0x70,0x3,0x0,0x0,0x18,0x6,
0x2,0x0,0x0,0x0,0x0,0x0,0x0,0x0,
0x44,0x0,0x0,0x0,0xd,0x0,0x0,0x0,
0x96,0x0,0x0,0x0,0x0,0x0,0x0,0x0,
0x38,0x0,0x0,0x0,0x0,0x0,0x0,0x0,
0x38,0x0,0x0,0x0,0x0,0x0,0x1,0x0,
0xff,0xff,0xff,0xff,0x7,0x0,0x0,0x0,
0x4c,0x1,0x10,0x1,0x0,0x0,0x0,0x0,
0x0,0x0,0x7,0x0,0x0,0x0,0x0,0x0,
0x0,0x0,0x0,0x0,0x4c,0x1,0x0,0x0,
0x1,0x0,0x0,0x0,0x2f,0x71,0x3,0x0,
0x0,0x3d,0x72,0x3,0x0,0x0,0x18,0x6,
0x2,0x0,0x0,0x0,0x0,0x0,0x0,0x0,
0x50,0x0,0x0,0x0,0x41,0x0,0x0,0x0,
0x82,0x0,0x0,0x0,0x0,0x0,0x0,0x0,
0x38,0x0,0x0,0x0,0x0,0x0,0x0,0x0,
0x38,0x0,0x0,0x0,0x0,0x0,0x2,0x0,
0xff,0xff,0xff,0xff,0x8,0x0,0x0,0x0,
0x4d,0x1,0x10,0x1,0x0,0x0,0x0,0x0,
0x0,0x0,0x7,0x0,0x0,0x0,0x0,0x0,
0x0,0x0,0x0,0x0,0x4d,0x1,0x0,0x0,
0x1,0x0,0x0,0x0,0x21,0x0,0x0,0x0,
0x4e,0x1,0x0,0x0,0x1,0x0,0x0,0x0,
0x2f,0x73,0x3,0x0,0x0,0x3d,0x74,0x3,
0x0,0x0,0x18,0x7,0x2f,0x75,0x3,0x0,
0x0,0x6c,0x7,0x50,0xc,0x2f,0x76,0x3,
0x0,0x0,0x3d,0x77,0x3,0x0,0x0,0x4c,
0x1d,0x2f,0x78,0x3,0x0,0x0,0x3d,0x79,
0x3,0x0,0x0,0x50,0xc,0x2f,0x7a,0x3,
0x0,0x0,0x3d,0x7b,0x3,0x0,0x0,0x4c,
0x5,0x13,0xed,0x0,0x0,0x0,0x18,0x6,
0x2,0x0,0x0,0x0,0x0,0x0,0x0,0x0,
0x44,0x0,0x0,0x0,0x2e,0x0,0x0,0x0,
0x82,0x0,0x0,0x0,0x0,0x0,0x0,0x0,
0x38,0x0,0x0,0x0,0x0,0x0,0x0,0x0,
0x38,0x0,0x0,0x0,0x0,0x0,0x1,0x0,
0xff,0xff,0xff,0xff,0x8,0x0,0x0,0x0,
0x4f,0x1,0x10,0x1,0x0,0x0,0x0,0x0,
0x0,0x0,0x7,0x0,0x0,0x0,0x0,0x0,
0x0,0x0,0x0,0x0,0x4f,0x1,0x0,0x0,
0x1,0x0,0x0,0x0,0x2f,0x7c,0x3,0x0,
0x0,0x3d,0x7d,0x3,0x0,0x0,0x18,0x7,
0x2f,0x7e,0x3,0x0,0x0,0x6c,0x7,0x50,
0xc,0x2f,0x7f,0x3,0x0,0x0,0x3d,0x80,
0x3,0x0,0x0,0x4c,0xa,0x2f,0x81,0x3,
0x0,0x0,0x3d,0x82,0x3,0x0,0x0,0x18,
0x6,0x2,0x0,0x0,0x0,0x0,0x0,0x0,
0x44,0x0,0x0,0x0,0x1e,0x0,0x0,0x0,
0x8b,0x0,0x0,0x0,0x0,0x0,0x0,0x0,
0x38,0x0,0x0,0x0,0x0,0x0,0x0,0x0,
0x38,0x0,0x0,0x0,0x0,0x0,0x1,0x0,
0xff,0xff,0xff,0xff,0x8,0x0,0x0,0x0,
0x50,0x1,0x10,0x1,0x0,0x0,0x0,0x0,
0x0,0x0,0x7,0x0,0x0,0x0,0x0,0x0,
0x0,0x0,0x0,0x0,0x50,0x1,0x0,0x0,
0x1,0x0,0x0,0x0,0x2f,0x83,0x3,0x0,
0x0,0x3d,0x84,0x3,0x0,0x0,0x18,0x7,
0x2f,0x85,0x3,0x0,0x0,0x6c,0x7,0x50,
0x4,0x10,0x2,0x4c,0x2,0x10,0x1,0x18,
0x6,0x2,0x0,0x0,0x0,0x0,0x0,0x0,
0x44,0x0,0x0,0x0,0x30,0x0,0x0,0x0,
0x8b,0x0,0x0,0x0,0x0,0x0,0x0,0x0,
0x38,0x0,0x0,0x0,0x0,0x0,0x0,0x0,
0x38,0x0,0x0,0x0,0x0,0x0,0x1,0x0,
0xff,0xff,0xff,0xff,0xd,0x0,0x0,0x0,
0x59,0x1,0x50,0x1,0x0,0x0,0x0,0x0,
0x0,0x0,0x7,0x0,0x0,0x0,0x0,0x0,
0x0,0x0,0x0,0x0,0x59,0x1,0x0,0x0,
0x1,0x0,0x0,0x0,0x2f,0x86,0x3,0x0,
0x0,0x18,0x7,0x2f,0x87,0x3,0x0,0x0,
0x3d,0x88,0x3,0x0,0x0,0x18,0xc,0x10,
0x12,0xa2,0xc,0x18,0xa,0x14,0x27,0xb,
0xad,0x89,0x3,0x0,0x0,0x7,0x0,0x0,
0x0,0x2,0x0,0x0,0x0,0xa,0x0,0x0,
0x0,0x18,0x6,0x2,0x0,0x0,0x0,0x0,
0x44,0x0,0x0,0x0,0x27,0x0,0x0,0x0,
0x7c,0x0,0x0,0x0,0x0,0x0,0x0,0x0,
0x38,0x0,0x0,0x0,0x0,0x0,0x0,0x0,
0x38,0x0,0x0,0x0,0x0,0x0,0x1,0x0,
0xff,0xff,0xff,0xff,0xb,0x0,0x0,0x0,
0x5b,0x1,0x50,0x1,0x0,0x0,0x0,0x0,
0x0,0x0,0x7,0x0,0x0,0x0,0x0,0x0,
0x0,0x0,0x0,0x0,0x5b,0x1,0x0,0x0,
0x1,0x0,0x0,0x0,0x2f,0x8a,0x3,0x0,
0x0,0x18,0x7,0x2f,0x8b,0x3,0x0,0x0,
0x3d,0x8c,0x3,0x0,0x0,0x18,0xa,0xad,
0x8d,0x3,0x0,0x0,0x7,0x0,0x0,0x0,
0x1,0x0,0x0,0x0,0xa,0x0,0x0,0x0,
0x18,0x6,0x2,0x0,0x0,0x0,0x0,0x0,
0x44,0x0,0x0,0x0,0xd,0x0,0x0,0x0,
0xce,0x0,0x0,0x0,0x0,0x0,0x0,0x0,
0x38,0x0,0x0,0x0,0x0,0x0,0x0,0x0,
0x38,0x0,0x0,0x0,0x0,0x0,0x1,0x0,
0xff,0xff,0xff,0xff,0x7,0x0,0x0,0x0,
0x5c,0x1,0x50,0x1,0x0,0x0,0x0,0x0,
0x0,0x0,0x7,0x0,0x0,0x0,0x0,0x0,
0x0,0x0,0x0,0x0,0x5c,0x1,0x0,0x0,
0x1,0x0,0x0,0x0,0x2f,0x8e,0x3,0x0,
0x0,0x3d,0x8f,0x3,0x0,0x0,0x18,0x6,
0x2,0x0,0x0,0x0,0x0,0x0,0x0,0x0,
0x44,0x0,0x0,0x0,0x27,0x0,0x0,0x0,
0xd4,0x0,0x0,0x0,0x0,0x0,0x0,0x0,
0x38,0x0,0x0,0x0,0x0,0x0,0x0,0x0,
0x38,0x0,0x0,0x0,0x0,0x0,0x1,0x0,
0xff,0xff,0xff,0xff,0xb,0x0,0x0,0x0,
0x61,0x1,0x50,0x1,0x0,0x0,0x0,0x0,
0x0,0x0,0x7,0x0,0x0,0x0,0x0,0x0,
0x0,0x0,0x0,0x0,0x61,0x1,0x0,0x0,
0x1,0x0,0x0,0x0,0x2f,0x90,0x3,0x0,
0x0,0x18,0x7,0x2f,0x91,0x3,0x0,0x0,
0x3d,0x92,0x3,0x0,0x0,0x18,0xa,0xad,
0x93,0x3,0x0,0x0,0x7,0x0,0x0,0x0,
0x1,0x0,0x0,0x0,0xa,0x0,0x0,0x0,
0x18,0x6,0x2,0x0,0x0,0x0,0x0,0x0,
0x44,0x0,0x0,0x0,0xd,0x0,0x0,0x0,
0xd6,0x0,0x0,0x0,0x0,0x0,0x0,0x0,
0x38,0x0,0x0,0x0,0x0,0x0,0x0,0x0,
0x38,0x0,0x0,0x0,0x0,0x0,0x1,0x0,
0xff,0xff,0xff,0xff,0x7,0x0,0x0,0x0,
0x62,0x1,0x50,0x1,0x0,0x0,0x0,0x0,
0x0,0x0,0x7,0x0,0x0,0x0,0x0,0x0,
0x0,0x0,0x0,0x0,0x62,0x1,0x0,0x0,
0x1,0x0,0x0,0x0,0x2f,0x94,0x3,0x0,
0x0,0x3d,0x95,0x3,0x0,0x0,0x18,0x6,
0x2,0x0,0x0,0x0,0x0,0x0,0x0,0x0,
0x44,0x0,0x0,0x0,0xd,0x0,0x0,0x0,
0x85,0x0,0x0,0x0,0x0,0x0,0x0,0x0,
0x38,0x0,0x0,0x0,0x0,0x0,0x0,0x0,
0x38,0x0,0x0,0x0,0x0,0x0,0x1,0x0,
0xff,0xff,0xff,0xff,0x7,0x0,0x0,0x0,
0x55,0x1,0x90,0x1,0x0,0x0,0x0,0x0,
0x0,0x0,0x7,0x0,0x0,0x0,0x0,0x0,
0x0,0x0,0x0,0x0,0x55,0x1,0x0,0x0,
0x1,0x0,0x0,0x0,0x2f,0x96,0x3,0x0,
0x0,0x3d,0x97,0x3,0x0,0x0,0x18,0x6,
0x2,0x0,0x0,0x0,0x0,0x0,0x0,0x0,
0x44,0x0,0x0,0x0,0xd,0x0,0x0,0x0,
0xcb,0x0,0x0,0x0,0x0,0x0,0x0,0x0,
0x38,0x0,0x0,0x0,0x0,0x0,0x0,0x0,
0x38,0x0,0x0,0x0,0x0,0x0,0x1,0x0,
0xff,0xff,0xff,0xff,0x7,0x0,0x0,0x0,
0x56,0x1,0x90,0x1,0x0,0x0,0x0,0x0,
0x0,0x0,0x7,0x0,0x0,0x0,0x0,0x0,
0x0,0x0,0x0,0x0,0x56,0x1,0x0,0x0,
0x1,0x0,0x0,0x0,0x2f,0x98,0x3,0x0,
0x0,0x3d,0x99,0x3,0x0,0x0,0x18,0x6,
0x2,0x0,0x0,0x0,0x0,0x0,0x0,0x0,
0x44,0x0,0x0,0x0,0x22,0x0,0x0,0x0,
0xda,0x0,0x0,0x0,0x0,0x0,0x0,0x0,
0x38,0x0,0x0,0x0,0x0,0x0,0x0,0x0,
0x38,0x0,0x0,0x0,0x0,0x0,0x1,0x0,
0xff,0xff,0xff,0xff,0xb,0x0,0x0,0x0,
0x6c,0x1,0x50,0x1,0x0,0x0,0x0,0x0,
0x0,0x0,0x7,0x0,0x0,0x0,0x0,0x0,
0x0,0x0,0x0,0x0,0x6c,0x1,0x0,0x0,
0x1,0x0,0x0,0x0,0x2f,0x9a,0x3,0x0,
0x0,0x3d,0x9b,0x3,0x0,0x0,0x18,0xa,
0x10,0x1,0x80,0xa,0x18,0x9,0xb5,0x9c,
0x3,0x0,0x0,0x1,0x0,0x0,0x0,0x9,
0x0,0x0,0x0,0x18,0x6,0x2,0x0,0x0,
0x0,0x0,0x0,0x0,0x0,0x0,0x0,0x0,
0x44,0x0,0x0,0x0,0x2e,0x0,0x0,0x0,
0x82,0x0,0x0,0x0,0x0,0x0,0x0,0x0,
0x38,0x0,0x0,0x0,0x0,0x0,0x0,0x0,
0x38,0x0,0x0,0x0,0x0,0x0,0x1,0x0,
0xff,0xff,0xff,0xff,0x8,0x0,0x0,0x0,
0x6d,0x1,0x50,0x1,0x0,0x0,0x0,0x0,
0x0,0x0,0x7,0x0,0x0,0x0,0x0,0x0,
0x0,0x0,0x0,0x0,0x6d,0x1,0x0,0x0,
0x1,0x0,0x0,0x0,0x2f,0x9d,0x3,0x0,
0x0,0x3d,0x9e,0x3,0x0,0x0,0x18,0x7,
0x2f,0x9f,0x3,0x0,0x0,0x6c,0x7,0x50,
0xc,0x2f,0xa0,0x3,0x0,0x0,0x3d,0xa1,
0x3,0x0,0x0,0x4c,0xa,0x2f,0xa2,0x3,
0x0,0x0,0x3d,0xa3,0x3,0x0,0x0,0x18,
0x6,0x2,0x0,0x0,0x0,0x0,0x0,0x0,
0x44,0x0,0x0,0x0,0xd,0x0,0x0,0x0,
0xdc,0x0,0x0,0x0,0x0,0x0,0x0,0x0,
0x38,0x0,0x0,0x0,0x0,0x0,0x0,0x0,
0x38,0x0,0x0,0x0,0x0,0x0,0x1,0x0,
0xff,0xff,0xff,0xff,0x7,0x0,0x0,0x0,
0x70,0x1,0x50,0x1,0x0,0x0,0x0,0x0,
0x0,0x0,0x7,0x0,0x0,0x0,0x0,0x0,
0x0,0x0,0x0,0x0,0x70,0x1,0x0,0x0,
0x1,0x0,0x0,0x0,0x2f,0xa4,0x3,0x0,
0x0,0x3d,0xa5,0x3,0x0,0x0,0x18,0x6,
0x2,0x0,0x0,0x0,0x0,0x0,0x0,0x0,
0x44,0x0,0x0,0x0,0xd,0x0,0x0,0x0,
0x89,0x0,0x0,0x0,0x0,0x0,0x0,0x0,
0x38,0x0,0x0,0x0,0x0,0x0,0x0,0x0,
0x38,0x0,0x0,0x0,0x0,0x0,0x1,0x0,
0xff,0xff,0xff,0xff,0x7,0x0,0x0,0x0,
0x67,0x1,0x90,0x1,0x0,0x0,0x0,0x0,
0x0,0x0,0x7,0x0,0x0,0x0,0x0,0x0,
0x0,0x0,0x0,0x0,0x67,0x1,0x0,0x0,
0x1,0x0,0x0,0x0,0x2f,0xa6,0x3,0x0,
0x0,0x3d,0xa7,0x3,0x0,0x0,0x18,0x6,
0x2,0x0,0x0,0x0,0x0,0x0,0x0,0x0,
0x44,0x0,0x0,0x0,0xd,0x0,0x0,0x0,
0xd8,0x0,0x0,0x0,0x0,0x0,0x0,0x0,
0x38,0x0,0x0,0x0,0x0,0x0,0x0,0x0,
0x38,0x0,0x0,0x0,0x0,0x0,0x1,0x0,
0xff,0xff,0xff,0xff,0x7,0x0,0x0,0x0,
0x68,0x1,0x90,0x1,0x0,0x0,0x0,0x0,
0x0,0x0,0x7,0x0,0x0,0x0,0x0,0x0,
0x0,0x0,0x0,0x0,0x68,0x1,0x0,0x0,
0x1,0x0,0x0,0x0,0x2f,0xa8,0x3,0x0,
0x0,0x3d,0xa9,0x3,0x0,0x0,0x18,0x6,
0x2,0x0,0x0,0x0,0x0,0x0,0x0,0x0,
0x44,0x0,0x0,0x0,0xd,0x0,0x0,0x0,
0x87,0x0,0x0,0x0,0x0,0x0,0x0,0x0,
0x38,0x0,0x0,0x0,0x0,0x0,0x0,0x0,
0x38,0x0,0x0,0x0,0x0,0x0,0x1,0x0,
0xff,0xff,0xff,0xff,0x7,0x0,0x0,0x0,
0x69,0x1,0x90,0x1,0x0,0x0,0x0,0x0,
0x0,0x0,0x7,0x0,0x0,0x0,0x0,0x0,
0x0,0x0,0x0,0x0,0x69,0x1,0x0,0x0,
0x1,0x0,0x0,0x0,0x2f,0xaa,0x3,0x0,
0x0,0x3d,0xab,0x3,0x0,0x0,0x18,0x6,
0x2,0x0,0x0,0x0,0x0,0x0,0x0,0x0,
0x44,0x0,0x0,0x0,0x2e,0x0,0x0,0x0,
0xa5,0x0,0x0,0x0,0x0,0x0,0x0,0x0,
0x38,0x0,0x0,0x0,0x0,0x0,0x0,0x0,
0x38,0x0,0x0,0x0,0x0,0x0,0x1,0x0,
0xff,0xff,0xff,0xff,0x8,0x0,0x0,0x0,
0x6f,0x1,0x50,0x1,0x0,0x0,0x0,0x0,
0x0,0x0,0x7,0x0,0x0,0x0,0x0,0x0,
0x0,0x0,0x0,0x0,0x6f,0x1,0x0,0x0,
0x1,0x0,0x0,0x0,0x2f,0xac,0x3,0x0,
0x0,0x3d,0xad,0x3,0x0,0x0,0x18,0x7,
0x2f,0xae,0x3,0x0,0x0,0x6c,0x7,0x50,
0xc,0x2f,0xaf,0x3,0x0,0x0,0x3d,0xb0,
0x3,0x0,0x0,0x4c,0xa,0x2f,0xb1,0x3,
0x0,0x0,0x3d,0xb2,0x3,0x0,0x0,0x18,
0x6,0x2,0x0,0x0,0x0,0x0,0x0,0x0,
0x74,0x0,0x0,0x0,0x5f,0x0,0x0,0x0,
0xa8,0x0,0x0,0x0,0x0,0x0,0x0,0x0,
0x38,0x0,0x0,0x0,0x0,0x0,0x0,0x0,
0x38,0x0,0x0,0x0,0x0,0x0,0x5,0x0,
0xff,0xff,0xff,0xff,0xb,0x0,0x0,0x0,
0x77,0x1,0x50,0x1,0x0,0x0,0x0,0x0,
0x0,0x0,0x7,0x0,0x0,0x0,0x0,0x0,
0x0,0x0,0x0,0x0,0x77,0x1,0x0,0x0,
0x0,0x0,0x0,0x0,0x1,0x0,0x0,0x0,
0x78,0x1,0x0,0x0,0x2,0x0,0x0,0x0,
0xd,0x0,0x0,0x0,0x79,0x1,0x0,0x0,
0x3,0x0,0x0,0x0,0x35,0x0,0x0,0x0,
0x7b,0x1,0x0,0x0,0x4,0x0,0x0,0x0,
0x5b,0x0,0x0,0x0,0x7c,0x1,0x0,0x0,
0x4,0x0,0x0,0x0,0xca,0x2f,0xb3,0x3,
0x0,0x0,0x3d,0xb4,0x3,0x0,0x0,0x50,
0x28,0x2f,0xb5,0x3,0x0,0x0,0x18,0x7,
0x2f,0xb6,0x3,0x0,0x0,0x3d,0xb7,0x3,
0x0,0x0,0x18,0xa,0xad,0xb8,0x3,0x0,
0x0,0x7,0x0,0x0,0x0,0x1,0x0,0x0,
0x0,0xa,0x0,0x0,0x0,0x18,0x6,0x4c,
0x26,0x2f,0xb9,0x3,0x0,0x0,0x18,0x7,
0x2f,0xba,0x3,0x0,0x0,0x3d,0xbb,0x3,
0x0,0x0,0x18,0xa,0xad,0xbc,0x3,0x0,
0x0,0x7,0x0,0x0,0x0,0x1,0x0,0x0,
0x0,0xa,0x0,0x0,0x0,0x18,0x6,0xd4,
0x16,0x6,0x2,0x0,0x0,0x0,0x0,0x0,
0x44,0x0,0x0,0x0,0x8,0x0,0x0,0x0,
0x80,0x0,0x0,0x0,0x0,0x0,0x0,0x0,
0x38,0x0,0x0,0x0,0x0,0x0,0x0,0x0,
0x38,0x0,0x0,0x0,0x0,0x0,0x1,0x0,
0xff,0xff,0xff,0xff,0x7,0x0,0x0,0x0,
0x75,0x1,0x50,0x1,0x0,0x0,0x0,0x0,
0x0,0x0,0x7,0x0,0x0,0x0,0x0,0x0,
0x0,0x0,0x0,0x0,0x75,0x1,0x0,0x0,
0x1,0x0,0x0,0x0,0x2f,0xbd,0x3,0x0,
0x0,0x18,0x6,0x2,0x0,0x0,0x0,0x0,
0x50,0x0,0x0,0x0,0x2b,0x0,0x0,0x0,
0x78,0x0,0x0,0x0,0x0,0x0,0x0,0x0,
0x38,0x0,0x0,0x0,0x0,0x0,0x0,0x0,
0x38,0x0,0x0,0x0,0x0,0x0,0x2,0x0,
0xff,0xff,0xff,0xff,0xb,0x0,0x0,0x0,
0x7f,0x1,0x10,0x1,0x0,0x0,0x0,0x0,
0x0,0x0,0x7,0x0,0x0,0x0,0x0,0x0,
0x0,0x0,0x0,0x0,0x7f,0x1,0x0,0x0,
0x0,0x0,0x0,0x0,0x1,0x0,0x0,0x0,
0x7f,0x1,0x0,0x0,0x1,0x0,0x0,0x0,
0xca,0x2f,0xbe,0x3,0x0,0x0,0x18,0x7,
0x2f,0xbf,0x3,0x0,0x0,0x3d,0xc0,0x3,
0x0,0x0,0x18,0xa,0xad,0xc1,0x3,0x0,
0x0,0x7,0x0,0x0,0x0,0x1,0x0,0x0,
0x0,0xa,0x0,0x0,0x0,0x18,0x6,0xd4,
0x16,0x6,0x2,0x0,0x0,0x0,0x0,0x0,
0x44,0x0,0x0,0x0,0xd,0x0,0x0,0x0,
0xb5,0x0,0x0,0x0,0x0,0x0,0x0,0x0,
0x38,0x0,0x0,0x0,0x0,0x0,0x0,0x0,
0x38,0x0,0x0,0x0,0x0,0x0,0x1,0x0,
0xff,0xff,0xff,0xff,0x7,0x0,0x0,0x0,
0x8d,0x1,0xd0,0x0,0x0,0x0,0x0,0x0,
0x0,0x0,0x7,0x0,0x0,0x0,0x0,0x0,
0x0,0x0,0x0,0x0,0x8d,0x1,0x0,0x0,
0x1,0x0,0x0,0x0,0x2f,0xc2,0x3,0x0,
0x0,0x3d,0xc3,0x3,0x0,0x0,0x18,0x6,
0x2,0x0,0x0,0x0,0x0,0x0,0x0,0x0,
0x44,0x0,0x0,0x0,0x8,0x0,0x0,0x0,
0x80,0x0,0x0,0x0,0x0,0x0,0x0,0x0,
0x38,0x0,0x0,0x0,0x0,0x0,0x0,0x0,
0x38,0x0,0x0,0x0,0x0,0x0,0x1,0x0,
0xff,0xff,0xff,0xff,0x7,0x0,0x0,0x0,
0x89,0x1,0xd0,0x0,0x0,0x0,0x0,0x0,
0x0,0x0,0x7,0x0,0x0,0x0,0x0,0x0,
0x0,0x0,0x0,0x0,0x89,0x1,0x0,0x0,
0x1,0x0,0x0,0x0,0x2f,0xc4,0x3,0x0,
0x0,0x18,0x6,0x2,0x0,0x0,0x0,0x0,
0x44,0x0,0x0,0x0,0xd,0x0,0x0,0x0,
0x8b,0x0,0x0,0x0,0x0,0x0,0x0,0x0,
0x38,0x0,0x0,0x0,0x0,0x0,0x0,0x0,
0x38,0x0,0x0,0x0,0x0,0x0,0x1,0x0,
0xff,0xff,0xff,0xff,0x7,0x0,0x0,0x0,
0x93,0x1,0x10,0x1,0x0,0x0,0x0,0x0,
0x0,0x0,0x7,0x0,0x0,0x0,0x0,0x0,
0x0,0x0,0x0,0x0,0x93,0x1,0x0,0x0,
0x1,0x0,0x0,0x0,0x2f,0xc5,0x3,0x0,
0x0,0x3d,0xc6,0x3,0x0,0x0,0x18,0x6,
0x2,0x0,0x0,0x0,0x0,0x0,0x0,0x0,
0x44,0x0,0x0,0x0,0xd,0x0,0x0,0x0,
0x96,0x0,0x0,0x0,0x0,0x0,0x0,0x0,
0x38,0x0,0x0,0x0,0x0,0x0,0x0,0x0,
0x38,0x0,0x0,0x0,0x0,0x0,0x1,0x0,
0xff,0xff,0xff,0xff,0x7,0x0,0x0,0x0,
0x95,0x1,0x10,0x1,0x0,0x0,0x0,0x0,
0x0,0x0,0x7,0x0,0x0,0x0,0x0,0x0,
0x0,0x0,0x0,0x0,0x95,0x1,0x0,0x0,
0x1,0x0,0x0,0x0,0x2f,0xc7,0x3,0x0,
0x0,0x3d,0xc8,0x3,0x0,0x0,0x18,0x6,
0x2,0x0,0x0,0x0,0x0,0x0,0x0,0x0,
0x44,0x0,0x0,0x0,0x20,0x0,0x0,0x0,
0x82,0x0,0x0,0x0,0x0,0x0,0x0,0x0,
0x38,0x0,0x0,0x0,0x0,0x0,0x0,0x0,
0x38,0x0,0x0,0x0,0x0,0x0,0x1,0x0,
0xff,0xff,0xff,0xff,0x7,0x0,0x0,0x0,
0x96,0x1,0x10,0x1,0x0,0x0,0x0,0x0,
0x0,0x0,0x7,0x0,0x0,0x0,0x0,0x0,
0x0,0x0,0x0,0x0,0x96,0x1,0x0,0x0,
0x1,0x0,0x0,0x0,0x2f,0xc9,0x3,0x0,
0x0,0x3d,0xca,0x3,0x0,0x0,0x50,0xc,
0x2f,0xcb,0x3,0x0,0x0,0x3d,0xcc,0x3,
0x0,0x0,0x4c,0x5,0x13,0xed,0x0,0x0,
0x0,0x18,0x6,0x2,0x0,0x0,0x0,0x0,
0x44,0x0,0x0,0x0,0x2e,0x0,0x0,0x0,
0x82,0x0,0x0,0x0,0x0,0x0,0x0,0x0,
0x38,0x0,0x0,0x0,0x0,0x0,0x0,0x0,
0x38,0x0,0x0,0x0,0x0,0x0,0x1,0x0,
0xff,0xff,0xff,0xff,0x8,0x0,0x0,0x0,
0x97,0x1,0x10,0x1,0x0,0x0,0x0,0x0,
0x0,0x0,0x7,0x0,0x0,0x0,0x0,0x0,
0x0,0x0,0x0,0x0,0x97,0x1,0x0,0x0,
0x1,0x0,0x0,0x0,0x2f,0xcd,0x3,0x0,
0x0,0x3d,0xce,0x3,0x0,0x0,0x18,0x7,
0x2f,0xcf,0x3,0x0,0x0,0x3d,0xd0,0x3,
0x0,0x0,0x6c,0x7,0x50,0xc,0x2f,0xd1,
0x3,0x0,0x0,0x3d,0xd2,0x3,0x0,0x0,
0x4c,0x5,0x13,0xed,0x0,0x0,0x0,0x18,
0x6,0x2,0x0,0x0,0x0,0x0,0x0,0x0,
0x44,0x0,0x0,0x0,0x14,0x0,0x0,0x0,
0xda,0x0,0x0,0x0,0x0,0x0,0x0,0x0,
0x38,0x0,0x0,0x0,0x0,0x0,0x0,0x0,
0x38,0x0,0x0,0x0,0x0,0x0,0x1,0x0,
0xff,0xff,0xff,0xff,0x7,0x0,0x0,0x0,
0xa1,0x1,0x50,0x1,0x0,0x0,0x0,0x0,
0x0,0x0,0x7,0x0,0x0,0x0,0x0,0x0,
0x0,0x0,0x0,0x0,0xa1,0x1,0x0,0x0,
0x1,0x0,0x0,0x0,0x2f,0xd3,0x3,0x0,
0x0,0x3d,0xd4,0x3,0x0,0x0,0x4e,0x5,
0x13,0xfd,0x1,0x0,0x0,0x18,0x6,0x2,
0x0,0x0,0x0,0x0,0x0,0x0,0x0,0x0,
0x44,0x0,0x0,0x0,0xd,0x0,0x0,0x0,
0x82,0x0,0x0,0x0,0x0,0x0,0x0,0x0,
0x38,0x0,0x0,0x0,0x0,0x0,0x0,0x0,
0x38,0x0,0x0,0x0,0x0,0x0,0x1,0x0,
0xff,0xff,0xff,0xff,0x7,0x0,0x0,0x0,
0xa2,0x1,0x50,0x1,0x0,0x0,0x0,0x0,
0x0,0x0,0x7,0x0,0x0,0x0,0x0,0x0,
0x0,0x0,0x0,0x0,0xa2,0x1,0x0,0x0,
0x1,0x0,0x0,0x0,0x2f,0xd5,0x3,0x0,
0x0,0x3d,0xd6,0x3,0x0,0x0,0x18,0x6,
0x2,0x0,0x0,0x0,0x0,0x0,0x0,0x0,
0x44,0x0,0x0,0x0,0xd,0x0,0x0,0x0,
0xea,0x0,0x0,0x0,0x0,0x0,0x0,0x0,
0x38,0x0,0x0,0x0,0x0,0x0,0x0,0x0,
0x38,0x0,0x0,0x0,0x0,0x0,0x1,0x0,
0xff,0xff,0xff,0xff,0x7,0x0,0x0,0x0,
0xa4,0x1,0x50,0x1,0x0,0x0,0x0,0x0,
0x0,0x0,0x7,0x0,0x0,0x0,0x0,0x0,
0x0,0x0,0x0,0x0,0xa4,0x1,0x0,0x0,
0x1,0x0,0x0,0x0,0x2f,0xd7,0x3,0x0,
0x0,0x3d,0xd8,0x3,0x0,0x0,0x18,0x6,
0x2,0x0,0x0,0x0,0x0,0x0,0x0,0x0,
0x44,0x0,0x0,0x0,0xd,0x0,0x0,0x0,
0x89,0x0,0x0,0x0,0x0,0x0,0x0,0x0,
0x38,0x0,0x0,0x0,0x0,0x0,0x0,0x0,
0x38,0x0,0x0,0x0,0x0,0x0,0x1,0x0,
0xff,0xff,0xff,0xff,0x7,0x0,0x0,0x0,
0x9b,0x1,0x90,0x1,0x0,0x0,0x0,0x0,
0x0,0x0,0x7,0x0,0x0,0x0,0x0,0x0,
0x0,0x0,0x0,0x0,0x9b,0x1,0x0,0x0,
0x1,0x0,0x0,0x0,0x2f,0xd9,0x3,0x0,
0x0,0x3d,0xda,0x3,0x0,0x0,0x18,0x6,
0x2,0x0,0x0,0x0,0x0,0x0,0x0,0x0,
0x44,0x0,0x0,0x0,0xd,0x0,0x0,0x0,
0xd8,0x0,0x0,0x0,0x0,0x0,0x0,0x0,
0x38,0x0,0x0,0x0,0x0,0x0,0x0,0x0,
0x38,0x0,0x0,0x0,0x0,0x0,0x1,0x0,
0xff,0xff,0xff,0xff,0x7,0x0,0x0,0x0,
0x9c,0x1,0x90,0x1,0x0,0x0,0x0,0x0,
0x0,0x0,0x7,0x0,0x0,0x0,0x0,0x0,
0x0,0x0,0x0,0x0,0x9c,0x1,0x0,0x0,
0x1,0x0,0x0,0x0,0x2f,0xdb,0x3,0x0,
0x0,0x3d,0xdc,0x3,0x0,0x0,0x18,0x6,
0x2,0x0,0x0,0x0,0x0,0x0,0x0,0x0,
0x44,0x0,0x0,0x0,0xd,0x0,0x0,0x0,
0xe5,0x0,0x0,0x0,0x0,0x0,0x0,0x0,
0x38,0x0,0x0,0x0,0x0,0x0,0x0,0x0,
0x38,0x0,0x0,0x0,0x0,0x0,0x1,0x0,
0xff,0xff,0xff,0xff,0x7,0x0,0x0,0x0,
0x9d,0x1,0x90,0x1,0x0,0x0,0x0,0x0,
0x0,0x0,0x7,0x0,0x0,0x0,0x0,0x0,
0x0,0x0,0x0,0x0,0x9d,0x1,0x0,0x0,
0x1,0x0,0x0,0x0,0x2f,0xdd,0x3,0x0,
0x0,0x3d,0xde,0x3,0x0,0x0,0x18,0x6,
0x2,0x0,0x0,0x0,0x0,0x0,0x0,0x0,
0x44,0x0,0x0,0x0,0x1b,0x0,0x0,0x0,
0xe7,0x0,0x0,0x0,0x0,0x0,0x0,0x0,
0x38,0x0,0x0,0x0,0x0,0x0,0x0,0x0,
0x38,0x0,0x0,0x0,0x0,0x0,0x1,0x0,
0xff,0xff,0xff,0xff,0x9,0x0,0x0,0x0,
0x9e,0x1,0x90,0x1,0x0,0x0,0x0,0x0,
0x0,0x0,0x7,0x0,0x0,0x0,0x0,0x0,
0x0,0x0,0x0,0x0,0x9e,0x1,0x0,0x0,
0x1,0x0,0x0,0x0,0x14,0x28,0x7,0x2f,
0xdf,0x3,0x0,0x0,0x3d,0xe0,0x3,0x0,
0x0,0x4e,0x1,0x6,0x18,0x8,0x10,0xe,
0x9c,0x8,0x80,0x7,0x18,0x6,0x2,0x0,
0x0,0x0,0x0,0x0,0x0,0x0,0x0,0x0,
0x68,0x0,0x0,0x0,0x47,0x0,0x0,0x0,
0xa8,0x0,0x0,0x0,0x0,0x0,0x0,0x0,
0x38,0x0,0x0,0x0,0x0,0x0,0x0,0x0,
0x38,0x0,0x0,0x0,0x0,0x0,0x4,0x0,
0xff,0xff,0xff,0xff,0xc,0x0,0x0,0x0,
0xab,0x1,0x50,0x1,0x0,0x0,0x0,0x0,
0x0,0x0,0x7,0x0,0x0,0x0,0x0,0x0,
0x0,0x0,0x0,0x0,0xab,0x1,0x0,0x0,
0x0,0x0,0x0,0x0,0x1,0x0,0x0,0x0,
0xac,0x1,0x0,0x0,0x2,0x0,0x0,0x0,
0xd,0x0,0x0,0x0,0xad,0x1,0x0,0x0,
0x3,0x0,0x0,0x0,0x43,0x0,0x0,0x0,
0xae,0x1,0x0,0x0,0x3,0x0,0x0,0x0,
0xca,0x2f,0xe1,0x3,0x0,0x0,0x3d,0xe2,
0x3,0x0,0x0,0x50,0x36,0x2f,0xe3,0x3,
0x0,0x0,0x18,0x7,0x2f,0xe4,0x3,0x0,
0x0,0x3d,0xe5,0x3,0x0,0x0,0x4e,0x2,
0x12,0x0,0x18,0xa,0x2f,0xe6,0x3,0x0,
0x0,0x3d,0xe7,0x3,0x0,0x0,0x18,0xb,
0xad,0xe8,0x3,0x0,0x0,0x7,0x0,0x0,
0x0,0x2,0x0,0x0,0x0,0xa,0x0,0x0,
0x0,0x18,0x6,0xd4,0x16,0x6,0x2,0x0,
0x0,0x0,0x0,0x0,0x0,0x0,0x0,0x0,
0x44,0x0,0x0,0x0,0x8,0x0,0x0,0x0,
0x80,0x0,0x0,0x0,0x0,0x0,0x0,0x0,
0x38,0x0,0x0,0x0,0x0,0x0,0x0,0x0,
0x38,0x0,0x0,0x0,0x0,0x0,0x1,0x0,
0xff,0xff,0xff,0xff,0x7,0x0,0x0,0x0,
0xa9,0x1,0x50,0x1,0x0,0x0,0x0,0x0,
0x0,0x0,0x7,0x0,0x0,0x0,0x0,0x0,
0x0,0x0,0x0,0x0,0xa9,0x1,0x0,0x0,
0x1,0x0,0x0,0x0,0x2f,0xe9,0x3,0x0,
0x0,0x18,0x6,0x2,0x0,0x0,0x0,0x0,
0x44,0x0,0x0,0x0,0x8,0x0,0x0,0x0,
0x80,0x0,0x0,0x0,0x0,0x0,0x0,0x0,
0x38,0x0,0x0,0x0,0x0,0x0,0x0,0x0,
0x38,0x0,0x0,0x0,0x0,0x0,0x1,0x0,
0xff,0xff,0xff,0xff,0x7,0x0,0x0,0x0,
0xb8,0x1,0xd0,0x0,0x0,0x0,0x0,0x0,
0x0,0x0,0x7,0x0,0x0,0x0,0x0,0x0,
0x0,0x0,0x0,0x0,0xb8,0x1,0x0,0x0,
0x1,0x0,0x0,0x0,0x2f,0xea,0x3,0x0,
0x0,0x18,0x6,0x2,0x0,0x0,0x0,0x0,
0x44,0x0,0x0,0x0,0x8,0x0,0x0,0x0,
0x80,0x0,0x0,0x0,0x0,0x0,0x0,0x0,
0x38,0x0,0x0,0x0,0x0,0x0,0x0,0x0,
0x38,0x0,0x0,0x0,0x0,0x0,0x1,0x0,
0xff,0xff,0xff,0xff,0x7,0x0,0x0,0x0,
0xbb,0x1,0x10,0x1,0x0,0x0,0x0,0x0,
0x0,0x0,0x7,0x0,0x0,0x0,0x0,0x0,
0x0,0x0,0x0,0x0,0xbb,0x1,0x0,0x0,
0x1,0x0,0x0,0x0,0x2f,0xeb,0x3,0x0,
0x0,0x18,0x6,0x2,0x0,0x0,0x0,0x0,
0x44,0x0,0x0,0x0,0xd,0x0,0x0,0x0,
0x8b,0x0,0x0,0x0,0x0,0x0,0x0,0x0,
0x38,0x0,0x0,0x0,0x0,0x0,0x0,0x0,
0x38,0x0,0x0,0x0,0x0,0x0,0x1,0x0,
0xff,0xff,0xff,0xff,0x7,0x0,0x0,0x0,
0xc0,0x1,0x50,0x1,0x0,0x0,0x0,0x0,
0x0,0x0,0x7,0x0,0x0,0x0,0x0,0x0,
0x0,0x0,0x0,0x0,0xc0,0x1,0x0,0x0,
0x1,0x0,0x0,0x0,0x2f,0xec,0x3,0x0,
0x0,0x3d,0xed,0x3,0x0,0x0,0x18,0x6,
0x2,0x0,0x0,0x0,0x0,0x0,0x0,0x0,
0x44,0x0,0x0,0x0,0xd,0x0,0x0,0x0,
0x96,0x0,0x0,0x0,0x0,0x0,0x0,0x0,
0x38,0x0,0x0,0x0,0x0,0x0,0x0,0x0,
0x38,0x0,0x0,0x0,0x0,0x0,0x1,0x0,
0xff,0xff,0xff,0xff,0x7,0x0,0x0,0x0,
0xc2,0x1,0x50,0x1,0x0,0x0,0x0,0x0,
0x0,0x0,0x7,0x0,0x0,0x0,0x0,0x0,
0x0,0x0,0x0,0x0,0xc2,0x1,0x0,0x0,
0x1,0x0,0x0,0x0,0x2f,0xee,0x3,0x0,
0x0,0x3d,0xef,0x3,0x0,0x0,0x18,0x6,
0x2,0x0,0x0,0x0,0x0,0x0,0x0,0x0,
0x44,0x0,0x0,0x0,0xd,0x0,0x0,0x0,
0x82,0x0,0x0,0x0,0x0,0x0,0x0,0x0,
0x38,0x0,0x0,0x0,0x0,0x0,0x0,0x0,
0x38,0x0,0x0,0x0,0x0,0x0,0x1,0x0,
0xff,0xff,0xff,0xff,0x7,0x0,0x0,0x0,
0xc3,0x1,0x50,0x1,0x0,0x0,0x0,0x0,
0x0,0x0,0x7,0x0,0x0,0x0,0x0,0x0,
0x0,0x0,0x0,0x0,0xc3,0x1,0x0,0x0,
0x1,0x0,0x0,0x0,0x2f,0xf0,0x3,0x0,
0x0,0x3d,0xf1,0x3,0x0,0x0,0x18,0x6,
0x2,0x0,0x0,0x0,0x0,0x0,0x0,0x0,
0x44,0x0,0x0,0x0,0xd,0x0,0x0,0x0,
0x82,0x0,0x0,0x0,0x0,0x0,0x0,0x0,
0x38,0x0,0x0,0x0,0x0,0x0,0x0,0x0,
0x38,0x0,0x0,0x0,0x0,0x0,0x1,0x0,
0xff,0xff,0xff,0xff,0x7,0x0,0x0,0x0,
0xc4,0x1,0x50,0x1,0x0,0x0,0x0,0x0,
0x0,0x0,0x7,0x0,0x0,0x0,0x0,0x0,
0x0,0x0,0x0,0x0,0xc4,0x1,0x0,0x0,
0x1,0x0,0x0,0x0,0x2f,0xf2,0x3,0x0,
0x0,0x3d,0xf3,0x3,0x0,0x0,0x18,0x6,
0x2,0x0,0x0,0x0,0x0,0x0,0x0,0x0,
0x44,0x0,0x0,0x0,0x8,0x0,0x0,0x0,
0x80,0x0,0x0,0x0,0x0,0x0,0x0,0x0,
0x38,0x0,0x0,0x0,0x0,0x0,0x0,0x0,
0x38,0x0,0x0,0x0,0x0,0x0,0x1,0x0,
0xff,0xff,0xff,0xff,0x7,0x0,0x0,0x0,
0xc7,0x1,0x90,0x1,0x0,0x0,0x0,0x0,
0x0,0x0,0x7,0x0,0x0,0x0,0x0,0x0,
0x0,0x0,0x0,0x0,0xc7,0x1,0x0,0x0,
0x1,0x0,0x0,0x0,0x2f,0xf4,0x3,0x0,
0x0,0x18,0x6,0x2,0x0,0x0,0x0,0x0,
0x44,0x0,0x0,0x0,0x4f,0x0,0x0,0x0,
0xda,0x0,0x0,0x0,0x0,0x0,0x0,0x0,
0x38,0x0,0x0,0x0,0x0,0x0,0x0,0x0,
0x38,0x0,0x0,0x0,0x0,0x0,0x1,0x0,
0xff,0xff,0xff,0xff,0xa,0x0,0x0,0x0,
0xcc,0x1,0xd0,0x1,0x0,0x0,0x0,0x0,
0x0,0x0,0x7,0x0,0x0,0x0,0x0,0x0,
0x0,0x0,0x0,0x0,0xcc,0x1,0x0,0x0,
0x1,0x0,0x0,0x0,0x2f,0xf5,0x3,0x0,
0x0,0x3d,0xf6,0x3,0x0,0x0,0x18,0x7,
0xad,0xf7,0x3,0x0,0x0,0x7,0x0,0x0,
0x0,0x0,0x0,0x0,0x0,0x0,0x0,0x0,
0x0,0x3d,0xf8,0x3,0x0,0x0,0x18,0x7,
0x6,0x64,0x7,0x50,0x1e,0x13,0x1,0x2,
0x0,0x0,0x18,0x8,0x2f,0xf9,0x3,0x0,
0x0,0x3d,0xfa,0x3,0x0,0x0,0x80,0x8,
0x18,0x9,0x13,0x1,0x2,0x0,0x0,0x80,
0x9,0x4c,0x5,0x13,0x2,0x2,0x0,0x0,
0x18,0x6,0x2,0x0,0x0,0x0,0x0,0x0,
0x44,0x0,0x0,0x0,0xd,0x0,0x0,0x0,
0x82,0x0,0x0,0x0,0x0,0x0,0x0,0x0,
0x38,0x0,0x0,0x0,0x0,0x0,0x0,0x0,
0x38,0x0,0x0,0x0,0x0,0x0,0x1,0x0,
0xff,0xff,0xff,0xff,0x7,0x0,0x0,0x0,
0xcd,0x1,0xd0,0x1,0x0,0x0,0x0,0x0,
0x0,0x0,0x7,0x0,0x0,0x0,0x0,0x0,
0x0,0x0,0x0,0x0,0xcd,0x1,0x0,0x0,
0x1,0x0,0x0,0x0,0x2f,0xfb,0x3,0x0,
0x0,0x3d,0xfc,0x3,0x0,0x0,0x18,0x6,
0x2,0x0,0x0,0x0,0x0,0x0,0x0,0x0,
0x44,0x0,0x0,0x0,0xd,0x0,0x0,0x0,
0xea,0x0,0x0,0x0,0x0,0x0,0x0,0x0,
0x38,0x0,0x0,0x0,0x0,0x0,0x0,0x0,
0x38,0x0,0x0,0x0,0x0,0x0,0x1,0x0,
0xff,0xff,0xff,0xff,0x7,0x0,0x0,0x0,
0xd0,0x1,0xd0,0x1,0x0,0x0,0x0,0x0,
0x0,0x0,0x7,0x0,0x0,0x0,0x0,0x0,
0x0,0x0,0x0,0x0,0xd0,0x1,0x0,0x0,
0x1,0x0,0x0,0x0,0x2f,0xfd,0x3,0x0,
0x0,0x3d,0xfe,0x3,0x0,0x0,0x18,0x6,
0x2,0x0,0x0,0x0,0x0,0x0,0x0,0x0,
0x44,0x0,0x0,0x0,0xd,0x0,0x0,0x0,
0xa5,0x0,0x0,0x0,0x0,0x0,0x0,0x0,
0x38,0x0,0x0,0x0,0x0,0x0,0x0,0x0,
0x38,0x0,0x0,0x0,0x0,0x0,0x1,0x0,
0xff,0xff,0xff,0xff,0x7,0x0,0x0,0x0,
0xcf,0x1,0xd0,0x1,0x0,0x0,0x0,0x0,
0x0,0x0,0x7,0x0,0x0,0x0,0x0,0x0,
0x0,0x0,0x0,0x0,0xcf,0x1,0x0,0x0,
0x1,0x0,0x0,0x0,0x2f,0xff,0x3,0x0,
0x0,0x3d,0x0,0x4,0x0,0x0,0x18,0x6,
0x2,0x0,0x0,0x0,0x0,0x0,0x0,0x0,
0x5c,0x0,0x0,0x0,0x65,0x0,0x0,0x0,
0xda,0x0,0x0,0x0,0x0,0x0,0x0,0x0,
0x38,0x0,0x0,0x0,0x0,0x0,0x0,0x0,
0x38,0x0,0x0,0x0,0x0,0x0,0x3,0x0,
0xff,0xff,0xff,0xff,0xb,0x0,0x0,0x0,
0xd4,0x1,0xd0,0x1,0x0,0x0,0x0,0x0,
0x0,0x0,0x7,0x0,0x0,0x0,0x0,0x0,
0x0,0x0,0x0,0x0,0xd4,0x1,0x0,0x0,
0x1,0x0,0x0,0x0,0x16,0x0,0x0,0x0,
0xd5,0x1,0x0,0x0,0x1,0x0,0x0,0x0,
0x64,0x0,0x0,0x0,0xd6,0x1,0x0,0x0,
0x1,0x0,0x0,0x0,0x2f,0x1,0x4,0x0,
0x0,0x3d,0x2,0x4,0x0,0x0,0x3d,0x3,
0x4,0x0,0x0,0x18,0x7,0x6,0x64,0x7,
0x50,0x47,0x2f,0x4,0x4,0x0,0x0,0x3d,
0x5,0x4,0x0,0x0,0x3d,0x6,0x4,0x0,
0x0,0x18,0xa,0xb5,0x7,0x4,0x0,0x0,
0x1,0x0,0x0,0x0,0xa,0x0,0x0,0x0,
0x18,0x8,0x2f,0x8,0x4,0x0,0x0,0x3d,
0x9,0x4,0x0,0x0,0x3d,0xa,0x4,0x0,
0x0,0x18,0x9,0x10,0x1,0x6c,0x9,0x50,
0x7,0x13,0x3,0x2,0x0,0x0,0x4c,0x5,
0x13,0x4,0x2,0x0,0x0,0x80,0x8,0x4c,
0x5,0x13,0x5,0x2,0x0,0x0,0x18,0x6,
0x2,0x0,0x0,0x0,0x0,0x0,0x0,0x0,
0x44,0x0,0x0,0x0,0xd,0x0,0x0,0x0,
0x82,0x0,0x0,0x0,0x0,0x0,0x0,0x0,
0x38,0x0,0x0,0x0,0x0,0x0,0x0,0x0,
0x38,0x0,0x0,0x0,0x0,0x0,0x1,0x0,
0xff,0xff,0xff,0xff,0x7,0x0,0x0,0x0,
0xd7,0x1,0xd0,0x1,0x0,0x0,0x0,0x0,
0x0,0x0,0x7,0x0,0x0,0x0,0x0,0x0,
0x0,0x0,0x0,0x0,0xd7,0x1,0x0,0x0,
0x1,0x0,0x0,0x0,0x2f,0xb,0x4,0x0,
0x0,0x3d,0xc,0x4,0x0,0x0,0x18,0x6,
0x2,0x0,0x0,0x0,0x0,0x0,0x0,0x0,
0x44,0x0,0x0,0x0,0xd,0x0,0x0,0x0,
0xea,0x0,0x0,0x0,0x0,0x0,0x0,0x0,
0x38,0x0,0x0,0x0,0x0,0x0,0x0,0x0,
0x38,0x0,0x0,0x0,0x0,0x0,0x1,0x0,
0xff,0xff,0xff,0xff,0x7,0x0,0x0,0x0,
0xd9,0x1,0xd0,0x1,0x0,0x0,0x0,0x0,
0x0,0x0,0x7,0x0,0x0,0x0,0x0,0x0,
0x0,0x0,0x0,0x0,0xd9,0x1,0x0,0x0,
0x1,0x0,0x0,0x0,0x2f,0xd,0x4,0x0,
0x0,0x3d,0xe,0x4,0x0,0x0,0x18,0x6,
0x2,0x0,0x0,0x0,0x0,0x0,0x0,0x0,
0x44,0x0,0x0,0x0,0x17,0x0,0x0,0x0,
0x8d,0x0,0x0,0x0,0x0,0x0,0x0,0x0,
0x38,0x0,0x0,0x0,0x0,0x0,0x0,0x0,
0x38,0x0,0x0,0x0,0x0,0x0,0x1,0x0,
0xff,0xff,0xff,0xff,0x8,0x0,0x0,0x0,
0xdf,0x1,0x50,0x1,0x0,0x0,0x0,0x0,
0x0,0x0,0x7,0x0,0x0,0x0,0x0,0x0,
0x0,0x0,0x0,0x0,0xdf,0x1,0x0,0x0,
0x1,0x0,0x0,0x0,0x2f,0xf,0x4,0x0,
0x0,0x3d,0x10,0x4,0x0,0x0,0x3d,0x11,
0x4,0x0,0x0,0x18,0x7,0x6,0x6c,0x7,
0x18,0x6,0x2,0x0,0x0,0x0,0x0,0x0,
0x44,0x0,0x0,0x0,0xd,0x0,0x0,0x0,
0x8b,0x0,0x0,0x0,0x0,0x0,0x0,0x0,
0x38,0x0,0x0,0x0,0x0,0x0,0x0,0x0,
0x38,0x0,0x0,0x0,0x0,0x0,0x1,0x0,
0xff,0xff,0xff,0xff,0x7,0x0,0x0,0x0,
0xe0,0x1,0x50,0x1,0x0,0x0,0x0,0x0,
0x0,0x0,0x7,0x0,0x0,0x0,0x0,0x0,
0x0,0x0,0x0,0x0,0xe0,0x1,0x0,0x0,
0x1,0x0,0x0,0x0,0x2f,0x12,0x4,0x0,
0x0,0x3d,0x13,0x4,0x0,0x0,0x18,0x6,
0x2,0x0,0x0,0x0,0x0,0x0,0x0,0x0,
0x44,0x0,0x0,0x0,0xd,0x0,0x0,0x0,
0x96,0x0,0x0,0x0,0x0,0x0,0x0,0x0,
0x38,0x0,0x0,0x0,0x0,0x0,0x0,0x0,
0x38,0x0,0x0,0x0,0x0,0x0,0x1,0x0,
0xff,0xff,0xff,0xff,0x7,0x0,0x0,0x0,
0xe2,0x1,0x50,0x1,0x0,0x0,0x0,0x0,
0x0,0x0,0x7,0x0,0x0,0x0,0x0,0x0,
0x0,0x0,0x0,0x0,0xe2,0x1,0x0,0x0,
0x1,0x0,0x0,0x0,0x2f,0x14,0x4,0x0,
0x0,0x3d,0x15,0x4,0x0,0x0,0x18,0x6,
0x2,0x0,0x0,0x0,0x0,0x0,0x0,0x0,
0x44,0x0,0x0,0x0,0xd,0x0,0x0,0x0,
0x82,0x0,0x0,0x0,0x0,0x0,0x0,0x0,
0x38,0x0,0x0,0x0,0x0,0x0,0x0,0x0,
0x38,0x0,0x0,0x0,0x0,0x0,0x1,0x0,
0xff,0xff,0xff,0xff,0x7,0x0,0x0,0x0,
0xe4,0x1,0x50,0x1,0x0,0x0,0x0,0x0,
0x0,0x0,0x7,0x0,0x0,0x0,0x0,0x0,
0x0,0x0,0x0,0x0,0xe4,0x1,0x0,0x0,
0x1,0x0,0x0,0x0,0x2f,0x16,0x4,0x0,
0x0,0x3d,0x17,0x4,0x0,0x0,0x18,0x6,
0x2,0x0,0x0,0x0,0x0,0x0,0x0,0x0,
0x44,0x0,0x0,0x0,0x13,0x0,0x0,0x0,
0x8b,0x0,0x0,0x0,0x0,0x0,0x0,0x0,
0x38,0x0,0x0,0x0,0x0,0x0,0x0,0x0,
0x38,0x0,0x0,0x0,0x0,0x0,0x1,0x0,
0xff,0xff,0xff,0xff,0x8,0x0,0x0,0x0,
0xe9,0x1,0x90,0x1,0x0,0x0,0x0,0x0,
0x0,0x0,0x7,0x0,0x0,0x0,0x0,0x0,
0x0,0x0,0x0,0x0,0xe9,0x1,0x0,0x0,
0x1,0x0,0x0,0x0,0x2f,0x18,0x4,0x0,
0x0,0x3d,0x19,0x4,0x0,0x0,0x18,0x7,
0x10,0x14,0xa2,0x7,0x18,0x6,0x2,0x0,
0x0,0x0,0x0,0x0,0x0,0x0,0x0,0x0,
0x50,0x0,0x0,0x0,0x38,0x0,0x0,0x0,
0xda,0x0,0x0,0x0,0x0,0x0,0x0,0x0,
0x38,0x0,0x0,0x0,0x0,0x0,0x0,0x0,
0x38,0x0,0x0,0x0,0x0,0x0,0x2,0x0,
0xff,0xff,0xff,0xff,0xa,0x0,0x0,0x0,
0xea,0x1,0x90,0x1,0x0,0x0,0x0,0x0,
0x0,0x0,0x7,0x0,0x0,0x0,0x0,0x0,
0x0,0x0,0x0,0x0,0xea,0x1,0x0,0x0,
0x1,0x0,0x0,0x0,0x37,0x0,0x0,0x0,
0xec,0x1,0x0,0x0,0x1,0x0,0x0,0x0,
0x2f,0x1a,0x4,0x0,0x0,0x3d,0x1b,0x4,
0x0,0x0,0x18,0x7,0xad,0x1c,0x4,0x0,
0x0,0x7,0x0,0x0,0x0,0x0,0x0,0x0,
0x0,0x0,0x0,0x0,0x0,0x3d,0x1d,0x4,
0x0,0x0,0x18,0x7,0x6,0x64,0x7,0x50,
0x7,0x13,0x6,0x2,0x0,0x0,0x4c,0x5,
0x13,0x7,0x2,0x0,0x0,0x18,0x6,0x2,
0x44,0x0,0x0,0x0,0xd,0x0,0x0,0x0,
0x82,0x0,0x0,0x0,0x0,0x0,0x0,0x0,
0x38,0x0,0x0,0x0,0x0,0x0,0x0,0x0,
0x38,0x0,0x0,0x0,0x0,0x0,0x1,0x0,
0xff,0xff,0xff,0xff,0x7,0x0,0x0,0x0,
0xed,0x1,0x90,0x1,0x0,0x0,0x0,0x0,
0x0,0x0,0x7,0x0,0x0,0x0,0x0,0x0,
0x0,0x0,0x0,0x0,0xed,0x1,0x0,0x0,
0x1,0x0,0x0,0x0,0x2f,0x1e,0x4,0x0,
0x0,0x3d,0x1f,0x4,0x0,0x0,0x18,0x6,
0x2,0x0,0x0,0x0,0x0,0x0,0x0,0x0,
0x44,0x0,0x0,0x0,0xd,0x0,0x0,0x0,
0xef,0x0,0x0,0x0,0x0,0x0,0x0,0x0,
0x38,0x0,0x0,0x0,0x0,0x0,0x0,0x0,
0x38,0x0,0x0,0x0,0x0,0x0,0x1,0x0,
0xff,0xff,0xff,0xff,0x7,0x0,0x0,0x0,
0xef,0x1,0x90,0x1,0x0,0x0,0x0,0x0,
0x0,0x0,0x7,0x0,0x0,0x0,0x0,0x0,
0x0,0x0,0x0,0x0,0xef,0x1,0x0,0x0,
0x1,0x0,0x0,0x0,0x2f,0x20,0x4,0x0,
0x0,0x3d,0x21,0x4,0x0,0x0,0x18,0x6,
0x2,0x0,0x0,0x0,0x0,0x0,0x0,0x0,
0x44,0x0,0x0,0x0,0xd,0x0,0x0,0x0,
0xdc,0x0,0x0,0x0,0x0,0x0,0x0,0x0,
0x38,0x0,0x0,0x0,0x0,0x0,0x0,0x0,
0x38,0x0,0x0,0x0,0x0,0x0,0x1,0x0,
0xff,0xff,0xff,0xff,0x7,0x0,0x0,0x0,
0xf0,0x1,0x90,0x1,0x0,0x0,0x0,0x0,
0x0,0x0,0x7,0x0,0x0,0x0,0x0,0x0,
0x0,0x0,0x0,0x0,0xf0,0x1,0x0,0x0,
0x1,0x0,0x0,0x0,0x2f,0x22,0x4,0x0,
0x0,0x3d,0x23,0x4,0x0,0x0,0x18,0x6,
0x2,0x0,0x0,0x0,0x0,0x0,0x0,0x0,
0x44,0x0,0x0,0x0,0x8,0x0,0x0,0x0,
0x94,0x0,0x0,0x0,0x0,0x0,0x0,0x0,
0x38,0x0,0x0,0x0,0x0,0x0,0x0,0x0,
0x38,0x0,0x0,0x0,0x0,0x0,0x1,0x0,
0xff,0xff,0xff,0xff,0x7,0x0,0x0,0x0,
0xe8,0x1,0x90,0x1,0x0,0x0,0x0,0x0,
0x0,0x0,0x7,0x0,0x0,0x0,0x0,0x0,
0x0,0x0,0x0,0x0,0xe8,0x1,0x0,0x0,
0x1,0x0,0x0,0x0,0x2f,0x24,0x4,0x0,
0x0,0x18,0x6,0x2,0x0,0x0,0x0,0x0,
0x44,0x0,0x0,0x0,0x17,0x0,0x0,0x0,
0x8d,0x0,0x0,0x0,0x0,0x0,0x0,0x0,
0x38,0x0,0x0,0x0,0x0,0x0,0x0,0x0,
0x38,0x0,0x0,0x0,0x0,0x0,0x1,0x0,
0xff,0xff,0xff,0xff,0x8,0x0,0x0,0x0,
0xf5,0x1,0x50,0x1,0x0,0x0,0x0,0x0,
0x0,0x0,0x7,0x0,0x0,0x0,0x0,0x0,
0x0,0x0,0x0,0x0,0xf5,0x1,0x0,0x0,
0x1,0x0,0x0,0x0,0x2f,0x25,0x4,0x0,
0x0,0x3d,0x26,0x4,0x0,0x0,0x3d,0x27,
0x4,0x0,0x0,0x18,0x7,0x6,0x64,0x7,
0x18,0x6,0x2,0x0,0x0,0x0,0x0,0x0,
0x44,0x0,0x0,0x0,0xd,0x0,0x0,0x0,
0x8b,0x0,0x0,0x0,0x0,0x0,0x0,0x0,
0x38,0x0,0x0,0x0,0x0,0x0,0x0,0x0,
0x38,0x0,0x0,0x0,0x0,0x0,0x1,0x0,
0xff,0xff,0xff,0xff,0x7,0x0,0x0,0x0,
0xf6,0x1,0x50,0x1,0x0,0x0,0x0,0x0,
0x0,0x0,0x7,0x0,0x0,0x0,0x0,0x0,
0x0,0x0,0x0,0x0,0xf6,0x1,0x0,0x0,
0x1,0x0,0x0,0x0,0x2f,0x28,0x4,0x0,
0x0,0x3d,0x29,0x4,0x0,0x0,0x18,0x6,
0x2,0x0,0x0,0x0,0x0,0x0,0x0,0x0,
0x44,0x0,0x0,0x0,0x13,0x0,0x0,0x0,
0x9e,0x0,0x0,0x0,0x0,0x0,0x0,0x0,
0x38,0x0,0x0,0x0,0x0,0x0,0x0,0x0,
0x38,0x0,0x0,0x0,0x0,0x0,0x1,0x0,
0xff,0xff,0xff,0xff,0x8,0x0,0x0,0x0,
0xf7,0x1,0x50,0x1,0x0,0x0,0x0,0x0,
0x0,0x0,0x7,0x0,0x0,0x0,0x0,0x0,
0x0,0x0,0x0,0x0,0xf7,0x1,0x0,0x0,
0x1,0x0,0x0,0x0,0x2f,0x2a,0x4,0x0,
0x0,0x3d,0x2b,0x4,0x0,0x0,0x18,0x7,
0x10,0x34,0xa2,0x7,0x18,0x6,0x2,0x0,
0x0,0x0,0x0,0x0,0x0,0x0,0x0,0x0,
0x44,0x0,0x0,0x0,0xd,0x0,0x0,0x0,
0xb5,0x0,0x0,0x0,0x0,0x0,0x0,0x0,
0x38,0x0,0x0,0x0,0x0,0x0,0x0,0x0,
0x38,0x0,0x0,0x0,0x0,0x0,0x1,0x0,
0xff,0xff,0xff,0xff,0x7,0x0,0x0,0x0,
0xfa,0x1,0x50,0x1,0x0,0x0,0x0,0x0,
0x0,0x0,0x7,0x0,0x0,0x0,0x0,0x0,
0x0,0x0,0x0,0x0,0xfa,0x1,0x0,0x0,
0x1,0x0,0x0,0x0,0x2f,0x2c,0x4,0x0,
0x0,0x3d,0x2d,0x4,0x0,0x0,0x18,0x6,
0x2,0x0,0x0,0x0,0x0,0x0,0x0,0x0,
0x44,0x0,0x0,0x0,0x12,0x0,0x0,0x0,
0x8b,0x0,0x0,0x0,0x0,0x0,0x0,0x0,
0x38,0x0,0x0,0x0,0x0,0x0,0x0,0x0,
0x38,0x0,0x0,0x0,0x0,0x0,0x1,0x0,
0xff,0xff,0xff,0xff,0x7,0x0,0x0,0x0,
0x1,0x2,0x90,0x1,0x0,0x0,0x0,0x0,
0x0,0x0,0x7,0x0,0x0,0x0,0x0,0x0,
0x0,0x0,0x0,0x0,0x1,0x2,0x0,0x0,
0x1,0x0,0x0,0x0,0x2f,0x2e,0x4,0x0,
0x0,0x3d,0x2f,0x4,0x0,0x0,0x3d,0x30,
0x4,0x0,0x0,0x18,0x6,0x2,0x0,0x0,
0x0,0x0,0x0,0x0,0x0,0x0,0x0,0x0,
0x44,0x0,0x0,0x0,0x13,0x0,0x0,0x0,
0x9e,0x0,0x0,0x0,0x0,0x0,0x0,0x0,
0x38,0x0,0x0,0x0,0x0,0x0,0x0,0x0,
0x38,0x0,0x0,0x0,0x0,0x0,0x1,0x0,
0xff,0xff,0xff,0xff,0x8,0x0,0x0,0x0,
0x2,0x2,0x90,0x1,0x0,0x0,0x0,0x0,
0x0,0x0,0x7,0x0,0x0,0x0,0x0,0x0,
0x0,0x0,0x0,0x0,0x2,0x2,0x0,0x0,
0x1,0x0,0x0,0x0,0x2f,0x31,0x4,0x0,
0x0,0x3d,0x32,0x4,0x0,0x0,0x18,0x7,
0x10,0x22,0x80,0x7,0x18,0x6,0x2,0x0,
0x0,0x0,0x0,0x0,0x0,0x0,0x0,0x0,
0x44,0x0,0x0,0x0,0xd,0x0,0x0,0x0,
0x96,0x0,0x0,0x0,0x0,0x0,0x0,0x0,
0x38,0x0,0x0,0x0,0x0,0x0,0x0,0x0,
0x38,0x0,0x0,0x0,0x0,0x0,0x1,0x0,
0xff,0xff,0xff,0xff,0x7,0x0,0x0,0x0,
0x3,0x2,0x90,0x1,0x0,0x0,0x0,0x0,
0x0,0x0,0x7,0x0,0x0,0x0,0x0,0x0,
0x0,0x0,0x0,0x0,0x3,0x2,0x0,0x0,
0x1,0x0,0x0,0x0,0x2f,0x33,0x4,0x0,
0x0,0x3d,0x34,0x4,0x0,0x0,0x18,0x6,
0x2,0x0,0x0,0x0,0x0,0x0,0x0,0x0,
0x5c,0x0,0x0,0x0,0x46,0x0,0x0,0x0,
0x82,0x0,0x0,0x0,0x0,0x0,0x0,0x0,
0x38,0x0,0x0,0x0,0x0,0x0,0x0,0x0,
0x38,0x0,0x0,0x0,0x0,0x0,0x3,0x0,
0xff,0xff,0xff,0xff,0x8,0x0,0x0,0x0,
0x4,0x2,0x90,0x1,0x0,0x0,0x0,0x0,
0x0,0x0,0x7,0x0,0x0,0x0,0x0,0x0,
0x0,0x0,0x0,0x0,0x4,0x2,0x0,0x0,
0x1,0x0,0x0,0x0,0x21,0x0,0x0,0x0,
0x5,0x2,0x0,0x0,0x1,0x0,0x0,0x0,
0x39,0x0,0x0,0x0,0x6,0x2,0x0,0x0,
0x1,0x0,0x0,0x0,0x2f,0x35,0x4,0x0,
0x0,0x18,0x7,0x2f,0x36,0x4,0x0,0x0,
0x3d,0x37,0x4,0x0,0x0,0x6c,0x7,0x50,
0xc,0x2f,0x38,0x4,0x0,0x0,0x3d,0x39,
0x4,0x0,0x0,0x4c,0x22,0x2f,0x3a,0x4,
0x0,0x0,0x3d,0x3b,0x4,0x0,0x0,0x50,
0xc,0x2f,0x3c,0x4,0x0,0x0,0x3d,0x3d,
0x4,0x0,0x0,0x4c,0xa,0x2f,0x3e,0x4,
0x0,0x0,0x3d,0x3f,0x4,0x0,0x0,0x18,
0x6,0x2,0x0,0x0,0x0,0x0,0x0,0x0,
0x44,0x0,0x0,0x0,0x2e,0x0,0x0,0x0,
0x82,0x0,0x0,0x0,0x0,0x0,0x0,0x0,
0x38,0x0,0x0,0x0,0x0,0x0,0x0,0x0,
0x38,0x0,0x0,0x0,0x0,0x0,0x1,0x0,
0xff,0xff,0xff,0xff,0x8,0x0,0x0,0x0,
0x7,0x2,0x90,0x1,0x0,0x0,0x0,0x0,
0x0,0x0,0x7,0x0,0x0,0x0,0x0,0x0,
0x0,0x0,0x0,0x0,0x7,0x2,0x0,0x0,
0x1,0x0,0x0,0x0,0x2f,0x40,0x4,0x0,
0x0,0x18,0x7,0x2f,0x41,0x4,0x0,0x0,
0x3d,0x42,0x4,0x0,0x0,0x6c,0x7,0x50,
0xc,0x2f,0x43,0x4,0x0,0x0,0x3d,0x44,
0x4,0x0,0x0,0x4c,0xa,0x2f,0x45,0x4,
0x0,0x0,0x3d,0x46,0x4,0x0,0x0,0x18,
0x6,0x2,0x0,0x0,0x0,0x0,0x0,0x0,
0x44,0x0,0x0,0x0,0x1e,0x0,0x0,0x0,
0x8b,0x0,0x0,0x0,0x0,0x0,0x0,0x0,
0x38,0x0,0x0,0x0,0x0,0x0,0x0,0x0,
0x38,0x0,0x0,0x0,0x0,0x0,0x1,0x0,
0xff,0xff,0xff,0xff,0x8,0x0,0x0,0x0,
0x8,0x2,0x90,0x1,0x0,0x0,0x0,0x0,
0x0,0x0,0x7,0x0,0x0,0x0,0x0,0x0,
0x0,0x0,0x0,0x0,0x8,0x2,0x0,0x0,
0x1,0x0,0x0,0x0,0x2f,0x47,0x4,0x0,
0x0,0x18,0x7,0x2f,0x48,0x4,0x0,0x0,
0x3d,0x49,0x4,0x0,0x0,0x6c,0x7,0x50,
0x4,0x10,0x2,0x4c,0x2,0x10,0x1,0x18,
0x6,0x2,0x0,0x0,0x0,0x0,0x0,0x0,
0x44,0x0,0x0,0x0,0x8,0x0,0x0,0x0,
0x80,0x0,0x0,0x0,0x0,0x0,0x0,0x0,
0x38,0x0,0x0,0x0,0x0,0x0,0x0,0x0,
0x38,0x0,0x0,0x0,0x0,0x0,0x1,0x0,
0xff,0xff,0xff,0xff,0x7,0x0,0x0,0x0,
0xb,0x2,0xd0,0x1,0x0,0x0,0x0,0x0,
0x0,0x0,0x7,0x0,0x0,0x0,0x0,0x0,
0x0,0x0,0x0,0x0,0xb,0x2,0x0,0x0,
0x1,0x0,0x0,0x0,0x2f,0x4a,0x4,0x0,
0x0,0x18,0x6,0x2,0x0,0x0,0x0,0x0,
0x44,0x0,0x0,0x0,0x28,0x0,0x0,0x0,
0xda,0x0,0x0,0x0,0x0,0x0,0x0,0x0,
0x38,0x0,0x0,0x0,0x0,0x0,0x0,0x0,
0x38,0x0,0x0,0x0,0x0,0x0,0x1,0x0,
0xff,0xff,0xff,0xff,0xb,0x0,0x0,0x0,
0x10,0x2,0x10,0x2,0x0,0x0,0x0,0x0,
0x0,0x0,0x7,0x0,0x0,0x0,0x0,0x0,
0x0,0x0,0x0,0x0,0x10,0x2,0x0,0x0,
0x1,0x0,0x0,0x0,0x13,0xb,0x2,0x0,
0x0,0x18,0x7,0x2f,0x4b,0x4,0x0,0x0,
0x3d,0x4c,0x4,0x0,0x0,0x4e,0x1,0x6,
0x18,0xa,0xb5,0x4d,0x4,0x0,0x0,0x1,
0x0,0x0,0x0,0xa,0x0,0x0,0x0,0x80,
0x7,0x18,0x6,0x2,0x0,0x0,0x0,0x0,
0x44,0x0,0x0,0x0,0x2e,0x0,0x0,0x0,
0x82,0x0,0x0,0x0,0x0,0x0,0x0,0x0,
0x38,0x0,0x0,0x0,0x0,0x0,0x0,0x0,
0x38,0x0,0x0,0x0,0x0,0x0,0x1,0x0,
0xff,0xff,0xff,0xff,0x8,0x0,0x0,0x0,
0x11,0x2,0x10,0x2,0x0,0x0,0x0,0x0,
0x0,0x0,0x7,0x0,0x0,0x0,0x0,0x0,
0x0,0x0,0x0,0x0,0x11,0x2,0x0,0x0,
0x1,0x0,0x0,0x0,0x2f,0x4e,0x4,0x0,
0x0,0x18,0x7,0x2f,0x4f,0x4,0x0,0x0,
0x3d,0x50,0x4,0x0,0x0,0x6c,0x7,0x50,
0xc,0x2f,0x51,0x4,0x0,0x0,0x3d,0x52,
0x4,0x0,0x0,0x4c,0xa,0x2f,0x53,0x4,
0x0,0x0,0x3d,0x54,0x4,0x0,0x0,0x18,
0x6,0x2,0x0,0x0,0x0,0x0,0x0,0x0,
0x44,0x0,0x0,0x0,0xd,0x0,0x0,0x0,
0xa5,0x0,0x0,0x0,0x0,0x0,0x0,0x0,
0x38,0x0,0x0,0x0,0x0,0x0,0x0,0x0,
0x38,0x0,0x0,0x0,0x0,0x0,0x1,0x0,
0xff,0xff,0xff,0xff,0x7,0x0,0x0,0x0,
0x13,0x2,0x10,0x2,0x0,0x0,0x0,0x0,
0x0,0x0,0x7,0x0,0x0,0x0,0x0,0x0,
0x0,0x0,0x0,0x0,0x13,0x2,0x0,0x0,
0x1,0x0,0x0,0x0,0x2f,0x55,0x4,0x0,
0x0,0x3d,0x56,0x4,0x0,0x0,0x18,0x6,
0x2,0x0,0x0,0x0,0x0,0x0,0x0,0x0,
0x44,0x0,0x0,0x0,0xd,0x0,0x0,0x0,
0x8b,0x0,0x0,0x0,0x0,0x0,0x0,0x0,
0x38,0x0,0x0,0x0,0x0,0x0,0x0,0x0,
0x38,0x0,0x0,0x0,0x0,0x0,0x1,0x0,
0xff,0xff,0xff,0xff,0x7,0x0,0x0,0x0,
0x18,0x2,0x10,0x2,0x0,0x0,0x0,0x0,
0x0,0x0,0x7,0x0,0x0,0x0,0x0,0x0,
0x0,0x0,0x0,0x0,0x18,0x2,0x0,0x0,
0x1,0x0,0x0,0x0,0x2f,0x57,0x4,0x0,
0x0,0x3d,0x58,0x4,0x0,0x0,0x18,0x6,
0x2,0x0,0x0,0x0,0x0,0x0,0x0,0x0,
0x44,0x0,0x0,0x0,0x14,0x0,0x0,0x0,
0xda,0x0,0x0,0x0,0x0,0x0,0x0,0x0,
0x38,0x0,0x0,0x0,0x0,0x0,0x0,0x0,
0x38,0x0,0x0,0x0,0x0,0x0,0x1,0x0,
0xff,0xff,0xff,0xff,0x7,0x0,0x0,0x0,
0x19,0x2,0x10,0x2,0x0,0x0,0x0,0x0,
0x0,0x0,0x7,0x0,0x0,0x0,0x0,0x0,
0x0,0x0,0x0,0x0,0x19,0x2,0x0,0x0,
0x1,0x0,0x0,0x0,0x2f,0x59,0x4,0x0,
0x0,0x3d,0x5a,0x4,0x0,0x0,0x4e,0x5,
0x13,0xe,0x2,0x0,0x0,0x18,0x6,0x2,
0x0,0x0,0x0,0x0,0x0,0x0,0x0,0x0,
0x44,0x0,0x0,0x0,0xd,0x0,0x0,0x0,
0x82,0x0,0x0,0x0,0x0,0x0,0x0,0x0,
0x38,0x0,0x0,0x0,0x0,0x0,0x0,0x0,
0x38,0x0,0x0,0x0,0x0,0x0,0x1,0x0,
0xff,0xff,0xff,0xff,0x7,0x0,0x0,0x0,
0x1a,0x2,0x10,0x2,0x0,0x0,0x0,0x0,
0x0,0x0,0x7,0x0,0x0,0x0,0x0,0x0,
0x0,0x0,0x0,0x0,0x1a,0x2,0x0,0x0,
0x1,0x0,0x0,0x0,0x2f,0x5b,0x4,0x0,
0x0,0x3d,0x5c,0x4,0x0,0x0,0x18,0x6,
0x2,0x0,0x0,0x0,0x0,0x0,0x0,0x0,
0x44,0x0,0x0,0x0,0xd,0x0,0x0,0x0,
0xef,0x0,0x0,0x0,0x0,0x0,0x0,0x0,
0x38,0x0,0x0,0x0,0x0,0x0,0x0,0x0,
0x38,0x0,0x0,0x0,0x0,0x0,0x1,0x0,
0xff,0xff,0xff,0xff,0x7,0x0,0x0,0x0,
0x1c,0x2,0x10,0x2,0x0,0x0,0x0,0x0,
0x0,0x0,0x7,0x0,0x0,0x0,0x0,0x0,
0x0,0x0,0x0,0x0,0x1c,0x2,0x0,0x0,
0x1,0x0,0x0,0x0,0x2f,0x5d,0x4,0x0,
0x0,0x3d,0x5e,0x4,0x0,0x0,0x18,0x6,
0x2,0x0,0x0,0x0,0x0,0x0,0x0,0x0,
0x44,0x0,0x0,0x0,0xd,0x0,0x0,0x0,
0xea,0x0,0x0,0x0,0x0,0x0,0x0,0x0,
0x38,0x0,0x0,0x0,0x0,0x0,0x0,0x0,
0x38,0x0,0x0,0x0,0x0,0x0,0x1,0x0,
0xff,0xff,0xff,0xff,0x7,0x0,0x0,0x0,
0x1e,0x2,0x10,0x2,0x0,0x0,0x0,0x0,
0x0,0x0,0x7,0x0,0x0,0x0,0x0,0x0,
0x0,0x0,0x0,0x0,0x1e,0x2,0x0,0x0,
0x1,0x0,0x0,0x0,0x2f,0x5f,0x4,0x0,
0x0,0x3d,0x60,0x4,0x0,0x0,0x18,0x6,
0x2,0x0,0x0,0x0,0x0,0x0,0x0,0x0,
0x68,0x0,0x0,0x0,0x32,0x0,0x0,0x0,
0xa8,0x0,0x0,0x0,0x0,0x0,0x0,0x0,
0x38,0x0,0x0,0x0,0x0,0x0,0x0,0x0,
0x38,0x0,0x0,0x0,0x0,0x0,0x4,0x0,
0xff,0xff,0xff,0xff,0xb,0x0,0x0,0x0,
0x26,0x2,0xd0,0x1,0x0,0x0,0x0,0x0,
0x0,0x0,0x7,0x0,0x0,0x0,0x0,0x0,
0x0,0x0,0x0,0x0,0x26,0x2,0x0,0x0,
0x0,0x0,0x0,0x0,0x1,0x0,0x0,0x0,
0x27,0x2,0x0,0x0,0x2,0x0,0x0,0x0,
0xd,0x0,0x0,0x0,0x28,0x2,0x0,0x0,
0x3,0x0,0x0,0x0,0x2e,0x0,0x0,0x0,
0x29,0x2,0x0,0x0,0x3,0x0,0x0,0x0,
0xca,0x2f,0x61,0x4,0x0,0x0,0x3d,0x62,
0x4,0x0,0x0,0x50,0x21,0x2f,0x63,0x4,
0x0,0x0,0x18,0x7,0x2f,0x64,0x4,0x0,
0x0,0x18,0xa,0xad,0x65,0x4,0x0,0x0,
0x7,0x0,0x0,0x0,0x1,0x0,0x0,0x0,
0xa,0x0,0x0,0x0,0x18,0x6,0xd4,0x16,
0x6,0x2,0x0,0x0,0x0,0x0,0x0,0x0,
0x0,0x0,0x0,0x0,0x0,0x0,0x0,0x0,
0x44,0x0,0x0,0x0,0x8,0x0,0x0,0x0,
0x80,0x0,0x0,0x0,0x0,0x0,0x0,0x0,
0x38,0x0,0x0,0x0,0x0,0x0,0x0,0x0,
0x38,0x0,0x0,0x0,0x0,0x0,0x1,0x0,
0xff,0xff,0xff,0xff,0x7,0x0,0x0,0x0,
0x24,0x2,0xd0,0x1,0x0,0x0,0x0,0x0,
0x0,0x0,0x7,0x0,0x0,0x0,0x0,0x0,
0x0,0x0,0x0,0x0,0x24,0x2,0x0,0x0,
0x1,0x0,0x0,0x0,0x2f,0x66,0x4,0x0,
0x0,0x18,0x6,0x2,0x0,0x0,0x0,0x0,
0x44,0x0,0x0,0x0,0x8,0x0,0x0,0x0,
0xf7,0x0,0x0,0x0,0x0,0x0,0x0,0x0,
0x38,0x0,0x0,0x0,0x0,0x0,0x0,0x0,
0x38,0x0,0x0,0x0,0x0,0x0,0x1,0x0,
0xff,0xff,0xff,0xff,0x7,0x0,0x0,0x0,
0x3a,0x2,0xd0,0x0,0x0,0x0,0x0,0x0,
0x0,0x0,0x7,0x0,0x0,0x0,0x0,0x0,
0x0,0x0,0x0,0x0,0x3a,0x2,0x0,0x0,
0x1,0x0,0x0,0x0,0x2f,0x67,0x4,0x0,
0x0,0x18,0x6,0x2,0x0,0x0,0x0,0x0,
0x44,0x0,0x0,0x0,0xd,0x0,0x0,0x0,
0x8b,0x0,0x0,0x0,0x0,0x0,0x0,0x0,
0x38,0x0,0x0,0x0,0x0,0x0,0x0,0x0,
0x38,0x0,0x0,0x0,0x0,0x0,0x1,0x0,
0xff,0xff,0xff,0xff,0x7,0x0,0x0,0x0,
0x3c,0x2,0xd0,0x0,0x0,0x0,0x0,0x0,
0x0,0x0,0x7,0x0,0x0,0x0,0x0,0x0,
0x0,0x0,0x0,0x0,0x3c,0x2,0x0,0x0,
0x1,0x0,0x0,0x0,0x2f,0x68,0x4,0x0,
0x0,0x3d,0x69,0x4,0x0,0x0,0x18,0x6,
0x2,0x0,0x0,0x0,0x0,0x0,0x0,0x0,
0x44,0x0,0x0,0x0,0x2a,0x0,0x0,0x0,
0x9e,0x0,0x0,0x0,0x0,0x0,0x0,0x0,
0x38,0x0,0x0,0x0,0x0,0x0,0x0,0x0,
0x38,0x0,0x0,0x0,0x0,0x0,0x1,0x0,
0xff,0xff,0xff,0xff,0xc,0x0,0x0,0x0,
0x3d,0x2,0xd0,0x0,0x0,0x0,0x0,0x0,
0x0,0x0,0x7,0x0,0x0,0x0,0x0,0x0,
0x0,0x0,0x0,0x0,0x3d,0x2,0x0,0x0,
0x1,0x0,0x0,0x0,0x2f,0x6a,0x4,0x0,
0x0,0x18,0x7,0x14,0x1c,0xa,0x2f,0x6b,
0x4,0x0,0x0,0x3d,0x6c,0x4,0x0,0x0,
0x18,0xb,0xad,0x6d,0x4,0x0,0x0,0x7,
0x0,0x0,0x0,0x2,0x0,0x0,0x0,0xa,
0x0,0x0,0x0,0x18,0x6,0x2,0x0,0x0,
0x0,0x0,0x0,0x0,0x0,0x0,0x0,0x0,
0x44,0x0,0x0,0x0,0xd,0x0,0x0,0x0,
0xf9,0x0,0x0,0x0,0x0,0x0,0x0,0x0,
0x38,0x0,0x0,0x0,0x0,0x0,0x0,0x0,
0x38,0x0,0x0,0x0,0x0,0x0,0x1,0x0,
0xff,0xff,0xff,0xff,0x7,0x0,0x0,0x0,
0x42,0x2,0x10,0x1,0x0,0x0,0x0,0x0,
0x0,0x0,0x7,0x0,0x0,0x0,0x0,0x0,
0x0,0x0,0x0,0x0,0x42,0x2,0x0,0x0,
0x1,0x0,0x0,0x0,0x2f,0x6e,0x4,0x0,
0x0,0x3d,0x6f,0x4,0x0,0x0,0x18,0x6,
0x2,0x0,0x0,0x0,0x0,0x0,0x0,0x0,
0x44,0x0,0x0,0x0,0xd,0x0,0x0,0x0,
0xcb,0x0,0x0,0x0,0x0,0x0,0x0,0x0,
0x38,0x0,0x0,0x0,0x0,0x0,0x0,0x0,
0x38,0x0,0x0,0x0,0x0,0x0,0x1,0x0,
0xff,0xff,0xff,0xff,0x7,0x0,0x0,0x0,
0x41,0x2,0x10,0x1,0x0,0x0,0x0,0x0,
0x0,0x0,0x7,0x0,0x0,0x0,0x0,0x0,
0x0,0x0,0x0,0x0,0x41,0x2,0x0,0x0,
0x1,0x0,0x0,0x0,0x2f,0x70,0x4,0x0,
0x0,0x3d,0x71,0x4,0x0,0x0,0x18,0x6,
0x2,0x0,0x0,0x0,0x0,0x0,0x0,0x0,
0x44,0x0,0x0,0x0,0x12,0x0,0x0,0x0,
0xb5,0x0,0x0,0x0,0x0,0x0,0x0,0x0,
0x38,0x0,0x0,0x0,0x0,0x0,0x0,0x0,
0x38,0x0,0x0,0x0,0x0,0x0,0x1,0x0,
0xff,0xff,0xff,0xff,0x7,0x0,0x0,0x0,
0x45,0x2,0x50,0x1,0x0,0x0,0x0,0x0,
0x0,0x0,0x7,0x0,0x0,0x0,0x0,0x0,
0x0,0x0,0x0,0x0,0x45,0x2,0x0,0x0,
0x1,0x0,0x0,0x0,0x2f,0x72,0x4,0x0,
0x0,0x3d,0x73,0x4,0x0,0x0,0x3d,0x74,
0x4,0x0,0x0,0x18,0x6,0x2,0x0,0x0,
0x0,0x0,0x0,0x0,0x0,0x0,0x0,0x0,
0x44,0x0,0x0,0x0,0xd,0x0,0x0,0x0,
0xfe,0x0,0x0,0x0,0x0,0x0,0x0,0x0,
0x38,0x0,0x0,0x0,0x0,0x0,0x0,0x0,
0x38,0x0,0x0,0x0,0x0,0x0,0x1,0x0,
0xff,0xff,0xff,0xff,0x7,0x0,0x0,0x0,
0x4c,0x2,0x90,0x1,0x0,0x0,0x0,0x0,
0x0,0x0,0x7,0x0,0x0,0x0,0x0,0x0,
0x0,0x0,0x0,0x0,0x4c,0x2,0x0,0x0,
0x1,0x0,0x0,0x0,0x2f,0x75,0x4,0x0,
0x0,0x3d,0x76,0x4,0x0,0x0,0x18,0x6,
0x2,0x0,0x0,0x0,0x0,0x0,0x0,0x0,
0x44,0x0,0x0,0x0,0x22,0x0,0x0,0x0,
0x0,0x1,0x0,0x0,0x0,0x0,0x0,0x0,
0x38,0x0,0x0,0x0,0x0,0x0,0x0,0x0,
0x38,0x0,0x0,0x0,0x0,0x0,0x1,0x0,
0xff,0xff,0xff,0xff,0xb,0x0,0x0,0x0,
0x4d,0x2,0x90,0x1,0x0,0x0,0x0,0x0,
0x0,0x0,0x7,0x0,0x0,0x0,0x0,0x0,
0x0,0x0,0x0,0x0,0x4d,0x2,0x0,0x0,
0x1,0x0,0x0,0x0,0x2f,0x77,0x4,0x0,
0x0,0x18,0x7,0x2f,0x78,0x4,0x0,0x0,
0x18,0xa,0xad,0x79,0x4,0x0,0x0,0x7,
0x0,0x0,0x0,0x1,0x0,0x0,0x0,0xa,
0x0,0x0,0x0,0x18,0x6,0x2,0x0,0x0,
0x0,0x0,0x0,0x0,0x0,0x0,0x0,0x0,
0x44,0x0,0x0,0x0,0x22,0x0,0x0,0x0,
0x2,0x1,0x0,0x0,0x0,0x0,0x0,0x0,
0x38,0x0,0x0,0x0,0x0,0x0,0x0,0x0,
0x38,0x0,0x0,0x0,0x0,0x0,0x1,0x0,
0xff,0xff,0xff,0xff,0xb,0x0,0x0,0x0,
0x4e,0x2,0x90,0x1,0x0,0x0,0x0,0x0,
0x0,0x0,0x7,0x0,0x0,0x0,0x0,0x0,
0x0,0x0,0x0,0x0,0x4e,0x2,0x0,0x0,
0x1,0x0,0x0,0x0,0x2f,0x7a,0x4,0x0,
0x0,0x18,0x7,0x2f,0x7b,0x4,0x0,0x0,
0x18,0xa,0xad,0x7c,0x4,0x0,0x0,0x7,
0x0,0x0,0x0,0x1,0x0,0x0,0x0,0xa,
0x0,0x0,0x0,0x18,0x6,0x2,0x0,0x0,
0x0,0x0,0x0,0x0,0x0,0x0,0x0,0x0,
0x44,0x0,0x0,0x0,0x31,0x0,0x0,0x0,
0x4,0x1,0x0,0x0,0x0,0x0,0x0,0x0,
0x38,0x0,0x0,0x0,0x0,0x0,0x0,0x0,
0x38,0x0,0x0,0x0,0x0,0x0,0x1,0x0,
0xff,0xff,0xff,0xff,0xc,0x0,0x0,0x0,
0x4f,0x2,0x90,0x1,0x0,0x0,0x0,0x0,
0x0,0x0,0x7,0x0,0x0,0x0,0x0,0x0,
0x0,0x0,0x0,0x0,0x4f,0x2,0x0,0x0,
0x1,0x0,0x0,0x0,0x2f,0x7d,0x4,0x0,
0x0,0x18,0x7,0x2f,0x7e,0x4,0x0,0x0,
0x18,0xb,0x11,0xb4,0x0,0x0,0x0,0xa0,
0xb,0x18,0xa,0xad,0x7f,0x4,0x0,0x0,
0x7,0x0,0x0,0x0,0x1,0x0,0x0,0x0,
0xa,0x0,0x0,0x0,0x18,0x7,0x10,0x5a,
0x6c,0x7,0x18,0x6,0x2,0x0,0x0,0x0,
0x0,0x0,0x0,0x0,0x0,0x0,0x0,0x0,
0x44,0x0,0x0,0x0,0x22,0x0,0x0,0x0,
0x6,0x1,0x0,0x0,0x0,0x0,0x0,0x0,
0x38,0x0,0x0,0x0,0x0,0x0,0x0,0x0,
0x38,0x0,0x0,0x0,0x0,0x0,0x1,0x0,
0xff,0xff,0xff,0xff,0xb,0x0,0x0,0x0,
0x50,0x2,0x90,0x1,0x0,0x0,0x0,0x0,
0x0,0x0,0x7,0x0,0x0,0x0,0x0,0x0,
0x0,0x0,0x0,0x0,0x50,0x2,0x0,0x0,
0x1,0x0,0x0,0x0,0x2f,0x80,0x4,0x0,
0x0,0x18,0x7,0x2f,0x81,0x4,0x0,0x0,
0x18,0xa,0xad,0x82,0x4,0x0,0x0,0x7,
0x0,0x0,0x0,0x1,0x0,0x0,0x0,0xa,
0x0,0x0,0x0,0x18,0x6,0x2,0x0,0x0,
0x0,0x0,0x0,0x0,0x0,0x0,0x0,0x0,
0x44,0x0,0x0,0x0,0x38,0x0,0x0,0x0,
0x8,0x1,0x0,0x0,0x0,0x0,0x0,0x0,
0x38,0x0,0x0,0x0,0x0,0x0,0x0,0x0,
0x38,0x0,0x0,0x0,0x0,0x0,0x1,0x0,
0xff,0xff,0xff,0xff,0x9,0x0,0x0,0x0,
0x51,0x2,0x90,0x1,0x0,0x0,0x0,0x0,
0x0,0x0,0x7,0x0,0x0,0x0,0x0,0x0,
0x0,0x0,0x0,0x0,0x51,0x2,0x0,0x0,
0x1,0x0,0x0,0x0,0x2f,0x83,0x4,0x0,
0x0,0x3d,0x84,0x4,0x0,0x0,0x18,0x7,
0x6,0x64,0x7,0x50,0xc,0x2f,0x85,0x4,
0x0,0x0,0x3d,0x86,0x4,0x0,0x0,0x4c,
0x18,0x2f,0x87,0x4,0x0,0x0,0x3d,0x88,
0x4,0x0,0x0,0x18,0x8,0x2f,0x89,0x4,
0x0,0x0,0x3d,0x8a,0x4,0x0,0x0,0x9c,
0x8,0x18,0x6,0x2,0x0,0x0,0x0,0x0,
0x44,0x0,0x0,0x0,0x38,0x0,0x0,0x0,
0xa,0x1,0x0,0x0,0x0,0x0,0x0,0x0,
0x38,0x0,0x0,0x0,0x0,0x0,0x0,0x0,
0x38,0x0,0x0,0x0,0x0,0x0,0x1,0x0,
0xff,0xff,0xff,0xff,0x9,0x0,0x0,0x0,
0x52,0x2,0x90,0x1,0x0,0x0,0x0,0x0,
0x0,0x0,0x7,0x0,0x0,0x0,0x0,0x0,
0x0,0x0,0x0,0x0,0x52,0x2,0x0,0x0,
0x1,0x0,0x0,0x0,0x2f,0x8b,0x4,0x0,
0x0,0x3d,0x8c,0x4,0x0,0x0,0x18,0x7,
0x6,0x64,0x7,0x50,0xc,0x2f,0x8d,0x4,
0x0,0x0,0x3d,0x8e,0x4,0x0,0x0,0x4c,
0x18,0x2f,0x8f,0x4,0x0,0x0,0x3d,0x90,
0x4,0x0,0x0,0x18,0x8,0x2f,0x91,0x4,
0x0,0x0,0x3d,0x92,0x4,0x0,0x0,0x9c,
0x8,0x18,0x6,0x2,0x0,0x0,0x0,0x0,
0x44,0x0,0x0,0x0,0x16,0x0,0x0,0x0,
0xc,0x1,0x0,0x0,0x0,0x0,0x0,0x0,
0x38,0x0,0x0,0x0,0x0,0x0,0x0,0x0,
0x38,0x0,0x0,0x0,0x0,0x0,0x1,0x0,
0xff,0xff,0xff,0xff,0x7,0x0,0x0,0x0,
0x53,0x2,0x90,0x1,0x0,0x0,0x0,0x0,
0x0,0x0,0x7,0x0,0x0,0x0,0x0,0x0,
0x0,0x0,0x0,0x0,0x53,0x2,0x0,0x0,
0x1,0x0,0x0,0x0,0x2f,0x93,0x4,0x0,
0x0,0x50,0x7,0x2f,0x94,0x4,0x0,0x0,
0x4c,0x5,0x2f,0x95,0x4,0x0,0x0,0x18,
0x6,0x2,0x0,0x0,0x0,0x0,0x0,0x0,
0x44,0x0,0x0,0x0,0x16,0x0,0x0,0x0,
0xe,0x1,0x0,0x0,0x0,0x0,0x0,0x0,
0x38,0x0,0x0,0x0,0x0,0x0,0x0,0x0,
0x38,0x0,0x0,0x0,0x0,0x0,0x1,0x0,
0xff,0xff,0xff,0xff,0x7,0x0,0x0,0x0,
0x54,0x2,0x90,0x1,0x0,0x0,0x0,0x0,
0x0,0x0,0x7,0x0,0x0,0x0,0x0,0x0,
0x0,0x0,0x0,0x0,0x54,0x2,0x0,0x0,
0x1,0x0,0x0,0x0,0x2f,0x96,0x4,0x0,
0x0,0x50,0x7,0x2f,0x97,0x4,0x0,0x0,
0x4c,0x5,0x2f,0x98,0x4,0x0,0x0,0x18,
0x6,0x2,0x0,0x0,0x0,0x0,0x0,0x0,
0x44,0x0,0x0,0x0,0x1b,0x0,0x0,0x0,
0x10,0x1,0x0,0x0,0x0,0x0,0x0,0x0,
0x38,0x0,0x0,0x0,0x0,0x0,0x0,0x0,
0x38,0x0,0x0,0x0,0x0,0x0,0x1,0x0,
0xff,0xff,0xff,0xff,0xa,0x0,0x0,0x0,
0x55,0x2,0x90,0x1,0x0,0x0,0x0,0x0,
0x0,0x0,0x7,0x0,0x0,0x0,0x0,0x0,
0x0,0x0,0x0,0x0,0x55,0x2,0x0,0x0,
0x1,0x0,0x0,0x0,0x2f,0x99,0x4,0x0,
0x0,0x18,0x7,0xad,0x9a,0x4,0x0,0x0,
0x7,0x0,0x0,0x0,0x0,0x0,0x0,0x0,
0x0,0x0,0x0,0x0,0x18,0x6,0x2,0x0,
0x0,0x0,0x0,0x0,0x0,0x0,0x0,0x0,
0x44,0x0,0x0,0x0,0x30,0x0,0x0,0x0,
0x12,0x1,0x0,0x0,0x0,0x0,0x0,0x0,
0x38,0x0,0x0,0x0,0x0,0x0,0x0,0x0,
0x38,0x0,0x0,0x0,0x0,0x0,0x1,0x0,
0xff,0xff,0xff,0xff,0xd,0x0,0x0,0x0,
0x56,0x2,0x90,0x1,0x0,0x0,0x0,0x0,
0x0,0x0,0x7,0x0,0x0,0x0,0x0,0x0,
0x0,0x0,0x0,0x0,0x56,0x2,0x0,0x0,
0x1,0x0,0x0,0x0,0x2f,0x9b,0x4,0x0,
0x0,0x18,0x7,0x14,0x1c,0xa,0x2f,0x9c,
0x4,0x0,0x0,0x3d,0x9d,0x4,0x0,0x0,
0x18,0xc,0x10,0x38,0xa2,0xc,0x18,0xb,
0xad,0x9e,0x4,0x0,0x0,0x7,0x0,0x0,
0x0,0x2,0x0,0x0,0x0,0xa,0x0,0x0,
0x0,0x18,0x6,0x2,0x0,0x0,0x0,0x0,
0x44,0x0,0x0,0x0,0x30,0x0,0x0,0x0,
0x14,0x1,0x0,0x0,0x0,0x0,0x0,0x0,
0x38,0x0,0x0,0x0,0x0,0x0,0x0,0x0,
0x38,0x0,0x0,0x0,0x0,0x0,0x1,0x0,
0xff,0xff,0xff,0xff,0xd,0x0,0x0,0x0,
0x57,0x2,0x90,0x1,0x0,0x0,0x0,0x0,
0x0,0x0,0x7,0x0,0x0,0x0,0x0,0x0,
0x0,0x0,0x0,0x0,0x57,0x2,0x0,0x0,
0x1,0x0,0x0,0x0,0x2f,0x9f,0x4,0x0,
0x0,0x18,0x7,0x14,0x1c,0xa,0x2f,0xa0,
0x4,0x0,0x0,0x3d,0xa1,0x4,0x0,0x0,
0x18,0xc,0x10,0x38,0xa2,0xc,0x18,0xb,
0xad,0xa2,0x4,0x0,0x0,0x7,0x0,0x0,
0x0,0x2,0x0,0x0,0x0,0xa,0x0,0x0,
0x0,0x18,0x6,0x2,0x0,0x0,0x0,0x0,
0x44,0x0,0x0,0x0,0x47,0x0,0x0,0x0,
0x16,0x1,0x0,0x0,0x0,0x0,0x0,0x0,
0x38,0x0,0x0,0x0,0x0,0x0,0x0,0x0,
0x38,0x0,0x0,0x0,0x0,0x0,0x1,0x0,
0xff,0xff,0xff,0xff,0xe,0x0,0x0,0x0,
0x58,0x2,0x90,0x1,0x0,0x0,0x0,0x0,
0x0,0x0,0x7,0x0,0x0,0x0,0x0,0x0,
0x0,0x0,0x0,0x0,0x58,0x2,0x0,0x0,
0x1,0x0,0x0,0x0,0x2f,0xa3,0x4,0x0,
0x0,0x50,0x38,0x2f,0xa4,0x4,0x0,0x0,
0x18,0x7,0x14,0x1c,0xa,0x2f,0xa5,0x4,
0x0,0x0,0x18,0xc,0x2f,0xa6,0x4,0x0,
0x0,0x3d,0xa7,0x4,0x0,0x0,0xa2,0xc,
0x18,0xd,0x10,0x2,0x9e,0xd,0x18,0xb,
0xad,0xa8,0x4,0x0,0x0,0x7,0x0,0x0,
0x0,0x2,0x0,0x0,0x0,0xa,0x0,0x0,
0x0,0x4c,0x5,0x2f,0xa9,0x4,0x0,0x0,
0x18,0x6,0x2,0x0,0x0,0x0,0x0,0x0,
0x44,0x0,0x0,0x0,0x27,0x0,0x0,0x0,
0x18,0x1,0x0,0x0,0x0,0x0,0x0,0x0,
0x38,0x0,0x0,0x0,0x0,0x0,0x0,0x0,
0x38,0x0,0x0,0x0,0x0,0x0,0x1,0x0,
0xff,0xff,0xff,0xff,0xa,0x0,0x0,0x0,
0x59,0x2,0x90,0x1,0x0,0x0,0x0,0x0,
0x0,0x0,0x7,0x0,0x0,0x0,0x0,0x0,
0x0,0x0,0x0,0x0,0x59,0x2,0x0,0x0,
0x1,0x0,0x0,0x0,0x2f,0xaa,0x4,0x0,
0x0,0x18,0x7,0x6,0x64,0x7,0x50,0x16,
0x2f,0xab,0x4,0x0,0x0,0x18,0x8,0x4,
0x3,0x9c,0x8,0x18,0x9,0x2f,0xac,0x4,
0x0,0x0,0x9e,0x9,0x4c,0x2,0x10,0x1,
0x18,0x6,0x2,0x0,0x0,0x0,0x0,0x0,
0x44,0x0,0x0,0x0,0x21,0x0,0x0,0x0,
0x1a,0x1,0x0,0x0,0x0,0x0,0x0,0x0,
0x38,0x0,0x0,0x0,0x0,0x0,0x0,0x0,
0x38,0x0,0x0,0x0,0x0,0x0,0x1,0x0,
0xff,0xff,0xff,0xff,0x9,0x0,0x0,0x0,
0x5a,0x2,0x90,0x1,0x0,0x0,0x0,0x0,
0x0,0x0,0x7,0x0,0x0,0x0,0x0,0x0,
0x0,0x0,0x0,0x0,0x5a,0x2,0x0,0x0,
0x1,0x0,0x0,0x0,0x2f,0xad,0x4,0x0,
0x0,0x18,0x7,0x6,0x64,0x7,0x50,0x10,
0x2f,0xae,0x4,0x0,0x0,0x18,0x8,0x2f,
0xaf,0x4,0x0,0x0,0x9e,0x8,0x4c,0x2,
0x10,0x1,0x18,0x6,0x2,0x0,0x0,0x0,
0x0,0x0,0x0,0x0,0x0,0x0,0x0,0x0,
0x5c,0x0,0x0,0x0,0x57,0x0,0x0,0x0,
0x1c,0x1,0x0,0x0,0x0,0x0,0x0,0x0,
0x38,0x0,0x0,0x0,0x0,0x0,0x0,0x0,
0x38,0x0,0x0,0x0,0x0,0x0,0x3,0x0,
0xff,0xff,0xff,0xff,0xf,0x0,0x0,0x0,
0x5b,0x2,0x90,0x1,0x0,0x0,0x0,0x0,
0x0,0x0,0x7,0x0,0x0,0x0,0x0,0x0,
0x0,0x0,0x0,0x0,0x5b,0x2,0x0,0x0,
0x1,0x0,0x0,0x0,0x18,0x0,0x0,0x0,
0x5c,0x2,0x0,0x0,0x1,0x0,0x0,0x0,
0x56,0x0,0x0,0x0,0x5d,0x2,0x0,0x0,
0x1,0x0,0x0,0x0,0x2f,0xb0,0x4,0x0,
0x0,0x18,0x7,0x6,0x64,0x7,0x50,0x46,
0x2f,0xb1,0x4,0x0,0x0,0x18,0x8,0x6,
0x64,0x8,0x50,0x3a,0x2f,0xb2,0x4,0x0,
0x0,0x18,0x9,0x2f,0xb3,0x4,0x0,0x0,
0x18,0xe,0x2f,0xb4,0x4,0x0,0x0,0x9e,
0xe,0x18,0xc,0x2f,0xb5,0x4,0x0,0x0,
0x18,0xe,0x2f,0xb6,0x4,0x0,0x0,0x9e,
0xe,0x18,0xd,0xad,0xb7,0x4,0x0,0x0,
0x9,0x0,0x0,0x0,0x2,0x0,0x0,0x0,
0xc,0x0,0x0,0x0,0x4c,0x2,0x10,0x1,
0x18,0x6,0x2,0x0,0x0,0x0,0x0,0x0,
0x44,0x0,0x0,0x0,0x22,0x0,0x0,0x0,
0x1e,0x1,0x0,0x0,0x0,0x0,0x0,0x0,
0x38,0x0,0x0,0x0,0x0,0x0,0x0,0x0,
0x38,0x0,0x0,0x0,0x0,0x0,0x1,0x0,
0xff,0xff,0xff,0xff,0xb,0x0,0x0,0x0,
0x5e,0x2,0x90,0x1,0x0,0x0,0x0,0x0,
0x0,0x0,0x7,0x0,0x0,0x0,0x0,0x0,
0x0,0x0,0x0,0x0,0x5e,0x2,0x0,0x0,
0x1,0x0,0x0,0x0,0x2f,0xb8,0x4,0x0,
0x0,0x18,0x7,0x2f,0xb9,0x4,0x0,0x0,
0x18,0xa,0xad,0xba,0x4,0x0,0x0,0x7,
0x0,0x0,0x0,0x1,0x0,0x0,0x0,0xa,
0x0,0x0,0x0,0x18,0x6,0x2,0x0,0x0,
0x0,0x0,0x0,0x0,0x0,0x0,0x0,0x0,
0x44,0x0,0x0,0x0,0x8,0x0,0x0,0x0,
0x20,0x1,0x0,0x0,0x0,0x0,0x0,0x0,
0x38,0x0,0x0,0x0,0x0,0x0,0x0,0x0,
0x38,0x0,0x0,0x0,0x0,0x0,0x1,0x0,
0xff,0xff,0xff,0xff,0x7,0x0,0x0,0x0,
0x5f,0x2,0x90,0x1,0x0,0x0,0x0,0x0,
0x0,0x0,0x7,0x0,0x0,0x0,0x0,0x0,
0x0,0x0,0x0,0x0,0x5f,0x2,0x0,0x0,
0x1,0x0,0x0,0x0,0x2f,0xbb,0x4,0x0,
0x0,0x18,0x6,0x2,0x0,0x0,0x0,0x0,
0x44,0x0,0x0,0x0,0x3c,0x0,0x0,0x0,
0x8b,0x0,0x0,0x0,0x0,0x0,0x0,0x0,
0x38,0x0,0x0,0x0,0x0,0x0,0x0,0x0,
0x38,0x0,0x0,0x0,0x0,0x0,0x1,0x0,
0xff,0xff,0xff,0xff,0xe,0x0,0x0,0x0,
0x61,0x2,0x90,0x1,0x0,0x0,0x0,0x0,
0x0,0x0,0x7,0x0,0x0,0x0,0x0,0x0,
0x0,0x0,0x0,0x0,0x61,0x2,0x0,0x0,
0x1,0x0,0x0,0x0,0x2f,0xbc,0x4,0x0,
0x0,0x18,0x7,0x14,0x1c,0xa,0x2f,0xbd,
0x4,0x0,0x0,0x18,0xc,0x2f,0xbe,0x4,
0x0,0x0,0x9c,0xc,0x18,0xd,0x2f,0xbf,
0x4,0x0,0x0,0x3d,0xc0,0x4,0x0,0x0,
0x9c,0xd,0x18,0xb,0xad,0xc1,0x4,0x0,
0x0,0x7,0x0,0x0,0x0,0x2,0x0,0x0,
0x0,0xa,0x0,0x0,0x0,0x18,0x6,0x2,
0x0,0x0,0x0,0x0,0x0,0x0,0x0,0x0,
0x44,0x0,0x0,0x0,0x3c,0x0,0x0,0x0,
0x9e,0x0,0x0,0x0,0x0,0x0,0x0,0x0,
0x38,0x0,0x0,0x0,0x0,0x0,0x0,0x0,
0x38,0x0,0x0,0x0,0x0,0x0,0x1,0x0,
0xff,0xff,0xff,0xff,0xe,0x0,0x0,0x0,
0x62,0x2,0x90,0x1,0x0,0x0,0x0,0x0,
0x0,0x0,0x7,0x0,0x0,0x0,0x0,0x0,
0x0,0x0,0x0,0x0,0x62,0x2,0x0,0x0,
0x1,0x0,0x0,0x0,0x2f,0xc2,0x4,0x0,
0x0,0x18,0x7,0x14,0x1c,0xa,0x2f,0xc3,
0x4,0x0,0x0,0x18,0xc,0x2f,0xc4,0x4,
0x0,0x0,0x9c,0xc,0x18,0xd,0x2f,0xc5,
0x4,0x0,0x0,0x3d,0xc6,0x4,0x0,0x0,
0x9c,0xd,0x18,0xb,0xad,0xc7,0x4,0x0,
0x0,0x7,0x0,0x0,0x0,0x2,0x0,0x0,
0x0,0xa,0x0,0x0,0x0,0x18,0x6,0x2,
0x0,0x0,0x0,0x0,0x0,0x0,0x0,0x0,
0x5c,0x0,0x0,0x0,0x34,0x0,0x0,0x0,
0x22,0x1,0x0,0x0,0x0,0x0,0x0,0x0,
0x38,0x0,0x0,0x0,0x0,0x0,0x0,0x0,
0x38,0x0,0x0,0x0,0x0,0x0,0x3,0x0,
0xff,0xff,0xff,0xff,0xb,0x0,0x0,0x0,
0x63,0x2,0x90,0x1,0x0,0x0,0x0,0x0,
0x0,0x0,0x7,0x0,0x0,0x0,0x0,0x0,
0x0,0x0,0x0,0x0,0x63,0x2,0x0,0x0,
0x0,0x0,0x0,0x0,0x1,0x0,0x0,0x0,
0x63,0x2,0x0,0x0,0x1,0x0,0x0,0x0,
0x16,0x0,0x0,0x0,0x63,0x2,0x0,0x0,
0x2,0x0,0x0,0x0,0xca,0x2f,0xc8,0x4,
0x0,0x0,0x18,0x7,0x2f,0xc9,0x4,0x0,
0x0,0x3d,0xca,0x4,0x0,0x0,0x6c,0x7,
0x50,0x1a,0x2f,0xcb,0x4,0x0,0x0,0x18,
0x8,0xad,0xcc,0x4,0x0,0x0,0x8,0x0,
0x0,0x0,0x0,0x0,0x0,0x0,0x0,0x0,
0x0,0x0,0x18,0x6,0xd4,0x16,0x6,0x2,
0x0,0x0,0x0,0x0,0x0,0x0,0x0,0x0,
0x44,0x0,0x0,0x0,0x46,0x0,0x0,0x0,
0x8b,0x0,0x0,0x0,0x0,0x0,0x0,0x0,
0x38,0x0,0x0,0x0,0x0,0x0,0x0,0x0,
0x38,0x0,0x0,0x0,0x0,0x0,0x1,0x0,
0xff,0xff,0xff,0xff,0xe,0x0,0x0,0x0,
0x68,0x2,0xd0,0x1,0x0,0x0,0x0,0x0,
0x0,0x0,0x7,0x0,0x0,0x0,0x0,0x0,
0x0,0x0,0x0,0x0,0x68,0x2,0x0,0x0,
0x1,0x0,0x0,0x0,0x2f,0xcd,0x4,0x0,
0x0,0x18,0x7,0x14,0x1c,0xa,0x2f,0xce,
0x4,0x0,0x0,0x3d,0xcf,0x4,0x0,0x0,
0x18,0xc,0x2f,0xd0,0x4,0x0,0x0,0x3d,
0xd1,0x4,0x0,0x0,0x9c,0xc,0x18,0xd,
0x2f,0xd2,0x4,0x0,0x0,0x3d,0xd3,0x4,
0x0,0x0,0x9c,0xd,0x18,0xb,0xad,0xd4,
0x4,0x0,0x0,0x7,0x0,0x0,0x0,0x2,
0x0,0x0,0x0,0xa,0x0,0x0,0x0,0x18,
0x6,0x2,0x0,0x0,0x0,0x0,0x0,0x0,
0x44,0x0,0x0,0x0,0x46,0x0,0x0,0x0,
0x9e,0x0,0x0,0x0,0x0,0x0,0x0,0x0,
0x38,0x0,0x0,0x0,0x0,0x0,0x0,0x0,
0x38,0x0,0x0,0x0,0x0,0x0,0x1,0x0,
0xff,0xff,0xff,0xff,0xe,0x0,0x0,0x0,
0x69,0x2,0xd0,0x1,0x0,0x0,0x0,0x0,
0x0,0x0,0x7,0x0,0x0,0x0,0x0,0x0,
0x0,0x0,0x0,0x0,0x69,0x2,0x0,0x0,
0x1,0x0,0x0,0x0,0x2f,0xd5,0x4,0x0,
0x0,0x18,0x7,0x14,0x1c,0xa,0x2f,0xd6,
0x4,0x0,0x0,0x3d,0xd7,0x4,0x0,0x0,
0x18,0xc,0x2f,0xd8,0x4,0x0,0x0,0x3d,
0xd9,0x4,0x0,0x0,0x9c,0xc,0x18,0xd,
0x2f,0xda,0x4,0x0,0x0,0x3d,0xdb,0x4,
0x0,0x0,0x9c,0xd,0x18,0xb,0xad,0xdc,
0x4,0x0,0x0,0x7,0x0,0x0,0x0,0x2,
0x0,0x0,0x0,0xa,0x0,0x0,0x0,0x18,
0x6,0x2,0x0,0x0,0x0,0x0,0x0,0x0,
0x44,0x0,0x0,0x0,0xd,0x0,0x0,0x0,
0xd4,0x0,0x0,0x0,0x0,0x0,0x0,0x0,
0x38,0x0,0x0,0x0,0x0,0x0,0x0,0x0,
0x38,0x0,0x0,0x0,0x0,0x0,0x1,0x0,
0xff,0xff,0xff,0xff,0x7,0x0,0x0,0x0,
0x6a,0x2,0xd0,0x1,0x0,0x0,0x0,0x0,
0x0,0x0,0x7,0x0,0x0,0x0,0x0,0x0,
0x0,0x0,0x0,0x0,0x6a,0x2,0x0,0x0,
0x1,0x0,0x0,0x0,0x2f,0xdd,0x4,0x0,
0x0,0x3d,0xde,0x4,0x0,0x0,0x18,0x6,
0x2,0x0,0x0,0x0,0x0,0x0,0x0,0x0,
0x44,0x0,0x0,0x0,0xd,0x0,0x0,0x0,
0xd6,0x0,0x0,0x0,0x0,0x0,0x0,0x0,
0x38,0x0,0x0,0x0,0x0,0x0,0x0,0x0,
0x38,0x0,0x0,0x0,0x0,0x0,0x1,0x0,
0xff,0xff,0xff,0xff,0x7,0x0,0x0,0x0,
0x6b,0x2,0xd0,0x1,0x0,0x0,0x0,0x0,
0x0,0x0,0x7,0x0,0x0,0x0,0x0,0x0,
0x0,0x0,0x0,0x0,0x6b,0x2,0x0,0x0,
0x1,0x0,0x0,0x0,0x2f,0xdf,0x4,0x0,
0x0,0x3d,0xe0,0x4,0x0,0x0,0x18,0x6,
0x2,0x0,0x0,0x0,0x0,0x0,0x0,0x0,
0x5c,0x0,0x0,0x0,0x35,0x0,0x0,0x0,
0x1c,0x1,0x0,0x0,0x0,0x0,0x0,0x0,
0x38,0x0,0x0,0x0,0x0,0x0,0x0,0x0,
0x38,0x0,0x0,0x0,0x0,0x0,0x3,0x0,
0xff,0xff,0xff,0xff,0x9,0x0,0x0,0x0,
0x6c,0x2,0xd0,0x1,0x0,0x0,0x0,0x0,
0x0,0x0,0x7,0x0,0x0,0x0,0x0,0x0,
0x0,0x0,0x0,0x0,0x6c,0x2,0x0,0x0,
0x1,0x0,0x0,0x0,0x16,0x0,0x0,0x0,
0x6d,0x2,0x0,0x0,0x1,0x0,0x0,0x0,
0x34,0x0,0x0,0x0,0x6e,0x2,0x0,0x0,
0x1,0x0,0x0,0x0,0x2f,0xe1,0x4,0x0,
0x0,0x3d,0xe2,0x4,0x0,0x0,0x3d,0xe3,
0x4,0x0,0x0,0x18,0x7,0x6,0x64,0x7,
0x50,0x1a,0x2f,0xe4,0x4,0x0,0x0,0x18,
0x8,0x2f,0xe5,0x4,0x0,0x0,0x3d,0xe6,
0x4,0x0,0x0,0x3d,0xe7,0x4,0x0,0x0,
0x9e,0x8,0x4c,0x2,0x10,0x1,0x18,0x6,
0x2,0x0,0x0,0x0,0x0,0x0,0x0,0x0,
0x44,0x0,0x0,0x0,0x8,0x0,0x0,0x0,
0x94,0x0,0x0,0x0,0x0,0x0,0x0,0x0,
0x38,0x0,0x0,0x0,0x0,0x0,0x0,0x0,
0x38,0x0,0x0,0x0,0x0,0x0,0x1,0x0,
0xff,0xff,0xff,0xff,0x7,0x0,0x0,0x0,
0x67,0x2,0xd0,0x1,0x0,0x0,0x0,0x0,
0x0,0x0,0x7,0x0,0x0,0x0,0x0,0x0,
0x0,0x0,0x0,0x0,0x67,0x2,0x0,0x0,
0x1,0x0,0x0,0x0,0x2f,0xe8,0x4,0x0,
0x0,0x18,0x6,0x2,0x0,0x0,0x0,0x0,
0x44,0x0,0x0,0x0,0xd,0x0,0x0,0x0,
0x7c,0x0,0x0,0x0,0x0,0x0,0x0,0x0,
0x38,0x0,0x0,0x0,0x0,0x0,0x0,0x0,
0x38,0x0,0x0,0x0,0x0,0x0,0x1,0x0,
0xff,0xff,0xff,0xff,0x7,0x0,0x0,0x0,
0x73,0x2,0x10,0x2,0x0,0x0,0x0,0x0,
0x0,0x0,0x7,0x0,0x0,0x0,0x0,0x0,
0x0,0x0,0x0,0x0,0x73,0x2,0x0,0x0,
0x1,0x0,0x0,0x0,0x2f,0xe9,0x4,0x0,
0x0,0x3d,0xea,0x4,0x0,0x0,0x18,0x6,
0x2,0x0,0x0,0x0,0x0,0x0,0x0,0x0,
0x44,0x0,0x0,0x0,0xd,0x0,0x0,0x0,
0xce,0x0,0x0,0x0,0x0,0x0,0x0,0x0,
0x38,0x0,0x0,0x0,0x0,0x0,0x0,0x0,
0x38,0x0,0x0,0x0,0x0,0x0,0x1,0x0,
0xff,0xff,0xff,0xff,0x7,0x0,0x0,0x0,
0x74,0x2,0x10,0x2,0x0,0x0,0x0,0x0,
0x0,0x0,0x7,0x0,0x0,0x0,0x0,0x0,
0x0,0x0,0x0,0x0,0x74,0x2,0x0,0x0,
0x1,0x0,0x0,0x0,0x2f,0xeb,0x4,0x0,
0x0,0x3d,0xec,0x4,0x0,0x0,0x18,0x6,
0x2,0x0,0x0,0x0,0x0,0x0,0x0,0x0,
0x5c,0x0,0x0,0x0,0x39,0x0,0x0,0x0,
0x27,0x1,0x0,0x0,0x0,0x0,0x0,0x0,
0x38,0x0,0x0,0x0,0x0,0x0,0x0,0x0,
0x38,0x0,0x0,0x0,0x0,0x0,0x3,0x0,
0xff,0xff,0xff,0xff,0xb,0x0,0x0,0x0,
0x7a,0x2,0x10,0x2,0x0,0x0,0x0,0x0,
0x0,0x0,0x7,0x0,0x0,0x0,0x0,0x0,
0x0,0x0,0x0,0x0,0x7a,0x2,0x0,0x0,
0x0,0x0,0x0,0x0,0x1,0x0,0x0,0x0,
0x7a,0x2,0x0,0x0,0x1,0x0,0x0,0x0,
0x1b,0x0,0x0,0x0,0x7a,0x2,0x0,0x0,
0x2,0x0,0x0,0x0,0xca,0x2f,0xed,0x4,
0x0,0x0,0x3d,0xee,0x4,0x0,0x0,0x18,
0x7,0x2f,0xef,0x4,0x0,0x0,0x3d,0xf0,
0x4,0x0,0x0,0x6c,0x7,0x50,0x1a,0x2f,
0xf1,0x4,0x0,0x0,0x18,0x8,0xad,0xf2,
0x4,0x0,0x0,0x8,0x0,0x0,0x0,0x0,
0x0,0x0,0x0,0x0,0x0,0x0,0x0,0x18,
0x6,0xd4,0x16,0x6,0x2,0x0,0x0,0x0,
0x0,0x0,0x0,0x0,0x0,0x0,0x0,0x0,
0x5c,0x0,0x0,0x0,0x39,0x0,0x0,0x0,
0x29,0x1,0x0,0x0,0x0,0x0,0x0,0x0,
0x38,0x0,0x0,0x0,0x0,0x0,0x0,0x0,
0x38,0x0,0x0,0x0,0x0,0x0,0x3,0x0,
0xff,0xff,0xff,0xff,0xb,0x0,0x0,0x0,
0x7b,0x2,0x10,0x2,0x0,0x0,0x0,0x0,
0x0,0x0,0x7,0x0,0x0,0x0,0x0,0x0,
0x0,0x0,0x0,0x0,0x7b,0x2,0x0,0x0,
0x0,0x0,0x0,0x0,0x1,0x0,0x0,0x0,
0x7b,0x2,0x0,0x0,0x1,0x0,0x0,0x0,
0x1b,0x0,0x0,0x0,0x7b,0x2,0x0,0x0,
0x2,0x0,0x0,0x0,0xca,0x2f,0xf3,0x4,
0x0,0x0,0x3d,0xf4,0x4,0x0,0x0,0x18,
0x7,0x2f,0xf5,0x4,0x0,0x0,0x3d,0xf6,
0x4,0x0,0x0,0x6c,0x7,0x50,0x1a,0x2f,
0xf7,0x4,0x0,0x0,0x18,0x8,0xad,0xf8,
0x4,0x0,0x0,0x8,0x0,0x0,0x0,0x0,
0x0,0x0,0x0,0x0,0x0,0x0,0x0,0x18,
0x6,0xd4,0x16,0x6,0x2,0x0,0x0,0x0,
0x0,0x0,0x0,0x0,0x0,0x0,0x0,0x0,
0x44,0x0,0x0,0x0,0x8,0x0,0x0,0x0,
0x80,0x0,0x0,0x0,0x0,0x0,0x0,0x0,
0x38,0x0,0x0,0x0,0x0,0x0,0x0,0x0,
0x38,0x0,0x0,0x0,0x0,0x0,0x1,0x0,
0xff,0xff,0xff,0xff,0x7,0x0,0x0,0x0,
0x72,0x2,0x10,0x2,0x0,0x0,0x0,0x0,
0x0,0x0,0x7,0x0,0x0,0x0,0x0,0x0,
0x0,0x0,0x0,0x0,0x72,0x2,0x0,0x0,
0x1,0x0,0x0,0x0,0x2f,0xf9,0x4,0x0,
0x0,0x18,0x6,0x2,0x0,0x0,0x0,0x0,
0x44,0x0,0x0,0x0,0x1b,0x0,0x0,0x0,
0x8d,0x0,0x0,0x0,0x0,0x0,0x0,0x0,
0x38,0x0,0x0,0x0,0x0,0x0,0x0,0x0,
0x38,0x0,0x0,0x0,0x0,0x0,0x1,0x0,
0xff,0xff,0xff,0xff,0x8,0x0,0x0,0x0,
0x80,0x2,0x10,0x2,0x0,0x0,0x0,0x0,
0x0,0x0,0x7,0x0,0x0,0x0,0x0,0x0,
0x0,0x0,0x0,0x0,0x80,0x2,0x0,0x0,
0x1,0x0,0x0,0x0,0x2f,0xfa,0x4,0x0,
0x0,0x3d,0xfb,0x4,0x0,0x0,0x18,0x7,
0x2f,0xfc,0x4,0x0,0x0,0x3d,0xfd,0x4,
0x0,0x0,0x6c,0x7,0x18,0x6,0x2,0x0,
0x0,0x0,0x0,0x0,0x0,0x0,0x0,0x0,
0x44,0x0,0x0,0x0,0x8,0x0,0x0,0x0,
0x80,0x0,0x0,0x0,0x0,0x0,0x0,0x0,
0x38,0x0,0x0,0x0,0x0,0x0,0x0,0x0,
0x38,0x0,0x0,0x0,0x0,0x0,0x1,0x0,
0xff,0xff,0xff,0xff,0x7,0x0,0x0,0x0,
0x7f,0x2,0x10,0x2,0x0,0x0,0x0,0x0,
0x0,0x0,0x7,0x0,0x0,0x0,0x0,0x0,
0x0,0x0,0x0,0x0,0x7f,0x2,0x0,0x0,
0x1,0x0,0x0,0x0,0x2f,0xfe,0x4,0x0,
0x0,0x18,0x6,0x2,0x0,0x0,0x0,0x0,
0x44,0x0,0x0,0x0,0x1b,0x0,0x0,0x0,
0x2e,0x1,0x0,0x0,0x0,0x0,0x0,0x0,
0x38,0x0,0x0,0x0,0x0,0x0,0x0,0x0,
0x38,0x0,0x0,0x0,0x0,0x0,0x1,0x0,
0xff,0xff,0xff,0xff,0x7,0x0,0x0,0x0,
0x84,0x2,0x50,0x2,0x0,0x0,0x0,0x0,
0x0,0x0,0x7,0x0,0x0,0x0,0x0,0x0,
0x0,0x0,0x0,0x0,0x84,0x2,0x0,0x0,
0x1,0x0,0x0,0x0,0x2f,0xff,0x4,0x0,
0x0,0x3d,0x0,0x5,0x0,0x0,0x50,0x7,
0x13,0x12,0x2,0x0,0x0,0x4c,0x5,0x13,
0x13,0x2,0x0,0x0,0x18,0x6,0x2,0x0,
0x0,0x0,0x0,0x0,0x0,0x0,0x0,0x0,
0x44,0x0,0x0,0x0,0x33,0x0,0x0,0x0,
0x30,0x1,0x0,0x0,0x0,0x0,0x0,0x0,
0x38,0x0,0x0,0x0,0x0,0x0,0x0,0x0,
0x38,0x0,0x0,0x0,0x0,0x0,0x1,0x0,
0xff,0xff,0xff,0xff,0xc,0x0,0x0,0x0,
0x85,0x2,0x50,0x2,0x0,0x0,0x0,0x0,
0x0,0x0,0x7,0x0,0x0,0x0,0x0,0x0,
0x0,0x0,0x0,0x0,0x85,0x2,0x0,0x0,
0x1,0x0,0x0,0x0,0x2f,0x1,0x5,0x0,
0x0,0x18,0x7,0x2f,0x2,0x5,0x0,0x0,
0x3d,0x3,0x5,0x0,0x0,0x18,0xa,0x2f,
0x4,0x5,0x0,0x0,0x3d,0x5,0x5,0x0,
0x0,0x18,0xb,0xad,0x6,0x5,0x0,0x0,
0x7,0x0,0x0,0x0,0x2,0x0,0x0,0x0,
0xa,0x0,0x0,0x0,0x18,0x6,0x2,0x0,
0x0,0x0,0x0,0x0,0x0,0x0,0x0,0x0,
0x44,0x0,0x0,0x0,0xd,0x0,0x0,0x0,
0x33,0x1,0x0,0x0,0x0,0x0,0x0,0x0,
0x38,0x0,0x0,0x0,0x0,0x0,0x0,0x0,
0x38,0x0,0x0,0x0,0x0,0x0,0x1,0x0,
0xff,0xff,0xff,0xff,0x7,0x0,0x0,0x0,
0x88,0x2,0x90,0x2,0x0,0x0,0x0,0x0,
0x0,0x0,0x7,0x0,0x0,0x0,0x0,0x0,
0x0,0x0,0x0,0x0,0x88,0x2,0x0,0x0,
0x1,0x0,0x0,0x0,0x2f,0x7,0x5,0x0,
0x0,0x3d,0x8,0x5,0x0,0x0,0x18,0x6,
0x2,0x0,0x0,0x0,0x0,0x0,0x0,0x0,
0x44,0x0,0x0,0x0,0x28,0x0,0x0,0x0,
0x37,0x1,0x0,0x0,0x0,0x0,0x0,0x0,
0x38,0x0,0x0,0x0,0x0,0x0,0x0,0x0,
0x38,0x0,0x0,0x0,0x0,0x0,0x1,0x0,
0xff,0xff,0xff,0xff,0x8,0x0,0x0,0x0,
0x8f,0x2,0x10,0x2,0x0,0x0,0x0,0x0,
0x0,0x0,0x7,0x0,0x0,0x0,0x0,0x0,
0x0,0x0,0x0,0x0,0x8f,0x2,0x0,0x0,
0x1,0x0,0x0,0x0,0x2f,0x9,0x5,0x0,
0x0,0x3d,0xa,0x5,0x0,0x0,0x74,0x50,
0x18,0x2f,0xb,0x5,0x0,0x0,0x3d,0xc,
0x5,0x0,0x0,0x18,0x7,0x2f,0xd,0x5,
0x0,0x0,0x3d,0xe,0x5,0x0,0x0,0x6c,
0x7,0x18,0x6,0x2,0x0,0x0,0x0,0x0,
0x44,0x0,0x0,0x0,0x1b,0x0,0x0,0x0,
0x39,0x1,0x0,0x0,0x0,0x0,0x0,0x0,
0x38,0x0,0x0,0x0,0x0,0x0,0x0,0x0,
0x38,0x0,0x0,0x0,0x0,0x0,0x1,0x0,
0xff,0xff,0xff,0xff,0x8,0x0,0x0,0x0,
0x90,0x2,0x10,0x2,0x0,0x0,0x0,0x0,
0x0,0x0,0x7,0x0,0x0,0x0,0x0,0x0,
0x0,0x0,0x0,0x0,0x90,0x2,0x0,0x0,
0x1,0x0,0x0,0x0,0x2f,0xf,0x5,0x0,
0x0,0x3d,0x10,0x5,0x0,0x0,0x18,0x7,
0x2f,0x11,0x5,0x0,0x0,0x3d,0x12,0x5,
0x0,0x0,0x84,0x7,0x18,0x6,0x2,0x0,
0x0,0x0,0x0,0x0,0x0,0x0,0x0,0x0,
0x44,0x0,0x0,0x0,0xe,0x0,0x0,0x0,
0x37,0x1,0x0,0x0,0x0,0x0,0x0,0x0,
0x38,0x0,0x0,0x0,0x0,0x0,0x0,0x0,
0x38,0x0,0x0,0x0,0x0,0x0,0x1,0x0,
0xff,0xff,0xff,0xff,0x7,0x0,0x0,0x0,
0x96,0x2,0x10,0x2,0x0,0x0,0x0,0x0,
0x0,0x0,0x7,0x0,0x0,0x0,0x0,0x0,
0x0,0x0,0x0,0x0,0x96,0x2,0x0,0x0,
0x1,0x0,0x0,0x0,0x2f,0x13,0x5,0x0,
0x0,0x3d,0x14,0x5,0x0,0x0,0x74,0x18,
0x6,0x2,0x0,0x0,0x0,0x0,0x0,0x0,
0x44,0x0,0x0,0x0,0x29,0x0,0x0,0x0,
0x39,0x1,0x0,0x0,0x0,0x0,0x0,0x0,
0x38,0x0,0x0,0x0,0x0,0x0,0x0,0x0,
0x38,0x0,0x0,0x0,0x0,0x0,0x1,0x0,
0xff,0xff,0xff,0xff,0x9,0x0,0x0,0x0,
0x97,0x2,0x10,0x2,0x0,0x0,0x0,0x0,
0x0,0x0,0x7,0x0,0x0,0x0,0x0,0x0,
0x0,0x0,0x0,0x0,0x97,0x2,0x0,0x0,
0x1,0x0,0x0,0x0,0x2f,0x15,0x5,0x0,
0x0,0x3d,0x16,0x5,0x0,0x0,0x18,0x7,
0x2f,0x17,0x5,0x0,0x0,0x3d,0x18,0x5,
0x0,0x0,0x84,0x7,0x18,0x8,0x2f,0x19,
0x5,0x0,0x0,0x3d,0x1a,0x5,0x0,0x0,
0x84,0x8,0x18,0x6,0x2,0x0,0x0,0x0,
0x0,0x0,0x0,0x0,0x0,0x0,0x0,0x0,
0x74,0x0,0x0,0x0,0x4c,0x0,0x0,0x0,
0x3e,0x1,0x0,0x0,0x0,0x0,0x0,0x0,
0x38,0x0,0x0,0x0,0x0,0x0,0x0,0x0,
0x38,0x0,0x0,0x0,0x0,0x0,0x5,0x0,
0xff,0xff,0xff,0xff,0xa,0x0,0x0,0x0,
0x98,0x2,0x10,0x2,0x0,0x0,0x0,0x0,
0x0,0x0,0x7,0x0,0x0,0x0,0x0,0x0,
0x0,0x0,0x0,0x0,0x98,0x2,0x0,0x0,
0x0,0x0,0x0,0x0,0x1,0x0,0x0,0x0,
0x99,0x2,0x0,0x0,0x3,0x0,0x0,0x0,
0x19,0x0,0x0,0x0,0x9a,0x2,0x0,0x0,
0x5,0x0,0x0,0x0,0x31,0x0,0x0,0x0,
0x9b,0x2,0x0,0x0,0x6,0x0,0x0,0x0,
0x48,0x0,0x0,0x0,0x9c,0x2,0x0,0x0,
0x6,0x0,0x0,0x0,0xca,0x2f,0x1b,0x5,
0x0,0x0,0x18,0x7,0xad,0x1c,0x5,0x0,
0x0,0x7,0x0,0x0,0x0,0x0,0x0,0x0,
0x0,0x0,0x0,0x0,0x0,0x2f,0x1d,0x5,
0x0,0x0,0x18,0x7,0xad,0x1e,0x5,0x0,
0x0,0x7,0x0,0x0,0x0,0x0,0x0,0x0,
0x0,0x0,0x0,0x0,0x0,0x2f,0x1f,0x5,
0x0,0x0,0x18,0x7,0x12,0x0,0x18,0x8,
0x43,0x20,0x5,0x0,0x0,0x7,0x0,0x0,
0x0,0x1a,0x8,0x6,0xd4,0x16,0x6,0x2,
0x0,0x0,0x0,0x0,0x0,0x0,0x0,0x0,
0x44,0x0,0x0,0x0,0x8,0x0,0x0,0x0,
0x42,0x1,0x0,0x0,0x0,0x0,0x0,0x0,
0x38,0x0,0x0,0x0,0x0,0x0,0x0,0x0,
0x38,0x0,0x0,0x0,0x0,0x0,0x1,0x0,
0xff,0xff,0xff,0xff,0x7,0x0,0x0,0x0,
0xa2,0x2,0x10,0x2,0x0,0x0,0x0,0x0,
0x0,0x0,0x7,0x0,0x0,0x0,0x0,0x0,
0x0,0x0,0x0,0x0,0xa2,0x2,0x0,0x0,
0x1,0x0,0x0,0x0,0x2f,0x21,0x5,0x0,
0x0,0x18,0x6,0x2,0x0,0x0,0x0,0x0,
0x44,0x0,0x0,0x0,0xd,0x0,0x0,0x0,
0x44,0x1,0x0,0x0,0x0,0x0,0x0,0x0,
0x38,0x0,0x0,0x0,0x0,0x0,0x0,0x0,
0x38,0x0,0x0,0x0,0x0,0x0,0x1,0x0,
0xff,0xff,0xff,0xff,0x7,0x0,0x0,0x0,
0xa3,0x2,0x10,0x2,0x0,0x0,0x0,0x0,
0x0,0x0,0x7,0x0,0x0,0x0,0x0,0x0,
0x0,0x0,0x0,0x0,0xa3,0x2,0x0,0x0,
0x1,0x0,0x0,0x0,0x2f,0x22,0x5,0x0,
0x0,0x3d,0x23,0x5,0x0,0x0,0x18,0x6,
0x2,0x0,0x0,0x0,0x0,0x0,0x0,0x0,
0x44,0x0,0x0,0x0,0x3d,0x0,0x0,0x0,
0x45,0x1,0x0,0x0,0x0,0x0,0x0,0x0,
0x38,0x0,0x0,0x0,0x0,0x0,0x0,0x0,
0x38,0x0,0x0,0x0,0x0,0x0,0x1,0x0,
0xff,0xff,0xff,0xff,0xf,0x0,0x0,0x0,
0xa4,0x2,0x10,0x2,0x0,0x0,0x0,0x0,
0x0,0x0,0x7,0x0,0x0,0x0,0x0,0x0,
0x0,0x0,0x0,0x0,0xa4,0x2,0x0,0x0,
0x1,0x0,0x0,0x0,0x2f,0x24,0x5,0x0,
0x0,0x18,0x7,0x14,0x22,0xa,0x2f,0x25,
0x5,0x0,0x0,0x3d,0x26,0x5,0x0,0x0,
0x18,0xe,0xb5,0x27,0x5,0x0,0x0,0x1,
0x0,0x0,0x0,0xe,0x0,0x0,0x0,0x4e,
0x2,0x4,0x22,0x18,0xb,0xad,0x28,0x5,
0x0,0x0,0x7,0x0,0x0,0x0,0x2,0x0,
0x0,0x0,0xa,0x0,0x0,0x0,0x18,0x6,
0x2,0x0,0x0,0x0,0x0,0x0,0x0,0x0,
0x44,0x0,0x0,0x0,0x12,0x0,0x0,0x0,
0x47,0x1,0x0,0x0,0x0,0x0,0x0,0x0,
0x38,0x0,0x0,0x0,0x0,0x0,0x0,0x0,
0x38,0x0,0x0,0x0,0x0,0x0,0x1,0x0,
0xff,0xff,0xff,0xff,0x7,0x0,0x0,0x0,
0xa5,0x2,0x10,0x2,0x0,0x0,0x0,0x0,
0x0,0x0,0x7,0x0,0x0,0x0,0x0,0x0,
0x0,0x0,0x0,0x0,0xa5,0x2,0x0,0x0,
0x1,0x0,0x0,0x0,0x2f,0x29,0x5,0x0,
0x0,0x3d,0x2a,0x5,0x0,0x0,0x3d,0x2b,
0x5,0x0,0x0,0x18,0x6,0x2,0x0,0x0,
0x0,0x0,0x0,0x0,0x0,0x0,0x0,0x0,
0x44,0x0,0x0,0x0,0x12,0x0,0x0,0x0,
0x49,0x1,0x0,0x0,0x0,0x0,0x0,0x0,
0x38,0x0,0x0,0x0,0x0,0x0,0x0,0x0,
0x38,0x0,0x0,0x0,0x0,0x0,0x1,0x0,
0xff,0xff,0xff,0xff,0x7,0x0,0x0,0x0,
0xa6,0x2,0x10,0x2,0x0,0x0,0x0,0x0,
0x0,0x0,0x7,0x0,0x0,0x0,0x0,0x0,
0x0,0x0,0x0,0x0,0xa6,0x2,0x0,0x0,
0x1,0x0,0x0,0x0,0x2f,0x2c,0x5,0x0,
0x0,0x3d,0x2d,0x5,0x0,0x0,0x3d,0x2e,
0x5,0x0,0x0,0x18,0x6,0x2,0x0,0x0,
0x0,0x0,0x0,0x0,0x0,0x0,0x0,0x0,
0x44,0x0,0x0,0x0,0x1b,0x0,0x0,0x0,
0x4b,0x1,0x0,0x0,0x0,0x0,0x0,0x0,
0x38,0x0,0x0,0x0,0x0,0x0,0x0,0x0,
0x38,0x0,0x0,0x0,0x0,0x0,0x1,0x0,
0xff,0xff,0xff,0xff,0x7,0x0,0x0,0x0,
0xa7,0x2,0x10,0x2,0x0,0x0,0x0,0x0,
0x0,0x0,0x7,0x0,0x0,0x0,0x0,0x0,
0x0,0x0,0x0,0x0,0xa7,0x2,0x0,0x0,
0x1,0x0,0x0,0x0,0x2f,0x2f,0x5,0x0,
0x0,0x3d,0x30,0x5,0x0,0x0,0x74,0x50,
0xb,0x2f,0x31,0x5,0x0,0x0,0x3d,0x32,
0x5,0x0,0x0,0x74,0x18,0x6,0x2,0x0,
0x0,0x0,0x0,0x0,0x0,0x0,0x0,0x0,
0x68,0x0,0x0,0x0,0x4a,0x0,0x0,0x0,
0x4e,0x1,0x0,0x0,0x0,0x0,0x0,0x0,
0x38,0x0,0x0,0x0,0x0,0x0,0x0,0x0,
0x38,0x0,0x0,0x0,0x0,0x0,0x4,0x0,
0xff,0xff,0xff,0xff,0xb,0x0,0x0,0x0,
0xa9,0x2,0x10,0x2,0x0,0x0,0x0,0x0,
0x0,0x0,0x7,0x0,0x0,0x0,0x0,0x0,
0x0,0x0,0x0,0x0,0xa9,0x2,0x0,0x0,
0x0,0x0,0x0,0x0,0x1,0x0,0x0,0x0,
0xaa,0x2,0x0,0x0,0x2,0x0,0x0,0x0,
0x2c,0x0,0x0,0x0,0xab,0x2,0x0,0x0,
0x3,0x0,0x0,0x0,0x46,0x0,0x0,0x0,
0xac,0x2,0x0,0x0,0x3,0x0,0x0,0x0,
0xca,0x2f,0x33,0x5,0x0,0x0,0x3d,0x34,
0x5,0x0,0x0,0x18,0x7,0x6,0x64,0x7,
0x4e,0x1a,0x2f,0x35,0x5,0x0,0x0,0x3d,
0x36,0x5,0x0,0x0,0x18,0x8,0x2f,0x37,
0x5,0x0,0x0,0x3d,0x38,0x5,0x0,0x0,
0x6c,0x8,0x50,0x1a,0x2f,0x39,0x5,0x0,
0x0,0x18,0x9,0x2f,0x3a,0x5,0x0,0x0,
0x18,0xa,0x43,0x3b,0x5,0x0,0x0,0x9,
0x0,0x0,0x0,0x1a,0xa,0x6,0xd4,0x16,
0x6,0x2,0x0,0x0,0x0,0x0,0x0,0x0,
0x0,0x0,0x0,0x0,0x0,0x0,0x0,0x0,
0x44,0x0,0x0,0x0,0x8,0x0,0x0,0x0,
0x80,0x0,0x0,0x0,0x0,0x0,0x0,0x0,
0x38,0x0,0x0,0x0,0x0,0x0,0x0,0x0,
0x38,0x0,0x0,0x0,0x0,0x0,0x1,0x0,
0xff,0xff,0xff,0xff,0x7,0x0,0x0,0x0,
0xa1,0x2,0x10,0x2,0x0,0x0,0x0,0x0,
0x0,0x0,0x7,0x0,0x0,0x0,0x0,0x0,
0x0,0x0,0x0,0x0,0xa1,0x2,0x0,0x0,
0x1,0x0,0x0,0x0,0x2f,0x3c,0x5,0x0,
0x0,0x18,0x6,0x2,0x0,0x0,0x0,0x0,
0x44,0x0,0x0,0x0,0x2a,0x0,0x0,0x0,
0x8d,0x0,0x0,0x0,0x0,0x0,0x0,0x0,
0x38,0x0,0x0,0x0,0x0,0x0,0x0,0x0,
0x38,0x0,0x0,0x0,0x0,0x0,0x1,0x0,
0xff,0xff,0xff,0xff,0xa,0x0,0x0,0x0,
0xb2,0x2,0xd0,0x1,0x0,0x0,0x0,0x0,
0x0,0x0,0x7,0x0,0x0,0x0,0x0,0x0,
0x0,0x0,0x0,0x0,0xb2,0x2,0x0,0x0,
0x1,0x0,0x0,0x0,0x2f,0x3d,0x5,0x0,
0x0,0x3d,0x3e,0x5,0x0,0x0,0x18,0x7,
0xad,0x3f,0x5,0x0,0x0,0x7,0x0,0x0,
0x0,0x0,0x0,0x0,0x0,0x0,0x0,0x0,
0x0,0x3d,0x40,0x5,0x0,0x0,0x18,0x7,
0x6,0x6c,0x7,0x18,0x6,0x2,0x0,0x0,
0x0,0x0,0x0,0x0,0x0,0x0,0x0,0x0,
0x44,0x0,0x0,0x0,0x1b,0x0,0x0,0x0,
0x82,0x0,0x0,0x0,0x0,0x0,0x0,0x0,
0x38,0x0,0x0,0x0,0x0,0x0,0x0,0x0,
0x38,0x0,0x0,0x0,0x0,0x0,0x1,0x0,
0xff,0xff,0xff,0xff,0x7,0x0,0x0,0x0,
0xb3,0x2,0xd0,0x1,0x0,0x0,0x0,0x0,
0x0,0x0,0x7,0x0,0x0,0x0,0x0,0x0,
0x0,0x0,0x0,0x0,0xb3,0x2,0x0,0x0,
0x1,0x0,0x0,0x0,0x2f,0x41,0x5,0x0,
0x0,0x3d,0x42,0x5,0x0,0x0,0x50,0x7,
0x13,0x21,0x2,0x0,0x0,0x4c,0x5,0x13,
0x22,0x2,0x0,0x0,0x18,0x6,0x2,0x0,
0x0,0x0,0x0,0x0,0x0,0x0,0x0,0x0,
0x44,0x0,0x0,0x0,0x8,0x0,0x0,0x0,
0x80,0x0,0x0,0x0,0x0,0x0,0x0,0x0,
0x38,0x0,0x0,0x0,0x0,0x0,0x0,0x0,
0x38,0x0,0x0,0x0,0x0,0x0,0x1,0x0,
0xff,0xff,0xff,0xff,0x7,0x0,0x0,0x0,
0xb1,0x2,0xd0,0x1,0x0,0x0,0x0,0x0,
0x0,0x0,0x7,0x0,0x0,0x0,0x0,0x0,
0x0,0x0,0x0,0x0,0xb1,0x2,0x0,0x0,
0x1,0x0,0x0,0x0,0x2f,0x43,0x5,0x0,
0x0,0x18,0x6,0x2,0x0,0x0,0x0,0x0,
0x44,0x0,0x0,0x0,0xd,0x0,0x0,0x0,
0x82,0x0,0x0,0x0,0x0,0x0,0x0,0x0,
0x38,0x0,0x0,0x0,0x0,0x0,0x0,0x0,
0x38,0x0,0x0,0x0,0x0,0x0,0x1,0x0,
0xff,0xff,0xff,0xff,0x7,0x0,0x0,0x0,
0xb4,0x2,0xd0,0x1,0x0,0x0,0x0,0x0,
0x0,0x0,0x7,0x0,0x0,0x0,0x0,0x0,
0x0,0x0,0x0,0x0,0xb4,0x2,0x0,0x0,
0x1,0x0,0x0,0x0,0x2f,0x44,0x5,0x0,
0x0,0x3d,0x45,0x5,0x0,0x0,0x18,0x6,
0x2,0x0,0x0,0x0,0x0,0x0,0x0,0x0,
0x44,0x0,0x0,0x0,0x2b,0x0,0x0,0x0,
0xda,0x0,0x0,0x0,0x0,0x0,0x0,0x0,
0x38,0x0,0x0,0x0,0x0,0x0,0x0,0x0,
0x38,0x0,0x0,0x0,0x0,0x0,0x1,0x0,
0xff,0xff,0xff,0xff,0xc,0x0,0x0,0x0,
0xb8,0x2,0x10,0x2,0x0,0x0,0x0,0x0,
0x0,0x0,0x7,0x0,0x0,0x0,0x0,0x0,
0x0,0x0,0x0,0x0,0xb8,0x2,0x0,0x0,
0x1,0x0,0x0,0x0,0x13,0x23,0x2,0x0,
0x0,0x18,0x7,0x2f,0x46,0x5,0x0,0x0,
0x3d,0x47,0x5,0x0,0x0,0x18,0xb,0x10,
0x1,0x80,0xb,0x18,0xa,0xb5,0x48,0x5,
0x0,0x0,0x1,0x0,0x0,0x0,0xa,0x0,
0x0,0x0,0x80,0x7,0x18,0x6,0x2,0x0,
0x0,0x0,0x0,0x0,0x0,0x0,0x0,0x0,
0x44,0x0,0x0,0x0,0xd,0x0,0x0,0x0,
0x82,0x0,0x0,0x0,0x0,0x0,0x0,0x0,
0x38,0x0,0x0,0x0,0x0,0x0,0x0,0x0,
0x38,0x0,0x0,0x0,0x0,0x0,0x1,0x0,
0xff,0xff,0xff,0xff,0x7,0x0,0x0,0x0,
0xb9,0x2,0x10,0x2,0x0,0x0,0x0,0x0,
0x0,0x0,0x7,0x0,0x0,0x0,0x0,0x0,
0x0,0x0,0x0,0x0,0xb9,0x2,0x0,0x0,
0x1,0x0,0x0,0x0,0x2f,0x49,0x5,0x0,
0x0,0x3d,0x4a,0x5,0x0,0x0,0x18,0x6,
0x2,0x0,0x0,0x0,0x0,0x0,0x0,0x0,
0x44,0x0,0x0,0x0,0x8,0x0,0x0,0x0,
0x94,0x0,0x0,0x0,0x0,0x0,0x0,0x0,
0x38,0x0,0x0,0x0,0x0,0x0,0x0,0x0,
0x38,0x0,0x0,0x0,0x0,0x0,0x1,0x0,
0xff,0xff,0xff,0xff,0x7,0x0,0x0,0x0,
0xb7,0x2,0x10,0x2,0x0,0x0,0x0,0x0,
0x0,0x0,0x7,0x0,0x0,0x0,0x0,0x0,
0x0,0x0,0x0,0x0,0xb7,0x2,0x0,0x0,
0x1,0x0,0x0,0x0,0x2f,0x4b,0x5,0x0,
0x0,0x18,0x6,0x2,0x0,0x0,0x0,0x0,
0x44,0x0,0x0,0x0,0x27,0x0,0x0,0x0,
0xb5,0x0,0x0,0x0,0x0,0x0,0x0,0x0,
0x38,0x0,0x0,0x0,0x0,0x0,0x0,0x0,
0x38,0x0,0x0,0x0,0x0,0x0,0x1,0x0,
0xff,0xff,0xff,0xff,0xb,0x0,0x0,0x0,
0xbf,0x2,0xd0,0x1,0x0,0x0,0x0,0x0,
0x0,0x0,0x7,0x0,0x0,0x0,0x0,0x0,
0x0,0x0,0x0,0x0,0xbf,0x2,0x0,0x0,
0x1,0x0,0x0,0x0,0x2f,0x4c,0x5,0x0,
0x0,0x18,0x7,0x2f,0x4d,0x5,0x0,0x0,
0x3d,0x4e,0x5,0x0,0x0,0x18,0xa,0xad,
0x4f,0x5,0x0,0x0,0x7,0x0,0x0,0x0,
0x1,0x0,0x0,0x0,0xa,0x0,0x0,0x0,
0x18,0x6,0x2,0x0,0x0,0x0,0x0,0x0,
0x44,0x0,0x0,0x0,0x4c,0x0,0x0,0x0,
0x50,0x1,0x0,0x0,0x0,0x0,0x0,0x0,
0x38,0x0,0x0,0x0,0x0,0x0,0x0,0x0,
0x38,0x0,0x0,0x0,0x0,0x0,0x1,0x0,
0xff,0xff,0xff,0xff,0xe,0x0,0x0,0x0,
0xc3,0x2,0x10,0x2,0x0,0x0,0x0,0x0,
0x0,0x0,0x7,0x0,0x0,0x0,0x0,0x0,
0x0,0x0,0x0,0x0,0xc3,0x2,0x0,0x0,
0x1,0x0,0x0,0x0,0x2f,0x50,0x5,0x0,
0x0,0x18,0x7,0x2f,0x51,0x5,0x0,0x0,
0x3d,0x52,0x5,0x0,0x0,0x4e,0x4,0xea,
0x18,0x0,0x0,0x18,0xa,0x2f,0x53,0x5,
0x0,0x0,0x3d,0x54,0x5,0x0,0x0,0x18,
0xb,0x2f,0x55,0x5,0x0,0x0,0x18,0xc,
0x2f,0x56,0x5,0x0,0x0,0x3d,0x57,0x5,
0x0,0x0,0x18,0xd,0xad,0x58,0x5,0x0,
0x0,0x7,0x0,0x0,0x0,0x4,0x0,0x0,
0x0,0xa,0x0,0x0,0x0,0x18,0x6,0x2,
0x0,0x0,0x0,0x0,0x0,0x0,0x0,0x0,
0x44,0x0,0x0,0x0,0xd,0x0,0x0,0x0,
0x52,0x1,0x0,0x0,0x0,0x0,0x0,0x0,
0x38,0x0,0x0,0x0,0x0,0x0,0x0,0x0,
0x38,0x0,0x0,0x0,0x0,0x0,0x1,0x0,
0xff,0xff,0xff,0xff,0x7,0x0,0x0,0x0,
0xc4,0x2,0x10,0x2,0x0,0x0,0x0,0x0,
0x0,0x0,0x7,0x0,0x0,0x0,0x0,0x0,
0x0,0x0,0x0,0x0,0xc4,0x2,0x0,0x0,
0x1,0x0,0x0,0x0,0x2f,0x59,0x5,0x0,
0x0,0x3d,0x5a,0x5,0x0,0x0,0x18,0x6,
0x2,0x0,0x0,0x0,0x0,0x0,0x0,0x0,
0x44,0x0,0x0,0x0,0xd,0x0,0x0,0x0,
0x54,0x1,0x0,0x0,0x0,0x0,0x0,0x0,
0x38,0x0,0x0,0x0,0x0,0x0,0x0,0x0,
0x38,0x0,0x0,0x0,0x0,0x0,0x1,0x0,
0xff,0xff,0xff,0xff,0x7,0x0,0x0,0x0,
0xc5,0x2,0x10,0x2,0x0,0x0,0x0,0x0,
0x0,0x0,0x7,0x0,0x0,0x0,0x0,0x0,
0x0,0x0,0x0,0x0,0xc5,0x2,0x0,0x0,
0x1,0x0,0x0,0x0,0x2f,0x5b,0x5,0x0,
0x0,0x3d,0x5c,0x5,0x0,0x0,0x18,0x6,
0x2,0x0,0x0,0x0,0x0,0x0,0x0,0x0,
0x44,0x0,0x0,0x0,0x2a,0x0,0x0,0x0,
0x8b,0x0,0x0,0x0,0x0,0x0,0x0,0x0,
0x38,0x0,0x0,0x0,0x0,0x0,0x0,0x0,
0x38,0x0,0x0,0x0,0x0,0x0,0x1,0x0,
0xff,0xff,0xff,0xff,0xc,0x0,0x0,0x0,
0xc6,0x2,0x10,0x2,0x0,0x0,0x0,0x0,
0x0,0x0,0x7,0x0,0x0,0x0,0x0,0x0,
0x0,0x0,0x0,0x0,0xc6,0x2,0x0,0x0,
0x1,0x0,0x0,0x0,0x2f,0x5d,0x5,0x0,
0x0,0x18,0x7,0x14,0x29,0xa,0x2f,0x5e,
0x5,0x0,0x0,0x3d,0x5f,0x5,0x0,0x0,
0x18,0xb,0xad,0x60,0x5,0x0,0x0,0x7,
0x0,0x0,0x0,0x2,0x0,0x0,0x0,0xa,
0x0,0x0,0x0,0x18,0x6,0x2,0x0,0x0,
0x0,0x0,0x0,0x0,0x0,0x0,0x0,0x0,
0x44,0x0,0x0,0x0,0x2a,0x0,0x0,0x0,
0x9e,0x0,0x0,0x0,0x0,0x0,0x0,0x0,
0x38,0x0,0x0,0x0,0x0,0x0,0x0,0x0,
0x38,0x0,0x0,0x0,0x0,0x0,0x1,0x0,
0xff,0xff,0xff,0xff,0xc,0x0,0x0,0x0,
0xc7,0x2,0x10,0x2,0x0,0x0,0x0,0x0,
0x0,0x0,0x7,0x0,0x0,0x0,0x0,0x0,
0x0,0x0,0x0,0x0,0xc7,0x2,0x0,0x0,
0x1,0x0,0x0,0x0,0x2f,0x61,0x5,0x0,
0x0,0x18,0x7,0x14,0x29,0xa,0x2f,0x62,
0x5,0x0,0x0,0x3d,0x63,0x5,0x0,0x0,
0x18,0xb,0xad,0x64,0x5,0x0,0x0,0x7,
0x0,0x0,0x0,0x2,0x0,0x0,0x0,0xa,
0x0,0x0,0x0,0x18,0x6,0x2,0x0,0x0,
0x0,0x0,0x0,0x0,0x0,0x0,0x0,0x0,
0x44,0x0,0x0,0x0,0x1b,0x0,0x0,0x0,
0x8d,0x0,0x0,0x0,0x0,0x0,0x0,0x0,
0x38,0x0,0x0,0x0,0x0,0x0,0x0,0x0,
0x38,0x0,0x0,0x0,0x0,0x0,0x1,0x0,
0xff,0xff,0xff,0xff,0x8,0x0,0x0,0x0,
0xcb,0x2,0x10,0x2,0x0,0x0,0x0,0x0,
0x0,0x0,0x7,0x0,0x0,0x0,0x0,0x0,
0x0,0x0,0x0,0x0,0xcb,0x2,0x0,0x0,
0x1,0x0,0x0,0x0,0x2f,0x65,0x5,0x0,
0x0,0x3d,0x66,0x5,0x0,0x0,0x18,0x7,
0x2f,0x67,0x5,0x0,0x0,0x3d,0x68,0x5,
0x0,0x0,0x6c,0x7,0x18,0x6,0x2,0x0,
0x0,0x0,0x0,0x0,0x0,0x0,0x0,0x0,
0x44,0x0,0x0,0x0,0x20,0x0,0x0,0x0,
0x82,0x0,0x0,0x0,0x0,0x0,0x0,0x0,
0x38,0x0,0x0,0x0,0x0,0x0,0x0,0x0,
0x38,0x0,0x0,0x0,0x0,0x0,0x1,0x0,
0xff,0xff,0xff,0xff,0x7,0x0,0x0,0x0,
0xc9,0x2,0x10,0x2,0x0,0x0,0x0,0x0,
0x0,0x0,0x7,0x0,0x0,0x0,0x0,0x0,
0x0,0x0,0x0,0x0,0xc9,0x2,0x0,0x0,
0x1,0x0,0x0,0x0,0x2f,0x69,0x5,0x0,
0x0,0x3d,0x6a,0x5,0x0,0x0,0x50,0xc,
0x2f,0x6b,0x5,0x0,0x0,0x3d,0x6c,0x5,
0x0,0x0,0x4c,0x5,0x13,0xed,0x0,0x0,
0x0,0x18,0x6,0x2,0x0,0x0,0x0,0x0,
0x44,0x0,0x0,0x0,0x14,0x0,0x0,0x0,
0x8b,0x0,0x0,0x0,0x0,0x0,0x0,0x0,
0x38,0x0,0x0,0x0,0x0,0x0,0x0,0x0,
0x38,0x0,0x0,0x0,0x0,0x0,0x1,0x0,
0xff,0xff,0xff,0xff,0x7,0x0,0x0,0x0,
0xca,0x2,0x10,0x2,0x0,0x0,0x0,0x0,
0x0,0x0,0x7,0x0,0x0,0x0,0x0,0x0,
0x0,0x0,0x0,0x0,0xca,0x2,0x0,0x0,
0x1,0x0,0x0,0x0,0x2f,0x6d,0x5,0x0,
0x0,0x3d,0x6e,0x5,0x0,0x0,0x50,0x4,
0x10,0x1,0x4c,0x1,0x6,0x18,0x6,0x2,
0x0,0x0,0x0,0x0,0x0,0x0,0x0,0x0,
0x44,0x0,0x0,0x0,0xe,0x0,0x0,0x0,
0x37,0x1,0x0,0x0,0x0,0x0,0x0,0x0,
0x38,0x0,0x0,0x0,0x0,0x0,0x0,0x0,
0x38,0x0,0x0,0x0,0x0,0x0,0x1,0x0,
0xff,0xff,0xff,0xff,0x7,0x0,0x0,0x0,
0xd0,0x2,0x50,0x2,0x0,0x0,0x0,0x0,
0x0,0x0,0x7,0x0,0x0,0x0,0x0,0x0,
0x0,0x0,0x0,0x0,0xd0,0x2,0x0,0x0,
0x1,0x0,0x0,0x0,0x2f,0x6f,0x5,0x0,
0x0,0x3d,0x70,0x5,0x0,0x0,0x74,0x18,
0x6,0x2,0x0,0x0,0x0,0x0,0x0,0x0,
0x44,0x0,0x0,0x0,0x25,0x0,0x0,0x0,
0x57,0x1,0x0,0x0,0x0,0x0,0x0,0x0,
0x38,0x0,0x0,0x0,0x0,0x0,0x0,0x0,
0x38,0x0,0x0,0x0,0x0,0x0,0x1,0x0,
0xff,0xff,0xff,0xff,0x7,0x0,0x0,0x0,
0xd2,0x2,0x50,0x2,0x0,0x0,0x0,0x0,
0x0,0x0,0x7,0x0,0x0,0x0,0x0,0x0,
0x0,0x0,0x0,0x0,0xd2,0x2,0x0,0x0,
0x1,0x0,0x0,0x0,0x2f,0x71,0x5,0x0,
0x0,0x3d,0x72,0x5,0x0,0x0,0x50,0xc,
0x2f,0x73,0x5,0x0,0x0,0x3d,0x74,0x5,
0x0,0x0,0x4c,0xa,0x2f,0x75,0x5,0x0,
0x0,0x3d,0x76,0x5,0x0,0x0,0x18,0x6,
0x2,0x0,0x0,0x0,0x0,0x0,0x0,0x0,
0x68,0x0,0x0,0x0,0x47,0x0,0x0,0x0,
0xa8,0x0,0x0,0x0,0x0,0x0,0x0,0x0,
0x38,0x0,0x0,0x0,0x0,0x0,0x0,0x0,
0x38,0x0,0x0,0x0,0x0,0x0,0x4,0x0,
0xff,0xff,0xff,0xff,0xc,0x0,0x0,0x0,
0xd3,0x2,0x50,0x2,0x0,0x0,0x0,0x0,
0x0,0x0,0x7,0x0,0x0,0x0,0x0,0x0,
0x0,0x0,0x0,0x0,0xd3,0x2,0x0,0x0,
0x0,0x0,0x0,0x0,0x1,0x0,0x0,0x0,
0xd4,0x2,0x0,0x0,0x2,0x0,0x0,0x0,
0xd,0x0,0x0,0x0,0xd5,0x2,0x0,0x0,
0x3,0x0,0x0,0x0,0x43,0x0,0x0,0x0,
0xd6,0x2,0x0,0x0,0x3,0x0,0x0,0x0,
0xca,0x2f,0x77,0x5,0x0,0x0,0x3d,0x78,
0x5,0x0,0x0,0x50,0x36,0x2f,0x79,0x5,
0x0,0x0,0x18,0x7,0x2f,0x7a,0x5,0x0,
0x0,0x3d,0x7b,0x5,0x0,0x0,0x4e,0x2,
0x12,0x0,0x18,0xa,0x2f,0x7c,0x5,0x0,
0x0,0x3d,0x7d,0x5,0x0,0x0,0x18,0xb,
0xad,0x7e,0x5,0x0,0x0,0x7,0x0,0x0,
0x0,0x2,0x0,0x0,0x0,0xa,0x0,0x0,
0x0,0x18,0x6,0xd4,0x16,0x6,0x2,0x0,
0x0,0x0,0x0,0x0,0x0,0x0,0x0,0x0,
0x44,0x0,0x0,0x0,0x8,0x0,0x0,0x0,
0x80,0x0,0x0,0x0,0x0,0x0,0x0,0x0,
0x38,0x0,0x0,0x0,0x0,0x0,0x0,0x0,
0x38,0x0,0x0,0x0,0x0,0x0,0x1,0x0,
0xff,0xff,0xff,0xff,0x7,0x0,0x0,0x0,
0xcf,0x2,0x50,0x2,0x0,0x0,0x0,0x0,
0x0,0x0,0x7,0x0,0x0,0x0,0x0,0x0,
0x0,0x0,0x0,0x0,0xcf,0x2,0x0,0x0,
0x1,0x0,0x0,0x0,0x2f,0x7f,0x5,0x0,
0x0,0x18,0x6,0x2,0x0,0x0,0x0,0x0,
0x44,0x0,0x0,0x0,0x27,0x0,0x0,0x0,
0xb5,0x0,0x0,0x0,0x0,0x0,0x0,0x0,
0x38,0x0,0x0,0x0,0x0,0x0,0x0,0x0,
0x38,0x0,0x0,0x0,0x0,0x0,0x1,0x0,
0xff,0xff,0xff,0xff,0xb,0x0,0x0,0x0,
0xdc,0x2,0xd0,0x1,0x0,0x0,0x0,0x0,
0x0,0x0,0x7,0x0,0x0,0x0,0x0,0x0,
0x0,0x0,0x0,0x0,0xdc,0x2,0x0,0x0,
0x1,0x0,0x0,0x0,0x2f,0x80,0x5,0x0,
0x0,0x18,0x7,0x2f,0x81,0x5,0x0,0x0,
0x3d,0x82,0x5,0x0,0x0,0x18,0xa,0xad,
0x83,0x5,0x0,0x0,0x7,0x0,0x0,0x0,
0x1,0x0,0x0,0x0,0xa,0x0,0x0,0x0,
0x18,0x6,0x2,0x0,0x0,0x0,0x0,0x0,
0x44,0x0,0x0,0x0,0x41,0x0,0x0,0x0,
0x50,0x1,0x0,0x0,0x0,0x0,0x0,0x0,
0x38,0x0,0x0,0x0,0x0,0x0,0x0,0x0,
0x38,0x0,0x0,0x0,0x0,0x0,0x1,0x0,
0xff,0xff,0xff,0xff,0xe,0x0,0x0,0x0,
0xe0,0x2,0x10,0x2,0x0,0x0,0x0,0x0,
0x0,0x0,0x7,0x0,0x0,0x0,0x0,0x0,
0x0,0x0,0x0,0x0,0xe0,0x2,0x0,0x0,
0x1,0x0,0x0,0x0,0x2f,0x84,0x5,0x0,
0x0,0x18,0x7,0x2f,0x85,0x5,0x0,0x0,
0x18,0xa,0x2f,0x86,0x5,0x0,0x0,0x3d,
0x87,0x5,0x0,0x0,0x18,0xb,0x2f,0x88,
0x5,0x0,0x0,0x18,0xc,0x2f,0x89,0x5,
0x0,0x0,0x3d,0x8a,0x5,0x0,0x0,0x18,
0xd,0xad,0x8b,0x5,0x0,0x0,0x7,0x0,
0x0,0x0,0x4,0x0,0x0,0x0,0xa,0x0,
0x0,0x0,0x18,0x6,0x2,0x0,0x0,0x0,
0x0,0x0,0x0,0x0,0x0,0x0,0x0,0x0,
0x44,0x0,0x0,0x0,0xd,0x0,0x0,0x0,
0x52,0x1,0x0,0x0,0x0,0x0,0x0,0x0,
0x38,0x0,0x0,0x0,0x0,0x0,0x0,0x0,
0x38,0x0,0x0,0x0,0x0,0x0,0x1,0x0,
0xff,0xff,0xff,0xff,0x7,0x0,0x0,0x0,
0xe1,0x2,0x10,0x2,0x0,0x0,0x0,0x0,
0x0,0x0,0x7,0x0,0x0,0x0,0x0,0x0,
0x0,0x0,0x0,0x0,0xe1,0x2,0x0,0x0,
0x1,0x0,0x0,0x0,0x2f,0x8c,0x5,0x0,
0x0,0x3d,0x8d,0x5,0x0,0x0,0x18,0x6,
0x2,0x0,0x0,0x0,0x0,0x0,0x0,0x0,
0x44,0x0,0x0,0x0,0xd,0x0,0x0,0x0,
0x54,0x1,0x0,0x0,0x0,0x0,0x0,0x0,
0x38,0x0,0x0,0x0,0x0,0x0,0x0,0x0,
0x38,0x0,0x0,0x0,0x0,0x0,0x1,0x0,
0xff,0xff,0xff,0xff,0x7,0x0,0x0,0x0,
0xe2,0x2,0x10,0x2,0x0,0x0,0x0,0x0,
0x0,0x0,0x7,0x0,0x0,0x0,0x0,0x0,
0x0,0x0,0x0,0x0,0xe2,0x2,0x0,0x0,
0x1,0x0,0x0,0x0,0x2f,0x8e,0x5,0x0,
0x0,0x3d,0x8f,0x5,0x0,0x0,0x18,0x6,
0x2,0x0,0x0,0x0,0x0,0x0,0x0,0x0,
0x44,0x0,0x0,0x0,0x3b,0x0,0x0,0x0,
0x8b,0x0,0x0,0x0,0x0,0x0,0x0,0x0,
0x38,0x0,0x0,0x0,0x0,0x0,0x0,0x0,
0x38,0x0,0x0,0x0,0x0,0x0,0x1,0x0,
0xff,0xff,0xff,0xff,0xc,0x0,0x0,0x0,
0xe3,0x2,0x10,0x2,0x0,0x0,0x0,0x0,
0x0,0x0,0x7,0x0,0x0,0x0,0x0,0x0,
0x0,0x0,0x0,0x0,0xe3,0x2,0x0,0x0,
0x1,0x0,0x0,0x0,0x2f,0x90,0x5,0x0,
0x0,0x18,0x7,0x2f,0x91,0x5,0x0,0x0,
0x3d,0x92,0x5,0x0,0x0,0x50,0x4,0x10,
0xc,0x4c,0x2,0x10,0x6,0x18,0xa,0x2f,
0x93,0x5,0x0,0x0,0x3d,0x94,0x5,0x0,
0x0,0x18,0xb,0xad,0x95,0x5,0x0,0x0,
0x7,0x0,0x0,0x0,0x2,0x0,0x0,0x0,
0xa,0x0,0x0,0x0,0x18,0x6,0x2,0x0,
0x0,0x0,0x0,0x0,0x0,0x0,0x0,0x0,
0x44,0x0,0x0,0x0,0x3b,0x0,0x0,0x0,
0x9e,0x0,0x0,0x0,0x0,0x0,0x0,0x0,
0x38,0x0,0x0,0x0,0x0,0x0,0x0,0x0,
0x38,0x0,0x0,0x0,0x0,0x0,0x1,0x0,
0xff,0xff,0xff,0xff,0xc,0x0,0x0,0x0,
0xe4,0x2,0x10,0x2,0x0,0x0,0x0,0x0,
0x0,0x0,0x7,0x0,0x0,0x0,0x0,0x0,
0x0,0x0,0x0,0x0,0xe4,0x2,0x0,0x0,
0x1,0x0,0x0,0x0,0x2f,0x96,0x5,0x0,
0x0,0x18,0x7,0x2f,0x97,0x5,0x0,0x0,
0x3d,0x98,0x5,0x0,0x0,0x50,0x4,0x10,
0xc,0x4c,0x2,0x10,0x6,0x18,0xa,0x2f,
0x99,0x5,0x0,0x0,0x3d,0x9a,0x5,0x0,
0x0,0x18,0xb,0xad,0x9b,0x5,0x0,0x0,
0x7,0x0,0x0,0x0,0x2,0x0,0x0,0x0,
0xa,0x0,0x0,0x0,0x18,0x6,0x2,0x0,
0x0,0x0,0x0,0x0,0x0,0x0,0x0,0x0,
0x5c,0x0,0x0,0x0,0x41,0x0,0x0,0x0,
0x82,0x0,0x0,0x0,0x0,0x0,0x0,0x0,
0x38,0x0,0x0,0x0,0x0,0x0,0x0,0x0,
0x38,0x0,0x0,0x0,0x0,0x0,0x3,0x0,
0xff,0xff,0xff,0xff,0x7,0x0,0x0,0x0,
0xe5,0x2,0x10,0x2,0x0,0x0,0x0,0x0,
0x0,0x0,0x7,0x0,0x0,0x0,0x0,0x0,
0x0,0x0,0x0,0x0,0xe5,0x2,0x0,0x0,
0x1,0x0,0x0,0x0,0xc,0x0,0x0,0x0,
0xe6,0x2,0x0,0x0,0x1,0x0,0x0,0x0,
0x26,0x0,0x0,0x0,0xe7,0x2,0x0,0x0,
0x1,0x0,0x0,0x0,0x2f,0x9c,0x5,0x0,
0x0,0x3d,0x9d,0x5,0x0,0x0,0x50,0x1a,
0x2f,0x9e,0x5,0x0,0x0,0x3d,0x9f,0x5,
0x0,0x0,0x50,0x7,0x13,0x26,0x2,0x0,
0x0,0x4c,0x5,0x13,0x27,0x2,0x0,0x0,
0x4c,0x18,0x2f,0xa0,0x5,0x0,0x0,0x3d,
0xa1,0x5,0x0,0x0,0x50,0x7,0x13,0x12,
0x2,0x0,0x0,0x4c,0x5,0x13,0x13,0x2,
0x0,0x0,0x18,0x6,0x2,0x0,0x0,0x0,
0x0,0x0,0x0,0x0,0x0,0x0,0x0,0x0,
0x44,0x0,0x0,0x0,0x15,0x0,0x0,0x0,
0x96,0x0,0x0,0x0,0x0,0x0,0x0,0x0,
0x38,0x0,0x0,0x0,0x0,0x0,0x0,0x0,
0x38,0x0,0x0,0x0,0x0,0x0,0x1,0x0,
0xff,0xff,0xff,0xff,0x7,0x0,0x0,0x0,
0xea,0x2,0x10,0x2,0x0,0x0,0x0,0x0,
0x0,0x0,0x7,0x0,0x0,0x0,0x0,0x0,
0x0,0x0,0x0,0x0,0xea,0x2,0x0,0x0,
0x1,0x0,0x0,0x0,0x2f,0xa2,0x5,0x0,
0x0,0x3d,0xa3,0x5,0x0,0x0,0x50,0x4,
0x10,0x4,0x4c,0x2,0x10,0x2,0x18,0x6,
0x2,0x0,0x0,0x0,0x0,0x0,0x0,0x0,
0x44,0x0,0x0,0x0,0x1b,0x0,0x0,0x0,
0x8d,0x0,0x0,0x0,0x0,0x0,0x0,0x0,
0x38,0x0,0x0,0x0,0x0,0x0,0x0,0x0,
0x38,0x0,0x0,0x0,0x0,0x0,0x1,0x0,
0xff,0xff,0xff,0xff,0x8,0x0,0x0,0x0,
0xeb,0x2,0x10,0x2,0x0,0x0,0x0,0x0,
0x0,0x0,0x7,0x0,0x0,0x0,0x0,0x0,
0x0,0x0,0x0,0x0,0xeb,0x2,0x0,0x0,
0x1,0x0,0x0,0x0,0x2f,0xa4,0x5,0x0,
0x0,0x3d,0xa5,0x5,0x0,0x0,0x18,0x7,
0x2f,0xa6,0x5,0x0,0x0,0x3d,0xa7,0x5,
0x0,0x0,0x6c,0x7,0x18,0x6,0x2,0x0,
0x0,0x0,0x0,0x0,0x0,0x0,0x0,0x0,
0x44,0x0,0x0,0x0,0x15,0x0,0x0,0x0,
0x59,0x1,0x0,0x0,0x0,0x0,0x0,0x0,
0x38,0x0,0x0,0x0,0x0,0x0,0x0,0x0,
0x38,0x0,0x0,0x0,0x0,0x0,0x1,0x0,
0xff,0xff,0xff,0xff,0x7,0x0,0x0,0x0,
0xec,0x2,0x10,0x2,0x0,0x0,0x0,0x0,
0x0,0x0,0x7,0x0,0x0,0x0,0x0,0x0,
0x0,0x0,0x0,0x0,0xec,0x2,0x0,0x0,
0x1,0x0,0x0,0x0,0x2f,0xa8,0x5,0x0,
0x0,0x3d,0xa9,0x5,0x0,0x0,0x50,0x4,
0x10,0x1,0x4c,0x2,0x4,0x2a,0x18,0x6,
0x2,0x0,0x0,0x0,0x0,0x0,0x0,0x0,
0x44,0x0,0x0,0x0,0x20,0x0,0x0,0x0,
0x82,0x0,0x0,0x0,0x0,0x0,0x0,0x0,
0x38,0x0,0x0,0x0,0x0,0x0,0x0,0x0,
0x38,0x0,0x0,0x0,0x0,0x0,0x1,0x0,
0xff,0xff,0xff,0xff,0x7,0x0,0x0,0x0,
0xe8,0x2,0x10,0x2,0x0,0x0,0x0,0x0,
0x0,0x0,0x7,0x0,0x0,0x0,0x0,0x0,
0x0,0x0,0x0,0x0,0xe8,0x2,0x0,0x0,
0x1,0x0,0x0,0x0,0x2f,0xaa,0x5,0x0,
0x0,0x3d,0xab,0x5,0x0,0x0,0x50,0x7,
0x13,0x28,0x2,0x0,0x0,0x4c,0xa,0x2f,
0xac,0x5,0x0,0x0,0x3d,0xad,0x5,0x0,
0x0,0x18,0x6,0x2,0x0,0x0,0x0,0x0,
0x44,0x0,0x0,0x0,0x15,0x0,0x0,0x0,
0x8b,0x0,0x0,0x0,0x0,0x0,0x0,0x0,
0x38,0x0,0x0,0x0,0x0,0x0,0x0,0x0,
0x38,0x0,0x0,0x0,0x0,0x0,0x1,0x0,
0xff,0xff,0xff,0xff,0x7,0x0,0x0,0x0,
0xe9,0x2,0x10,0x2,0x0,0x0,0x0,0x0,
0x0,0x0,0x7,0x0,0x0,0x0,0x0,0x0,
0x0,0x0,0x0,0x0,0xe9,0x2,0x0,0x0,
0x1,0x0,0x0,0x0,0x2f,0xae,0x5,0x0,
0x0,0x3d,0xaf,0x5,0x0,0x0,0x50,0x4,
0x10,0x3,0x4c,0x2,0x10,0x1,0x18,0x6,
0x2,0x0,0x0,0x0,0x0,0x0,0x0,0x0,
0x44,0x0,0x0,0x0,0x19,0x0,0x0,0x0,
0x5c,0x1,0x0,0x0,0x0,0x0,0x0,0x0,
0x38,0x0,0x0,0x0,0x0,0x0,0x0,0x0,
0x38,0x0,0x0,0x0,0x0,0x0,0x1,0x0,
0xff,0xff,0xff,0xff,0x7,0x0,0x0,0x0,
0xef,0x2,0x50,0x2,0x0,0x0,0x0,0x0,
0x0,0x0,0x7,0x0,0x0,0x0,0x0,0x0,
0x0,0x0,0x0,0x0,0xef,0x2,0x0,0x0,
0x1,0x0,0x0,0x0,0x2f,0xb0,0x5,0x0,
0x0,0x3d,0xb1,0x5,0x0,0x0,0x50,0xa,
0x2f,0xb2,0x5,0x0,0x0,0x3d,0xb3,0x5,
0x0,0x0,0x18,0x6,0x2,0x0,0x0,0x0,
0x0,0x0,0x0,0x0,0x0,0x0,0x0,0x0,
0x44,0x0,0x0,0x0,0xd,0x0,0x0,0x0,
0x5e,0x1,0x0,0x0,0x0,0x0,0x0,0x0,
0x38,0x0,0x0,0x0,0x0,0x0,0x0,0x0,
0x38,0x0,0x0,0x0,0x0,0x0,0x1,0x0,
0xff,0xff,0xff,0xff,0x7,0x0,0x0,0x0,
0xf0,0x2,0x50,0x2,0x0,0x0,0x0,0x0,
0x0,0x0,0x7,0x0,0x0,0x0,0x0,0x0,
0x0,0x0,0x0,0x0,0xf0,0x2,0x0,0x0,
0x1,0x0,0x0,0x0,0x2f,0xb4,0x5,0x0,
0x0,0x3d,0xb5,0x5,0x0,0x0,0x18,0x6,
0x2,0x0,0x0,0x0,0x0,0x0,0x0,0x0,
0x44,0x0,0x0,0x0,0xd,0x0,0x0,0x0,
0x63,0x1,0x0,0x0,0x0,0x0,0x0,0x0,
0x38,0x0,0x0,0x0,0x0,0x0,0x0,0x0,
0x38,0x0,0x0,0x0,0x0,0x0,0x1,0x0,
0xff,0xff,0xff,0xff,0x7,0x0,0x0,0x0,
0xf1,0x2,0xb0,0x5,0x0,0x0,0x0,0x0,
0x0,0x0,0x7,0x0,0x0,0x0,0x0,0x0,
0x0,0x0,0x0,0x0,0xf1,0x2,0x0,0x0,
0x1,0x0,0x0,0x0,0x2f,0xb6,0x5,0x0,
0x0,0x3d,0xb7,0x5,0x0,0x0,0x18,0x6,
0x2,0x0,0x0,0x0,0x0,0x0,0x0,0x0,
0x44,0x0,0x0,0x0,0xd,0x0,0x0,0x0,
0x63,0x1,0x0,0x0,0x0,0x0,0x0,0x0,
0x38,0x0,0x0,0x0,0x0,0x0,0x0,0x0,
0x38,0x0,0x0,0x0,0x0,0x0,0x1,0x0,
0xff,0xff,0xff,0xff,0x7,0x0,0x0,0x0,
0xf2,0x2,0xb0,0x5,0x0,0x0,0x0,0x0,
0x0,0x0,0x7,0x0,0x0,0x0,0x0,0x0,
0x0,0x0,0x0,0x0,0xf2,0x2,0x0,0x0,
0x1,0x0,0x0,0x0,0x2f,0xb8,0x5,0x0,
0x0,0x3d,0xb9,0x5,0x0,0x0,0x18,0x6,
0x2,0x0,0x0,0x0,0x0,0x0,0x0,0x0,
0x44,0x0,0x0,0x0,0x2b,0x0,0x0,0x0,
0x67,0x1,0x0,0x0,0x0,0x0,0x0,0x0,
0x38,0x0,0x0,0x0,0x0,0x0,0x0,0x0,
0x38,0x0,0x0,0x0,0x0,0x0,0x1,0x0,
0xff,0xff,0xff,0xff,0xd,0x0,0x0,0x0,
0x6,0x3,0x90,0x0,0x0,0x0,0x0,0x0,
0x0,0x0,0x7,0x0,0x0,0x0,0x0,0x0,
0x0,0x0,0x0,0x0,0x6,0x3,0x0,0x0,
0x1,0x0,0x0,0x0,0x2f,0xba,0x5,0x0,
0x0,0x18,0x7,0x14,0x1e,0xa,0x2f,0xbb,
0x5,0x0,0x0,0x18,0xc,0x10,0x2,0x9c,
0xc,0x18,0xb,0xad,0xbc,0x5,0x0,0x0,
0x7,0x0,0x0,0x0,0x2,0x0,0x0,0x0,
0xa,0x0,0x0,0x0,0x18,0x6,0x2,0x0,
0x0,0x0,0x0,0x0,0x0,0x0,0x0,0x0,
0x44,0x0,0x0,0x0,0x56,0x0,0x0,0x0,
0xf9,0x0,0x0,0x0,0x0,0x0,0x0,0x0,
0x38,0x0,0x0,0x0,0x0,0x0,0x0,0x0,
0x38,0x0,0x0,0x0,0x0,0x0,0x1,0x0,
0xff,0xff,0xff,0xff,0xd,0x0,0x0,0x0,
0xb,0x3,0x90,0x0,0x0,0x0,0x0,0x0,
0x0,0x0,0x7,0x0,0x0,0x0,0x0,0x0,
0x0,0x0,0x0,0x0,0xb,0x3,0x0,0x0,
0x1,0x0,0x0,0x0,0x2f,0xbd,0x5,0x0,
0x0,0x18,0x7,0xad,0xbe,0x5,0x0,0x0,
0x7,0x0,0x0,0x0,0x0,0x0,0x0,0x0,
0x0,0x0,0x0,0x0,0x50,0xc,0x2f,0xbf,
0x5,0x0,0x0,0x3d,0xc0,0x5,0x0,0x0,
0x4c,0x2d,0x2f,0xc1,0x5,0x0,0x0,0x18,
0x7,0x14,0x2b,0xa,0x2f,0xc2,0x5,0x0,
0x0,0x3d,0xc3,0x5,0x0,0x0,0x18,0xc,
0x10,0xa,0x80,0xc,0x18,0xb,0xad,0xc4,
0x5,0x0,0x0,0x7,0x0,0x0,0x0,0x2,
0x0,0x0,0x0,0xa,0x0,0x0,0x0,0x18,
0x6,0x2,0x0,0x0,0x0,0x0,0x0,0x0,
0x44,0x0,0x0,0x0,0xd,0x0,0x0,0x0,
0x69,0x1,0x0,0x0,0x0,0x0,0x0,0x0,
0x38,0x0,0x0,0x0,0x0,0x0,0x0,0x0,
0x38,0x0,0x0,0x0,0x0,0x0,0x1,0x0,
0xff,0xff,0xff,0xff,0x7,0x0,0x0,0x0,
0xc,0x3,0x90,0x0,0x0,0x0,0x0,0x0,
0x0,0x0,0x7,0x0,0x0,0x0,0x0,0x0,
0x0,0x0,0x0,0x0,0xc,0x3,0x0,0x0,
0x1,0x0,0x0,0x0,0x2f,0xc5,0x5,0x0,
0x0,0x3d,0xc6,0x5,0x0,0x0,0x18,0x6,
0x2,0x0,0x0,0x0,0x0,0x0,0x0,0x0,
0x44,0x0,0x0,0x0,0xd,0x0,0x0,0x0,
0xb5,0x0,0x0,0x0,0x0,0x0,0x0,0x0,
0x38,0x0,0x0,0x0,0x0,0x0,0x0,0x0,
0x38,0x0,0x0,0x0,0x0,0x0,0x1,0x0,
0xff,0xff,0xff,0xff,0x7,0x0,0x0,0x0,
0xd,0x3,0x90,0x0,0x0,0x0,0x0,0x0,
0x0,0x0,0x7,0x0,0x0,0x0,0x0,0x0,
0x0,0x0,0x0,0x0,0xd,0x3,0x0,0x0,
0x1,0x0,0x0,0x0,0x2f,0xc7,0x5,0x0,
0x0,0x3d,0xc8,0x5,0x0,0x0,0x18,0x6,
0x2,0x0,0x0,0x0,0x0,0x0,0x0,0x0,
0x44,0x0,0x0,0x0,0x8,0x0,0x0,0x0,
0x6a,0x1,0x0,0x0,0x0,0x0,0x0,0x0,
0x38,0x0,0x0,0x0,0x0,0x0,0x0,0x0,
0x38,0x0,0x0,0x0,0x0,0x0,0x1,0x0,
0xff,0xff,0xff,0xff,0x7,0x0,0x0,0x0,
0xe,0x3,0x90,0x0,0x0,0x0,0x0,0x0,
0x0,0x0,0x7,0x0,0x0,0x0,0x0,0x0,
0x0,0x0,0x0,0x0,0xe,0x3,0x0,0x0,
0x1,0x0,0x0,0x0,0x2f,0xc9,0x5,0x0,
0x0,0x18,0x6,0x2,0x0,0x0,0x0,0x0,
0x68,0x0,0x0,0x0,0x37,0x0,0x0,0x0,
0x6c,0x1,0x0,0x0,0x0,0x0,0x0,0x0,
0x38,0x0,0x0,0x0,0x0,0x0,0x0,0x0,
0x38,0x0,0x0,0x0,0x0,0x0,0x4,0x0,
0xff,0xff,0xff,0xff,0xa,0x0,0x0,0x0,
0xf,0x3,0x90,0x0,0x0,0x0,0x0,0x0,
0x0,0x0,0x7,0x0,0x0,0x0,0x0,0x0,
0x0,0x0,0x0,0x0,0xf,0x3,0x0,0x0,
0x0,0x0,0x0,0x0,0x1,0x0,0x0,0x0,
0x10,0x3,0x0,0x0,0x3,0x0,0x0,0x0,
0x19,0x0,0x0,0x0,0x11,0x3,0x0,0x0,
0x4,0x0,0x0,0x0,0x33,0x0,0x0,0x0,
0x12,0x3,0x0,0x0,0x4,0x0,0x0,0x0,
0xca,0x2f,0xca,0x5,0x0,0x0,0x18,0x7,
0xad,0xcb,0x5,0x0,0x0,0x7,0x0,0x0,
0x0,0x0,0x0,0x0,0x0,0x0,0x0,0x0,
0x0,0x2f,0xcc,0x5,0x0,0x0,0x18,0x7,
0xad,0xcd,0x5,0x0,0x0,0x7,0x0,0x0,
0x0,0x0,0x0,0x0,0x0,0x0,0x0,0x0,
0x0,0x18,0x6,0xd4,0x16,0x6,0x2,0x0,
0x0,0x0,0x0,0x0,0x0,0x0,0x0,0x0,
0x8c,0x0,0x0,0x0,0x9d,0x0,0x0,0x0,
0x6e,0x1,0x0,0x0,0x0,0x0,0x0,0x0,
0x38,0x0,0x0,0x0,0x0,0x0,0x0,0x0,
0x38,0x0,0x0,0x0,0x0,0x0,0x7,0x0,
0xff,0xff,0xff,0xff,0xb,0x0,0x0,0x0,
0x13,0x3,0x90,0x0,0x0,0x0,0x0,0x0,
0x0,0x0,0x7,0x0,0x0,0x0,0x0,0x0,
0x0,0x0,0x0,0x0,0x13,0x3,0x0,0x0,
0x0,0x0,0x0,0x0,0x1,0x0,0x0,0x0,
0x14,0x3,0x0,0x0,0x3,0x0,0x0,0x0,
0x19,0x0,0x0,0x0,0x15,0x3,0x0,0x0,
0x5,0x0,0x0,0x0,0x31,0x0,0x0,0x0,
0x16,0x3,0x0,0x0,0x6,0x0,0x0,0x0,
0x57,0x0,0x0,0x0,0x17,0x3,0x0,0x0,
0x7,0x0,0x0,0x0,0x7f,0x0,0x0,0x0,
0x19,0x3,0x0,0x0,0x8,0x0,0x0,0x0,
0x99,0x0,0x0,0x0,0x1a,0x3,0x0,0x0,
0x8,0x0,0x0,0x0,0xca,0x2f,0xce,0x5,
0x0,0x0,0x18,0x7,0xad,0xcf,0x5,0x0,
0x0,0x7,0x0,0x0,0x0,0x0,0x0,0x0,
0x0,0x0,0x0,0x0,0x0,0x2f,0xd0,0x5,
0x0,0x0,0x18,0x7,0xad,0xd1,0x5,0x0,
0x0,0x7,0x0,0x0,0x0,0x0,0x0,0x0,
0x0,0x0,0x0,0x0,0x0,0x2f,0xd2,0x5,
0x0,0x0,0x3d,0xd3,0x5,0x0,0x0,0x50,
0x42,0x2f,0xd4,0x5,0x0,0x0,0x18,0x7,
0xad,0xd5,0x5,0x0,0x0,0x7,0x0,0x0,
0x0,0x0,0x0,0x0,0x0,0x0,0x0,0x0,
0x0,0x50,0x28,0x2f,0xd6,0x5,0x0,0x0,
0x18,0x7,0x2f,0xd7,0x5,0x0,0x0,0x3d,
0xd8,0x5,0x0,0x0,0x18,0xa,0xad,0xd9,
0x5,0x0,0x0,0x7,0x0,0x0,0x0,0x1,
0x0,0x0,0x0,0xa,0x0,0x0,0x0,0x18,
0x6,0x4c,0x1a,0x2f,0xda,0x5,0x0,0x0,
0x18,0x7,0xad,0xdb,0x5,0x0,0x0,0x7,
0x0,0x0,0x0,0x0,0x0,0x0,0x0,0x0,
0x0,0x0,0x0,0x18,0x6,0xd4,0x16,0x6,
0x2,0x0,0x0,0x0,0x0,0x0,0x0,0x0,
0x50,0x0,0x0,0x0,0x2b,0x0,0x0,0x0,
0x70,0x1,0x0,0x0,0x0,0x0,0x0,0x0,
0x38,0x0,0x0,0x0,0x0,0x0,0x0,0x0,
0x38,0x0,0x0,0x0,0x0,0x0,0x2,0x0,
0xff,0xff,0xff,0xff,0xb,0x0,0x0,0x0,
0x1b,0x3,0x90,0x0,0x0,0x0,0x0,0x0,
0x0,0x0,0x7,0x0,0x0,0x0,0x0,0x0,
0x0,0x0,0x0,0x0,0x1b,0x3,0x0,0x0,
0x0,0x0,0x0,0x0,0x1,0x0,0x0,0x0,
0x1b,0x3,0x0,0x0,0x1,0x0,0x0,0x0,
0xca,0x2f,0xdc,0x5,0x0,0x0,0x18,0x7,
0x2f,0xdd,0x5,0x0,0x0,0x3d,0xde,0x5,
0x0,0x0,0x18,0xa,0xad,0xdf,0x5,0x0,
0x0,0x7,0x0,0x0,0x0,0x1,0x0,0x0,
0x0,0xa,0x0,0x0,0x0,0x18,0x6,0xd4,
0x16,0x6,0x2,0x0,0x0,0x0,0x0,0x0,
0x50,0x0,0x0,0x0,0x2b,0x0,0x0,0x0,
0xc1,0x0,0x0,0x0,0x0,0x0,0x0,0x0,
0x38,0x0,0x0,0x0,0x0,0x0,0x0,0x0,
0x38,0x0,0x0,0x0,0x0,0x0,0x2,0x0,
0xff,0xff,0xff,0xff,0xb,0x0,0x0,0x0,
0x1c,0x3,0x90,0x0,0x0,0x0,0x0,0x0,
0x0,0x0,0x7,0x0,0x0,0x0,0x0,0x0,
0x0,0x0,0x0,0x0,0x1c,0x3,0x0,0x0,
0x0,0x0,0x0,0x0,0x1,0x0,0x0,0x0,
0x1c,0x3,0x0,0x0,0x1,0x0,0x0,0x0,
0xca,0x2f,0xe0,0x5,0x0,0x0,0x18,0x7,
0x2f,0xe1,0x5,0x0,0x0,0x3d,0xe2,0x5,
0x0,0x0,0x18,0xa,0xad,0xe3,0x5,0x0,
0x0,0x7,0x0,0x0,0x0,0x1,0x0,0x0,
0x0,0xa,0x0,0x0,0x0,0x18,0x6,0xd4,
0x16,0x6,0x2,0x0,0x0,0x0,0x0,0x0,
0x44,0x0,0x0,0x0,0xd,0x0,0x0,0x0,
0x85,0x0,0x0,0x0,0x0,0x0,0x0,0x0,
0x38,0x0,0x0,0x0,0x0,0x0,0x0,0x0,
0x38,0x0,0x0,0x0,0x0,0x0,0x1,0x0,
0xff,0xff,0xff,0xff,0x7,0x0,0x0,0x0,
0xff,0x2,0xd0,0x0,0x0,0x0,0x0,0x0,
0x0,0x0,0x7,0x0,0x0,0x0,0x0,0x0,
0x0,0x0,0x0,0x0,0xff,0x2,0x0,0x0,
0x1,0x0,0x0,0x0,0x2f,0xe4,0x5,0x0,
0x0,0x3d,0xe5,0x5,0x0,0x0,0x18,0x6,
0x2,0x0,0x0,0x0,0x0,0x0,0x0,0x0,
0x44,0x0,0x0,0x0,0xd,0x0,0x0,0x0,
0x87,0x0,0x0,0x0,0x0,0x0,0x0,0x0,
0x38,0x0,0x0,0x0,0x0,0x0,0x0,0x0,
0x38,0x0,0x0,0x0,0x0,0x0,0x1,0x0,
0xff,0xff,0xff,0xff,0x7,0x0,0x0,0x0,
0x0,0x3,0xd0,0x0,0x0,0x0,0x0,0x0,
0x0,0x0,0x7,0x0,0x0,0x0,0x0,0x0,
0x0,0x0,0x0,0x0,0x0,0x3,0x0,0x0,
0x1,0x0,0x0,0x0,0x2f,0xe6,0x5,0x0,
0x0,0x3d,0xe7,0x5,0x0,0x0,0x18,0x6,
0x2,0x0,0x0,0x0,0x0,0x0,0x0,0x0,
0x44,0x0,0x0,0x0,0xd,0x0,0x0,0x0,
0x89,0x0,0x0,0x0,0x0,0x0,0x0,0x0,
0x38,0x0,0x0,0x0,0x0,0x0,0x0,0x0,
0x38,0x0,0x0,0x0,0x0,0x0,0x1,0x0,
0xff,0xff,0xff,0xff,0x7,0x0,0x0,0x0,
0x1,0x3,0xd0,0x0,0x0,0x0,0x0,0x0,
0x0,0x0,0x7,0x0,0x0,0x0,0x0,0x0,
0x0,0x0,0x0,0x0,0x1,0x3,0x0,0x0,
0x1,0x0,0x0,0x0,0x2f,0xe8,0x5,0x0,
0x0,0x3d,0xe9,0x5,0x0,0x0,0x18,0x6,
0x2,0x0,0x0,0x0,0x0,0x0,0x0,0x0,
0x44,0x0,0x0,0x0,0xd,0x0,0x0,0x0,
0xd8,0x0,0x0,0x0,0x0,0x0,0x0,0x0,
0x38,0x0,0x0,0x0,0x0,0x0,0x0,0x0,
0x38,0x0,0x0,0x0,0x0,0x0,0x1,0x0,
0xff,0xff,0xff,0xff,0x7,0x0,0x0,0x0,
0x2,0x3,0xd0,0x0,0x0,0x0,0x0,0x0,
0x0,0x0,0x7,0x0,0x0,0x0,0x0,0x0,
0x0,0x0,0x0,0x0,0x2,0x3,0x0,0x0,
0x1,0x0,0x0,0x0,0x2f,0xea,0x5,0x0,
0x0,0x3d,0xeb,0x5,0x0,0x0,0x18,0x6,
0x2,0x0,0x0,0x0,0x0,0x0,0x0,0x0,
0x68,0x0,0x0,0x0,0x37,0x0,0x0,0x0,
0x78,0x0,0x0,0x0,0x0,0x0,0x0,0x0,
0x38,0x0,0x0,0x0,0x0,0x0,0x0,0x0,
0x38,0x0,0x0,0x0,0x0,0x0,0x4,0x0,
0xff,0xff,0xff,0xff,0xa,0x0,0x0,0x0,
0x1d,0x3,0x90,0x0,0x0,0x0,0x0,0x0,
0x0,0x0,0x7,0x0,0x0,0x0,0x0,0x0,
0x0,0x0,0x0,0x0,0x1d,0x3,0x0,0x0,
0x0,0x0,0x0,0x0,0x1,0x0,0x0,0x0,
0x1e,0x3,0x0,0x0,0x3,0x0,0x0,0x0,
0x19,0x0,0x0,0x0,0x1f,0x3,0x0,0x0,
0x4,0x0,0x0,0x0,0x33,0x0,0x0,0x0,
0x20,0x3,0x0,0x0,0x4,0x0,0x0,0x0,
0xca,0x2f,0xec,0x5,0x0,0x0,0x18,0x7,
0xad,0xed,0x5,0x0,0x0,0x7,0x0,0x0,
0x0,0x0,0x0,0x0,0x0,0x0,0x0,0x0,
0x0,0x2f,0xee,0x5,0x0,0x0,0x18,0x7,
0xad,0xef,0x5,0x0,0x0,0x7,0x0,0x0,
0x0,0x0,0x0,0x0,0x0,0x0,0x0,0x0,
0x0,0x18,0x6,0xd4,0x16,0x6,0x2,0x0,
0x0,0x0,0x0,0x0,0x0,0x0,0x0,0x0,
0x44,0x0,0x0,0x0,0x14,0x0,0x0,0x0,
0x73,0x1,0x0,0x0,0x0,0x0,0x0,0x0,
0x38,0x0,0x0,0x0,0x0,0x0,0x0,0x0,
0x38,0x0,0x0,0x0,0x0,0x0,0x1,0x0,
0xff,0xff,0xff,0xff,0x7,0x0,0x0,0x0,
0x25,0x3,0xd0,0x0,0x0,0x0,0x0,0x0,
0x0,0x0,0x7,0x0,0x0,0x0,0x0,0x0,
0x0,0x0,0x0,0x0,0x25,0x3,0x0,0x0,
0x1,0x0,0x0,0x0,0x2f,0xf0,0x5,0x0,
0x0,0x3d,0xf1,0x5,0x0,0x0,0x50,0x4,
0x10,0x64,0x4c,0x1,0x6,0x18,0x6,0x2,
0x0,0x0,0x0,0x0,0x0,0x0,0x0,0x0,
0x44,0x0,0x0,0x0,0xd,0x0,0x0,0x0,
0x37,0x1,0x0,0x0,0x0,0x0,0x0,0x0,
0x38,0x0,0x0,0x0,0x0,0x0,0x0,0x0,
0x38,0x0,0x0,0x0,0x0,0x0,0x1,0x0,
0xff,0xff,0xff,0xff,0x7,0x0,0x0,0x0,
0x26,0x3,0xd0,0x0,0x0,0x0,0x0,0x0,
0x0,0x0,0x7,0x0,0x0,0x0,0x0,0x0,
0x0,0x0,0x0,0x0,0x26,0x3,0x0,0x0,
0x1,0x0,0x0,0x0,0x2f,0xf2,0x5,0x0,
0x0,0x3d,0xf3,0x5,0x0,0x0,0x18,0x6,
0x2,0x0,0x0,0x0,0x0,0x0,0x0,0x0,
0x44,0x0,0x0,0x0,0xd,0x0,0x0,0x0,
0x75,0x1,0x0,0x0,0x0,0x0,0x0,0x0,
0x38,0x0,0x0,0x0,0x0,0x0,0x0,0x0,
0x38,0x0,0x0,0x0,0x0,0x0,0x1,0x0,
0xff,0xff,0xff,0xff,0x7,0x0,0x0,0x0,
0x27,0x3,0xd0,0x0,0x0,0x0,0x0,0x0,
0x0,0x0,0x7,0x0,0x0,0x0,0x0,0x0,
0x0,0x0,0x0,0x0,0x27,0x3,0x0,0x0,
0x1,0x0,0x0,0x0,0x2f,0xf4,0x5,0x0,
0x0,0x3d,0xf5,0x5,0x0,0x0,0x18,0x6,
0x2,0x0,0x0,0x0,0x0,0x0,0x0,0x0,
0x44,0x0,0x0,0x0,0x20,0x0,0x0,0x0,
0x57,0x1,0x0,0x0,0x0,0x0,0x0,0x0,
0x38,0x0,0x0,0x0,0x0,0x0,0x0,0x0,
0x38,0x0,0x0,0x0,0x0,0x0,0x1,0x0,
0xff,0xff,0xff,0xff,0x7,0x0,0x0,0x0,
0x29,0x3,0xd0,0x0,0x0,0x0,0x0,0x0,
0x0,0x0,0x7,0x0,0x0,0x0,0x0,0x0,
0x0,0x0,0x0,0x0,0x29,0x3,0x0,0x0,
0x1,0x0,0x0,0x0,0x2f,0xf6,0x5,0x0,
0x0,0x50,0xc,0x2f,0xf7,0x5,0x0,0x0,
0x3d,0xf8,0x5,0x0,0x0,0x4c,0xa,0x2f,
0xf9,0x5,0x0,0x0,0x3d,0xfa,0x5,0x0,
0x0,0x18,0x6,0x2,0x0,0x0,0x0,0x0,
0x5c,0x0,0x0,0x0,0xc,0x0,0x0,0x0,
0x7c,0x1,0x0,0x0,0x0,0x0,0x0,0x0,
0x38,0x0,0x0,0x0,0x0,0x0,0x0,0x0,
0x38,0x0,0x0,0x0,0x0,0x0,0x3,0x0,
0x60,0x1,0x0,0x0,0x7,0x0,0x0,0x0,
0x31,0x3,0xd0,0x0,0x0,0x0,0x0,0x0,
0x0,0x0,0x7,0x0,0x0,0x0,0x8,0x0,
0x0,0x0,0x0,0x0,0x31,0x3,0x0,0x0,
0x0,0x0,0x0,0x0,0x1,0x0,0x0,0x0,
0x31,0x3,0x0,0x0,0x1,0x0,0x0,0x0,
0x8,0x0,0x0,0x0,0x37,0x3,0x0,0x0,
0x1,0x0,0x0,0x0,0xca,0x29,0x60,0x1,
0x0,0x0,0x18,0x6,0xd4,0x16,0x6,0x2,
0x0,0x0,0x0,0x0,0x0,0x0,0x0,0x0,
0x88,0x0,0x0,0x0,0x42,0x0,0x0,0x0,
0x0,0x0,0x0,0x0,0x1,0x0,0x1,0x0,
0x38,0x0,0x0,0x0,0x0,0x0,0x0,0x0,
0x40,0x0,0x0,0x0,0x0,0x0,0x6,0x0,
0xff,0xff,0xff,0xff,0x8,0x0,0x0,0x0,
0x31,0x3,0x80,0x1,0x0,0x0,0x0,0x0,
0x0,0x0,0x8,0x0,0x0,0x0,0x0,0x0,
0x39,0x2,0x0,0x0,0x0,0x0,0x0,0x0,
0x0,0x0,0x0,0x0,0x32,0x3,0x0,0x0,
0x2,0x0,0x0,0x0,0xc,0x0,0x0,0x0,
0x33,0x3,0x0,0x0,0x4,0x0,0x0,0x0,
0x18,0x0,0x0,0x0,0x34,0x3,0x0,0x0,
0x6,0x0,0x0,0x0,0x27,0x0,0x0,0x0,
0x35,0x3,0x0,0x0,0x8,0x0,0x0,0x0,
0x36,0x0,0x0,0x0,0x36,0x3,0x0,0x0,
0xa,0x0,0x0,0x0,0x40,0x0,0x0,0x0,
0x37,0x3,0x0,0x0,0xa,0x0,0x0,0x0,
0x16,0x6,0x3d,0xfb,0x5,0x0,0x0,0x31,
0x77,0x1,0x0,0x0,0x16,0x6,0x3d,0xfc,
0x5,0x0,0x0,0x31,0x78,0x1,0x0,0x0,
0x2f,0xfd,0x5,0x0,0x0,0x3d,0xfe,0x5,
0x0,0x0,0x31,0x79,0x1,0x0,0x0,0x2f,
0xff,0x5,0x0,0x0,0x3d,0x0,0x6,0x0,
0x0,0x31,0x7a,0x1,0x0,0x0,0x8,0x43,
0x1,0x6,0x0,0x0,0x6,0x0,0x0,0x0,
0xe,0x2,0x0,0x0,0x0,0x0,0x0,0x0,
0x5c,0x0,0x0,0x0,0xc,0x0,0x0,0x0,
0x7e,0x1,0x0,0x0,0x0,0x0,0x0,0x0,
0x38,0x0,0x0,0x0,0x0,0x0,0x0,0x0,
0x38,0x0,0x0,0x0,0x0,0x0,0x3,0x0,
0x62,0x1,0x0,0x0,0x7,0x0,0x0,0x0,
0x39,0x3,0xd0,0x0,0x0,0x0,0x0,0x0,
0x0,0x0,0x7,0x0,0x0,0x0,0x8,0x0,
0x0,0x0,0x0,0x0,0x39,0x3,0x0,0x0,
0x0,0x0,0x0,0x0,0x1,0x0,0x0,0x0,
0x39,0x3,0x0,0x0,0x1,0x0,0x0,0x0,
0x8,0x0,0x0,0x0,0x42,0x3,0x0,0x0,
0x1,0x0,0x0,0x0,0xca,0x29,0x62,0x1,
0x0,0x0,0x18,0x6,0xd4,0x16,0x6,0x2,
0x0,0x0,0x0,0x0,0x0,0x0,0x0,0x0,
0xa0,0x0,0x0,0x0,0x4a,0x1,0x0,0x0,
0x0,0x0,0x0,0x0,0x1,0x0,0x1,0x0,
0x38,0x0,0x0,0x0,0x0,0x0,0x0,0x0,
0x40,0x0,0x0,0x0,0x0,0x0,0x8,0x0,
0xff,0xff,0xff,0xff,0x1b,0x0,0x0,0x0,
0x39,0x3,0x0,0x2,0x0,0x0,0x0,0x0,
0x0,0x0,0xa,0x0,0x0,0x0,0x0,0x0,
0x39,0x2,0x0,0x0,0x0,0x0,0x0,0x0,
0x0,0x0,0x0,0x0,0x3a,0x3,0x0,0x0,
0x1,0x0,0x0,0x0,0x8,0x0,0x0,0x0,
0x3b,0x3,0x0,0x0,0x2,0x0,0x0,0x0,
0xa,0x0,0x0,0x0,0x3d,0x3,0x0,0x0,
0x3,0x0,0x0,0x0,0x25,0x0,0x0,0x0,
0x3e,0x3,0x0,0x0,0x4,0x0,0x0,0x0,
0x40,0x0,0x0,0x0,0x3f,0x3,0x0,0x0,
0x6,0x0,0x0,0x0,0xbf,0x0,0x0,0x0,
0x40,0x3,0x0,0x0,0x8,0x0,0x0,0x0,
0x3e,0x1,0x0,0x0,0x41,0x3,0x0,0x0,
0xa,0x0,0x0,0x0,0x48,0x1,0x0,0x0,
0x42,0x3,0x0,0x0,0xa,0x0,0x0,0x0,
0x2f,0x2,0x6,0x0,0x0,0x74,0x50,0x2,
0xe,0x2,0x2f,0x3,0x6,0x0,0x0,0x18,
0xa,0x16,0x6,0x3d,0x4,0x6,0x0,0x0,
0x18,0xb,0x2f,0x5,0x6,0x0,0x0,0xa2,
0xb,0xa2,0xa,0x18,0x8,0x2f,0x6,0x6,
0x0,0x0,0x18,0xa,0x16,0x6,0x3d,0x7,
0x6,0x0,0x0,0x18,0xb,0x2f,0x8,0x6,
0x0,0x0,0xa2,0xb,0xa2,0xa,0x18,0x9,
0x2f,0x9,0x6,0x0,0x0,0x18,0xa,0x2f,
0xa,0x6,0x0,0x0,0x18,0xb,0x14,0x1e,
0xe,0x2f,0xb,0x6,0x0,0x0,0x18,0x10,
0x1a,0x8,0x13,0x2f,0xc,0x6,0x0,0x0,
0x18,0x15,0x14,0x1e,0x18,0x2f,0xd,0x6,
0x0,0x0,0x3d,0xe,0x6,0x0,0x0,0x18,
0x1a,0x2f,0xf,0x6,0x0,0x0,0x3d,0x10,
0x6,0x0,0x0,0xa2,0x1a,0x18,0x19,0xad,
0x11,0x6,0x0,0x0,0x15,0x0,0x0,0x0,
0x2,0x0,0x0,0x0,0x18,0x0,0x0,0x0,
0x18,0x14,0xad,0x12,0x6,0x0,0x0,0x10,
0x0,0x0,0x0,0x2,0x0,0x0,0x0,0x13,
0x0,0x0,0x0,0x18,0xf,0xad,0x13,0x6,
0x0,0x0,0xb,0x0,0x0,0x0,0x2,0x0,
0x0,0x0,0xe,0x0,0x0,0x0,0x43,0x14,
0x6,0x0,0x0,0xa,0x0,0x0,0x0,0x2f,
0x15,0x6,0x0,0x0,0x18,0xa,0x2f,0x16,
0x6,0x0,0x0,0x18,0xb,0x14,0x1e,0xe,
0x2f,0x17,0x6,0x0,0x0,0x18,0x10,0x1a,
0x9,0x13,0x2f,0x18,0x6,0x0,0x0,0x18,
0x15,0x14,0x1e,0x18,0x2f,0x19,0x6,0x0,
0x0,0x3d,0x1a,0x6,0x0,0x0,0x18,0x1a,
0x2f,0x1b,0x6,0x0,0x0,0x3d,0x1c,0x6,
0x0,0x0,0xa2,0x1a,0x18,0x19,0xad,0x1d,
0x6,0x0,0x0,0x15,0x0,0x0,0x0,0x2,
0x0,0x0,0x0,0x18,0x0,0x0,0x0,0x18,
0x14,0xad,0x1e,0x6,0x0,0x0,0x10,0x0,
0x0,0x0,0x2,0x0,0x0,0x0,0x13,0x0,
0x0,0x0,0x18,0xf,0xad,0x1f,0x6,0x0,
0x0,0xb,0x0,0x0,0x0,0x2,0x0,0x0,
0x0,0xe,0x0,0x0,0x0,0x43,0x20,0x6,
0x0,0x0,0xa,0x0,0x0,0x0,0x8,0x43,
0x21,0x6,0x0,0x0,0x6,0x0,0x0,0x0,
0xe,0x2,0x0,0x0,0x0,0x0,0x0,0x0,
0x44,0x0,0x0,0x0,0x8,0x0,0x0,0x0,
0x80,0x0,0x0,0x0,0x0,0x0,0x0,0x0,
0x38,0x0,0x0,0x0,0x0,0x0,0x0,0x0,
0x38,0x0,0x0,0x0,0x0,0x0,0x1,0x0,
0xff,0xff,0xff,0xff,0x7,0x0,0x0,0x0,
0x24,0x3,0xd0,0x0,0x0,0x0,0x0,0x0,
0x0,0x0,0x7,0x0,0x0,0x0,0x0,0x0,
0x0,0x0,0x0,0x0,0x24,0x3,0x0,0x0,
0x1,0x0,0x0,0x0,0x2f,0x22,0x6,0x0,
0x0,0x18,0x6,0x2,0x0,0x0,0x0,0x0,
0x44,0x0,0x0,0x0,0xd,0x0,0x0,0x0,
0x81,0x1,0x0,0x0,0x0,0x0,0x0,0x0,
0x38,0x0,0x0,0x0,0x0,0x0,0x0,0x0,
0x38,0x0,0x0,0x0,0x0,0x0,0x1,0x0,
0xff,0xff,0xff,0xff,0x7,0x0,0x0,0x0,
0x46,0x3,0xd0,0x0,0x0,0x0,0x0,0x0,
0x0,0x0,0x7,0x0,0x0,0x0,0x0,0x0,
0x0,0x0,0x0,0x0,0x46,0x3,0x0,0x0,
0x1,0x0,0x0,0x0,0x2f,0x23,0x6,0x0,
0x0,0x3d,0x24,0x6,0x0,0x0,0x18,0x6,
0x2,0x0,0x0,0x0,0x0,0x0,0x0,0x0,
0x5c,0x0,0x0,0x0,0xc,0x0,0x0,0x0,
0x83,0x1,0x0,0x0,0x0,0x0,0x0,0x0,
0x38,0x0,0x0,0x0,0x0,0x0,0x0,0x0,
0x38,0x0,0x0,0x0,0x0,0x0,0x3,0x0,
0x66,0x1,0x0,0x0,0x7,0x0,0x0,0x0,
0x47,0x3,0xd0,0x0,0x0,0x0,0x0,0x0,
0x0,0x0,0x7,0x0,0x0,0x0,0x8,0x0,
0x0,0x0,0x0,0x0,0x47,0x3,0x0,0x0,
0x0,0x0,0x0,0x0,0x1,0x0,0x0,0x0,
0x47,0x3,0x0,0x0,0x1,0x0,0x0,0x0,
0x8,0x0,0x0,0x0,0x4d,0x3,0x0,0x0,
0x1,0x0,0x0,0x0,0xca,0x29,0x66,0x1,
0x0,0x0,0x18,0x6,0xd4,0x16,0x6,0x2,
0x0,0x0,0x0,0x0,0x0,0x0,0x0,0x0,
0x88,0x0,0x0,0x0,0x7c,0x0,0x0,0x0,
0x0,0x0,0x0,0x0,0x1,0x0,0x1,0x0,
0x38,0x0,0x0,0x0,0x0,0x0,0x0,0x0,
0x40,0x0,0x0,0x0,0x0,0x0,0x6,0x0,
0xff,0xff,0xff,0xff,0xd,0x0,0x0,0x0,
0x47,0x3,0x60,0x1,0x0,0x0,0x0,0x0,
0x0,0x0,0x8,0x0,0x0,0x0,0x0,0x0,
0x3a,0x2,0x0,0x0,0x0,0x0,0x0,0x0,
0x0,0x0,0x0,0x0,0x48,0x3,0x0,0x0,
0x1,0x0,0x0,0x0,0x1f,0x0,0x0,0x0,
0x49,0x3,0x0,0x0,0x3,0x0,0x0,0x0,
0x39,0x0,0x0,0x0,0x4a,0x3,0x0,0x0,
0x4,0x0,0x0,0x0,0x58,0x0,0x0,0x0,
0x4b,0x3,0x0,0x0,0x6,0x0,0x0,0x0,
0x70,0x0,0x0,0x0,0x4c,0x3,0x0,0x0,
0x8,0x0,0x0,0x0,0x7a,0x0,0x0,0x0,
0x4d,0x3,0x0,0x0,0x8,0x0,0x0,0x0,
0x16,0x6,0x3d,0x25,0x6,0x0,0x0,0x3d,
0x26,0x6,0x0,0x0,0x18,0x8,0x6,0x64,
0x8,0x50,0x26,0x2f,0x27,0x6,0x0,0x0,
0x3d,0x28,0x6,0x0,0x0,0x50,0x1a,0x2f,
0x29,0x6,0x0,0x0,0x18,0x9,0xad,0x2a,
0x6,0x0,0x0,0x9,0x0,0x0,0x0,0x0,
0x0,0x0,0x0,0x0,0x0,0x0,0x0,0x4c,
0x37,0x16,0x6,0x3d,0x2b,0x6,0x0,0x0,
0x3d,0x2c,0x6,0x0,0x0,0x18,0x9,0x6,
0x68,0x9,0x50,0x24,0x2f,0x2d,0x6,0x0,
0x0,0x3d,0x2e,0x6,0x0,0x0,0x50,0x18,
0x2f,0x2f,0x6,0x0,0x0,0x18,0xa,0xad,
0x30,0x6,0x0,0x0,0xa,0x0,0x0,0x0,
0x0,0x0,0x0,0x0,0x0,0x0,0x0,0x0,
0x8,0x43,0x31,0x6,0x0,0x0,0x6,0x0,
0x0,0x0,0xe,0x2,0x0,0x0,0x0,0x0,
0x0,0x0,0x0,0x0,0x10,0x0,0x0,0x0,
0x0,0x0,0x0,0x0,0x0,0x0,0x0,0x0,
0x0,0x0,0x0,0x0,0x10,0x0,0x0,0x0,
0x0,0x0,0x0,0x0,0x0,0x0,0x0,0x0,
0x0,0x0,0x0,0x0,0x10,0x0,0x0,0x0,
0x0,0x0,0x0,0x0,0x0,0x0,0x0,0x0,
0x0,0x0,0x0,0x0,0x10,0x0,0x0,0x0,
0x0,0x0,0x0,0x0,0x0,0x0,0x0,0x0,
0x0,0x0,0x0,0x0,0x10,0x0,0x0,0x0,
0x0,0x0,0x0,0x0,0x0,0x0,0x0,0x0,
0x0,0x0,0x0,0x0,0x10,0x0,0x0,0x0,
0x0,0x0,0x0,0x0,0x0,0x0,0x0,0x0,
0x0,0x0,0x0,0x0,0x10,0x0,0x0,0x0,
0x0,0x0,0x0,0x0,0x0,0x0,0x0,0x0,
0x0,0x0,0x0,0x0,0x10,0x0,0x0,0x0,
0x0,0x0,0x0,0x0,0x0,0x0,0x0,0x0,
0x0,0x0,0x0,0x0,0x10,0x0,0x0,0x0,
0x0,0x0,0x0,0x0,0x0,0x0,0x0,0x0,
0x2,0x0,0x0,0x0,0x10,0x0,0x0,0x0,
0x0,0x0,0x0,0x0,0x0,0x0,0x0,0x0,
0x8d,0x1,0x0,0x0,0x3a,0x1,0x0,0x0,
0x1,0x0,0x0,0x0,0x10,0x0,0x0,0x0,
0x1,0x0,0x0,0x0,0x0,0x0,0x0,0x0,
0xd5,0x1,0x0,0x0,0x0,0x0,0x0,0x0,
0x2,0x0,0x0,0x0,0x10,0x0,0x0,0x0,
0x0,0x0,0x0,0x0,0x0,0x0,0x0,0x0,
0x86,0x0,0x0,0x0,0x84,0x0,0x0,0x0,
0x1,0x0,0x0,0x0,0x10,0x0,0x0,0x0,
0x0,0x0,0x0,0x0,0x0,0x0,0x0,0x0,
0x3a,0x1,0x0,0x0,0x0,0x0,0x0,0x0,
0x3,0x0,0x0,0x0,0x10,0x0,0x0,0x0,
0x0,0x0,0x0,0x0,0x0,0x0,0x0,0x0,
0x34,0x2,0x0,0x0,0x35,0x2,0x0,0x0,
0x36,0x2,0x0,0x0,0x0,0x0,0x0,0x0,
0x2,0x0,0x0,0x0,0x10,0x0,0x0,0x0,
0x0,0x0,0x0,0x0,0x0,0x0,0x0,0x0,
0xa3,0x1,0x0,0x0,0x37,0x2,0x0,0x0,
0x1,0x0,0x0,0x0,0x10,0x0,0x0,0x0,
0x0,0x0,0x0,0x0,0x0,0x0,0x0,0x0,
0x38,0x2,0x0,0x0,0x0,0x0,0x0,0x0,
0x1,0x0,0x0,0x0,0x10,0x0,0x0,0x0,
0x0,0x0,0x0,0x0,0x0,0x0,0x0,0x0,
0x38,0x2,0x0,0x0,0x0,0x0,0x0,0x0,
0x0,0x0,0x0,0x0,0x10,0x0,0x0,0x0,
0x0,0x0,0x0,0x0,0x0,0x0,0x0,0x0,
0x0,0x0,0x0,0x0,0x10,0x0,0x0,0x0,
0x0,0x0,0x0,0x0,0x0,0x0,0x0,0x0,
0x0,0x0,0x0,0x0,0x10,0x0,0x0,0x0,
0x0,0x0,0x0,0x0,0x0,0x0,0x0,0x0,
0x0,0x0,0x0,0x0,0x10,0x0,0x0,0x0,
0x0,0x0,0x0,0x0,0x0,0x0,0x0,0x0,
0x0,0x0,0x0,0x0,0x10,0x0,0x0,0x0,
0x0,0x0,0x0,0x0,0x0,0x0,0x0,0x0,
0x0,0x0,0x0,0x0,0x10,0x0,0x0,0x0,
0x0,0x0,0x0,0x0,0x0,0x0,0x0,0x0,
0x0,0x0,0x0,0x0,0x10,0x0,0x0,0x0,
0x0,0x0,0x0,0x0,0x0,0x0,0x0,0x0,
0x0,0x0,0x0,0x0,0x10,0x0,0x0,0x0,
0x0,0x0,0x0,0x0,0x0,0x0,0x0,0x0,
0x0,0x0,0x0,0x0,0x10,0x0,0x0,0x0,
0x0,0x0,0x0,0x0,0x0,0x0,0x0,0x0,
0x0,0x0,0x0,0x0,0x10,0x0,0x0,0x0,
0x0,0x0,0x0,0x0,0x0,0x0,0x0,0x0,
0x0,0x0,0x0,0x0,0x10,0x0,0x0,0x0,
0x0,0x0,0x0,0x0,0x0,0x0,0x0,0x0,
0x0,0x0,0x0,0x0,0x10,0x0,0x0,0x0,
0x0,0x0,0x0,0x0,0x0,0x0,0x0,0x0,
0x0,0x0,0x0,0x0,0x10,0x0,0x0,0x0,
0x0,0x0,0x0,0x0,0x0,0x0,0x0,0x0,
0x0,0x0,0x0,0x0,0x10,0x0,0x0,0x0,
0x0,0x0,0x0,0x0,0x0,0x0,0x0,0x0,
0x0,0x0,0x0,0x0,0x10,0x0,0x0,0x0,
0x0,0x0,0x0,0x0,0x0,0x0,0x0,0x0,
0x0,0x0,0x0,0x0,0x10,0x0,0x0,0x0,
0x0,0x0,0x0,0x0,0x0,0x0,0x0,0x0,
0x0,0x0,0x0,0x0,0x10,0x0,0x0,0x0,
0x0,0x0,0x0,0x0,0x0,0x0,0x0,0x0,
0x0,0x0,0x0,0x0,0x10,0x0,0x0,0x0,
0x0,0x0,0x0,0x0,0x0,0x0,0x0,0x0,
0x0,0x0,0x0,0x0,0x10,0x0,0x0,0x0,
0x0,0x0,0x0,0x0,0x0,0x0,0x0,0x0,
0x0,0x0,0x0,0x0,0x10,0x0,0x0,0x0,
0x0,0x0,0x0,0x0,0x0,0x0,0x0,0x0,
0x0,0x0,0x0,0x0,0x10,0x0,0x0,0x0,
0x0,0x0,0x0,0x0,0x0,0x0,0x0,0x0,
0x0,0x0,0x0,0x0,0x10,0x0,0x0,0x0,
0x0,0x0,0x0,0x0,0x0,0x0,0x0,0x0,
0x0,0x0,0x0,0x0,0x10,0x0,0x0,0x0,
0x0,0x0,0x0,0x0,0x0,0x0,0x0,0x0,
0x0,0x0,0x0,0x0,0x10,0x0,0x0,0x0,
0x0,0x0,0x0,0x0,0x0,0x0,0x0,0x0,
0x0,0x0,0x0,0x0,0x10,0x0,0x0,0x0,
0x0,0x0,0x0,0x0,0x0,0x0,0x0,0x0,
0x0,0x0,0x0,0x0,0x10,0x0,0x0,0x0,
0x0,0x0,0x0,0x0,0x0,0x0,0x0,0x0,
0x0,0x0,0x0,0x0,0x10,0x0,0x0,0x0,
0x0,0x0,0x0,0x0,0x0,0x0,0x0,0x0,
0x0,0x0,0x0,0x0,0x10,0x0,0x0,0x0,
0x0,0x0,0x0,0x0,0x0,0x0,0x0,0x0,
0x0,0x0,0x0,0x0,0x10,0x0,0x0,0x0,
0x0,0x0,0x0,0x0,0x0,0x0,0x0,0x0,
0x0,0x0,0x0,0x0,0x10,0x0,0x0,0x0,
0x0,0x0,0x0,0x0,0x0,0x0,0x0,0x0,
0x0,0x0,0x0,0x0,0x10,0x0,0x0,0x0,
0x0,0x0,0x0,0x0,0x0,0x0,0x0,0x0,
0x0,0x0,0x0,0x0,0x10,0x0,0x0,0x0,
0x0,0x0,0x0,0x0,0x0,0x0,0x0,0x0,
0x98,0xf8,0x0,0x0,0xa0,0xf8,0x0,0x0,
0xb8,0xf8,0x0,0x0,0xd8,0xf8,0x0,0x0,
0x0,0xf9,0x0,0x0,0x18,0xf9,0x0,0x0,
0x28,0xf9,0x0,0x0,0x38,0xf9,0x0,0x0,
0x58,0xf9,0x0,0x0,0x78,0xf9,0x0,0x0,
0xb8,0xf9,0x0,0x0,0xd8,0xf9,0x0,0x0,
0x18,0xfa,0x0,0x0,0x40,0xfa,0x0,0x0,
0x88,0xfa,0x0,0x0,0xa0,0xfa,0x0,0x0,
0xd8,0xfa,0x0,0x0,0xf8,0xfa,0x0,0x0,
0x8,0xfb,0x0,0x0,0x30,0xfb,0x0,0x0,
0x50,0xfb,0x0,0x0,0x70,0xfb,0x0,0x0,
0x98,0xfb,0x0,0x0,0xd8,0xfb,0x0,0x0,
0xf0,0xfb,0x0,0x0,0x28,0xfc,0x0,0x0,
0x48,0xfc,0x0,0x0,0x68,0xfc,0x0,0x0,
0xa8,0xfc,0x0,0x0,0xe0,0xfc,0x0,0x0,
0x8,0xfd,0x0,0x0,0x30,0xfd,0x0,0x0,
0x78,0xfd,0x0,0x0,0xb0,0xfd,0x0,0x0,
0x0,0xfe,0x0,0x0,0x30,0xfe,0x0,0x0,
0x80,0xfe,0x0,0x0,0xb8,0xfe,0x0,0x0,
0x10,0xff,0x0,0x0,0x48,0xff,0x0,0x0,
0x70,0xff,0x0,0x0,0xa8,0xff,0x0,0x0,
0xd0,0xff,0x0,0x0,0xf0,0xff,0x0,0x0,
0x20,0x0,0x1,0x0,0x50,0x0,0x1,0x0,
0x90,0x0,0x1,0x0,0xc0,0x0,0x1,0x0,
0xf8,0x0,0x1,0x0,0x30,0x1,0x1,0x0,
0x70,0x1,0x1,0x0,0xa8,0x1,0x1,0x0,
0xf0,0x1,0x1,0x0,0x50,0x2,0x1,0x0,
0x80,0x2,0x1,0x0,0xc8,0x2,0x1,0x0,
0xe0,0x2,0x1,0x0,0x18,0x3,0x1,0x0,
0x30,0x3,0x1,0x0,0x68,0x3,0x1,0x0,
0x98,0x3,0x1,0x0,0xe8,0x3,0x1,0x0,
0x8,0x4,0x1,0x0,0x48,0x4,0x1,0x0,
0x70,0x4,0x1,0x0,0x90,0x4,0x1,0x0,
0xa0,0x4,0x1,0x0,0xc0,0x4,0x1,0x0,
0xe0,0x4,0x1,0x0,0xf8,0x4,0x1,0x0,
0x10,0x5,0x1,0x0,0x38,0x5,0x1,0x0,
0x60,0x5,0x1,0x0,0x88,0x5,0x1,0x0,
0xa8,0x5,0x1,0x0,0xc8,0x5,0x1,0x0,
0xe8,0x5,0x1,0x0,0x10,0x6,0x1,0x0,
0x40,0x6,0x1,0x0,0x88,0x6,0x1,0x0,
0xa8,0x6,0x1,0x0,0xc8,0x6,0x1,0x0,
0x0,0x7,0x1,0x0,0x40,0x7,0x1,0x0,
0x78,0x7,0x1,0x0,0xb8,0x7,0x1,0x0,
0xf0,0x7,0x1,0x0,0x20,0x8,0x1,0x0,
0x60,0x8,0x1,0x0,0x98,0x8,0x1,0x0,
0xc8,0x8,0x1,0x0,0x18,0x9,0x1,0x0,
0x28,0x9,0x1,0x0,0x48,0x9,0x1,0x0,
0x60,0x9,0x1,0x0,0x78,0x9,0x1,0x0,
0x98,0x9,0x1,0x0,0xd8,0x9,0x1,0x0,
0x18,0xa,0x1,0x0,0x50,0xa,0x1,0x0,
0x80,0xa,0x1,0x0,0xb8,0xa,0x1,0x0,
0x10,0xb,0x1,0x0,0x30,0xb,0x1,0x0,
0x70,0xb,0x1,0x0,0xa0,0xb,0x1,0x0,
0xf0,0xb,0x1,0x0,0x18,0xc,0x1,0x0,
0x60,0xc,0x1,0x0,0x88,0xc,0x1,0x0,
0xd0,0xc,0x1,0x0,0x0,0xd,0x1,0x0,
0x50,0xd,0x1,0x0,0x88,0xd,0x1,0x0,
0xe0,0xd,0x1,0x0,0x10,0xe,0x1,0x0,
0x58,0xe,0x1,0x0,0xa8,0xe,0x1,0x0,
0x18,0xf,0x1,0x0,0x30,0xf,0x1,0x0,
0x50,0xf,0x1,0x0,0x90,0xf,0x1,0x0,
0xb0,0xf,0x1,0x0,0xd8,0xf,0x1,0x0,
0xf0,0xf,0x1,0x0,0x20,0x10,0x1,0x0,
0x38,0x10,0x1,0x0,0x50,0x10,0x1,0x0,
0x60,0x10,0x1,0x0,0x90,0x10,0x1,0x0,
0xa0,0x10,0x1,0x0,0xd0,0x10,0x1,0x0,
0xe8,0x10,0x1,0x0,0xf8,0x10,0x1,0x0,
0x28,0x11,0x1,0x0,0x40,0x11,0x1,0x0,
0x70,0x11,0x1,0x0,0x80,0x11,0x1,0x0,
0xb0,0x11,0x1,0x0,0xc0,0x11,0x1,0x0,
0xf0,0x11,0x1,0x0,0x8,0x12,0x1,0x0,
0x40,0x12,0x1,0x0,0x50,0x12,0x1,0x0,
0x68,0x12,0x1,0x0,0x80,0x12,0x1,0x0,
0x98,0x12,0x1,0x0,0xb0,0x12,0x1,0x0,
0xc8,0x12,0x1,0x0,0x0,0x13,0x1,0x0,
0x18,0x13,0x1,0x0,0x48,0x13,0x1,0x0,
0x58,0x13,0x1,0x0,0x70,0x13,0x1,0x0,
0x90,0x13,0x1,0x0,0xd0,0x13,0x1,0x0,
0xf0,0x13,0x1,0x0,0x30,0x14,0x1,0x0,
0x60,0x14,0x1,0x0,0x90,0x14,0x1,0x0,
0xa0,0x14,0x1,0x0,0xb0,0x14,0x1,0x0,
0xd0,0x14,0x1,0x0,0xe0,0x14,0x1,0x0,
0xf8,0x14,0x1,0x0,0x10,0x15,0x1,0x0,
0x40,0x15,0x1,0x0,0x58,0x15,0x1,0x0,
0x70,0x15,0x1,0x0,0xa8,0x15,0x1,0x0,
0xc0,0x15,0x1,0x0,0xd8,0x15,0x1,0x0,
0xf0,0x15,0x1,0x0,0x18,0x16,0x1,0x0,
0x40,0x16,0x1,0x0,0x88,0x16,0x1,0x0,
0xa0,0x16,0x1,0x0,0xd8,0x16,0x1,0x0,
0x10,0x17,0x1,0x0,0x28,0x17,0x1,0x0,
0x48,0x17,0x1,0x0,0x58,0x17,0x1,0x0,
0x88,0x17,0x1,0x0,0xb8,0x17,0x1,0x0,
0xf0,0x17,0x1,0x0,0x28,0x18,0x1,0x0,
0x80,0x18,0x1,0x0,0xb0,0x18,0x1,0x0,
0x0,0x19,0x1,0x0,0x30,0x19,0x1,0x0,
0x78,0x19,0x1,0x0,0xa0,0x19,0x1,0x0,
0xe0,0x19,0x1,0x0,0x8,0x1a,0x1,0x0,
0x50,0x1a,0x1,0x0,0x78,0x1a,0x1,0x0,
0xc0,0x1a,0x1,0x0,0xe0,0x1a,0x1,0x0,
0x20,0x1b,0x1,0x0,0x48,0x1b,0x1,0x0,
0x58,0x1b,0x1,0x0,0x68,0x1b,0x1,0x0,
0x90,0x1b,0x1,0x0,0xb8,0x1b,0x1,0x0,
0x0,0x1c,0x1,0x0,0x18,0x1c,0x1,0x0,
0x30,0x1c,0x1,0x0,0x68,0x1c,0x1,0x0,
0x88,0x1c,0x1,0x0,0xb8,0x1c,0x1,0x0,
0xc8,0x1c,0x1,0x0,0xe0,0x1c,0x1,0x0,
0xf8,0x1c,0x1,0x0,0x30,0x1d,0x1,0x0,
0x58,0x1d,0x1,0x0,0xa0,0x1d,0x1,0x0,
0xb0,0x1d,0x1,0x0,0xe0,0x1d,0x1,0x0,
0x0,0x1e,0x1,0x0,0x30,0x1e,0x1,0x0,
0x60,0x1e,0x1,0x0,0xb0,0x1e,0x1,0x0,
0xd8,0x1e,0x1,0x0,0xf8,0x1e,0x1,0x0,
0x10,0x1f,0x1,0x0,0x40,0x1f,0x1,0x0,
0x60,0x1f,0x1,0x0,0x80,0x1f,0x1,0x0,
0x98,0x1f,0x1,0x0,0xc0,0x1f,0x1,0x0,
0x0,0x20,0x1,0x0,0x20,0x20,0x1,0x0,
0x58,0x20,0x1,0x0,0x78,0x20,0x1,0x0,
0x88,0x20,0x1,0x0,0xb8,0x20,0x1,0x0,
0xd8,0x20,0x1,0x0,0x8,0x21,0x1,0x0,
0x28,0x21,0x1,0x0,0x40,0x21,0x1,0x0,
0x78,0x21,0x1,0x0,0xa0,0x21,0x1,0x0,
0xc0,0x21,0x1,0x0,0xe8,0x21,0x1,0x0,
0x10,0x22,0x1,0x0,0x48,0x22,0x1,0x0,
0x70,0x22,0x1,0x0,0x88,0x22,0x1,0x0,
0xc0,0x22,0x1,0x0,0xe0,0x22,0x1,0x0,
0x18,0x23,0x1,0x0,0x30,0x23,0x1,0x0,
0x48,0x23,0x1,0x0,0x60,0x23,0x1,0x0,
0x78,0x23,0x1,0x0,0xb0,0x23,0x1,0x0,
0xd0,0x23,0x1,0x0,0x8,0x24,0x1,0x0,
0x28,0x24,0x1,0x0,0x68,0x24,0x1,0x0,
0x80,0x24,0x1,0x0,0xb8,0x24,0x1,0x0,
0xd0,0x24,0x1,0x0,0x8,0x25,0x1,0x0,
0x28,0x25,0x1,0x0,0x68,0x25,0x1,0x0,
0x88,0x25,0x1,0x0,0xc8,0x25,0x1,0x0,
0xe8,0x25,0x1,0x0,0x28,0x26,0x1,0x0,
0x48,0x26,0x1,0x0,0x88,0x26,0x1,0x0,
0xa0,0x26,0x1,0x0,0xd0,0x26,0x1,0x0,
0xf8,0x26,0x1,0x0,0x38,0x27,0x1,0x0,
0x60,0x27,0x1,0x0,0xa8,0x27,0x1,0x0,
0xd8,0x27,0x1,0x0,0x20,0x28,0x1,0x0,
0x40,0x28,0x1,0x0,0x78,0x28,0x1,0x0,
0x98,0x28,0x1,0x0,0xd8,0x28,0x1,0x0,
0xf0,0x28,0x1,0x0,0x28,0x29,0x1,0x0,
0x40,0x29,0x1,0x0,0x78,0x29,0x1,0x0,
0x98,0x29,0x1,0x0,0xd8,0x29,0x1,0x0,
0x8,0x2a,0x1,0x0,0x50,0x2a,0x1,0x0,
0x68,0x2a,0x1,0x0,0x80,0x2a,0x1,0x0,
0x98,0x2a,0x1,0x0,0xd0,0x2a,0x1,0x0,
0x20,0x2b,0x1,0x0,0x58,0x2b,0x1,0x0,
0xb0,0x2b,0x1,0x0,0xc0,0x2b,0x1,0x0,
0xd8,0x2b,0x1,0x0,0xf8,0x2b,0x1,0x0,
0x10,0x2c,0x1,0x0,0x48,0x2c,0x1,0x0,
0x58,0x2c,0x1,0x0,0x88,0x2c,0x1,0x0,
0xa8,0x2c,0x1,0x0,0xb8,0x2c,0x1,0x0,
0xe8,0x2c,0x1,0x0,0x8,0x2d,0x1,0x0,
0x30,0x2d,0x1,0x0,0x48,0x2d,0x1,0x0,
0x80,0x2d,0x1,0x0,0xa8,0x2d,0x1,0x0,
0xf0,0x2d,0x1,0x0,0x8,0x2e,0x1,0x0,
0x28,0x2e,0x1,0x0,0x58,0x2e,0x1,0x0,
0x70,0x2e,0x1,0x0,0xa8,0x2e,0x1,0x0,
0xc8,0x2e,0x1,0x0,0xe0,0x2e,0x1,0x0,
0xf8,0x2e,0x1,0x0,0x30,0x2f,0x1,0x0,
0x40,0x2f,0x1,0x0,0x70,0x2f,0x1,0x0,
0xb0,0x2f,0x1,0x0,0xc0,0x2f,0x1,0x0,
0xf0,0x2f,0x1,0x0,0x0,0x30,0x1,0x0,
0x28,0x30,0x1,0x0,0x38,0x30,0x1,0x0,
0x68,0x30,0x1,0x0,0x78,0x30,0x1,0x0,
0x98,0x30,0x1,0x0,0xd8,0x30,0x1,0x0,
0xf8,0x30,0x1,0x0,0x30,0x31,0x1,0x0,
0x38,0x31,0x1,0x0,0x60,0x31,0x1,0x0,
0x68,0x31,0x1,0x0,0x90,0x31,0x1,0x0,
0xa8,0x31,0x1,0x0,0xc8,0x31,0x1,0x0,
0x8,0x32,0x1,0x0,0x20,0x32,0x1,0x0,
0x58,0x32,0x1,0x0,0x88,0x32,0x1,0x0,
0xa0,0x32,0x1,0x0,0xd8,0x32,0x1,0x0,
0xe8,0x32,0x1,0x0,0x18,0x33,0x1,0x0,
0x40,0x33,0x1,0x0,0x58,0x33,0x1,0x0,
0x70,0x33,0x1,0x0,0x80,0x33,0x1,0x0,
0xb0,0x33,0x1,0x0,0xc8,0x33,0x1,0x0,
0xe8,0x33,0x1,0x0,0x8,0x34,0x1,0x0,
0x48,0x34,0x1,0x0,0x70,0x34,0x1,0x0,
0xb0,0x34,0x1,0x0,0xe8,0x34,0x1,0x0,
0x10,0x35,0x1,0x0,0x58,0x35,0x1,0x0,
0x80,0x35,0x1,0x0,0xc8,0x35,0x1,0x0,
0xf0,0x35,0x1,0x0,0x30,0x36,0x1,0x0,
0x50,0x36,0x1,0x0,0x58,0x36,0x1,0x0,
0x80,0x36,0x1,0x0,0xa8,0x36,0x1,0x0,
0xf0,0x36,0x1,0x0,0x28,0x37,0x1,0x0,
0x40,0x37,0x1,0x0,0x58,0x37,0x1,0x0,
0x78,0x37,0x1,0x0,0x98,0x37,0x1,0x0,
0xb0,0x37,0x1,0x0,0xe8,0x37,0x1,0x0,
0x10,0x38,0x1,0x0,0x58,0x38,0x1,0x0,
0x78,0x38,0x1,0x0,0xa0,0x38,0x1,0x0,
0xe8,0x38,0x1,0x0,0x0,0x39,0x1,0x0,
0x38,0x39,0x1,0x0,0x60,0x39,0x1,0x0,
0x90,0x39,0x1,0x0,0xb0,0x39,0x1,0x0,
0xd8,0x39,0x1,0x0,0xf8,0x39,0x1,0x0,
0x28,0x3a,0x1,0x0,0x58,0x3a,0x1,0x0,
0x88,0x3a,0x1,0x0,0xb8,0x3a,0x1,0x0,
0xc8,0x3a,0x1,0x0,0xf8,0x3a,0x1,0x0,
0x20,0x3b,0x1,0x0,0x50,0x3b,0x1,0x0,
0x80,0x3b,0x1,0x0,0xa0,0x3b,0x1,0x0,
0xc0,0x3b,0x1,0x0,0xe0,0x3b,0x1,0x0,
0x18,0x3c,0x1,0x0,0x38,0x3c,0x1,0x0,
0x48,0x3c,0x1,0x0,0x60,0x3c,0x1,0x0,
0x98,0x3c,0x1,0x0,0xb8,0x3c,0x1,0x0,
0xe0,0x3c,0x1,0x0,0x10,0x3d,0x1,0x0,
0x38,0x3d,0x1,0x0,0x70,0x3d,0x1,0x0,
0xa8,0x3d,0x1,0x0,0xf8,0x3d,0x1,0x0,
0x18,0x3e,0x1,0x0,0x40,0x3e,0x1,0x0,
0x60,0x3e,0x1,0x0,0x80,0x3e,0x1,0x0,
0xb8,0x3e,0x1,0x0,0xe8,0x3e,0x1,0x0,
0x8,0x3f,0x1,0x0,0x38,0x3f,0x1,0x0,
0x70,0x3f,0x1,0x0,0x90,0x3f,0x1,0x0,
0xb8,0x3f,0x1,0x0,0xf0,0x3f,0x1,0x0,
0x18,0x40,0x1,0x0,0x28,0x40,0x1,0x0,
0x50,0x40,0x1,0x0,0x68,0x40,0x1,0x0,
0x90,0x40,0x1,0x0,0xb0,0x40,0x1,0x0,
0xe8,0x40,0x1,0x0,0x20,0x41,0x1,0x0,
0x48,0x41,0x1,0x0,0x60,0x41,0x1,0x0,
0x98,0x41,0x1,0x0,0xc0,0x41,0x1,0x0,
0xd8,0x41,0x1,0x0,0xf0,0x41,0x1,0x0,
0x8,0x42,0x1,0x0,0x18,0x42,0x1,0x0,
0x30,0x42,0x1,0x0,0x40,0x42,0x1,0x0,
0x58,0x42,0x1,0x0,0x70,0x42,0x1,0x0,
0x88,0x42,0x1,0x0,0xb0,0x42,0x1,0x0,
0xc8,0x42,0x1,0x0,0xe0,0x42,0x1,0x0,
0x0,0x43,0x1,0x0,0x10,0x43,0x1,0x0,
0x28,0x43,0x1,0x0,0x38,0x43,0x1,0x0,
0x48,0x43,0x1,0x0,0x58,0x43,0x1,0x0,
0x68,0x43,0x1,0x0,0x88,0x43,0x1,0x0,
0xb8,0x43,0x1,0x0,0xe0,0x43,0x1,0x0,
0xf8,0x43,0x1,0x0,0x10,0x44,0x1,0x0,
0x28,0x44,0x1,0x0,0x38,0x44,0x1,0x0,
0x48,0x44,0x1,0x0,0x58,0x44,0x1,0x0,
0x60,0x44,0x1,0x0,0x78,0x44,0x1,0x0,
0x90,0x44,0x1,0x0,0xa8,0x44,0x1,0x0,
0xb8,0x44,0x1,0x0,0xd0,0x44,0x1,0x0,
0xe0,0x44,0x1,0x0,0xf0,0x44,0x1,0x0,
0x10,0x45,0x1,0x0,0x28,0x45,0x1,0x0,
0x40,0x45,0x1,0x0,0x58,0x45,0x1,0x0,
0x68,0x45,0x1,0x0,0x88,0x45,0x1,0x0,
0xa8,0x45,0x1,0x0,0xc0,0x45,0x1,0x0,
0xd8,0x45,0x1,0x0,0xe8,0x45,0x1,0x0,
0x0,0x46,0x1,0x0,0x18,0x46,0x1,0x0,
0x30,0x46,0x1,0x0,0x48,0x46,0x1,0x0,
0x68,0x46,0x1,0x0,0x88,0x46,0x1,0x0,
0xa0,0x46,0x1,0x0,0xb8,0x46,0x1,0x0,
0xd8,0x46,0x1,0x0,0xe8,0x46,0x1,0x0,
0x0,0x47,0x1,0x0,0x18,0x47,0x1,0x0,
0x30,0x47,0x1,0x0,0x50,0x47,0x1,0x0,
0x68,0x47,0x1,0x0,0x88,0x47,0x1,0x0,
0x98,0x47,0x1,0x0,0xc0,0x47,0x1,0x0,
0xe0,0x47,0x1,0x0,0x0,0x48,0x1,0x0,
0x18,0x48,0x1,0x0,0x28,0x48,0x1,0x0,
0x40,0x48,0x1,0x0,0x60,0x48,0x1,0x0,
0x70,0x48,0x1,0x0,0x80,0x48,0x1,0x0,
0x88,0x48,0x1,0x0,0xa0,0x48,0x1,0x0,
0xc0,0x48,0x1,0x0,0xe0,0x48,0x1,0x0,
0x8,0x49,0x1,0x0,0x78,0x49,0x1,0x0,
0xe0,0x49,0x1,0x0,0xf8,0x49,0x1,0x0,
0x8,0x4a,0x1,0x0,0x30,0x4a,0x1,0x0,
0x48,0x4a,0x1,0x0,0x60,0x4a,0x1,0x0,
0x78,0x4a,0x1,0x0,0x98,0x4a,0x1,0x0,
0xb8,0x4a,0x1,0x0,0xd0,0x4a,0x1,0x0,
0xe0,0x4a,0x1,0x0,0xf8,0x4a,0x1,0x0,
0x10,0x4b,0x1,0x0,0x20,0x4b,0x1,0x0,
0x38,0x4b,0x1,0x0,0x58,0x4b,0x1,0x0,
0x68,0x4b,0x1,0x0,0x80,0x4b,0x1,0x0,
0xa0,0x4b,0x1,0x0,0xb0,0x4b,0x1,0x0,
0xd8,0x4b,0x1,0x0,0xf0,0x4b,0x1,0x0,
0x10,0x4c,0x1,0x0,0x28,0x4c,0x1,0x0,
0x40,0x4c,0x1,0x0,0x58,0x4c,0x1,0x0,
0x70,0x4c,0x1,0x0,0x88,0x4c,0x1,0x0,
0xa0,0x4c,0x1,0x0,0xc8,0x4c,0x1,0x0,
0xf8,0x4c,0x1,0x0,0x10,0x4d,0x1,0x0,
0x28,0x4d,0x1,0x0,0x40,0x4d,0x1,0x0,
0x58,0x4d,0x1,0x0,0x70,0x4d,0x1,0x0,
0x88,0x4d,0x1,0x0,0xa0,0x4d,0x1,0x0,
0xb8,0x4d,0x1,0x0,0xd8,0x4d,0x1,0x0,
0xf8,0x4d,0x1,0x0,0x20,0x4e,0x1,0x0,
0x38,0x4e,0x1,0x0,0x60,0x4e,0x1,0x0,
0x80,0x4e,0x1,0x0,0xa0,0x4e,0x1,0x0,
0xb8,0x4e,0x1,0x0,0xd0,0x4e,0x1,0x0,
0xf0,0x4e,0x1,0x0,0x0,0x4f,0x1,0x0,
0x10,0x4f,0x1,0x0,0x0,0x0,0x0,0x0,
0x0,0x0,0x0,0x0,0x0,0x0,0x0,0x0,
0x7,0x0,0x0,0x0,0x51,0x0,0x74,0x0,
0x51,0x0,0x75,0x0,0x69,0x0,0x63,0x0,
0x6b,0x0,0x0,0x0,0x0,0x0,0x0,0x0,
0xb,0x0,0x0,0x0,0x51,0x0,0x74,0x0,
0x51,0x0,0x75,0x0,0x69,0x0,0x63,0x0,
0x6b,0x0,0x2e,0x0,0x50,0x0,0x64,0x0,
0x66,0x0,0x0,0x0,0x0,0x0,0x0,0x0,
0xe,0x0,0x0,0x0,0x51,0x0,0x74,0x0,
0x51,0x0,0x75,0x0,0x69,0x0,0x63,0x0,
0x6b,0x0,0x2e,0x0,0x53,0x0,0x68,0x0,
0x61,0x0,0x70,0x0,0x65,0x0,0x73,0x0,
0x0,0x0,0x0,0x0,0x0,0x0,0x0,0x0,
0x9,0x0,0x0,0x0,0x50,0x0,0x44,0x0,
0x46,0x0,0x43,0x0,0x6c,0x0,0x6f,0x0,
0x77,0x0,0x6e,0x0,0x65,0x0,0x0,0x0,
0x4,0x0,0x0,0x0,0x49,0x0,0x74,0x0,
0x65,0x0,0x6d,0x0,0x0,0x0,0x0,0x0,
0x4,0x0,0x0,0x0,0x72,0x0,0x6f,0x0,
0x6f,0x0,0x74,0x0,0x0,0x0,0x0,0x0,
0xb,0x0,0x0,0x0,0x70,0x0,0x64,0x0,
0x66,0x0,0x44,0x0,0x6f,0x0,0x63,0x0,
0x75,0x0,0x6d,0x0,0x65,0x0,0x6e,0x0,
0x74,0x0,0x0,0x0,0x0,0x0,0x0,0x0,
0xd,0x0,0x0,0x0,0x70,0x0,0x72,0x0,
0x65,0x0,0x76,0x0,0x69,0x0,0x65,0x0,
0x77,0x0,0x53,0x0,0x6f,0x0,0x75,0x0,
0x72,0x0,0x63,0x0,0x65,0x0,0x0,0x0,
0x1c,0x0,0x0,0x0,0x65,0x0,0x78,0x0,
0x70,0x0,0x72,0x0,0x65,0x0,0x73,0x0,
0x73,0x0,0x69,0x0,0x6f,0x0,0x6e,0x0,
0x20,0x0,0x66,0x0,0x6f,0x0,0x72,0x0,
0x20,0x0,0x70,0x0,0x72,0x0,0x65,0x0,
0x76,0x0,0x69,0x0,0x65,0x0,0x77,0x0,
0x53,0x0,0x6f,0x0,0x75,0x0,0x72,0x0,
0x63,0x0,0x65,0x0,0x0,0x0,0x0,0x0,
0xb,0x0,0x0,0x0,0x70,0x0,0x61,0x0,
0x67,0x0,0x65,0x0,0x53,0x0,0x6f,0x0,
0x75,0x0,0x72,0x0,0x63,0x0,0x65,0x0,
0x73,0x0,0x0,0x0,0x0,0x0,0x0,0x0,
0x1a,0x0,0x0,0x0,0x65,0x0,0x78,0x0,
0x70,0x0,0x72,0x0,0x65,0x0,0x73,0x0,
0x73,0x0,0x69,0x0,0x6f,0x0,0x6e,0x0,
0x20,0x0,0x66,0x0,0x6f,0x0,0x72,0x0,
0x20,0x0,0x70,0x0,0x61,0x0,0x67,0x0,
0x65,0x0,0x53,0x0,0x6f,0x0,0x75,0x0,
0x72,0x0,0x63,0x0,0x65,0x0,0x73,0x0,
0x0,0x0,0x0,0x0,0x0,0x0,0x0,0x0,
0x10,0x0,0x0,0x0,0x74,0x0,0x68,0x0,
0x75,0x0,0x6d,0x0,0x62,0x0,0x6e,0x0,
0x61,0x0,0x69,0x0,0x6c,0x0,0x53,0x0,
0x6f,0x0,0x75,0x0,0x72,0x0,0x63,0x0,
0x65,0x0,0x73,0x0,0x0,0x0,0x0,0x0,
0x1f,0x0,0x0,0x0,0x65,0x0,0x78,0x0,
0x70,0x0,0x72,0x0,0x65,0x0,0x73,0x0,
0x73,0x0,0x69,0x0,0x6f,0x0,0x6e,0x0,
0x20,0x0,0x66,0x0,0x6f,0x0,0x72,0x0,
0x20,0x0,0x74,0x0,0x68,0x0,0x75,0x0,
0x6d,0x0,0x62,0x0,0x6e,0x0,0x61,0x0,
0x69,0x0,0x6c,0x0,0x53,0x0,0x6f,0x0,
0x75,0x0,0x72,0x0,0x63,0x0,0x65,0x0,
0x73,0x0,0x0,0x0,0x0,0x0,0x0,0x0,
0x9,0x0,0x0,0x0,0x70,0x0,0x61,0x0,
0x67,0x0,0x65,0x0,0x43,0x0,0x6f,0x0,
0x75,0x0,0x6e,0x0,0x74,0x0,0x0,0x0,
0x18,0x0,0x0,0x0,0x65,0x0,0x78,0x0,
0x70,0x0,0x72,0x0,0x65,0x0,0x73,0x0,
0x73,0x0,0x69,0x0,0x6f,0x0,0x6e,0x0,
0x20,0x0,0x66,0x0,0x6f,0x0,0x72,0x0,
0x20,0x0,0x70,0x0,0x61,0x0,0x67,0x0,
0x65,0x0,0x43,0x0,0x6f,0x0,0x75,0x0,
0x6e,0x0,0x74,0x0,0x0,0x0,0x0,0x0,
0xd,0x0,0x0,0x0,0x70,0x0,0x61,0x0,
0x67,0x0,0x65,0x0,0x53,0x0,0x69,0x0,
0x7a,0x0,0x65,0x0,0x73,0x0,0x4a,0x0,
0x73,0x0,0x6f,0x0,0x6e,0x0,0x0,0x0,
0x2,0x0,0x0,0x0,0x5b,0x0,0x5d,0x0,
0x0,0x0,0x0,0x0,0x0,0x0,0x0,0x0,
0x10,0x0,0x0,0x0,0x73,0x0,0x69,0x0,
0x64,0x0,0x65,0x0,0x50,0x0,0x61,0x0,
0x6e,0x0,0x65,0x0,0x6c,0x0,0x56,0x0,
0x69,0x0,0x73,0x0,0x69,0x0,0x62,0x0,
0x6c,0x0,0x65,0x0,0x0,0x0,0x0,0x0,
0xd,0x0,0x0,0x0,0x73,0x0,0x69,0x0,
0x64,0x0,0x65,0x0,0x50,0x0,0x61,0x0,
0x6e,0x0,0x65,0x0,0x6c,0x0,0x4d,0x0,
0x6f,0x0,0x64,0x0,0x65,0x0,0x0,0x0,
0xa,0x0,0x0,0x0,0x74,0x0,0x68,0x0,
0x75,0x0,0x6d,0x0,0x62,0x0,0x6e,0x0,
0x61,0x0,0x69,0x0,0x6c,0x0,0x73,0x0,
0x0,0x0,0x0,0x0,0x0,0x0,0x0,0x0,
0xe,0x0,0x0,0x0,0x6f,0x0,0x75,0x0,
0x74,0x0,0x6c,0x0,0x69,0x0,0x6e,0x0,
0x65,0x0,0x45,0x0,0x6e,0x0,0x74,0x0,
0x72,0x0,0x69,0x0,0x65,0x0,0x73,0x0,
0x0,0x0,0x0,0x0,0x0,0x0,0x0,0x0,
0x1d,0x0,0x0,0x0,0x65,0x0,0x78,0x0,
0x70,0x0,0x72,0x0,0x65,0x0,0x73,0x0,
0x73,0x0,0x69,0x0,0x6f,0x0,0x6e,0x0,
0x20,0x0,0x66,0x0,0x6f,0x0,0x72,0x0,
0x20,0x0,0x6f,0x0,0x75,0x0,0x74,0x0,
0x6c,0x0,0x69,0x0,0x6e,0x0,0x65,0x0,
0x45,0x0,0x6e,0x0,0x74,0x0,0x72,0x0,
0x69,0x0,0x65,0x0,0x73,0x0,0x0,0x0,
0x9,0x0,0x0,0x0,0x70,0x0,0x61,0x0,
0x67,0x0,0x65,0x0,0x4c,0x0,0x69,0x0,
0x6e,0x0,0x6b,0x0,0x73,0x0,0x0,0x0,
0x18,0x0,0x0,0x0,0x65,0x0,0x78,0x0,
0x70,0x0,0x72,0x0,0x65,0x0,0x73,0x0,
0x73,0x0,0x69,0x0,0x6f,0x0,0x6e,0x0,
0x20,0x0,0x66,0x0,0x6f,0x0,0x72,0x0,
0x20,0x0,0x70,0x0,0x61,0x0,0x67,0x0,
0x65,0x0,0x4c,0x0,0x69,0x0,0x6e,0x0,
0x6b,0x0,0x73,0x0,0x0,0x0,0x0,0x0,
0xb,0x0,0x0,0x0,0x73,0x0,0x65,0x0,
0x61,0x0,0x72,0x0,0x63,0x0,0x68,0x0,
0x51,0x0,0x75,0x0,0x65,0x0,0x72,0x0,
0x79,0x0,0x0,0x0,0x0,0x0,0x0,0x0,
0xd,0x0,0x0,0x0,0x73,0x0,0x65,0x0,
0x61,0x0,0x72,0x0,0x63,0x0,0x68,0x0,
0x52,0x0,0x65,0x0,0x73,0x0,0x75,0x0,
0x6c,0x0,0x74,0x0,0x73,0x0,0x0,0x0,
0x1c,0x0,0x0,0x0,0x65,0x0,0x78,0x0,
0x70,0x0,0x72,0x0,0x65,0x0,0x73,0x0,
0x73,0x0,0x69,0x0,0x6f,0x0,0x6e,0x0,
0x20,0x0,0x66,0x0,0x6f,0x0,0x72,0x0,
0x20,0x0,0x73,0x0,0x65,0x0,0x61,0x0,
0x72,0x0,0x63,0x0,0x68,0x0,0x52,0x0,
0x65,0x0,0x73,0x0,0x75,0x0,0x6c,0x0,
0x74,0x0,0x73,0x0,0x0,0x0,0x0,0x0,
0x17,0x0,0x0,0x0,0x61,0x0,0x63,0x0,
0x74,0x0,0x69,0x0,0x76,0x0,0x65,0x0,
0x53,0x0,0x65,0x0,0x61,0x0,0x72,0x0,
0x63,0x0,0x68,0x0,0x52,0x0,0x65,0x0,
0x73,0x0,0x75,0x0,0x6c,0x0,0x74,0x0,
0x49,0x0,0x6e,0x0,0x64,0x0,0x65,0x0,
0x78,0x0,0x0,0x0,0x0,0x0,0x0,0x0,
0x11,0x0,0x0,0x0,0x74,0x0,0x68,0x0,
0x75,0x0,0x6d,0x0,0x62,0x0,0x6e,0x0,
0x61,0x0,0x69,0x0,0x6c,0x0,0x4c,0x0,
0x69,0x0,0x73,0x0,0x74,0x0,0x56,0x0,
0x69,0x0,0x65,0x0,0x77,0x0,0x0,0x0,
0x11,0x0,0x0,0x0,0x63,0x0,0x61,0x0,
0x63,0x0,0x68,0x0,0x65,0x0,0x64,0x0,
0x50,0x0,0x61,0x0,0x67,0x0,0x65,0x0,
0x53,0x0,0x6f,0x0,0x75,0x0,0x72,0x0,
0x63,0x0,0x65,0x0,0x73,0x0,0x0,0x0,
0x20,0x0,0x0,0x0,0x65,0x0,0x78,0x0,
0x70,0x0,0x72,0x0,0x65,0x0,0x73,0x0,
0x73,0x0,0x69,0x0,0x6f,0x0,0x6e,0x0,
0x20,0x0,0x66,0x0,0x6f,0x0,0x72,0x0,
0x20,0x0,0x63,0x0,0x61,0x0,0x63,0x0,
0x68,0x0,0x65,0x0,0x64,0x0,0x50,0x0,
0x61,0x0,0x67,0x0,0x65,0x0,0x53,0x0,
0x6f,0x0,0x75,0x0,0x72,0x0,0x63,0x0,
0x65,0x0,0x73,0x0,0x0,0x0,0x0,0x0,
0x16,0x0,0x0,0x0,0x63,0x0,0x61,0x0,
0x63,0x0,0x68,0x0,0x65,0x0,0x64,0x0,
0x54,0x0,0x68,0x0,0x75,0x0,0x6d,0x0,
0x62,0x0,0x6e,0x0,0x61,0x0,0x69,0x0,
0x6c,0x0,0x53,0x0,0x6f,0x0,0x75,0x0,
0x72,0x0,0x63,0x0,0x65,0x0,0x73,0x0,
0x0,0x0,0x0,0x0,0x0,0x0,0x0,0x0,
0x25,0x0,0x0,0x0,0x65,0x0,0x78,0x0,
0x70,0x0,0x72,0x0,0x65,0x0,0x73,0x0,
0x73,0x0,0x69,0x0,0x6f,0x0,0x6e,0x0,
0x20,0x0,0x66,0x0,0x6f,0x0,0x72,0x0,
0x20,0x0,0x63,0x0,0x61,0x0,0x63,0x0,
0x68,0x0,0x65,0x0,0x64,0x0,0x54,0x0,
0x68,0x0,0x75,0x0,0x6d,0x0,0x62,0x0,
0x6e,0x0,0x61,0x0,0x69,0x0,0x6c,0x0,
0x53,0x0,0x6f,0x0,0x75,0x0,0x72,0x0,
0x63,0x0,0x65,0x0,0x73,0x0,0x0,0x0,
0x13,0x0,0x0,0x0,0x70,0x0,0x65,0x0,
0x6e,0x0,0x64,0x0,0x69,0x0,0x6e,0x0,
0x67,0x0,0x50,0x0,0x61,0x0,0x67,0x0,
0x65,0x0,0x52,0x0,0x65,0x0,0x71,0x0,
0x75,0x0,0x65,0x0,0x73,0x0,0x74,0x0,
0x73,0x0,0x0,0x0,0x0,0x0,0x0,0x0,
0x22,0x0,0x0,0x0,0x65,0x0,0x78,0x0,
0x70,0x0,0x72,0x0,0x65,0x0,0x73,0x0,
0x73,0x0,0x69,0x0,0x6f,0x0,0x6e,0x0,
0x20,0x0,0x66,0x0,0x6f,0x0,0x72,0x0,
0x20,0x0,0x70,0x0,0x65,0x0,0x6e,0x0,
0x64,0x0,0x69,0x0,0x6e,0x0,0x67,0x0,
0x50,0x0,0x61,0x0,0x67,0x0,0x65,0x0,
0x52,0x0,0x65,0x0,0x71,0x0,0x75,0x0,
0x65,0x0,0x73,0x0,0x74,0x0,0x73,0x0,
0x0,0x0,0x0,0x0,0x0,0x0,0x0,0x0,
0x18,0x0,0x0,0x0,0x70,0x0,0x65,0x0,
0x6e,0x0,0x64,0x0,0x69,0x0,0x6e,0x0,
0x67,0x0,0x54,0x0,0x68,0x0,0x75,0x0,
0x6d,0x0,0x62,0x0,0x6e,0x0,0x61,0x0,
0x69,0x0,0x6c,0x0,0x52,0x0,0x65,0x0,
0x71,0x0,0x75,0x0,0x65,0x0,0x73,0x0,
0x74,0x0,0x73,0x0,0x0,0x0,0x0,0x0,
0x27,0x0,0x0,0x0,0x65,0x0,0x78,0x0,
0x70,0x0,0x72,0x0,0x65,0x0,0x73,0x0,
0x73,0x0,0x69,0x0,0x6f,0x0,0x6e,0x0,
0x20,0x0,0x66,0x0,0x6f,0x0,0x72,0x0,
0x20,0x0,0x70,0x0,0x65,0x0,0x6e,0x0,
0x64,0x0,0x69,0x0,0x6e,0x0,0x67,0x0,
0x54,0x0,0x68,0x0,0x75,0x0,0x6d,0x0,
0x62,0x0,0x6e,0x0,0x61,0x0,0x69,0x0,
0x6c,0x0,0x52,0x0,0x65,0x0,0x71,0x0,
0x75,0x0,0x65,0x0,0x73,0x0,0x74,0x0,
0x73,0x0,0x0,0x0,0x0,0x0,0x0,0x0,
0x16,0x0,0x0,0x0,0x70,0x0,0x61,0x0,
0x67,0x0,0x65,0x0,0x43,0x0,0x68,0x0,
0x61,0x0,0x6e,0x0,0x67,0x0,0x65,0x0,
0x46,0x0,0x72,0x0,0x6f,0x0,0x6d,0x0,
0x56,0x0,0x69,0x0,0x65,0x0,0x77,0x0,
0x70,0x0,0x6f,0x0,0x72,0x0,0x74,0x0,
0x0,0x0,0x0,0x0,0x0,0x0,0x0,0x0,
0xf,0x0,0x0,0x0,0x70,0x0,0x65,0x0,
0x6e,0x0,0x64,0x0,0x69,0x0,0x6e,0x0,
0x67,0x0,0x4a,0x0,0x75,0x0,0x6d,0x0,
0x70,0x0,0x50,0x0,0x61,0x0,0x67,0x0,
0x65,0x0,0x0,0x0,0x0,0x0,0x0,0x0,
0x16,0x0,0x0,0x0,0x70,0x0,0x72,0x0,
0x6f,0x0,0x67,0x0,0x72,0x0,0x61,0x0,
0x6d,0x0,0x6d,0x0,0x61,0x0,0x74,0x0,
0x69,0x0,0x63,0x0,0x4a,0x0,0x75,0x0,
0x6d,0x0,0x70,0x0,0x41,0x0,0x63,0x0,
0x74,0x0,0x69,0x0,0x76,0x0,0x65,0x0,
0x0,0x0,0x0,0x0,0x0,0x0,0x0,0x0,
0xe,0x0,0x0,0x0,0x70,0x0,0x72,0x0,
0x65,0x0,0x66,0x0,0x65,0x0,0x74,0x0,
0x63,0x0,0x68,0x0,0x52,0x0,0x61,0x0,
0x64,0x0,0x69,0x0,0x75,0x0,0x73,0x0,
0x0,0x0,0x0,0x0,0x0,0x0,0x0,0x0,
0xd,0x0,0x0,0x0,0x6c,0x0,0x61,0x0,
0x72,0x0,0x67,0x0,0x65,0x0,0x4a,0x0,
0x75,0x0,0x6d,0x0,0x70,0x0,0x4d,0x0,
0x6f,0x0,0x64,0x0,0x65,0x0,0x0,0x0,
0x13,0x0,0x0,0x0,0x6c,0x0,0x61,0x0,
0x72,0x0,0x67,0x0,0x65,0x0,0x4a,0x0,
0x75,0x0,0x6d,0x0,0x70,0x0,0x54,0x0,
0x61,0x0,0x72,0x0,0x67,0x0,0x65,0x0,
0x74,0x0,0x50,0x0,0x61,0x0,0x67,0x0,
0x65,0x0,0x0,0x0,0x0,0x0,0x0,0x0,
0x15,0x0,0x0,0x0,0x6c,0x0,0x61,0x0,
0x72,0x0,0x67,0x0,0x65,0x0,0x4a,0x0,
0x75,0x0,0x6d,0x0,0x70,0x0,0x50,0x0,
0x72,0x0,0x65,0x0,0x76,0x0,0x69,0x0,
0x65,0x0,0x77,0x0,0x53,0x0,0x63,0x0,
0x61,0x0,0x6c,0x0,0x65,0x0,0x0,0x0,
0x1d,0x0,0x0,0x0,0x6c,0x0,0x61,0x0,
0x72,0x0,0x67,0x0,0x65,0x0,0x4a,0x0,
0x75,0x0,0x6d,0x0,0x70,0x0,0x48,0x0,
0x69,0x0,0x67,0x0,0x68,0x0,0x51,0x0,
0x75,0x0,0x61,0x0,0x6c,0x0,0x69,0x0,
0x74,0x0,0x79,0x0,0x52,0x0,0x65,0x0,
0x71,0x0,0x75,0x0,0x65,0x0,0x73,0x0,
0x74,0x0,0x65,0x0,0x64,0x0,0x0,0x0,
0x14,0x0,0x0,0x0,0x70,0x0,0x61,0x0,
0x67,0x0,0x65,0x0,0x54,0x0,0x72,0x0,
0x61,0x0,0x6e,0x0,0x73,0x0,0x69,0x0,
0x74,0x0,0x69,0x0,0x6f,0x0,0x6e,0x0,
0x41,0x0,0x63,0x0,0x74,0x0,0x69,0x0,
0x76,0x0,0x65,0x0,0x0,0x0,0x0,0x0,
0x18,0x0,0x0,0x0,0x70,0x0,0x61,0x0,
0x67,0x0,0x65,0x0,0x54,0x0,0x72,0x0,
0x61,0x0,0x6e,0x0,0x73,0x0,0x69,0x0,
0x74,0x0,0x69,0x0,0x6f,0x0,0x6e,0x0,
0x54,0x0,0x61,0x0,0x72,0x0,0x67,0x0,
0x65,0x0,0x74,0x0,0x50,0x0,0x61,0x0,
0x67,0x0,0x65,0x0,0x0,0x0,0x0,0x0,
0x18,0x0,0x0,0x0,0x70,0x0,0x61,0x0,
0x67,0x0,0x65,0x0,0x54,0x0,0x72,0x0,
0x61,0x0,0x6e,0x0,0x73,0x0,0x69,0x0,
0x74,0x0,0x69,0x0,0x6f,0x0,0x6e,0x0,
0x48,0x0,0x61,0x0,0x73,0x0,0x50,0x0,
0x72,0x0,0x65,0x0,0x76,0x0,0x69,0x0,
0x65,0x0,0x77,0x0,0x0,0x0,0x0,0x0,
0x1b,0x0,0x0,0x0,0x70,0x0,0x72,0x0,
0x6f,0x0,0x67,0x0,0x72,0x0,0x65,0x0,
0x73,0x0,0x73,0x0,0x69,0x0,0x76,0x0,
0x65,0x0,0x52,0x0,0x65,0x0,0x6e,0x0,
0x64,0x0,0x65,0x0,0x72,0x0,0x69,0x0,
0x6e,0x0,0x67,0x0,0x45,0x0,0x6e,0x0,
0x61,0x0,0x62,0x0,0x6c,0x0,0x65,0x0,
0x64,0x0,0x0,0x0,0x0,0x0,0x0,0x0,
0x17,0x0,0x0,0x0,0x70,0x0,0x72,0x0,
0x6f,0x0,0x67,0x0,0x72,0x0,0x65,0x0,
0x73,0x0,0x73,0x0,0x69,0x0,0x76,0x0,
0x65,0x0,0x50,0x0,0x72,0x0,0x65,0x0,
0x76,0x0,0x69,0x0,0x65,0x0,0x77,0x0,
0x53,0x0,0x63,0x0,0x61,0x0,0x6c,0x0,
0x65,0x0,0x0,0x0,0x0,0x0,0x0,0x0,
0x1e,0x0,0x0,0x0,0x70,0x0,0x72,0x0,
0x6f,0x0,0x67,0x0,0x72,0x0,0x65,0x0,
0x73,0x0,0x73,0x0,0x69,0x0,0x76,0x0,
0x65,0x0,0x48,0x0,0x69,0x0,0x67,0x0,
0x68,0x0,0x51,0x0,0x75,0x0,0x61,0x0,
0x6c,0x0,0x69,0x0,0x74,0x0,0x79,0x0,
0x52,0x0,0x65,0x0,0x71,0x0,0x75,0x0,
0x65,0x0,0x73,0x0,0x74,0x0,0x73,0x0,
0x0,0x0,0x0,0x0,0x0,0x0,0x0,0x0,
0x2d,0x0,0x0,0x0,0x65,0x0,0x78,0x0,
0x70,0x0,0x72,0x0,0x65,0x0,0x73,0x0,
0x73,0x0,0x69,0x0,0x6f,0x0,0x6e,0x0,
0x20,0x0,0x66,0x0,0x6f,0x0,0x72,0x0,
0x20,0x0,0x70,0x0,0x72,0x0,0x6f,0x0,
0x67,0x0,0x72,0x0,0x65,0x0,0x73,0x0,
0x73,0x0,0x69,0x0,0x76,0x0,0x65,0x0,
0x48,0x0,0x69,0x0,0x67,0x0,0x68,0x0,
0x51,0x0,0x75,0x0,0x61,0x0,0x6c,0x0,
0x69,0x0,0x74,0x0,0x79,0x0,0x52,0x0,
0x65,0x0,0x71,0x0,0x75,0x0,0x65,0x0,
0x73,0x0,0x74,0x0,0x73,0x0,0x0,0x0,
0x12,0x0,0x0,0x0,0x76,0x0,0x69,0x0,
0x73,0x0,0x69,0x0,0x62,0x0,0x6c,0x0,
0x65,0x0,0x50,0x0,0x61,0x0,0x67,0x0,
0x65,0x0,0x53,0x0,0x6f,0x0,0x75,0x0,
0x72,0x0,0x63,0x0,0x65,0x0,0x73,0x0,
0x0,0x0,0x0,0x0,0x0,0x0,0x0,0x0,
0x21,0x0,0x0,0x0,0x65,0x0,0x78,0x0,
0x70,0x0,0x72,0x0,0x65,0x0,0x73,0x0,
0x73,0x0,0x69,0x0,0x6f,0x0,0x6e,0x0,
0x20,0x0,0x66,0x0,0x6f,0x0,0x72,0x0,
0x20,0x0,0x76,0x0,0x69,0x0,0x73,0x0,
0x69,0x0,0x62,0x0,0x6c,0x0,0x65,0x0,
0x50,0x0,0x61,0x0,0x67,0x0,0x65,0x0,
0x53,0x0,0x6f,0x0,0x75,0x0,0x72,0x0,
0x63,0x0,0x65,0x0,0x73,0x0,0x0,0x0,
0x9,0x0,0x0,0x0,0x70,0x0,0x61,0x0,
0x67,0x0,0x65,0x0,0x53,0x0,0x69,0x0,
0x7a,0x0,0x65,0x0,0x73,0x0,0x0,0x0,
0x18,0x0,0x0,0x0,0x65,0x0,0x78,0x0,
0x70,0x0,0x72,0x0,0x65,0x0,0x73,0x0,
0x73,0x0,0x69,0x0,0x6f,0x0,0x6e,0x0,
0x20,0x0,0x66,0x0,0x6f,0x0,0x72,0x0,
0x20,0x0,0x70,0x0,0x61,0x0,0x67,0x0,
0x65,0x0,0x53,0x0,0x69,0x0,0x7a,0x0,
0x65,0x0,0x73,0x0,0x0,0x0,0x0,0x0,
0x8,0x0,0x0,0x0,0x70,0x0,0x61,0x0,
0x67,0x0,0x65,0x0,0x52,0x0,0x6f,0x0,
0x77,0x0,0x73,0x0,0x0,0x0,0x0,0x0,
0x17,0x0,0x0,0x0,0x65,0x0,0x78,0x0,
0x70,0x0,0x72,0x0,0x65,0x0,0x73,0x0,
0x73,0x0,0x69,0x0,0x6f,0x0,0x6e,0x0,
0x20,0x0,0x66,0x0,0x6f,0x0,0x72,0x0,
0x20,0x0,0x70,0x0,0x61,0x0,0x67,0x0,
0x65,0x0,0x52,0x0,0x6f,0x0,0x77,0x0,
0x73,0x0,0x0,0x0,0x0,0x0,0x0,0x0,
0x13,0x0,0x0,0x0,0x76,0x0,0x69,0x0,
0x65,0x0,0x77,0x0,0x70,0x0,0x6f,0x0,
0x72,0x0,0x74,0x0,0x49,0x0,0x6e,0x0,
0x74,0x0,0x65,0x0,0x72,0x0,0x61,0x0,
0x63,0x0,0x74,0x0,0x69,0x0,0x6e,0x0,
0x67,0x0,0x0,0x0,0x0,0x0,0x0,0x0,
0x22,0x0,0x0,0x0,0x65,0x0,0x78,0x0,
0x70,0x0,0x72,0x0,0x65,0x0,0x73,0x0,
0x73,0x0,0x69,0x0,0x6f,0x0,0x6e,0x0,
0x20,0x0,0x66,0x0,0x6f,0x0,0x72,0x0,
0x20,0x0,0x76,0x0,0x69,0x0,0x65,0x0,
0x77,0x0,0x70,0x0,0x6f,0x0,0x72,0x0,
0x74,0x0,0x49,0x0,0x6e,0x0,0x74,0x0,
0x65,0x0,0x72,0x0,0x61,0x0,0x63,0x0,
0x74,0x0,0x69,0x0,0x6e,0x0,0x67,0x0,
0x0,0x0,0x0,0x0,0x0,0x0,0x0,0x0,
0xd,0x0,0x0,0x0,0x70,0x0,0x61,0x0,
0x67,0x0,0x65,0x0,0x52,0x0,0x6f,0x0,
0x74,0x0,0x61,0x0,0x74,0x0,0x69,0x0,
0x6f,0x0,0x6e,0x0,0x73,0x0,0x0,0x0,
0x1c,0x0,0x0,0x0,0x65,0x0,0x78,0x0,
0x70,0x0,0x72,0x0,0x65,0x0,0x73,0x0,
0x73,0x0,0x69,0x0,0x6f,0x0,0x6e,0x0,
0x20,0x0,0x66,0x0,0x6f,0x0,0x72,0x0,
0x20,0x0,0x70,0x0,0x61,0x0,0x67,0x0,
0x65,0x0,0x52,0x0,0x6f,0x0,0x74,0x0,
0x61,0x0,0x74,0x0,0x69,0x0,0x6f,0x0,
0x6e,0x0,0x73,0x0,0x0,0x0,0x0,0x0,
0x10,0x0,0x0,0x0,0x63,0x0,0x75,0x0,
0x72,0x0,0x72,0x0,0x65,0x0,0x6e,0x0,
0x74,0x0,0x50,0x0,0x61,0x0,0x67,0x0,
0x65,0x0,0x49,0x0,0x6e,0x0,0x64,0x0,
0x65,0x0,0x78,0x0,0x0,0x0,0x0,0x0,
0xc,0x0,0x0,0x0,0x73,0x0,0x65,0x0,
0x6c,0x0,0x65,0x0,0x63,0x0,0x74,0x0,
0x65,0x0,0x64,0x0,0x54,0x0,0x65,0x0,
0x78,0x0,0x74,0x0,0x0,0x0,0x0,0x0,
0x4,0x0,0x0,0x0,0x7a,0x0,0x6f,0x0,
0x6f,0x0,0x6d,0x0,0x0,0x0,0x0,0x0,
0xa,0x0,0x0,0x0,0x6c,0x0,0x61,0x0,
0x79,0x0,0x6f,0x0,0x75,0x0,0x74,0x0,
0x4d,0x0,0x6f,0x0,0x64,0x0,0x65,0x0,
0x0,0x0,0x0,0x0,0x0,0x0,0x0,0x0,
0xa,0x0,0x0,0x0,0x63,0x0,0x6f,0x0,
0x6e,0x0,0x74,0x0,0x69,0x0,0x6e,0x0,
0x75,0x0,0x6f,0x0,0x75,0x0,0x73,0x0,
0x0,0x0,0x0,0x0,0x0,0x0,0x0,0x0,
0x8,0x0,0x0,0x0,0x7a,0x0,0x6f,0x0,
0x6f,0x0,0x6d,0x0,0x4d,0x0,0x6f,0x0,
0x64,0x0,0x65,0x0,0x0,0x0,0x0,0x0,
0x7,0x0,0x0,0x0,0x66,0x0,0x69,0x0,
0x74,0x0,0x50,0x0,0x61,0x0,0x67,0x0,
0x65,0x0,0x0,0x0,0x0,0x0,0x0,0x0,
0x11,0x0,0x0,0x0,0x73,0x0,0x65,0x0,
0x70,0x0,0x61,0x0,0x72,0x0,0x61,0x0,
0x74,0x0,0x65,0x0,0x43,0x0,0x6f,0x0,
0x76,0x0,0x65,0x0,0x72,0x0,0x50,0x0,
0x61,0x0,0x67,0x0,0x65,0x0,0x0,0x0,
0x10,0x0,0x0,0x0,0x70,0x0,0x72,0x0,
0x65,0x0,0x73,0x0,0x65,0x0,0x6e,0x0,
0x74,0x0,0x61,0x0,0x74,0x0,0x69,0x0,
0x6f,0x0,0x6e,0x0,0x4d,0x0,0x6f,0x0,
0x64,0x0,0x65,0x0,0x0,0x0,0x0,0x0,
0xf,0x0,0x0,0x0,0x68,0x0,0x61,0x0,
0x6e,0x0,0x64,0x0,0x54,0x0,0x6f,0x0,
0x6f,0x0,0x6c,0x0,0x45,0x0,0x6e,0x0,
0x61,0x0,0x62,0x0,0x6c,0x0,0x65,0x0,
0x64,0x0,0x0,0x0,0x0,0x0,0x0,0x0,
0xa,0x0,0x0,0x0,0x73,0x0,0x6e,0x0,
0x61,0x0,0x70,0x0,0x54,0x0,0x6f,0x0,
0x50,0x0,0x61,0x0,0x67,0x0,0x65,0x0,
0x0,0x0,0x0,0x0,0x0,0x0,0x0,0x0,
0xb,0x0,0x0,0x0,0x70,0x0,0x61,0x0,
0x67,0x0,0x65,0x0,0x53,0x0,0x70,0x0,
0x61,0x0,0x63,0x0,0x69,0x0,0x6e,0x0,
0x67,0x0,0x0,0x0,0x0,0x0,0x0,0x0,
0xb,0x0,0x0,0x0,0x72,0x0,0x65,0x0,
0x6e,0x0,0x64,0x0,0x65,0x0,0x72,0x0,
0x53,0x0,0x63,0x0,0x61,0x0,0x6c,0x0,
0x65,0x0,0x0,0x0,0x0,0x0,0x0,0x0,
0x10,0x0,0x0,0x0,0x63,0x0,0x75,0x0,
0x72,0x0,0x72,0x0,0x65,0x0,0x6e,0x0,
0x74,0x0,0x42,0x0,0x61,0x0,0x73,0x0,
0x65,0x0,0x53,0x0,0x63,0x0,0x61,0x0,
0x6c,0x0,0x65,0x0,0x0,0x0,0x0,0x0,
0x12,0x0,0x0,0x0,0x63,0x0,0x75,0x0,
0x72,0x0,0x72,0x0,0x65,0x0,0x6e,0x0,
0x74,0x0,0x5a,0x0,0x6f,0x0,0x6f,0x0,
0x6d,0x0,0x50,0x0,0x65,0x0,0x72,0x0,
0x63,0x0,0x65,0x0,0x6e,0x0,0x74,0x0,
0x0,0x0,0x0,0x0,0x0,0x0,0x0,0x0,
0x21,0x0,0x0,0x0,0x65,0x0,0x78,0x0,
0x70,0x0,0x72,0x0,0x65,0x0,0x73,0x0,
0x73,0x0,0x69,0x0,0x6f,0x0,0x6e,0x0,
0x20,0x0,0x66,0x0,0x6f,0x0,0x72,0x0,
0x20,0x0,0x63,0x0,0x75,0x0,0x72,0x0,
0x72,0x0,0x65,0x0,0x6e,0x0,0x74,0x0,
0x5a,0x0,0x6f,0x0,0x6f,0x0,0x6d,0x0,
0x50,0x0,0x65,0x0,0x72,0x0,0x63,0x0,
0x65,0x0,0x6e,0x0,0x74,0x0,0x0,0x0,
0xc,0x0,0x0,0x0,0x7a,0x0,0x6f,0x0,
0x6f,0x0,0x6d,0x0,0x49,0x0,0x6e,0x0,
0x41,0x0,0x63,0x0,0x74,0x0,0x69,0x0,
0x6f,0x0,0x6e,0x0,0x0,0x0,0x0,0x0,
0xd,0x0,0x0,0x0,0x7a,0x0,0x6f,0x0,
0x6f,0x0,0x6d,0x0,0x4f,0x0,0x75,0x0,
0x74,0x0,0x41,0x0,0x63,0x0,0x74,0x0,
0x69,0x0,0x6f,0x0,0x6e,0x0,0x0,0x0,
0x17,0x0,0x0,0x0,0x72,0x0,0x65,0x0,
0x71,0x0,0x75,0x0,0x65,0x0,0x73,0x0,
0x74,0x0,0x50,0x0,0x61,0x0,0x67,0x0,
0x65,0x0,0x52,0x0,0x65,0x0,0x6e,0x0,
0x64,0x0,0x65,0x0,0x72,0x0,0x41,0x0,
0x63,0x0,0x74,0x0,0x69,0x0,0x6f,0x0,
0x6e,0x0,0x0,0x0,0x0,0x0,0x0,0x0,
0x1c,0x0,0x0,0x0,0x72,0x0,0x65,0x0,
0x71,0x0,0x75,0x0,0x65,0x0,0x73,0x0,
0x74,0x0,0x54,0x0,0x68,0x0,0x75,0x0,
0x6d,0x0,0x62,0x0,0x6e,0x0,0x61,0x0,
0x69,0x0,0x6c,0x0,0x52,0x0,0x65,0x0,
0x6e,0x0,0x64,0x0,0x65,0x0,0x72,0x0,
0x41,0x0,0x63,0x0,0x74,0x0,0x69,0x0,
0x6f,0x0,0x6e,0x0,0x0,0x0,0x0,0x0,
0x18,0x0,0x0,0x0,0x63,0x0,0x75,0x0,
0x72,0x0,0x72,0x0,0x65,0x0,0x6e,0x0,
0x74,0x0,0x50,0x0,0x61,0x0,0x67,0x0,
0x65,0x0,0x43,0x0,0x68,0x0,0x61,0x0,
0x6e,0x0,0x67,0x0,0x65,0x0,0x64,0x0,
0x41,0x0,0x63,0x0,0x74,0x0,0x69,0x0,
0x6f,0x0,0x6e,0x0,0x0,0x0,0x0,0x0,
0x1a,0x0,0x0,0x0,0x73,0x0,0x69,0x0,
0x64,0x0,0x65,0x0,0x50,0x0,0x61,0x0,
0x6e,0x0,0x65,0x0,0x6c,0x0,0x4d,0x0,
0x6f,0x0,0x64,0x0,0x65,0x0,0x43,0x0,
0x68,0x0,0x61,0x0,0x6e,0x0,0x67,0x0,
0x65,0x0,0x64,0x0,0x41,0x0,0x63,0x0,
0x74,0x0,0x69,0x0,0x6f,0x0,0x6e,0x0,
0x0,0x0,0x0,0x0,0x0,0x0,0x0,0x0,
0x16,0x0,0x0,0x0,0x6f,0x0,0x75,0x0,
0x74,0x0,0x6c,0x0,0x69,0x0,0x6e,0x0,
0x65,0x0,0x41,0x0,0x63,0x0,0x74,0x0,
0x69,0x0,0x76,0x0,0x61,0x0,0x74,0x0,
0x65,0x0,0x64,0x0,0x41,0x0,0x63,0x0,
0x74,0x0,0x69,0x0,0x6f,0x0,0x6e,0x0,
0x0,0x0,0x0,0x0,0x0,0x0,0x0,0x0,
0x13,0x0,0x0,0x0,0x6c,0x0,0x69,0x0,
0x6e,0x0,0x6b,0x0,0x41,0x0,0x63,0x0,
0x74,0x0,0x69,0x0,0x76,0x0,0x61,0x0,
0x74,0x0,0x65,0x0,0x64,0x0,0x41,0x0,
0x63,0x0,0x74,0x0,0x69,0x0,0x6f,0x0,
0x6e,0x0,0x0,0x0,0x0,0x0,0x0,0x0,
0x1b,0x0,0x0,0x0,0x73,0x0,0x65,0x0,
0x61,0x0,0x72,0x0,0x63,0x0,0x68,0x0,
0x52,0x0,0x65,0x0,0x73,0x0,0x75,0x0,
0x6c,0x0,0x74,0x0,0x41,0x0,0x63,0x0,
0x74,0x0,0x69,0x0,0x76,0x0,0x61,0x0,
0x74,0x0,0x65,0x0,0x64,0x0,0x41,0x0,
0x63,0x0,0x74,0x0,0x69,0x0,0x6f,0x0,
0x6e,0x0,0x0,0x0,0x0,0x0,0x0,0x0,
0x17,0x0,0x0,0x0,0x73,0x0,0x65,0x0,
0x6c,0x0,0x65,0x0,0x63,0x0,0x74,0x0,
0x69,0x0,0x6f,0x0,0x6e,0x0,0x44,0x0,
0x6f,0x0,0x63,0x0,0x75,0x0,0x6d,0x0,
0x65,0x0,0x6e,0x0,0x74,0x0,0x53,0x0,
0x6f,0x0,0x75,0x0,0x72,0x0,0x63,0x0,
0x65,0x0,0x0,0x0,0x0,0x0,0x0,0x0,
0x14,0x0,0x0,0x0,0x73,0x0,0x65,0x0,
0x61,0x0,0x72,0x0,0x63,0x0,0x68,0x0,
0x50,0x0,0x61,0x0,0x6e,0x0,0x65,0x0,
0x6c,0x0,0x41,0x0,0x76,0x0,0x61,0x0,
0x69,0x0,0x6c,0x0,0x61,0x0,0x62,0x0,
0x6c,0x0,0x65,0x0,0x0,0x0,0x0,0x0,
0x23,0x0,0x0,0x0,0x65,0x0,0x78,0x0,
0x70,0x0,0x72,0x0,0x65,0x0,0x73,0x0,
0x73,0x0,0x69,0x0,0x6f,0x0,0x6e,0x0,
0x20,0x0,0x66,0x0,0x6f,0x0,0x72,0x0,
0x20,0x0,0x73,0x0,0x65,0x0,0x61,0x0,
0x72,0x0,0x63,0x0,0x68,0x0,0x50,0x0,
0x61,0x0,0x6e,0x0,0x65,0x0,0x6c,0x0,
0x41,0x0,0x76,0x0,0x61,0x0,0x69,0x0,
0x6c,0x0,0x61,0x0,0x62,0x0,0x6c,0x0,
0x65,0x0,0x0,0x0,0x0,0x0,0x0,0x0,
0x5,0x0,0x0,0x0,0x54,0x0,0x69,0x0,
0x6d,0x0,0x65,0x0,0x72,0x0,0x0,0x0,
0xd,0x0,0x0,0x0,0x70,0x0,0x72,0x0,
0x65,0x0,0x66,0x0,0x65,0x0,0x74,0x0,
0x63,0x0,0x68,0x0,0x54,0x0,0x69,0x0,
0x6d,0x0,0x65,0x0,0x72,0x0,0x0,0x0,
0x8,0x0,0x0,0x0,0x69,0x0,0x6e,0x0,
0x74,0x0,0x65,0x0,0x72,0x0,0x76,0x0,
0x61,0x0,0x6c,0x0,0x0,0x0,0x0,0x0,
0x6,0x0,0x0,0x0,0x72,0x0,0x65,0x0,
0x70,0x0,0x65,0x0,0x61,0x0,0x74,0x0,
0x0,0x0,0x0,0x0,0x0,0x0,0x0,0x0,
0xb,0x0,0x0,0x0,0x6f,0x0,0x6e,0x0,
0x54,0x0,0x72,0x0,0x69,0x0,0x67,0x0,
0x67,0x0,0x65,0x0,0x72,0x0,0x65,0x0,
0x64,0x0,0x0,0x0,0x0,0x0,0x0,0x0,
0x1a,0x0,0x0,0x0,0x65,0x0,0x78,0x0,
0x70,0x0,0x72,0x0,0x65,0x0,0x73,0x0,
0x73,0x0,0x69,0x0,0x6f,0x0,0x6e,0x0,
0x20,0x0,0x66,0x0,0x6f,0x0,0x72,0x0,
0x20,0x0,0x6f,0x0,0x6e,0x0,0x54,0x0,
0x72,0x0,0x69,0x0,0x67,0x0,0x67,0x0,
0x65,0x0,0x72,0x0,0x65,0x0,0x64,0x0,
0x0,0x0,0x0,0x0,0x0,0x0,0x0,0x0,
0x1b,0x0,0x0,0x0,0x70,0x0,0x61,0x0,
0x67,0x0,0x65,0x0,0x54,0x0,0x72,0x0,
0x61,0x0,0x6e,0x0,0x73,0x0,0x69,0x0,
0x74,0x0,0x69,0x0,0x6f,0x0,0x6e,0x0,
0x43,0x0,0x6f,0x0,0x6d,0x0,0x70,0x0,
0x6c,0x0,0x65,0x0,0x74,0x0,0x65,0x0,
0x54,0x0,0x69,0x0,0x6d,0x0,0x65,0x0,
0x72,0x0,0x0,0x0,0x0,0x0,0x0,0x0,
0x17,0x0,0x0,0x0,0x74,0x0,0x68,0x0,
0x75,0x0,0x6d,0x0,0x62,0x0,0x6e,0x0,
0x61,0x0,0x69,0x0,0x6c,0x0,0x53,0x0,
0x79,0x0,0x6e,0x0,0x63,0x0,0x52,0x0,
0x65,0x0,0x74,0x0,0x72,0x0,0x79,0x0,
0x54,0x0,0x69,0x0,0x6d,0x0,0x65,0x0,
0x72,0x0,0x0,0x0,0x0,0x0,0x0,0x0,
0x15,0x0,0x0,0x0,0x70,0x0,0x72,0x0,
0x6f,0x0,0x67,0x0,0x72,0x0,0x61,0x0,
0x6d,0x0,0x6d,0x0,0x61,0x0,0x74,0x0,
0x69,0x0,0x63,0x0,0x4a,0x0,0x75,0x0,
0x6d,0x0,0x70,0x0,0x54,0x0,0x69,0x0,
0x6d,0x0,0x65,0x0,0x72,0x0,0x0,0x0,
0x19,0x0,0x0,0x0,0x6f,0x0,0x6e,0x0,
0x43,0x0,0x75,0x0,0x72,0x0,0x72,0x0,
0x65,0x0,0x6e,0x0,0x74,0x0,0x50,0x0,
0x61,0x0,0x67,0x0,0x65,0x0,0x49,0x0,
0x6e,0x0,0x64,0x0,0x65,0x0,0x78,0x0,
0x43,0x0,0x68,0x0,0x61,0x0,0x6e,0x0,
0x67,0x0,0x65,0x0,0x64,0x0,0x0,0x0,
0x28,0x0,0x0,0x0,0x65,0x0,0x78,0x0,
0x70,0x0,0x72,0x0,0x65,0x0,0x73,0x0,
0x73,0x0,0x69,0x0,0x6f,0x0,0x6e,0x0,
0x20,0x0,0x66,0x0,0x6f,0x0,0x72,0x0,
0x20,0x0,0x6f,0x0,0x6e,0x0,0x43,0x0,
0x75,0x0,0x72,0x0,0x72,0x0,0x65,0x0,
0x6e,0x0,0x74,0x0,0x50,0x0,0x61,0x0,
0x67,0x0,0x65,0x0,0x49,0x0,0x6e,0x0,
0x64,0x0,0x65,0x0,0x78,0x0,0x43,0x0,
0x68,0x0,0x61,0x0,0x6e,0x0,0x67,0x0,
0x65,0x0,0x64,0x0,0x0,0x0,0x0,0x0,
0xd,0x0,0x0,0x0,0x6f,0x0,0x6e,0x0,
0x5a,0x0,0x6f,0x0,0x6f,0x0,0x6d,0x0,
0x43,0x0,0x68,0x0,0x61,0x0,0x6e,0x0,
0x67,0x0,0x65,0x0,0x64,0x0,0x0,0x0,
0x1c,0x0,0x0,0x0,0x65,0x0,0x78,0x0,
0x70,0x0,0x72,0x0,0x65,0x0,0x73,0x0,
0x73,0x0,0x69,0x0,0x6f,0x0,0x6e,0x0,
0x20,0x0,0x66,0x0,0x6f,0x0,0x72,0x0,
0x20,0x0,0x6f,0x0,0x6e,0x0,0x5a,0x0,
0x6f,0x0,0x6f,0x0,0x6d,0x0,0x43,0x0,
0x68,0x0,0x61,0x0,0x6e,0x0,0x67,0x0,
0x65,0x0,0x64,0x0,0x0,0x0,0x0,0x0,
0x13,0x0,0x0,0x0,0x6f,0x0,0x6e,0x0,
0x4c,0x0,0x61,0x0,0x79,0x0,0x6f,0x0,
0x75,0x0,0x74,0x0,0x4d,0x0,0x6f,0x0,
0x64,0x0,0x65,0x0,0x43,0x0,0x68,0x0,
0x61,0x0,0x6e,0x0,0x67,0x0,0x65,0x0,
0x64,0x0,0x0,0x0,0x0,0x0,0x0,0x0,
0x22,0x0,0x0,0x0,0x65,0x0,0x78,0x0,
0x70,0x0,0x72,0x0,0x65,0x0,0x73,0x0,
0x73,0x0,0x69,0x0,0x6f,0x0,0x6e,0x0,
0x20,0x0,0x66,0x0,0x6f,0x0,0x72,0x0,
0x20,0x0,0x6f,0x0,0x6e,0x0,0x4c,0x0,
0x61,0x0,0x79,0x0,0x6f,0x0,0x75,0x0,
0x74,0x0,0x4d,0x0,0x6f,0x0,0x64,0x0,
0x65,0x0,0x43,0x0,0x68,0x0,0x61,0x0,
0x6e,0x0,0x67,0x0,0x65,0x0,0x64,0x0,
0x0,0x0,0x0,0x0,0x0,0x0,0x0,0x0,
0x11,0x0,0x0,0x0,0x6f,0x0,0x6e,0x0,
0x5a,0x0,0x6f,0x0,0x6f,0x0,0x6d,0x0,
0x4d,0x0,0x6f,0x0,0x64,0x0,0x65,0x0,
0x43,0x0,0x68,0x0,0x61,0x0,0x6e,0x0,
0x67,0x0,0x65,0x0,0x64,0x0,0x0,0x0,
0x20,0x0,0x0,0x0,0x65,0x0,0x78,0x0,
0x70,0x0,0x72,0x0,0x65,0x0,0x73,0x0,
0x73,0x0,0x69,0x0,0x6f,0x0,0x6e,0x0,
0x20,0x0,0x66,0x0,0x6f,0x0,0x72,0x0,
0x20,0x0,0x6f,0x0,0x6e,0x0,0x5a,0x0,
0x6f,0x0,0x6f,0x0,0x6d,0x0,0x4d,0x0,
0x6f,0x0,0x64,0x0,0x65,0x0,0x43,0x0,
0x68,0x0,0x61,0x0,0x6e,0x0,0x67,0x0,
0x65,0x0,0x64,0x0,0x0,0x0,0x0,0x0,
0x11,0x0,0x0,0x0,0x6f,0x0,0x6e,0x0,
0x50,0x0,0x61,0x0,0x67,0x0,0x65,0x0,
0x52,0x0,0x6f,0x0,0x77,0x0,0x73,0x0,
0x43,0x0,0x68,0x0,0x61,0x0,0x6e,0x0,
0x67,0x0,0x65,0x0,0x64,0x0,0x0,0x0,
0x20,0x0,0x0,0x0,0x65,0x0,0x78,0x0,
0x70,0x0,0x72,0x0,0x65,0x0,0x73,0x0,
0x73,0x0,0x69,0x0,0x6f,0x0,0x6e,0x0,
0x20,0x0,0x66,0x0,0x6f,0x0,0x72,0x0,
0x20,0x0,0x6f,0x0,0x6e,0x0,0x50,0x0,
0x61,0x0,0x67,0x0,0x65,0x0,0x52,0x0,
0x6f,0x0,0x77,0x0,0x73,0x0,0x43,0x0,
0x68,0x0,0x61,0x0,0x6e,0x0,0x67,0x0,
0x65,0x0,0x64,0x0,0x0,0x0,0x0,0x0,
0x14,0x0,0x0,0x0,0x6f,0x0,0x6e,0x0,
0x50,0x0,0x61,0x0,0x67,0x0,0x65,0x0,
0x53,0x0,0x6f,0x0,0x75,0x0,0x72,0x0,
0x63,0x0,0x65,0x0,0x73,0x0,0x43,0x0,
0x68,0x0,0x61,0x0,0x6e,0x0,0x67,0x0,
0x65,0x0,0x64,0x0,0x0,0x0,0x0,0x0,
0x23,0x0,0x0,0x0,0x65,0x0,0x78,0x0,
0x70,0x0,0x72,0x0,0x65,0x0,0x73,0x0,
0x73,0x0,0x69,0x0,0x6f,0x0,0x6e,0x0,
0x20,0x0,0x66,0x0,0x6f,0x0,0x72,0x0,
0x20,0x0,0x6f,0x0,0x6e,0x0,0x50,0x0,
0x61,0x0,0x67,0x0,0x65,0x0,0x53,0x0,
0x6f,0x0,0x75,0x0,0x72,0x0,0x63,0x0,
0x65,0x0,0x73,0x0,0x43,0x0,0x68,0x0,
0x61,0x0,0x6e,0x0,0x67,0x0,0x65,0x0,
0x64,0x0,0x0,0x0,0x0,0x0,0x0,0x0,
0x19,0x0,0x0,0x0,0x6f,0x0,0x6e,0x0,
0x54,0x0,0x68,0x0,0x75,0x0,0x6d,0x0,
0x62,0x0,0x6e,0x0,0x61,0x0,0x69,0x0,
0x6c,0x0,0x53,0x0,0x6f,0x0,0x75,0x0,
0x72,0x0,0x63,0x0,0x65,0x0,0x73,0x0,
0x43,0x0,0x68,0x0,0x61,0x0,0x6e,0x0,
0x67,0x0,0x65,0x0,0x64,0x0,0x0,0x0,
0x28,0x0,0x0,0x0,0x65,0x0,0x78,0x0,
0x70,0x0,0x72,0x0,0x65,0x0,0x73,0x0,
0x73,0x0,0x69,0x0,0x6f,0x0,0x6e,0x0,
0x20,0x0,0x66,0x0,0x6f,0x0,0x72,0x0,
0x20,0x0,0x6f,0x0,0x6e,0x0,0x54,0x0,
0x68,0x0,0x75,0x0,0x6d,0x0,0x62,0x0,
0x6e,0x0,0x61,0x0,0x69,0x0,0x6c,0x0,
0x53,0x0,0x6f,0x0,0x75,0x0,0x72,0x0,
0x63,0x0,0x65,0x0,0x73,0x0,0x43,0x0,
0x68,0x0,0x61,0x0,0x6e,0x0,0x67,0x0,
0x65,0x0,0x64,0x0,0x0,0x0,0x0,0x0,
0x12,0x0,0x0,0x0,0x6f,0x0,0x6e,0x0,
0x50,0x0,0x61,0x0,0x67,0x0,0x65,0x0,
0x43,0x0,0x6f,0x0,0x75,0x0,0x6e,0x0,
0x74,0x0,0x43,0x0,0x68,0x0,0x61,0x0,
0x6e,0x0,0x67,0x0,0x65,0x0,0x64,0x0,
0x0,0x0,0x0,0x0,0x0,0x0,0x0,0x0,
0x21,0x0,0x0,0x0,0x65,0x0,0x78,0x0,
0x70,0x0,0x72,0x0,0x65,0x0,0x73,0x0,
0x73,0x0,0x69,0x0,0x6f,0x0,0x6e,0x0,
0x20,0x0,0x66,0x0,0x6f,0x0,0x72,0x0,
0x20,0x0,0x6f,0x0,0x6e,0x0,0x50,0x0,
0x61,0x0,0x67,0x0,0x65,0x0,0x43,0x0,
0x6f,0x0,0x75,0x0,0x6e,0x0,0x74,0x0,
0x43,0x0,0x68,0x0,0x61,0x0,0x6e,0x0,
0x67,0x0,0x65,0x0,0x64,0x0,0x0,0x0,
0x24,0x0,0x0,0x0,0x6f,0x0,0x6e,0x0,
0x50,0x0,0x72,0x0,0x6f,0x0,0x67,0x0,
0x72,0x0,0x65,0x0,0x73,0x0,0x73,0x0,
0x69,0x0,0x76,0x0,0x65,0x0,0x52,0x0,
0x65,0x0,0x6e,0x0,0x64,0x0,0x65,0x0,
0x72,0x0,0x69,0x0,0x6e,0x0,0x67,0x0,
0x45,0x0,0x6e,0x0,0x61,0x0,0x62,0x0,
0x6c,0x0,0x65,0x0,0x64,0x0,0x43,0x0,
0x68,0x0,0x61,0x0,0x6e,0x0,0x67,0x0,
0x65,0x0,0x64,0x0,0x0,0x0,0x0,0x0,
0x33,0x0,0x0,0x0,0x65,0x0,0x78,0x0,
0x70,0x0,0x72,0x0,0x65,0x0,0x73,0x0,
0x73,0x0,0x69,0x0,0x6f,0x0,0x6e,0x0,
0x20,0x0,0x66,0x0,0x6f,0x0,0x72,0x0,
0x20,0x0,0x6f,0x0,0x6e,0x0,0x50,0x0,
0x72,0x0,0x6f,0x0,0x67,0x0,0x72,0x0,
0x65,0x0,0x73,0x0,0x73,0x0,0x69,0x0,
0x76,0x0,0x65,0x0,0x52,0x0,0x65,0x0,
0x6e,0x0,0x64,0x0,0x65,0x0,0x72,0x0,
0x69,0x0,0x6e,0x0,0x67,0x0,0x45,0x0,
0x6e,0x0,0x61,0x0,0x62,0x0,0x6c,0x0,
0x65,0x0,0x64,0x0,0x43,0x0,0x68,0x0,
0x61,0x0,0x6e,0x0,0x67,0x0,0x65,0x0,
0x64,0x0,0x0,0x0,0x0,0x0,0x0,0x0,
0x9,0x0,0x0,0x0,0x43,0x0,0x6f,0x0,
0x6d,0x0,0x70,0x0,0x6f,0x0,0x6e,0x0,
0x65,0x0,0x6e,0x0,0x74,0x0,0x0,0x0,
0xb,0x0,0x0,0x0,0x6f,0x0,0x6e,0x0,
0x43,0x0,0x6f,0x0,0x6d,0x0,0x70,0x0,
0x6c,0x0,0x65,0x0,0x74,0x0,0x65,0x0,
0x64,0x0,0x0,0x0,0x0,0x0,0x0,0x0,
0x1a,0x0,0x0,0x0,0x65,0x0,0x78,0x0,
0x70,0x0,0x72,0x0,0x65,0x0,0x73,0x0,
0x73,0x0,0x69,0x0,0x6f,0x0,0x6e,0x0,
0x20,0x0,0x66,0x0,0x6f,0x0,0x72,0x0,
0x20,0x0,0x6f,0x0,0x6e,0x0,0x43,0x0,
0x6f,0x0,0x6d,0x0,0x70,0x0,0x6c,0x0,
0x65,0x0,0x74,0x0,0x65,0x0,0x64,0x0,
0x0,0x0,0x0,0x0,0x0,0x0,0x0,0x0,
0xb,0x0,0x0,0x0,0x50,0x0,0x64,0x0,
0x66,0x0,0x44,0x0,0x6f,0x0,0x63,0x0,
0x75,0x0,0x6d,0x0,0x65,0x0,0x6e,0x0,
0x74,0x0,0x0,0x0,0x0,0x0,0x0,0x0,
0x11,0x0,0x0,0x0,0x73,0x0,0x65,0x0,
0x6c,0x0,0x65,0x0,0x63,0x0,0x74,0x0,
0x69,0x0,0x6f,0x0,0x6e,0x0,0x44,0x0,
0x6f,0x0,0x63,0x0,0x75,0x0,0x6d,0x0,
0x65,0x0,0x6e,0x0,0x74,0x0,0x0,0x0,
0x6,0x0,0x0,0x0,0x73,0x0,0x6f,0x0,
0x75,0x0,0x72,0x0,0x63,0x0,0x65,0x0,
0x0,0x0,0x0,0x0,0x0,0x0,0x0,0x0,
0x15,0x0,0x0,0x0,0x65,0x0,0x78,0x0,
0x70,0x0,0x72,0x0,0x65,0x0,0x73,0x0,
0x73,0x0,0x69,0x0,0x6f,0x0,0x6e,0x0,
0x20,0x0,0x66,0x0,0x6f,0x0,0x72,0x0,
0x20,0x0,0x73,0x0,0x6f,0x0,0x75,0x0,
0x72,0x0,0x63,0x0,0x65,0x0,0x0,0x0,
0x9,0x0,0x0,0x0,0x52,0x0,0x65,0x0,
0x63,0x0,0x74,0x0,0x61,0x0,0x6e,0x0,
0x67,0x0,0x6c,0x0,0x65,0x0,0x0,0x0,
0x7,0x0,0x0,0x0,0x61,0x0,0x6e,0x0,
0x63,0x0,0x68,0x0,0x6f,0x0,0x72,0x0,
0x73,0x0,0x0,0x0,0x0,0x0,0x0,0x0,
0x4,0x0,0x0,0x0,0x66,0x0,0x69,0x0,
0x6c,0x0,0x6c,0x0,0x0,0x0,0x0,0x0,
0x13,0x0,0x0,0x0,0x65,0x0,0x78,0x0,
0x70,0x0,0x72,0x0,0x65,0x0,0x73,0x0,
0x73,0x0,0x69,0x0,0x6f,0x0,0x6e,0x0,
0x20,0x0,0x66,0x0,0x6f,0x0,0x72,0x0,
0x20,0x0,0x66,0x0,0x69,0x0,0x6c,0x0,
0x6c,0x0,0x0,0x0,0x0,0x0,0x0,0x0,
0x5,0x0,0x0,0x0,0x63,0x0,0x6f,0x0,
0x6c,0x0,0x6f,0x0,0x72,0x0,0x0,0x0,
0x14,0x0,0x0,0x0,0x65,0x0,0x78,0x0,
0x70,0x0,0x72,0x0,0x65,0x0,0x73,0x0,
0x73,0x0,0x69,0x0,0x6f,0x0,0x6e,0x0,
0x20,0x0,0x66,0x0,0x6f,0x0,0x72,0x0,
0x20,0x0,0x63,0x0,0x6f,0x0,0x6c,0x0,
0x6f,0x0,0x72,0x0,0x0,0x0,0x0,0x0,
0x9,0x0,0x0,0x0,0x73,0x0,0x69,0x0,
0x64,0x0,0x65,0x0,0x50,0x0,0x61,0x0,
0x6e,0x0,0x65,0x0,0x6c,0x0,0x0,0x0,
0x3,0x0,0x0,0x0,0x74,0x0,0x6f,0x0,
0x70,0x0,0x0,0x0,0x0,0x0,0x0,0x0,
0x12,0x0,0x0,0x0,0x65,0x0,0x78,0x0,
0x70,0x0,0x72,0x0,0x65,0x0,0x73,0x0,
0x73,0x0,0x69,0x0,0x6f,0x0,0x6e,0x0,
0x20,0x0,0x66,0x0,0x6f,0x0,0x72,0x0,
0x20,0x0,0x74,0x0,0x6f,0x0,0x70,0x0,
0x0,0x0,0x0,0x0,0x0,0x0,0x0,0x0,
0x6,0x0,0x0,0x0,0x62,0x0,0x6f,0x0,
0x74,0x0,0x74,0x0,0x6f,0x0,0x6d,0x0,
0x0,0x0,0x0,0x0,0x0,0x0,0x0,0x0,
0x15,0x0,0x0,0x0,0x65,0x0,0x78,0x0,
0x70,0x0,0x72,0x0,0x65,0x0,0x73,0x0,
0x73,0x0,0x69,0x0,0x6f,0x0,0x6e,0x0,
0x20,0x0,0x66,0x0,0x6f,0x0,0x72,0x0,
0x20,0x0,0x62,0x0,0x6f,0x0,0x74,0x0,
0x74,0x0,0x6f,0x0,0x6d,0x0,0x0,0x0,
0x4,0x0,0x0,0x0,0x6c,0x0,0x65,0x0,
0x66,0x0,0x74,0x0,0x0,0x0,0x0,0x0,
0x13,0x0,0x0,0x0,0x65,0x0,0x78,0x0,
0x70,0x0,0x72,0x0,0x65,0x0,0x73,0x0,
0x73,0x0,0x69,0x0,0x6f,0x0,0x6e,0x0,
0x20,0x0,0x66,0x0,0x6f,0x0,0x72,0x0,
0x20,0x0,0x6c,0x0,0x65,0x0,0x66,0x0,
0x74,0x0,0x0,0x0,0x0,0x0,0x0,0x0,
0x5,0x0,0x0,0x0,0x77,0x0,0x69,0x0,
0x64,0x0,0x74,0x0,0x68,0x0,0x0,0x0,
0x14,0x0,0x0,0x0,0x65,0x0,0x78,0x0,
0x70,0x0,0x72,0x0,0x65,0x0,0x73,0x0,
0x73,0x0,0x69,0x0,0x6f,0x0,0x6e,0x0,
0x20,0x0,0x66,0x0,0x6f,0x0,0x72,0x0,
0x20,0x0,0x77,0x0,0x69,0x0,0x64,0x0,
0x74,0x0,0x68,0x0,0x0,0x0,0x0,0x0,
0x7,0x0,0x0,0x0,0x76,0x0,0x69,0x0,
0x73,0x0,0x69,0x0,0x62,0x0,0x6c,0x0,
0x65,0x0,0x0,0x0,0x0,0x0,0x0,0x0,
0x16,0x0,0x0,0x0,0x65,0x0,0x78,0x0,
0x70,0x0,0x72,0x0,0x65,0x0,0x73,0x0,
0x73,0x0,0x69,0x0,0x6f,0x0,0x6e,0x0,
0x20,0x0,0x66,0x0,0x6f,0x0,0x72,0x0,
0x20,0x0,0x76,0x0,0x69,0x0,0x73,0x0,
0x69,0x0,0x62,0x0,0x6c,0x0,0x65,0x0,
0x0,0x0,0x0,0x0,0x0,0x0,0x0,0x0,
0x4,0x0,0x0,0x0,0x63,0x0,0x6c,0x0,
0x69,0x0,0x70,0x0,0x0,0x0,0x0,0x0,
0x6,0x0,0x0,0x0,0x62,0x0,0x6f,0x0,
0x72,0x0,0x64,0x0,0x65,0x0,0x72,0x0,
0x0,0x0,0x0,0x0,0x0,0x0,0x0,0x0,
0x6,0x0,0x0,0x0,0x43,0x0,0x6f,0x0,
0x6c,0x0,0x75,0x0,0x6d,0x0,0x6e,0x0,
0x0,0x0,0x0,0x0,0x0,0x0,0x0,0x0,
0x7,0x0,0x0,0x0,0x73,0x0,0x70,0x0,
0x61,0x0,0x63,0x0,0x69,0x0,0x6e,0x0,
0x67,0x0,0x0,0x0,0x0,0x0,0x0,0x0,
0x6,0x0,0x0,0x0,0x68,0x0,0x65,0x0,
0x69,0x0,0x67,0x0,0x68,0x0,0x74,0x0,
0x0,0x0,0x0,0x0,0x0,0x0,0x0,0x0,
0x8,0x0,0x0,0x0,0x63,0x0,0x65,0x0,
0x6e,0x0,0x74,0x0,0x65,0x0,0x72,0x0,
0x49,0x0,0x6e,0x0,0x0,0x0,0x0,0x0,
0x17,0x0,0x0,0x0,0x65,0x0,0x78,0x0,
0x70,0x0,0x72,0x0,0x65,0x0,0x73,0x0,
0x73,0x0,0x69,0x0,0x6f,0x0,0x6e,0x0,
0x20,0x0,0x66,0x0,0x6f,0x0,0x72,0x0,
0x20,0x0,0x63,0x0,0x65,0x0,0x6e,0x0,
0x74,0x0,0x65,0x0,0x72,0x0,0x49,0x0,
0x6e,0x0,0x0,0x0,0x0,0x0,0x0,0x0,
0x6,0x0,0x0,0x0,0x72,0x0,0x61,0x0,
0x64,0x0,0x69,0x0,0x75,0x0,0x73,0x0,
0x0,0x0,0x0,0x0,0x0,0x0,0x0,0x0,
0x15,0x0,0x0,0x0,0x65,0x0,0x78,0x0,
0x70,0x0,0x72,0x0,0x65,0x0,0x73,0x0,
0x73,0x0,0x69,0x0,0x6f,0x0,0x6e,0x0,
0x20,0x0,0x66,0x0,0x6f,0x0,0x72,0x0,
0x20,0x0,0x72,0x0,0x61,0x0,0x64,0x0,
0x69,0x0,0x75,0x0,0x73,0x0,0x0,0x0,
0x3,0x0,0x0,0x0,0x52,0x0,0x6f,0x0,
0x77,0x0,0x0,0x0,0x0,0x0,0x0,0x0,
0x7,0x0,0x0,0x0,0x6d,0x0,0x61,0x0,
0x72,0x0,0x67,0x0,0x69,0x0,0x6e,0x0,
0x73,0x0,0x0,0x0,0x0,0x0,0x0,0x0,
0xc,0x0,0x0,0x0,0x73,0x0,0x65,0x0,
0x67,0x0,0x6d,0x0,0x65,0x0,0x6e,0x0,
0x74,0x0,0x43,0x0,0x6f,0x0,0x75,0x0,
0x6e,0x0,0x74,0x0,0x0,0x0,0x0,0x0,
0x1b,0x0,0x0,0x0,0x65,0x0,0x78,0x0,
0x70,0x0,0x72,0x0,0x65,0x0,0x73,0x0,
0x73,0x0,0x69,0x0,0x6f,0x0,0x6e,0x0,
0x20,0x0,0x66,0x0,0x6f,0x0,0x72,0x0,
0x20,0x0,0x73,0x0,0x65,0x0,0x67,0x0,
0x6d,0x0,0x65,0x0,0x6e,0x0,0x74,0x0,
0x43,0x0,0x6f,0x0,0x75,0x0,0x6e,0x0,
0x74,0x0,0x0,0x0,0x0,0x0,0x0,0x0,
0xc,0x0,0x0,0x0,0x73,0x0,0x65,0x0,
0x67,0x0,0x6d,0x0,0x65,0x0,0x6e,0x0,
0x74,0x0,0x57,0x0,0x69,0x0,0x64,0x0,
0x74,0x0,0x68,0x0,0x0,0x0,0x0,0x0,
0x1b,0x0,0x0,0x0,0x65,0x0,0x78,0x0,
0x70,0x0,0x72,0x0,0x65,0x0,0x73,0x0,
0x73,0x0,0x69,0x0,0x6f,0x0,0x6e,0x0,
0x20,0x0,0x66,0x0,0x6f,0x0,0x72,0x0,
0x20,0x0,0x73,0x0,0x65,0x0,0x67,0x0,
0x6d,0x0,0x65,0x0,0x6e,0x0,0x74,0x0,
0x57,0x0,0x69,0x0,0x64,0x0,0x74,0x0,
0x68,0x0,0x0,0x0,0x0,0x0,0x0,0x0,
0x14,0x0,0x0,0x0,0x74,0x0,0x68,0x0,
0x75,0x0,0x6d,0x0,0x62,0x0,0x6e,0x0,
0x61,0x0,0x69,0x0,0x6c,0x0,0x73,0x0,
0x4d,0x0,0x6f,0x0,0x64,0x0,0x65,0x0,
0x42,0x0,0x75,0x0,0x74,0x0,0x74,0x0,
0x6f,0x0,0x6e,0x0,0x0,0x0,0x0,0x0,
0x15,0x0,0x0,0x0,0x65,0x0,0x78,0x0,
0x70,0x0,0x72,0x0,0x65,0x0,0x73,0x0,
0x73,0x0,0x69,0x0,0x6f,0x0,0x6e,0x0,
0x20,0x0,0x66,0x0,0x6f,0x0,0x72,0x0,
0x20,0x0,0x68,0x0,0x65,0x0,0x69,0x0,
0x67,0x0,0x68,0x0,0x74,0x0,0x0,0x0,
0x4,0x0,0x0,0x0,0x54,0x0,0x65,0x0,
0x78,0x0,0x74,0x0,0x0,0x0,0x0,0x0,
0x4,0x0,0x0,0x0,0x74,0x0,0x65,0x0,
0x78,0x0,0x74,0x0,0x0,0x0,0x0,0x0,
0xa,0x0,0x0,0x0,0x4d,0x0,0x69,0x0,
0x6e,0x0,0x69,0x0,0x61,0x0,0x74,0x0,
0x75,0x0,0x72,0x0,0x61,0x0,0x73,0x0,
0x0,0x0,0x0,0x0,0x0,0x0,0x0,0x0,
0x4,0x0,0x0,0x0,0x66,0x0,0x6f,0x0,
0x6e,0x0,0x74,0x0,0x0,0x0,0x0,0x0,
0x9,0x0,0x0,0x0,0x70,0x0,0x69,0x0,
0x78,0x0,0x65,0x0,0x6c,0x0,0x53,0x0,
0x69,0x0,0x7a,0x0,0x65,0x0,0x0,0x0,
0x6,0x0,0x0,0x0,0x77,0x0,0x65,0x0,
0x69,0x0,0x67,0x0,0x68,0x0,0x74,0x0,
0x0,0x0,0x0,0x0,0x0,0x0,0x0,0x0,
0x15,0x0,0x0,0x0,0x65,0x0,0x78,0x0,
0x70,0x0,0x72,0x0,0x65,0x0,0x73,0x0,
0x73,0x0,0x69,0x0,0x6f,0x0,0x6e,0x0,
0x20,0x0,0x66,0x0,0x6f,0x0,0x72,0x0,
0x20,0x0,0x77,0x0,0x65,0x0,0x69,0x0,
0x67,0x0,0x68,0x0,0x74,0x0,0x0,0x0,
0x9,0x0,0x0,0x0,0x4d,0x0,0x6f,0x0,
0x75,0x0,0x73,0x0,0x65,0x0,0x41,0x0,
0x72,0x0,0x65,0x0,0x61,0x0,0x0,0x0,
0x9,0x0,0x0,0x0,0x6f,0x0,0x6e,0x0,
0x43,0x0,0x6c,0x0,0x69,0x0,0x63,0x0,
0x6b,0x0,0x65,0x0,0x64,0x0,0x0,0x0,
0x18,0x0,0x0,0x0,0x65,0x0,0x78,0x0,
0x70,0x0,0x72,0x0,0x65,0x0,0x73,0x0,
0x73,0x0,0x69,0x0,0x6f,0x0,0x6e,0x0,
0x20,0x0,0x66,0x0,0x6f,0x0,0x72,0x0,
0x20,0x0,0x6f,0x0,0x6e,0x0,0x43,0x0,
0x6c,0x0,0x69,0x0,0x63,0x0,0x6b,0x0,
0x65,0x0,0x64,0x0,0x0,0x0,0x0,0x0,
0x6,0x0,0x0,0x0,0x49,0x0,0x6e,0x0,
0x64,0x0,0x69,0x0,0x63,0x0,0x65,0x0,
0x0,0x0,0x0,0x0,0x0,0x0,0x0,0x0,
0x6,0x0,0x0,0x0,0x42,0x0,0x75,0x0,
0x73,0x0,0x63,0x0,0x61,0x0,0x72,0x0,
0x0,0x0,0x0,0x0,0x0,0x0,0x0,0x0,
0x6,0x0,0x0,0x0,0x4c,0x0,0x6f,0x0,
0x61,0x0,0x64,0x0,0x65,0x0,0x72,0x0,
0x0,0x0,0x0,0x0,0x0,0x0,0x0,0x0,
0xf,0x0,0x0,0x0,0x73,0x0,0x69,0x0,
0x64,0x0,0x65,0x0,0x50,0x0,0x61,0x0,
0x6e,0x0,0x65,0x0,0x6c,0x0,0x4c,0x0,
0x6f,0x0,0x61,0x0,0x64,0x0,0x65,0x0,
0x72,0x0,0x0,0x0,0x0,0x0,0x0,0x0,
0xf,0x0,0x0,0x0,0x73,0x0,0x6f,0x0,
0x75,0x0,0x72,0x0,0x63,0x0,0x65,0x0,
0x43,0x0,0x6f,0x0,0x6d,0x0,0x70,0x0,
0x6f,0x0,0x6e,0x0,0x65,0x0,0x6e,0x0,
0x74,0x0,0x0,0x0,0x0,0x0,0x0,0x0,
0x1e,0x0,0x0,0x0,0x65,0x0,0x78,0x0,
0x70,0x0,0x72,0x0,0x65,0x0,0x73,0x0,
0x73,0x0,0x69,0x0,0x6f,0x0,0x6e,0x0,
0x20,0x0,0x66,0x0,0x6f,0x0,0x72,0x0,
0x20,0x0,0x73,0x0,0x6f,0x0,0x75,0x0,
0x72,0x0,0x63,0x0,0x65,0x0,0x43,0x0,
0x6f,0x0,0x6d,0x0,0x70,0x0,0x6f,0x0,
0x6e,0x0,0x65,0x0,0x6e,0x0,0x74,0x0,
0x0,0x0,0x0,0x0,0x0,0x0,0x0,0x0,
0x8,0x0,0x0,0x0,0x6f,0x0,0x6e,0x0,
0x4c,0x0,0x6f,0x0,0x61,0x0,0x64,0x0,
0x65,0x0,0x64,0x0,0x0,0x0,0x0,0x0,
0x17,0x0,0x0,0x0,0x65,0x0,0x78,0x0,
0x70,0x0,0x72,0x0,0x65,0x0,0x73,0x0,
0x73,0x0,0x69,0x0,0x6f,0x0,0x6e,0x0,
0x20,0x0,0x66,0x0,0x6f,0x0,0x72,0x0,
0x20,0x0,0x6f,0x0,0x6e,0x0,0x4c,0x0,
0x6f,0x0,0x61,0x0,0x64,0x0,0x65,0x0,
0x64,0x0,0x0,0x0,0x0,0x0,0x0,0x0,
0x17,0x0,0x0,0x0,0x74,0x0,0x68,0x0,
0x75,0x0,0x6d,0x0,0x62,0x0,0x6e,0x0,
0x61,0x0,0x69,0x0,0x6c,0x0,0x50,0x0,
0x61,0x0,0x6e,0x0,0x65,0x0,0x6c,0x0,
0x43,0x0,0x6f,0x0,0x6d,0x0,0x70,0x0,
0x6f,0x0,0x6e,0x0,0x65,0x0,0x6e,0x0,
0x74,0x0,0x0,0x0,0x0,0x0,0x0,0x0,
0x8,0x0,0x0,0x0,0x4c,0x0,0x69,0x0,
0x73,0x0,0x74,0x0,0x56,0x0,0x69,0x0,
0x65,0x0,0x77,0x0,0x0,0x0,0x0,0x0,
0xd,0x0,0x0,0x0,0x74,0x0,0x68,0x0,
0x75,0x0,0x6d,0x0,0x62,0x0,0x6e,0x0,
0x61,0x0,0x69,0x0,0x6c,0x0,0x4c,0x0,
0x69,0x0,0x73,0x0,0x74,0x0,0x0,0x0,
0x5,0x0,0x0,0x0,0x6d,0x0,0x6f,0x0,
0x64,0x0,0x65,0x0,0x6c,0x0,0x0,0x0,
0x14,0x0,0x0,0x0,0x65,0x0,0x78,0x0,
0x70,0x0,0x72,0x0,0x65,0x0,0x73,0x0,
0x73,0x0,0x69,0x0,0x6f,0x0,0x6e,0x0,
0x20,0x0,0x66,0x0,0x6f,0x0,0x72,0x0,
0x20,0x0,0x6d,0x0,0x6f,0x0,0x64,0x0,
0x65,0x0,0x6c,0x0,0x0,0x0,0x0,0x0,
0x15,0x0,0x0,0x0,0x68,0x0,0x69,0x0,
0x67,0x0,0x68,0x0,0x6c,0x0,0x69,0x0,
0x67,0x0,0x68,0x0,0x74,0x0,0x4d,0x0,
0x6f,0x0,0x76,0x0,0x65,0x0,0x44,0x0,
0x75,0x0,0x72,0x0,0x61,0x0,0x74,0x0,
0x69,0x0,0x6f,0x0,0x6e,0x0,0x0,0x0,
0x17,0x0,0x0,0x0,0x68,0x0,0x69,0x0,
0x67,0x0,0x68,0x0,0x6c,0x0,0x69,0x0,
0x67,0x0,0x68,0x0,0x74,0x0,0x52,0x0,
0x65,0x0,0x73,0x0,0x69,0x0,0x7a,0x0,
0x65,0x0,0x44,0x0,0x75,0x0,0x72,0x0,
0x61,0x0,0x74,0x0,0x69,0x0,0x6f,0x0,
0x6e,0x0,0x0,0x0,0x0,0x0,0x0,0x0,
0x17,0x0,0x0,0x0,0x70,0x0,0x72,0x0,
0x65,0x0,0x66,0x0,0x65,0x0,0x72,0x0,
0x72,0x0,0x65,0x0,0x64,0x0,0x48,0x0,
0x69,0x0,0x67,0x0,0x68,0x0,0x6c,0x0,
0x69,0x0,0x67,0x0,0x68,0x0,0x74,0x0,
0x42,0x0,0x65,0x0,0x67,0x0,0x69,0x0,
0x6e,0x0,0x0,0x0,0x0,0x0,0x0,0x0,
0x26,0x0,0x0,0x0,0x65,0x0,0x78,0x0,
0x70,0x0,0x72,0x0,0x65,0x0,0x73,0x0,
0x73,0x0,0x69,0x0,0x6f,0x0,0x6e,0x0,
0x20,0x0,0x66,0x0,0x6f,0x0,0x72,0x0,
0x20,0x0,0x70,0x0,0x72,0x0,0x65,0x0,
0x66,0x0,0x65,0x0,0x72,0x0,0x72,0x0,
0x65,0x0,0x64,0x0,0x48,0x0,0x69,0x0,
0x67,0x0,0x68,0x0,0x6c,0x0,0x69,0x0,
0x67,0x0,0x68,0x0,0x74,0x0,0x42,0x0,
0x65,0x0,0x67,0x0,0x69,0x0,0x6e,0x0,
0x0,0x0,0x0,0x0,0x0,0x0,0x0,0x0,
0x15,0x0,0x0,0x0,0x70,0x0,0x72,0x0,
0x65,0x0,0x66,0x0,0x65,0x0,0x72,0x0,
0x72,0x0,0x65,0x0,0x64,0x0,0x48,0x0,
0x69,0x0,0x67,0x0,0x68,0x0,0x6c,0x0,
0x69,0x0,0x67,0x0,0x68,0x0,0x74,0x0,
0x45,0x0,0x6e,0x0,0x64,0x0,0x0,0x0,
0x24,0x0,0x0,0x0,0x65,0x0,0x78,0x0,
0x70,0x0,0x72,0x0,0x65,0x0,0x73,0x0,
0x73,0x0,0x69,0x0,0x6f,0x0,0x6e,0x0,
0x20,0x0,0x66,0x0,0x6f,0x0,0x72,0x0,
0x20,0x0,0x70,0x0,0x72,0x0,0x65,0x0,
0x66,0x0,0x65,0x0,0x72,0x0,0x72,0x0,
0x65,0x0,0x64,0x0,0x48,0x0,0x69,0x0,
0x67,0x0,0x68,0x0,0x6c,0x0,0x69,0x0,
0x67,0x0,0x68,0x0,0x74,0x0,0x45,0x0,
0x6e,0x0,0x64,0x0,0x0,0x0,0x0,0x0,
0x12,0x0,0x0,0x0,0x68,0x0,0x69,0x0,
0x67,0x0,0x68,0x0,0x6c,0x0,0x69,0x0,
0x67,0x0,0x68,0x0,0x74,0x0,0x52,0x0,
0x61,0x0,0x6e,0x0,0x67,0x0,0x65,0x0,
0x4d,0x0,0x6f,0x0,0x64,0x0,0x65,0x0,
0x0,0x0,0x0,0x0,0x0,0x0,0x0,0x0,
0x21,0x0,0x0,0x0,0x65,0x0,0x78,0x0,
0x70,0x0,0x72,0x0,0x65,0x0,0x73,0x0,
0x73,0x0,0x69,0x0,0x6f,0x0,0x6e,0x0,
0x20,0x0,0x66,0x0,0x6f,0x0,0x72,0x0,
0x20,0x0,0x68,0x0,0x69,0x0,0x67,0x0,
0x68,0x0,0x6c,0x0,0x69,0x0,0x67,0x0,
0x68,0x0,0x74,0x0,0x52,0x0,0x61,0x0,
0x6e,0x0,0x67,0x0,0x65,0x0,0x4d,0x0,
0x6f,0x0,0x64,0x0,0x65,0x0,0x0,0x0,
0xe,0x0,0x0,0x0,0x6f,0x0,0x6e,0x0,
0x43,0x0,0x6f,0x0,0x75,0x0,0x6e,0x0,
0x74,0x0,0x43,0x0,0x68,0x0,0x61,0x0,
0x6e,0x0,0x67,0x0,0x65,0x0,0x64,0x0,
0x0,0x0,0x0,0x0,0x0,0x0,0x0,0x0,
0x1d,0x0,0x0,0x0,0x65,0x0,0x78,0x0,
0x70,0x0,0x72,0x0,0x65,0x0,0x73,0x0,
0x73,0x0,0x69,0x0,0x6f,0x0,0x6e,0x0,
0x20,0x0,0x66,0x0,0x6f,0x0,0x72,0x0,
0x20,0x0,0x6f,0x0,0x6e,0x0,0x43,0x0,
0x6f,0x0,0x75,0x0,0x6e,0x0,0x74,0x0,
0x43,0x0,0x68,0x0,0x61,0x0,0x6e,0x0,
0x67,0x0,0x65,0x0,0x64,0x0,0x0,0x0,
0xf,0x0,0x0,0x0,0x6f,0x0,0x6e,0x0,
0x48,0x0,0x65,0x0,0x69,0x0,0x67,0x0,
0x68,0x0,0x74,0x0,0x43,0x0,0x68,0x0,
0x61,0x0,0x6e,0x0,0x67,0x0,0x65,0x0,
0x64,0x0,0x0,0x0,0x0,0x0,0x0,0x0,
0x1e,0x0,0x0,0x0,0x65,0x0,0x78,0x0,
0x70,0x0,0x72,0x0,0x65,0x0,0x73,0x0,
0x73,0x0,0x69,0x0,0x6f,0x0,0x6e,0x0,
0x20,0x0,0x66,0x0,0x6f,0x0,0x72,0x0,
0x20,0x0,0x6f,0x0,0x6e,0x0,0x48,0x0,
0x65,0x0,0x69,0x0,0x67,0x0,0x68,0x0,
0x74,0x0,0x43,0x0,0x68,0x0,0x61,0x0,
0x6e,0x0,0x67,0x0,0x65,0x0,0x64,0x0,
0x0,0x0,0x0,0x0,0x0,0x0,0x0,0x0,
0x10,0x0,0x0,0x0,0x6f,0x0,0x6e,0x0,
0x56,0x0,0x69,0x0,0x73,0x0,0x69,0x0,
0x62,0x0,0x6c,0x0,0x65,0x0,0x43,0x0,
0x68,0x0,0x61,0x0,0x6e,0x0,0x67,0x0,
0x65,0x0,0x64,0x0,0x0,0x0,0x0,0x0,
0x1f,0x0,0x0,0x0,0x65,0x0,0x78,0x0,
0x70,0x0,0x72,0x0,0x65,0x0,0x73,0x0,
0x73,0x0,0x69,0x0,0x6f,0x0,0x6e,0x0,
0x20,0x0,0x66,0x0,0x6f,0x0,0x72,0x0,
0x20,0x0,0x6f,0x0,0x6e,0x0,0x56,0x0,
0x69,0x0,0x73,0x0,0x69,0x0,0x62,0x0,
0x6c,0x0,0x65,0x0,0x43,0x0,0x68,0x0,
0x61,0x0,0x6e,0x0,0x67,0x0,0x65,0x0,
0x64,0x0,0x0,0x0,0x0,0x0,0x0,0x0,
0xd,0x0,0x0,0x0,0x6f,0x0,0x6e,0x0,
0x44,0x0,0x65,0x0,0x73,0x0,0x74,0x0,
0x72,0x0,0x75,0x0,0x63,0x0,0x74,0x0,
0x69,0x0,0x6f,0x0,0x6e,0x0,0x0,0x0,
0x1c,0x0,0x0,0x0,0x65,0x0,0x78,0x0,
0x70,0x0,0x72,0x0,0x65,0x0,0x73,0x0,
0x73,0x0,0x69,0x0,0x6f,0x0,0x6e,0x0,
0x20,0x0,0x66,0x0,0x6f,0x0,0x72,0x0,
0x20,0x0,0x6f,0x0,0x6e,0x0,0x44,0x0,
0x65,0x0,0x73,0x0,0x74,0x0,0x72,0x0,
0x75,0x0,0x63,0x0,0x74,0x0,0x69,0x0,
0x6f,0x0,0x6e,0x0,0x0,0x0,0x0,0x0,
0xe,0x0,0x0,0x0,0x74,0x0,0x68,0x0,
0x75,0x0,0x6d,0x0,0x62,0x0,0x6e,0x0,
0x61,0x0,0x69,0x0,0x6c,0x0,0x46,0x0,
0x72,0x0,0x61,0x0,0x6d,0x0,0x65,0x0,
0x0,0x0,0x0,0x0,0x0,0x0,0x0,0x0,
0x5,0x0,0x0,0x0,0x69,0x0,0x6e,0x0,
0x64,0x0,0x65,0x0,0x78,0x0,0x0,0x0,
0x5,0x0,0x0,0x0,0x49,0x0,0x6d,0x0,
0x61,0x0,0x67,0x0,0x65,0x0,0x0,0x0,
0xe,0x0,0x0,0x0,0x74,0x0,0x68,0x0,
0x75,0x0,0x6d,0x0,0x62,0x0,0x6e,0x0,
0x61,0x0,0x69,0x0,0x6c,0x0,0x49,0x0,
0x6d,0x0,0x61,0x0,0x67,0x0,0x65,0x0,
0x0,0x0,0x0,0x0,0x0,0x0,0x0,0x0,
0x10,0x0,0x0,0x0,0x68,0x0,0x6f,0x0,
0x72,0x0,0x69,0x0,0x7a,0x0,0x6f,0x0,
0x6e,0x0,0x74,0x0,0x61,0x0,0x6c,0x0,
0x43,0x0,0x65,0x0,0x6e,0x0,0x74,0x0,
0x65,0x0,0x72,0x0,0x0,0x0,0x0,0x0,
0x1f,0x0,0x0,0x0,0x65,0x0,0x78,0x0,
0x70,0x0,0x72,0x0,0x65,0x0,0x73,0x0,
0x73,0x0,0x69,0x0,0x6f,0x0,0x6e,0x0,
0x20,0x0,0x66,0x0,0x6f,0x0,0x72,0x0,
0x20,0x0,0x68,0x0,0x6f,0x0,0x72,0x0,
0x69,0x0,0x7a,0x0,0x6f,0x0,0x6e,0x0,
0x74,0x0,0x61,0x0,0x6c,0x0,0x43,0x0,
0x65,0x0,0x6e,0x0,0x74,0x0,0x65,0x0,
0x72,0x0,0x0,0x0,0x0,0x0,0x0,0x0,
0x9,0x0,0x0,0x0,0x74,0x0,0x6f,0x0,
0x70,0x0,0x4d,0x0,0x61,0x0,0x72,0x0,
0x67,0x0,0x69,0x0,0x6e,0x0,0x0,0x0,
0x8,0x0,0x0,0x0,0x66,0x0,0x69,0x0,
0x6c,0x0,0x6c,0x0,0x4d,0x0,0x6f,0x0,
0x64,0x0,0x65,0x0,0x0,0x0,0x0,0x0,
0x17,0x0,0x0,0x0,0x65,0x0,0x78,0x0,
0x70,0x0,0x72,0x0,0x65,0x0,0x73,0x0,
0x73,0x0,0x69,0x0,0x6f,0x0,0x6e,0x0,
0x20,0x0,0x66,0x0,0x6f,0x0,0x72,0x0,
0x20,0x0,0x66,0x0,0x69,0x0,0x6c,0x0,
0x6c,0x0,0x4d,0x0,0x6f,0x0,0x64,0x0,
0x65,0x0,0x0,0x0,0x0,0x0,0x0,0x0,
0xc,0x0,0x0,0x0,0x61,0x0,0x73,0x0,
0x79,0x0,0x6e,0x0,0x63,0x0,0x68,0x0,
0x72,0x0,0x6f,0x0,0x6e,0x0,0x6f,0x0,
0x75,0x0,0x73,0x0,0x0,0x0,0x0,0x0,
0x12,0x0,0x0,0x0,0x72,0x0,0x65,0x0,
0x74,0x0,0x61,0x0,0x69,0x0,0x6e,0x0,
0x57,0x0,0x68,0x0,0x69,0x0,0x6c,0x0,
0x65,0x0,0x4c,0x0,0x6f,0x0,0x61,0x0,
0x64,0x0,0x69,0x0,0x6e,0x0,0x67,0x0,
0x0,0x0,0x0,0x0,0x0,0x0,0x0,0x0,
0x5,0x0,0x0,0x0,0x63,0x0,0x61,0x0,
0x63,0x0,0x68,0x0,0x65,0x0,0x0,0x0,
0x6,0x0,0x0,0x0,0x73,0x0,0x6d,0x0,
0x6f,0x0,0x6f,0x0,0x74,0x0,0x68,0x0,
0x0,0x0,0x0,0x0,0x0,0x0,0x0,0x0,
0x8,0x0,0x0,0x0,0x72,0x0,0x6f,0x0,
0x74,0x0,0x61,0x0,0x74,0x0,0x69,0x0,
0x6f,0x0,0x6e,0x0,0x0,0x0,0x0,0x0,
0x17,0x0,0x0,0x0,0x65,0x0,0x78,0x0,
0x70,0x0,0x72,0x0,0x65,0x0,0x73,0x0,
0x73,0x0,0x69,0x0,0x6f,0x0,0x6e,0x0,
0x20,0x0,0x66,0x0,0x6f,0x0,0x72,0x0,
0x20,0x0,0x72,0x0,0x6f,0x0,0x74,0x0,
0x61,0x0,0x74,0x0,0x69,0x0,0x6f,0x0,
0x6e,0x0,0x0,0x0,0x0,0x0,0x0,0x0,
0xf,0x0,0x0,0x0,0x74,0x0,0x72,0x0,
0x61,0x0,0x6e,0x0,0x73,0x0,0x66,0x0,
0x6f,0x0,0x72,0x0,0x6d,0x0,0x4f,0x0,
0x72,0x0,0x69,0x0,0x67,0x0,0x69,0x0,
0x6e,0x0,0x0,0x0,0x0,0x0,0x0,0x0,
0x1e,0x0,0x0,0x0,0x65,0x0,0x78,0x0,
0x70,0x0,0x72,0x0,0x65,0x0,0x73,0x0,
0x73,0x0,0x69,0x0,0x6f,0x0,0x6e,0x0,
0x20,0x0,0x66,0x0,0x6f,0x0,0x72,0x0,
0x20,0x0,0x74,0x0,0x72,0x0,0x61,0x0,
0x6e,0x0,0x73,0x0,0x66,0x0,0x6f,0x0,
0x72,0x0,0x6d,0x0,0x4f,0x0,0x72,0x0,
0x69,0x0,0x67,0x0,0x69,0x0,0x6e,0x0,
0x0,0x0,0x0,0x0,0x0,0x0,0x0,0x0,
0x5,0x0,0x0,0x0,0x72,0x0,0x69,0x0,
0x67,0x0,0x68,0x0,0x74,0x0,0x0,0x0,
0x14,0x0,0x0,0x0,0x65,0x0,0x78,0x0,
0x70,0x0,0x72,0x0,0x65,0x0,0x73,0x0,
0x73,0x0,0x69,0x0,0x6f,0x0,0x6e,0x0,
0x20,0x0,0x66,0x0,0x6f,0x0,0x72,0x0,
0x20,0x0,0x72,0x0,0x69,0x0,0x67,0x0,
0x68,0x0,0x74,0x0,0x0,0x0,0x0,0x0,
0xc,0x0,0x0,0x0,0x62,0x0,0x6f,0x0,
0x74,0x0,0x74,0x0,0x6f,0x0,0x6d,0x0,
0x4d,0x0,0x61,0x0,0x72,0x0,0x67,0x0,
0x69,0x0,0x6e,0x0,0x0,0x0,0x0,0x0,
0x13,0x0,0x0,0x0,0x65,0x0,0x78,0x0,
0x70,0x0,0x72,0x0,0x65,0x0,0x73,0x0,
0x73,0x0,0x69,0x0,0x6f,0x0,0x6e,0x0,
0x20,0x0,0x66,0x0,0x6f,0x0,0x72,0x0,
0x20,0x0,0x74,0x0,0x65,0x0,0x78,0x0,
0x74,0x0,0x0,0x0,0x0,0x0,0x0,0x0,
0x13,0x0,0x0,0x0,0x68,0x0,0x6f,0x0,
0x72,0x0,0x69,0x0,0x7a,0x0,0x6f,0x0,
0x6e,0x0,0x74,0x0,0x61,0x0,0x6c,0x0,
0x41,0x0,0x6c,0x0,0x69,0x0,0x67,0x0,
0x6e,0x0,0x6d,0x0,0x65,0x0,0x6e,0x0,
0x74,0x0,0x0,0x0,0x0,0x0,0x0,0x0,
0x22,0x0,0x0,0x0,0x65,0x0,0x78,0x0,
0x70,0x0,0x72,0x0,0x65,0x0,0x73,0x0,
0x73,0x0,0x69,0x0,0x6f,0x0,0x6e,0x0,
0x20,0x0,0x66,0x0,0x6f,0x0,0x72,0x0,
0x20,0x0,0x68,0x0,0x6f,0x0,0x72,0x0,
0x69,0x0,0x7a,0x0,0x6f,0x0,0x6e,0x0,
0x74,0x0,0x61,0x0,0x6c,0x0,0x41,0x0,
0x6c,0x0,0x69,0x0,0x67,0x0,0x6e,0x0,
0x6d,0x0,0x65,0x0,0x6e,0x0,0x74,0x0,
0x0,0x0,0x0,0x0,0x0,0x0,0x0,0x0,
0xe,0x0,0x0,0x0,0x74,0x0,0x68,0x0,
0x75,0x0,0x6d,0x0,0x62,0x0,0x6e,0x0,
0x61,0x0,0x69,0x0,0x6c,0x0,0x4d,0x0,
0x6f,0x0,0x75,0x0,0x73,0x0,0x65,0x0,
0x0,0x0,0x0,0x0,0x0,0x0,0x0,0x0,
0xc,0x0,0x0,0x0,0x68,0x0,0x6f,0x0,
0x76,0x0,0x65,0x0,0x72,0x0,0x45,0x0,
0x6e,0x0,0x61,0x0,0x62,0x0,0x6c,0x0,
0x65,0x0,0x64,0x0,0x0,0x0,0x0,0x0,
0x8,0x0,0x0,0x0,0x64,0x0,0x65,0x0,
0x6c,0x0,0x65,0x0,0x67,0x0,0x61,0x0,
0x74,0x0,0x65,0x0,0x0,0x0,0x0,0x0,
0x15,0x0,0x0,0x0,0x6f,0x0,0x75,0x0,
0x74,0x0,0x6c,0x0,0x69,0x0,0x6e,0x0,
0x65,0x0,0x50,0x0,0x61,0x0,0x6e,0x0,
0x65,0x0,0x6c,0x0,0x43,0x0,0x6f,0x0,
0x6d,0x0,0x70,0x0,0x6f,0x0,0x6e,0x0,
0x65,0x0,0x6e,0x0,0x74,0x0,0x0,0x0,
0xb,0x0,0x0,0x0,0x6f,0x0,0x75,0x0,
0x74,0x0,0x6c,0x0,0x69,0x0,0x6e,0x0,
0x65,0x0,0x4c,0x0,0x69,0x0,0x73,0x0,
0x74,0x0,0x0,0x0,0x0,0x0,0x0,0x0,
0xc,0x0,0x0,0x0,0x6f,0x0,0x75,0x0,
0x74,0x0,0x6c,0x0,0x69,0x0,0x6e,0x0,
0x65,0x0,0x45,0x0,0x6e,0x0,0x74,0x0,
0x72,0x0,0x79,0x0,0x0,0x0,0x0,0x0,
0x9,0x0,0x0,0x0,0x6d,0x0,0x6f,0x0,
0x64,0x0,0x65,0x0,0x6c,0x0,0x44,0x0,
0x61,0x0,0x74,0x0,0x61,0x0,0x0,0x0,
0xe,0x0,0x0,0x0,0x76,0x0,0x65,0x0,
0x72,0x0,0x74,0x0,0x69,0x0,0x63,0x0,
0x61,0x0,0x6c,0x0,0x43,0x0,0x65,0x0,
0x6e,0x0,0x74,0x0,0x65,0x0,0x72,0x0,
0x0,0x0,0x0,0x0,0x0,0x0,0x0,0x0,
0x1d,0x0,0x0,0x0,0x65,0x0,0x78,0x0,
0x70,0x0,0x72,0x0,0x65,0x0,0x73,0x0,
0x73,0x0,0x69,0x0,0x6f,0x0,0x6e,0x0,
0x20,0x0,0x66,0x0,0x6f,0x0,0x72,0x0,
0x20,0x0,0x76,0x0,0x65,0x0,0x72,0x0,
0x74,0x0,0x69,0x0,0x63,0x0,0x61,0x0,
0x6c,0x0,0x43,0x0,0x65,0x0,0x6e,0x0,
0x74,0x0,0x65,0x0,0x72,0x0,0x0,0x0,
0xa,0x0,0x0,0x0,0x6c,0x0,0x65,0x0,
0x66,0x0,0x74,0x0,0x4d,0x0,0x61,0x0,
0x72,0x0,0x67,0x0,0x69,0x0,0x6e,0x0,
0x0,0x0,0x0,0x0,0x0,0x0,0x0,0x0,
0x19,0x0,0x0,0x0,0x65,0x0,0x78,0x0,
0x70,0x0,0x72,0x0,0x65,0x0,0x73,0x0,
0x73,0x0,0x69,0x0,0x6f,0x0,0x6e,0x0,
0x20,0x0,0x66,0x0,0x6f,0x0,0x72,0x0,
0x20,0x0,0x6c,0x0,0x65,0x0,0x66,0x0,
0x74,0x0,0x4d,0x0,0x61,0x0,0x72,0x0,
0x67,0x0,0x69,0x0,0x6e,0x0,0x0,0x0,
0xb,0x0,0x0,0x0,0x72,0x0,0x69,0x0,
0x67,0x0,0x68,0x0,0x74,0x0,0x4d,0x0,
0x61,0x0,0x72,0x0,0x67,0x0,0x69,0x0,
0x6e,0x0,0x0,0x0,0x0,0x0,0x0,0x0,
0x5,0x0,0x0,0x0,0x65,0x0,0x6c,0x0,
0x69,0x0,0x64,0x0,0x65,0x0,0x0,0x0,
0x14,0x0,0x0,0x0,0x65,0x0,0x78,0x0,
0x70,0x0,0x72,0x0,0x65,0x0,0x73,0x0,
0x73,0x0,0x69,0x0,0x6f,0x0,0x6e,0x0,
0x20,0x0,0x66,0x0,0x6f,0x0,0x72,0x0,
0x20,0x0,0x65,0x0,0x6c,0x0,0x69,0x0,
0x64,0x0,0x65,0x0,0x0,0x0,0x0,0x0,
0xc,0x0,0x0,0x0,0x6f,0x0,0x75,0x0,
0x74,0x0,0x6c,0x0,0x69,0x0,0x6e,0x0,
0x65,0x0,0x4d,0x0,0x6f,0x0,0x75,0x0,
0x73,0x0,0x65,0x0,0x0,0x0,0x0,0x0,
0x14,0x0,0x0,0x0,0x73,0x0,0x65,0x0,
0x61,0x0,0x72,0x0,0x63,0x0,0x68,0x0,
0x50,0x0,0x61,0x0,0x6e,0x0,0x65,0x0,
0x6c,0x0,0x43,0x0,0x6f,0x0,0x6d,0x0,
0x70,0x0,0x6f,0x0,0x6e,0x0,0x65,0x0,
0x6e,0x0,0x74,0x0,0x0,0x0,0x0,0x0,
0xb,0x0,0x0,0x0,0x74,0x0,0x72,0x0,
0x61,0x0,0x6e,0x0,0x73,0x0,0x70,0x0,
0x61,0x0,0x72,0x0,0x65,0x0,0x6e,0x0,
0x74,0x0,0x0,0x0,0x0,0x0,0x0,0x0,
0x8,0x0,0x0,0x0,0x77,0x0,0x72,0x0,
0x61,0x0,0x70,0x0,0x4d,0x0,0x6f,0x0,
0x64,0x0,0x65,0x0,0x0,0x0,0x0,0x0,
0x17,0x0,0x0,0x0,0x65,0x0,0x78,0x0,
0x70,0x0,0x72,0x0,0x65,0x0,0x73,0x0,
0x73,0x0,0x69,0x0,0x6f,0x0,0x6e,0x0,
0x20,0x0,0x66,0x0,0x6f,0x0,0x72,0x0,
0x20,0x0,0x77,0x0,0x72,0x0,0x61,0x0,
0x70,0x0,0x4d,0x0,0x6f,0x0,0x64,0x0,
0x65,0x0,0x0,0x0,0x0,0x0,0x0,0x0,
0x10,0x0,0x0,0x0,0x73,0x0,0x65,0x0,
0x61,0x0,0x72,0x0,0x63,0x0,0x68,0x0,
0x52,0x0,0x65,0x0,0x73,0x0,0x75,0x0,
0x6c,0x0,0x74,0x0,0x43,0x0,0x61,0x0,
0x72,0x0,0x64,0x0,0x0,0x0,0x0,0x0,
0xb,0x0,0x0,0x0,0x73,0x0,0x6e,0x0,
0x69,0x0,0x70,0x0,0x70,0x0,0x65,0x0,
0x74,0x0,0x54,0x0,0x65,0x0,0x78,0x0,
0x74,0x0,0x0,0x0,0x0,0x0,0x0,0x0,
0x10,0x0,0x0,0x0,0x6d,0x0,0x61,0x0,
0x78,0x0,0x69,0x0,0x6d,0x0,0x75,0x0,
0x6d,0x0,0x4c,0x0,0x69,0x0,0x6e,0x0,
0x65,0x0,0x43,0x0,0x6f,0x0,0x75,0x0,
0x6e,0x0,0x74,0x0,0x0,0x0,0x0,0x0,
0x11,0x0,0x0,0x0,0x73,0x0,0x65,0x0,
0x61,0x0,0x72,0x0,0x63,0x0,0x68,0x0,
0x52,0x0,0x65,0x0,0x73,0x0,0x75,0x0,
0x6c,0x0,0x74,0x0,0x4d,0x0,0x6f,0x0,
0x75,0x0,0x73,0x0,0x65,0x0,0x0,0x0,
0x18,0x0,0x0,0x0,0x70,0x0,0x61,0x0,
0x67,0x0,0x65,0x0,0x52,0x0,0x6f,0x0,
0x77,0x0,0x44,0x0,0x65,0x0,0x6c,0x0,
0x65,0x0,0x67,0x0,0x61,0x0,0x74,0x0,
0x65,0x0,0x43,0x0,0x6f,0x0,0x6d,0x0,
0x70,0x0,0x6f,0x0,0x6e,0x0,0x65,0x0,
0x6e,0x0,0x74,0x0,0x0,0x0,0x0,0x0,
0xf,0x0,0x0,0x0,0x70,0x0,0x61,0x0,
0x67,0x0,0x65,0x0,0x52,0x0,0x6f,0x0,
0x77,0x0,0x44,0x0,0x65,0x0,0x6c,0x0,
0x65,0x0,0x67,0x0,0x61,0x0,0x74,0x0,
0x65,0x0,0x0,0x0,0x0,0x0,0x0,0x0,
0x8,0x0,0x0,0x0,0x72,0x0,0x6f,0x0,
0x77,0x0,0x49,0x0,0x6e,0x0,0x64,0x0,
0x65,0x0,0x78,0x0,0x0,0x0,0x0,0x0,
0x17,0x0,0x0,0x0,0x65,0x0,0x78,0x0,
0x70,0x0,0x72,0x0,0x65,0x0,0x73,0x0,
0x73,0x0,0x69,0x0,0x6f,0x0,0x6e,0x0,
0x20,0x0,0x66,0x0,0x6f,0x0,0x72,0x0,
0x20,0x0,0x72,0x0,0x6f,0x0,0x77,0x0,
0x49,0x0,0x6e,0x0,0x64,0x0,0x65,0x0,
0x78,0x0,0x0,0x0,0x0,0x0,0x0,0x0,
0xa,0x0,0x0,0x0,0x72,0x0,0x6f,0x0,
0x77,0x0,0x43,0x0,0x6f,0x0,0x6e,0x0,
0x74,0x0,0x65,0x0,0x6e,0x0,0x74,0x0,
0x0,0x0,0x0,0x0,0x0,0x0,0x0,0x0,
0x16,0x0,0x0,0x0,0x65,0x0,0x78,0x0,
0x70,0x0,0x72,0x0,0x65,0x0,0x73,0x0,
0x73,0x0,0x69,0x0,0x6f,0x0,0x6e,0x0,
0x20,0x0,0x66,0x0,0x6f,0x0,0x72,0x0,
0x20,0x0,0x73,0x0,0x70,0x0,0x61,0x0,
0x63,0x0,0x69,0x0,0x6e,0x0,0x67,0x0,
0x0,0x0,0x0,0x0,0x0,0x0,0x0,0x0,
0x8,0x0,0x0,0x0,0x52,0x0,0x65,0x0,
0x70,0x0,0x65,0x0,0x61,0x0,0x74,0x0,
0x65,0x0,0x72,0x0,0x0,0x0,0x0,0x0,
0x9,0x0,0x0,0x0,0x70,0x0,0x61,0x0,
0x67,0x0,0x65,0x0,0x46,0x0,0x72,0x0,
0x61,0x0,0x6d,0x0,0x65,0x0,0x0,0x0,
0x8,0x0,0x0,0x0,0x70,0x0,0x61,0x0,
0x67,0x0,0x65,0x0,0x49,0x0,0x74,0x0,
0x65,0x0,0x6d,0x0,0x0,0x0,0x0,0x0,
0x9,0x0,0x0,0x0,0x70,0x0,0x61,0x0,
0x67,0x0,0x65,0x0,0x49,0x0,0x6e,0x0,
0x64,0x0,0x65,0x0,0x78,0x0,0x0,0x0,
0x18,0x0,0x0,0x0,0x65,0x0,0x78,0x0,
0x70,0x0,0x72,0x0,0x65,0x0,0x73,0x0,
0x73,0x0,0x69,0x0,0x6f,0x0,0x6e,0x0,
0x20,0x0,0x66,0x0,0x6f,0x0,0x72,0x0,
0x20,0x0,0x70,0x0,0x61,0x0,0x67,0x0,
0x65,0x0,0x49,0x0,0x6e,0x0,0x64,0x0,
0x65,0x0,0x78,0x0,0x0,0x0,0x0,0x0,
0xa,0x0,0x0,0x0,0x70,0x0,0x61,0x0,
0x67,0x0,0x65,0x0,0x53,0x0,0x6f,0x0,
0x75,0x0,0x72,0x0,0x63,0x0,0x65,0x0,
0x0,0x0,0x0,0x0,0x0,0x0,0x0,0x0,
0x19,0x0,0x0,0x0,0x65,0x0,0x78,0x0,
0x70,0x0,0x72,0x0,0x65,0x0,0x73,0x0,
0x73,0x0,0x69,0x0,0x6f,0x0,0x6e,0x0,
0x20,0x0,0x66,0x0,0x6f,0x0,0x72,0x0,
0x20,0x0,0x70,0x0,0x61,0x0,0x67,0x0,
0x65,0x0,0x53,0x0,0x6f,0x0,0x75,0x0,
0x72,0x0,0x63,0x0,0x65,0x0,0x0,0x0,
0xc,0x0,0x0,0x0,0x70,0x0,0x61,0x0,
0x67,0x0,0x65,0x0,0x52,0x0,0x6f,0x0,
0x74,0x0,0x61,0x0,0x74,0x0,0x69,0x0,
0x6f,0x0,0x6e,0x0,0x0,0x0,0x0,0x0,
0x1b,0x0,0x0,0x0,0x65,0x0,0x78,0x0,
0x70,0x0,0x72,0x0,0x65,0x0,0x73,0x0,
0x73,0x0,0x69,0x0,0x6f,0x0,0x6e,0x0,
0x20,0x0,0x66,0x0,0x6f,0x0,0x72,0x0,
0x20,0x0,0x70,0x0,0x61,0x0,0x67,0x0,
0x65,0x0,0x52,0x0,0x6f,0x0,0x74,0x0,
0x61,0x0,0x74,0x0,0x69,0x0,0x6f,0x0,
0x6e,0x0,0x0,0x0,0x0,0x0,0x0,0x0,
0x8,0x0,0x0,0x0,0x73,0x0,0x69,0x0,
0x64,0x0,0x65,0x0,0x77,0x0,0x61,0x0,
0x79,0x0,0x73,0x0,0x0,0x0,0x0,0x0,
0x17,0x0,0x0,0x0,0x65,0x0,0x78,0x0,
0x70,0x0,0x72,0x0,0x65,0x0,0x73,0x0,
0x73,0x0,0x69,0x0,0x6f,0x0,0x6e,0x0,
0x20,0x0,0x66,0x0,0x6f,0x0,0x72,0x0,
0x20,0x0,0x73,0x0,0x69,0x0,0x64,0x0,
0x65,0x0,0x77,0x0,0x61,0x0,0x79,0x0,
0x73,0x0,0x0,0x0,0x0,0x0,0x0,0x0,
0x8,0x0,0x0,0x0,0x70,0x0,0x61,0x0,
0x67,0x0,0x65,0x0,0x53,0x0,0x69,0x0,
0x7a,0x0,0x65,0x0,0x0,0x0,0x0,0x0,
0x17,0x0,0x0,0x0,0x65,0x0,0x78,0x0,
0x70,0x0,0x72,0x0,0x65,0x0,0x73,0x0,
0x73,0x0,0x69,0x0,0x6f,0x0,0x6e,0x0,
0x20,0x0,0x66,0x0,0x6f,0x0,0x72,0x0,
0x20,0x0,0x70,0x0,0x61,0x0,0x67,0x0,
0x65,0x0,0x53,0x0,0x69,0x0,0x7a,0x0,
0x65,0x0,0x0,0x0,0x0,0x0,0x0,0x0,
0xb,0x0,0x0,0x0,0x73,0x0,0x6f,0x0,
0x75,0x0,0x72,0x0,0x63,0x0,0x65,0x0,
0x57,0x0,0x69,0x0,0x64,0x0,0x74,0x0,
0x68,0x0,0x0,0x0,0x0,0x0,0x0,0x0,
0x1a,0x0,0x0,0x0,0x65,0x0,0x78,0x0,
0x70,0x0,0x72,0x0,0x65,0x0,0x73,0x0,
0x73,0x0,0x69,0x0,0x6f,0x0,0x6e,0x0,
0x20,0x0,0x66,0x0,0x6f,0x0,0x72,0x0,
0x20,0x0,0x73,0x0,0x6f,0x0,0x75,0x0,
0x72,0x0,0x63,0x0,0x65,0x0,0x57,0x0,
0x69,0x0,0x64,0x0,0x74,0x0,0x68,0x0,
0x0,0x0,0x0,0x0,0x0,0x0,0x0,0x0,
0xc,0x0,0x0,0x0,0x73,0x0,0x6f,0x0,
0x75,0x0,0x72,0x0,0x63,0x0,0x65,0x0,
0x48,0x0,0x65,0x0,0x69,0x0,0x67,0x0,
0x68,0x0,0x74,0x0,0x0,0x0,0x0,0x0,
0x1b,0x0,0x0,0x0,0x65,0x0,0x78,0x0,
0x70,0x0,0x72,0x0,0x65,0x0,0x73,0x0,
0x73,0x0,0x69,0x0,0x6f,0x0,0x6e,0x0,
0x20,0x0,0x66,0x0,0x6f,0x0,0x72,0x0,
0x20,0x0,0x73,0x0,0x6f,0x0,0x75,0x0,
0x72,0x0,0x63,0x0,0x65,0x0,0x48,0x0,
0x65,0x0,0x69,0x0,0x67,0x0,0x68,0x0,
0x74,0x0,0x0,0x0,0x0,0x0,0x0,0x0,
0xc,0x0,0x0,0x0,0x72,0x0,0x6f,0x0,
0x74,0x0,0x61,0x0,0x74,0x0,0x65,0x0,
0x64,0x0,0x57,0x0,0x69,0x0,0x64,0x0,
0x74,0x0,0x68,0x0,0x0,0x0,0x0,0x0,
0x1b,0x0,0x0,0x0,0x65,0x0,0x78,0x0,
0x70,0x0,0x72,0x0,0x65,0x0,0x73,0x0,
0x73,0x0,0x69,0x0,0x6f,0x0,0x6e,0x0,
0x20,0x0,0x66,0x0,0x6f,0x0,0x72,0x0,
0x20,0x0,0x72,0x0,0x6f,0x0,0x74,0x0,
0x61,0x0,0x74,0x0,0x65,0x0,0x64,0x0,
0x57,0x0,0x69,0x0,0x64,0x0,0x74,0x0,
0x68,0x0,0x0,0x0,0x0,0x0,0x0,0x0,
0xd,0x0,0x0,0x0,0x72,0x0,0x6f,0x0,
0x74,0x0,0x61,0x0,0x74,0x0,0x65,0x0,
0x64,0x0,0x48,0x0,0x65,0x0,0x69,0x0,
0x67,0x0,0x68,0x0,0x74,0x0,0x0,0x0,
0x1c,0x0,0x0,0x0,0x65,0x0,0x78,0x0,
0x70,0x0,0x72,0x0,0x65,0x0,0x73,0x0,
0x73,0x0,0x69,0x0,0x6f,0x0,0x6e,0x0,
0x20,0x0,0x66,0x0,0x6f,0x0,0x72,0x0,
0x20,0x0,0x72,0x0,0x6f,0x0,0x74,0x0,
0x61,0x0,0x74,0x0,0x65,0x0,0x64,0x0,
0x48,0x0,0x65,0x0,0x69,0x0,0x67,0x0,
0x68,0x0,0x74,0x0,0x0,0x0,0x0,0x0,
0x6,0x0,0x0,0x0,0x70,0x0,0x61,0x0,
0x69,0x0,0x72,0x0,0x65,0x0,0x64,0x0,
0x0,0x0,0x0,0x0,0x0,0x0,0x0,0x0,
0x15,0x0,0x0,0x0,0x65,0x0,0x78,0x0,
0x70,0x0,0x72,0x0,0x65,0x0,0x73,0x0,
0x73,0x0,0x69,0x0,0x6f,0x0,0x6e,0x0,
0x20,0x0,0x66,0x0,0x6f,0x0,0x72,0x0,
0x20,0x0,0x70,0x0,0x61,0x0,0x69,0x0,
0x72,0x0,0x65,0x0,0x64,0x0,0x0,0x0,
0xe,0x0,0x0,0x0,0x61,0x0,0x76,0x0,
0x61,0x0,0x69,0x0,0x6c,0x0,0x61,0x0,
0x62,0x0,0x6c,0x0,0x65,0x0,0x57,0x0,
0x69,0x0,0x64,0x0,0x74,0x0,0x68,0x0,
0x0,0x0,0x0,0x0,0x0,0x0,0x0,0x0,
0x1d,0x0,0x0,0x0,0x65,0x0,0x78,0x0,
0x70,0x0,0x72,0x0,0x65,0x0,0x73,0x0,
0x73,0x0,0x69,0x0,0x6f,0x0,0x6e,0x0,
0x20,0x0,0x66,0x0,0x6f,0x0,0x72,0x0,
0x20,0x0,0x61,0x0,0x76,0x0,0x61,0x0,
0x69,0x0,0x6c,0x0,0x61,0x0,0x62,0x0,
0x6c,0x0,0x65,0x0,0x57,0x0,0x69,0x0,
0x64,0x0,0x74,0x0,0x68,0x0,0x0,0x0,
0xf,0x0,0x0,0x0,0x61,0x0,0x76,0x0,
0x61,0x0,0x69,0x0,0x6c,0x0,0x61,0x0,
0x62,0x0,0x6c,0x0,0x65,0x0,0x48,0x0,
0x65,0x0,0x69,0x0,0x67,0x0,0x68,0x0,
0x74,0x0,0x0,0x0,0x0,0x0,0x0,0x0,
0x1e,0x0,0x0,0x0,0x65,0x0,0x78,0x0,
0x70,0x0,0x72,0x0,0x65,0x0,0x73,0x0,
0x73,0x0,0x69,0x0,0x6f,0x0,0x6e,0x0,
0x20,0x0,0x66,0x0,0x6f,0x0,0x72,0x0,
0x20,0x0,0x61,0x0,0x76,0x0,0x61,0x0,
0x69,0x0,0x6c,0x0,0x61,0x0,0x62,0x0,
0x6c,0x0,0x65,0x0,0x48,0x0,0x65,0x0,
0x69,0x0,0x67,0x0,0x68,0x0,0x74,0x0,
0x0,0x0,0x0,0x0,0x0,0x0,0x0,0x0,
0x12,0x0,0x0,0x0,0x70,0x0,0x61,0x0,
0x67,0x0,0x65,0x0,0x41,0x0,0x76,0x0,
0x61,0x0,0x69,0x0,0x6c,0x0,0x61,0x0,
0x62,0x0,0x6c,0x0,0x65,0x0,0x57,0x0,
0x69,0x0,0x64,0x0,0x74,0x0,0x68,0x0,
0x0,0x0,0x0,0x0,0x0,0x0,0x0,0x0,
0x21,0x0,0x0,0x0,0x65,0x0,0x78,0x0,
0x70,0x0,0x72,0x0,0x65,0x0,0x73,0x0,
0x73,0x0,0x69,0x0,0x6f,0x0,0x6e,0x0,
0x20,0x0,0x66,0x0,0x6f,0x0,0x72,0x0,
0x20,0x0,0x70,0x0,0x61,0x0,0x67,0x0,
0x65,0x0,0x41,0x0,0x76,0x0,0x61,0x0,
0x69,0x0,0x6c,0x0,0x61,0x0,0x62,0x0,
0x6c,0x0,0x65,0x0,0x57,0x0,0x69,0x0,
0x64,0x0,0x74,0x0,0x68,0x0,0x0,0x0,
0xa,0x0,0x0,0x0,0x77,0x0,0x69,0x0,
0x64,0x0,0x74,0x0,0x68,0x0,0x53,0x0,
0x63,0x0,0x61,0x0,0x6c,0x0,0x65,0x0,
0x0,0x0,0x0,0x0,0x0,0x0,0x0,0x0,
0x19,0x0,0x0,0x0,0x65,0x0,0x78,0x0,
0x70,0x0,0x72,0x0,0x65,0x0,0x73,0x0,
0x73,0x0,0x69,0x0,0x6f,0x0,0x6e,0x0,
0x20,0x0,0x66,0x0,0x6f,0x0,0x72,0x0,
0x20,0x0,0x77,0x0,0x69,0x0,0x64,0x0,
0x74,0x0,0x68,0x0,0x53,0x0,0x63,0x0,
0x61,0x0,0x6c,0x0,0x65,0x0,0x0,0x0,
0xb,0x0,0x0,0x0,0x68,0x0,0x65,0x0,
0x69,0x0,0x67,0x0,0x68,0x0,0x74,0x0,
0x53,0x0,0x63,0x0,0x61,0x0,0x6c,0x0,
0x65,0x0,0x0,0x0,0x0,0x0,0x0,0x0,
0x1a,0x0,0x0,0x0,0x65,0x0,0x78,0x0,
0x70,0x0,0x72,0x0,0x65,0x0,0x73,0x0,
0x73,0x0,0x69,0x0,0x6f,0x0,0x6e,0x0,
0x20,0x0,0x66,0x0,0x6f,0x0,0x72,0x0,
0x20,0x0,0x68,0x0,0x65,0x0,0x69,0x0,
0x67,0x0,0x68,0x0,0x74,0x0,0x53,0x0,
0x63,0x0,0x61,0x0,0x6c,0x0,0x65,0x0,
0x0,0x0,0x0,0x0,0x0,0x0,0x0,0x0,
0x9,0x0,0x0,0x0,0x70,0x0,0x61,0x0,
0x67,0x0,0x65,0x0,0x53,0x0,0x63,0x0,
0x61,0x0,0x6c,0x0,0x65,0x0,0x0,0x0,
0x18,0x0,0x0,0x0,0x65,0x0,0x78,0x0,
0x70,0x0,0x72,0x0,0x65,0x0,0x73,0x0,
0x73,0x0,0x69,0x0,0x6f,0x0,0x6e,0x0,
0x20,0x0,0x66,0x0,0x6f,0x0,0x72,0x0,
0x20,0x0,0x70,0x0,0x61,0x0,0x67,0x0,
0x65,0x0,0x53,0x0,0x63,0x0,0x61,0x0,
0x6c,0x0,0x65,0x0,0x0,0x0,0x0,0x0,
0x9,0x0,0x0,0x0,0x62,0x0,0x61,0x0,
0x73,0x0,0x65,0x0,0x53,0x0,0x63,0x0,
0x61,0x0,0x6c,0x0,0x65,0x0,0x0,0x0,
0x18,0x0,0x0,0x0,0x65,0x0,0x78,0x0,
0x70,0x0,0x72,0x0,0x65,0x0,0x73,0x0,
0x73,0x0,0x69,0x0,0x6f,0x0,0x6e,0x0,
0x20,0x0,0x66,0x0,0x6f,0x0,0x72,0x0,
0x20,0x0,0x62,0x0,0x61,0x0,0x73,0x0,
0x65,0x0,0x53,0x0,0x63,0x0,0x61,0x0,
0x6c,0x0,0x65,0x0,0x0,0x0,0x0,0x0,
0xd,0x0,0x0,0x0,0x70,0x0,0x61,0x0,
0x67,0x0,0x65,0x0,0x50,0x0,0x61,0x0,
0x70,0x0,0x65,0x0,0x72,0x0,0x49,0x0,
0x74,0x0,0x65,0x0,0x6d,0x0,0x0,0x0,
0x1c,0x0,0x0,0x0,0x65,0x0,0x78,0x0,
0x70,0x0,0x72,0x0,0x65,0x0,0x73,0x0,
0x73,0x0,0x69,0x0,0x6f,0x0,0x6e,0x0,
0x20,0x0,0x66,0x0,0x6f,0x0,0x72,0x0,
0x20,0x0,0x70,0x0,0x61,0x0,0x67,0x0,
0x65,0x0,0x50,0x0,0x61,0x0,0x70,0x0,
0x65,0x0,0x72,0x0,0x49,0x0,0x74,0x0,
0x65,0x0,0x6d,0x0,0x0,0x0,0x0,0x0,
0x12,0x0,0x0,0x0,0x6f,0x0,0x6e,0x0,
0x42,0x0,0x61,0x0,0x73,0x0,0x65,0x0,
0x53,0x0,0x63,0x0,0x61,0x0,0x6c,0x0,
0x65,0x0,0x43,0x0,0x68,0x0,0x61,0x0,
0x6e,0x0,0x67,0x0,0x65,0x0,0x64,0x0,
0x0,0x0,0x0,0x0,0x0,0x0,0x0,0x0,
0x21,0x0,0x0,0x0,0x65,0x0,0x78,0x0,
0x70,0x0,0x72,0x0,0x65,0x0,0x73,0x0,
0x73,0x0,0x69,0x0,0x6f,0x0,0x6e,0x0,
0x20,0x0,0x66,0x0,0x6f,0x0,0x72,0x0,
0x20,0x0,0x6f,0x0,0x6e,0x0,0x42,0x0,
0x61,0x0,0x73,0x0,0x65,0x0,0x53,0x0,
0x63,0x0,0x61,0x0,0x6c,0x0,0x65,0x0,
0x43,0x0,0x68,0x0,0x61,0x0,0x6e,0x0,
0x67,0x0,0x65,0x0,0x64,0x0,0x0,0x0,
0x9,0x0,0x0,0x0,0x70,0x0,0x61,0x0,
0x67,0x0,0x65,0x0,0x50,0x0,0x61,0x0,
0x70,0x0,0x65,0x0,0x72,0x0,0x0,0x0,
0x9,0x0,0x0,0x0,0x70,0x0,0x61,0x0,
0x67,0x0,0x65,0x0,0x49,0x0,0x6d,0x0,
0x61,0x0,0x67,0x0,0x65,0x0,0x0,0x0,
0x6,0x0,0x0,0x0,0x6d,0x0,0x69,0x0,
0x70,0x0,0x6d,0x0,0x61,0x0,0x70,0x0,
0x0,0x0,0x0,0x0,0x0,0x0,0x0,0x0,
0x16,0x0,0x0,0x0,0x6f,0x0,0x6e,0x0,
0x49,0x0,0x6d,0x0,0x70,0x0,0x6c,0x0,
0x69,0x0,0x63,0x0,0x69,0x0,0x74,0x0,
0x57,0x0,0x69,0x0,0x64,0x0,0x74,0x0,
0x68,0x0,0x43,0x0,0x68,0x0,0x61,0x0,
0x6e,0x0,0x67,0x0,0x65,0x0,0x64,0x0,
0x0,0x0,0x0,0x0,0x0,0x0,0x0,0x0,
0x25,0x0,0x0,0x0,0x65,0x0,0x78,0x0,
0x70,0x0,0x72,0x0,0x65,0x0,0x73,0x0,
0x73,0x0,0x69,0x0,0x6f,0x0,0x6e,0x0,
0x20,0x0,0x66,0x0,0x6f,0x0,0x72,0x0,
0x20,0x0,0x6f,0x0,0x6e,0x0,0x49,0x0,
0x6d,0x0,0x70,0x0,0x6c,0x0,0x69,0x0,
0x63,0x0,0x69,0x0,0x74,0x0,0x57,0x0,
0x69,0x0,0x64,0x0,0x74,0x0,0x68,0x0,
0x43,0x0,0x68,0x0,0x61,0x0,0x6e,0x0,
0x67,0x0,0x65,0x0,0x64,0x0,0x0,0x0,
0x17,0x0,0x0,0x0,0x6f,0x0,0x6e,0x0,
0x49,0x0,0x6d,0x0,0x70,0x0,0x6c,0x0,
0x69,0x0,0x63,0x0,0x69,0x0,0x74,0x0,
0x48,0x0,0x65,0x0,0x69,0x0,0x67,0x0,
0x68,0x0,0x74,0x0,0x43,0x0,0x68,0x0,
0x61,0x0,0x6e,0x0,0x67,0x0,0x65,0x0,
0x64,0x0,0x0,0x0,0x0,0x0,0x0,0x0,
0x26,0x0,0x0,0x0,0x65,0x0,0x78,0x0,
0x70,0x0,0x72,0x0,0x65,0x0,0x73,0x0,
0x73,0x0,0x69,0x0,0x6f,0x0,0x6e,0x0,
0x20,0x0,0x66,0x0,0x6f,0x0,0x72,0x0,
0x20,0x0,0x6f,0x0,0x6e,0x0,0x49,0x0,
0x6d,0x0,0x70,0x0,0x6c,0x0,0x69,0x0,
0x63,0x0,0x69,0x0,0x74,0x0,0x48,0x0,
0x65,0x0,0x69,0x0,0x67,0x0,0x68,0x0,
0x74,0x0,0x43,0x0,0x68,0x0,0x61,0x0,
0x6e,0x0,0x67,0x0,0x65,0x0,0x64,0x0,
0x0,0x0,0x0,0x0,0x0,0x0,0x0,0x0,
0x5,0x0,0x0,0x0,0x53,0x0,0x68,0x0,
0x61,0x0,0x70,0x0,0x65,0x0,0x0,0x0,
0x9,0x0,0x0,0x0,0x53,0x0,0x68,0x0,
0x61,0x0,0x70,0x0,0x65,0x0,0x50,0x0,
0x61,0x0,0x74,0x0,0x68,0x0,0x0,0x0,
0xb,0x0,0x0,0x0,0x73,0x0,0x74,0x0,
0x72,0x0,0x6f,0x0,0x6b,0x0,0x65,0x0,
0x57,0x0,0x69,0x0,0x64,0x0,0x74,0x0,
0x68,0x0,0x0,0x0,0x0,0x0,0x0,0x0,
0x9,0x0,0x0,0x0,0x66,0x0,0x69,0x0,
0x6c,0x0,0x6c,0x0,0x43,0x0,0x6f,0x0,
0x6c,0x0,0x6f,0x0,0x72,0x0,0x0,0x0,
0x18,0x0,0x0,0x0,0x65,0x0,0x78,0x0,
0x70,0x0,0x72,0x0,0x65,0x0,0x73,0x0,
0x73,0x0,0x69,0x0,0x6f,0x0,0x6e,0x0,
0x20,0x0,0x66,0x0,0x6f,0x0,0x72,0x0,
0x20,0x0,0x66,0x0,0x69,0x0,0x6c,0x0,
0x6c,0x0,0x43,0x0,0x6f,0x0,0x6c,0x0,
0x6f,0x0,0x72,0x0,0x0,0x0,0x0,0x0,
0x5,0x0,0x0,0x0,0x73,0x0,0x63,0x0,
0x61,0x0,0x6c,0x0,0x65,0x0,0x0,0x0,
0x14,0x0,0x0,0x0,0x65,0x0,0x78,0x0,
0x70,0x0,0x72,0x0,0x65,0x0,0x73,0x0,
0x73,0x0,0x69,0x0,0x6f,0x0,0x6e,0x0,
0x20,0x0,0x66,0x0,0x6f,0x0,0x72,0x0,
0x20,0x0,0x73,0x0,0x63,0x0,0x61,0x0,
0x6c,0x0,0x65,0x0,0x0,0x0,0x0,0x0,
0xd,0x0,0x0,0x0,0x50,0x0,0x61,0x0,
0x74,0x0,0x68,0x0,0x4d,0x0,0x75,0x0,
0x6c,0x0,0x74,0x0,0x69,0x0,0x6c,0x0,
0x69,0x0,0x6e,0x0,0x65,0x0,0x0,0x0,
0x5,0x0,0x0,0x0,0x70,0x0,0x61,0x0,
0x74,0x0,0x68,0x0,0x73,0x0,0x0,0x0,
0x14,0x0,0x0,0x0,0x65,0x0,0x78,0x0,
0x70,0x0,0x72,0x0,0x65,0x0,0x73,0x0,
0x73,0x0,0x69,0x0,0x6f,0x0,0x6e,0x0,
0x20,0x0,0x66,0x0,0x6f,0x0,0x72,0x0,
0x20,0x0,0x70,0x0,0x61,0x0,0x74,0x0,
0x68,0x0,0x73,0x0,0x0,0x0,0x0,0x0,
0xb,0x0,0x0,0x0,0x44,0x0,0x72,0x0,
0x61,0x0,0x67,0x0,0x48,0x0,0x61,0x0,
0x6e,0x0,0x64,0x0,0x6c,0x0,0x65,0x0,
0x72,0x0,0x0,0x0,0x0,0x0,0x0,0x0,
0x11,0x0,0x0,0x0,0x74,0x0,0x65,0x0,
0x78,0x0,0x74,0x0,0x53,0x0,0x65,0x0,
0x6c,0x0,0x65,0x0,0x63,0x0,0x74,0x0,
0x69,0x0,0x6f,0x0,0x6e,0x0,0x44,0x0,
0x72,0x0,0x61,0x0,0x67,0x0,0x0,0x0,
0x7,0x0,0x0,0x0,0x65,0x0,0x6e,0x0,
0x61,0x0,0x62,0x0,0x6c,0x0,0x65,0x0,
0x64,0x0,0x0,0x0,0x0,0x0,0x0,0x0,
0x16,0x0,0x0,0x0,0x65,0x0,0x78,0x0,
0x70,0x0,0x72,0x0,0x65,0x0,0x73,0x0,
0x73,0x0,0x69,0x0,0x6f,0x0,0x6e,0x0,
0x20,0x0,0x66,0x0,0x6f,0x0,0x72,0x0,
0x20,0x0,0x65,0x0,0x6e,0x0,0x61,0x0,
0x62,0x0,0x6c,0x0,0x65,0x0,0x64,0x0,
0x0,0x0,0x0,0x0,0x0,0x0,0x0,0x0,
0xf,0x0,0x0,0x0,0x61,0x0,0x63,0x0,
0x63,0x0,0x65,0x0,0x70,0x0,0x74,0x0,
0x65,0x0,0x64,0x0,0x44,0x0,0x65,0x0,
0x76,0x0,0x69,0x0,0x63,0x0,0x65,0x0,
0x73,0x0,0x0,0x0,0x0,0x0,0x0,0x0,
0x1e,0x0,0x0,0x0,0x65,0x0,0x78,0x0,
0x70,0x0,0x72,0x0,0x65,0x0,0x73,0x0,
0x73,0x0,0x69,0x0,0x6f,0x0,0x6e,0x0,
0x20,0x0,0x66,0x0,0x6f,0x0,0x72,0x0,
0x20,0x0,0x61,0x0,0x63,0x0,0x63,0x0,
0x65,0x0,0x70,0x0,0x74,0x0,0x65,0x0,
0x64,0x0,0x44,0x0,0x65,0x0,0x76,0x0,
0x69,0x0,0x63,0x0,0x65,0x0,0x73,0x0,
0x0,0x0,0x0,0x0,0x0,0x0,0x0,0x0,
0x6,0x0,0x0,0x0,0x74,0x0,0x61,0x0,
0x72,0x0,0x67,0x0,0x65,0x0,0x74,0x0,
0x0,0x0,0x0,0x0,0x0,0x0,0x0,0x0,
0xa,0x0,0x0,0x0,0x54,0x0,0x61,0x0,
0x70,0x0,0x48,0x0,0x61,0x0,0x6e,0x0,
0x64,0x0,0x6c,0x0,0x65,0x0,0x72,0x0,
0x0,0x0,0x0,0x0,0x0,0x0,0x0,0x0,
0x13,0x0,0x0,0x0,0x73,0x0,0x65,0x0,
0x6c,0x0,0x65,0x0,0x63,0x0,0x74,0x0,
0x69,0x0,0x6f,0x0,0x6e,0x0,0x54,0x0,
0x61,0x0,0x70,0x0,0x48,0x0,0x61,0x0,
0x6e,0x0,0x64,0x0,0x6c,0x0,0x65,0x0,
0x72,0x0,0x0,0x0,0x0,0x0,0x0,0x0,
0x8,0x0,0x0,0x0,0x6f,0x0,0x6e,0x0,
0x54,0x0,0x61,0x0,0x70,0x0,0x70,0x0,
0x65,0x0,0x64,0x0,0x0,0x0,0x0,0x0,
0x17,0x0,0x0,0x0,0x65,0x0,0x78,0x0,
0x70,0x0,0x72,0x0,0x65,0x0,0x73,0x0,
0x73,0x0,0x69,0x0,0x6f,0x0,0x6e,0x0,
0x20,0x0,0x66,0x0,0x6f,0x0,0x72,0x0,
0x20,0x0,0x6f,0x0,0x6e,0x0,0x54,0x0,
0x61,0x0,0x70,0x0,0x70,0x0,0x65,0x0,
0x64,0x0,0x0,0x0,0x0,0x0,0x0,0x0,
0xc,0x0,0x0,0x0,0x50,0x0,0x64,0x0,
0x66,0x0,0x53,0x0,0x65,0x0,0x6c,0x0,
0x65,0x0,0x63,0x0,0x74,0x0,0x69,0x0,
0x6f,0x0,0x6e,0x0,0x0,0x0,0x0,0x0,
0x9,0x0,0x0,0x0,0x73,0x0,0x65,0x0,
0x6c,0x0,0x65,0x0,0x63,0x0,0x74,0x0,
0x69,0x0,0x6f,0x0,0x6e,0x0,0x0,0x0,
0x8,0x0,0x0,0x0,0x64,0x0,0x6f,0x0,
0x63,0x0,0x75,0x0,0x6d,0x0,0x65,0x0,
0x6e,0x0,0x74,0x0,0x0,0x0,0x0,0x0,
0x17,0x0,0x0,0x0,0x65,0x0,0x78,0x0,
0x70,0x0,0x72,0x0,0x65,0x0,0x73,0x0,
0x73,0x0,0x69,0x0,0x6f,0x0,0x6e,0x0,
0x20,0x0,0x66,0x0,0x6f,0x0,0x72,0x0,
0x20,0x0,0x64,0x0,0x6f,0x0,0x63,0x0,
0x75,0x0,0x6d,0x0,0x65,0x0,0x6e,0x0,
0x74,0x0,0x0,0x0,0x0,0x0,0x0,0x0,
0x4,0x0,0x0,0x0,0x70,0x0,0x61,0x0,
0x67,0x0,0x65,0x0,0x0,0x0,0x0,0x0,
0x13,0x0,0x0,0x0,0x65,0x0,0x78,0x0,
0x70,0x0,0x72,0x0,0x65,0x0,0x73,0x0,
0x73,0x0,0x69,0x0,0x6f,0x0,0x6e,0x0,
0x20,0x0,0x66,0x0,0x6f,0x0,0x72,0x0,
0x20,0x0,0x70,0x0,0x61,0x0,0x67,0x0,
0x65,0x0,0x0,0x0,0x0,0x0,0x0,0x0,
0x1a,0x0,0x0,0x0,0x65,0x0,0x78,0x0,
0x70,0x0,0x72,0x0,0x65,0x0,0x73,0x0,
0x73,0x0,0x69,0x0,0x6f,0x0,0x6e,0x0,
0x20,0x0,0x66,0x0,0x6f,0x0,0x72,0x0,
0x20,0x0,0x72,0x0,0x65,0x0,0x6e,0x0,
0x64,0x0,0x65,0x0,0x72,0x0,0x53,0x0,
0x63,0x0,0x61,0x0,0x6c,0x0,0x65,0x0,
0x0,0x0,0x0,0x0,0x0,0x0,0x0,0x0,
0x4,0x0,0x0,0x0,0x66,0x0,0x72,0x0,
0x6f,0x0,0x6d,0x0,0x0,0x0,0x0,0x0,
0x13,0x0,0x0,0x0,0x65,0x0,0x78,0x0,
0x70,0x0,0x72,0x0,0x65,0x0,0x73,0x0,
0x73,0x0,0x69,0x0,0x6f,0x0,0x6e,0x0,
0x20,0x0,0x66,0x0,0x6f,0x0,0x72,0x0,
0x20,0x0,0x66,0x0,0x72,0x0,0x6f,0x0,
0x6d,0x0,0x0,0x0,0x0,0x0,0x0,0x0,
0x2,0x0,0x0,0x0,0x74,0x0,0x6f,0x0,
0x0,0x0,0x0,0x0,0x0,0x0,0x0,0x0,
0x11,0x0,0x0,0x0,0x65,0x0,0x78,0x0,
0x70,0x0,0x72,0x0,0x65,0x0,0x73,0x0,
0x73,0x0,0x69,0x0,0x6f,0x0,0x6e,0x0,
0x20,0x0,0x66,0x0,0x6f,0x0,0x72,0x0,
0x20,0x0,0x74,0x0,0x6f,0x0,0x0,0x0,
0x4,0x0,0x0,0x0,0x68,0x0,0x6f,0x0,
0x6c,0x0,0x64,0x0,0x0,0x0,0x0,0x0,
0x13,0x0,0x0,0x0,0x65,0x0,0x78,0x0,
0x70,0x0,0x72,0x0,0x65,0x0,0x73,0x0,
0x73,0x0,0x69,0x0,0x6f,0x0,0x6e,0x0,
0x20,0x0,0x66,0x0,0x6f,0x0,0x72,0x0,
0x20,0x0,0x68,0x0,0x6f,0x0,0x6c,0x0,
0x64,0x0,0x0,0x0,0x0,0x0,0x0,0x0,
0x5,0x0,0x0,0x0,0x66,0x0,0x6f,0x0,
0x63,0x0,0x75,0x0,0x73,0x0,0x0,0x0,
0xd,0x0,0x0,0x0,0x6f,0x0,0x6e,0x0,
0x54,0x0,0x65,0x0,0x78,0x0,0x74,0x0,
0x43,0x0,0x68,0x0,0x61,0x0,0x6e,0x0,
0x67,0x0,0x65,0x0,0x64,0x0,0x0,0x0,
0x1c,0x0,0x0,0x0,0x65,0x0,0x78,0x0,
0x70,0x0,0x72,0x0,0x65,0x0,0x73,0x0,
0x73,0x0,0x69,0x0,0x6f,0x0,0x6e,0x0,
0x20,0x0,0x66,0x0,0x6f,0x0,0x72,0x0,
0x20,0x0,0x6f,0x0,0x6e,0x0,0x54,0x0,
0x65,0x0,0x78,0x0,0x74,0x0,0x43,0x0,
0x68,0x0,0x61,0x0,0x6e,0x0,0x67,0x0,
0x65,0x0,0x64,0x0,0x0,0x0,0x0,0x0,
0xa,0x0,0x0,0x0,0x6d,0x0,0x61,0x0,
0x70,0x0,0x70,0x0,0x65,0x0,0x64,0x0,
0x52,0x0,0x65,0x0,0x63,0x0,0x74,0x0,
0x0,0x0,0x0,0x0,0x0,0x0,0x0,0x0,
0x19,0x0,0x0,0x0,0x65,0x0,0x78,0x0,
0x70,0x0,0x72,0x0,0x65,0x0,0x73,0x0,
0x73,0x0,0x69,0x0,0x6f,0x0,0x6e,0x0,
0x20,0x0,0x66,0x0,0x6f,0x0,0x72,0x0,
0x20,0x0,0x6d,0x0,0x61,0x0,0x70,0x0,
0x70,0x0,0x65,0x0,0x64,0x0,0x52,0x0,
0x65,0x0,0x63,0x0,0x74,0x0,0x0,0x0,
0x1,0x0,0x0,0x0,0x78,0x0,0x0,0x0,
0x10,0x0,0x0,0x0,0x65,0x0,0x78,0x0,
0x70,0x0,0x72,0x0,0x65,0x0,0x73,0x0,
0x73,0x0,0x69,0x0,0x6f,0x0,0x6e,0x0,
0x20,0x0,0x66,0x0,0x6f,0x0,0x72,0x0,
0x20,0x0,0x78,0x0,0x0,0x0,0x0,0x0,
0x1,0x0,0x0,0x0,0x79,0x0,0x0,0x0,
0x10,0x0,0x0,0x0,0x65,0x0,0x78,0x0,
0x70,0x0,0x72,0x0,0x65,0x0,0x73,0x0,
0x73,0x0,0x69,0x0,0x6f,0x0,0x6e,0x0,
0x20,0x0,0x66,0x0,0x6f,0x0,0x72,0x0,
0x20,0x0,0x79,0x0,0x0,0x0,0x0,0x0,
0x9,0x0,0x0,0x0,0x6c,0x0,0x69,0x0,
0x6e,0x0,0x6b,0x0,0x4d,0x0,0x6f,0x0,
0x75,0x0,0x73,0x0,0x65,0x0,0x0,0x0,
0xb,0x0,0x0,0x0,0x63,0x0,0x75,0x0,
0x72,0x0,0x73,0x0,0x6f,0x0,0x72,0x0,
0x53,0x0,0x68,0x0,0x61,0x0,0x70,0x0,
0x65,0x0,0x0,0x0,0x0,0x0,0x0,0x0,
0x1a,0x0,0x0,0x0,0x65,0x0,0x78,0x0,
0x70,0x0,0x72,0x0,0x65,0x0,0x73,0x0,
0x73,0x0,0x69,0x0,0x6f,0x0,0x6e,0x0,
0x20,0x0,0x66,0x0,0x6f,0x0,0x72,0x0,
0x20,0x0,0x63,0x0,0x75,0x0,0x72,0x0,
0x73,0x0,0x6f,0x0,0x72,0x0,0x53,0x0,
0x68,0x0,0x61,0x0,0x70,0x0,0x65,0x0,
0x0,0x0,0x0,0x0,0x0,0x0,0x0,0x0,
0x7,0x0,0x0,0x0,0x6f,0x0,0x70,0x0,
0x61,0x0,0x63,0x0,0x69,0x0,0x74,0x0,
0x79,0x0,0x0,0x0,0x0,0x0,0x0,0x0,
0x16,0x0,0x0,0x0,0x65,0x0,0x78,0x0,
0x70,0x0,0x72,0x0,0x65,0x0,0x73,0x0,
0x73,0x0,0x69,0x0,0x6f,0x0,0x6e,0x0,
0x20,0x0,0x66,0x0,0x6f,0x0,0x72,0x0,
0x20,0x0,0x6f,0x0,0x70,0x0,0x61,0x0,
0x63,0x0,0x69,0x0,0x74,0x0,0x79,0x0,
0x0,0x0,0x0,0x0,0x0,0x0,0x0,0x0,
0x13,0x0,0x0,0x0,0x53,0x0,0x65,0x0,
0x71,0x0,0x75,0x0,0x65,0x0,0x6e,0x0,
0x74,0x0,0x69,0x0,0x61,0x0,0x6c,0x0,
0x41,0x0,0x6e,0x0,0x69,0x0,0x6d,0x0,
0x61,0x0,0x74,0x0,0x69,0x0,0x6f,0x0,
0x6e,0x0,0x0,0x0,0x0,0x0,0x0,0x0,
0x7,0x0,0x0,0x0,0x72,0x0,0x75,0x0,
0x6e,0x0,0x6e,0x0,0x69,0x0,0x6e,0x0,
0x67,0x0,0x0,0x0,0x0,0x0,0x0,0x0,
0x16,0x0,0x0,0x0,0x65,0x0,0x78,0x0,
0x70,0x0,0x72,0x0,0x65,0x0,0x73,0x0,
0x73,0x0,0x69,0x0,0x6f,0x0,0x6e,0x0,
0x20,0x0,0x66,0x0,0x6f,0x0,0x72,0x0,
0x20,0x0,0x72,0x0,0x75,0x0,0x6e,0x0,
0x6e,0x0,0x69,0x0,0x6e,0x0,0x67,0x0,
0x0,0x0,0x0,0x0,0x0,0x0,0x0,0x0,
0x5,0x0,0x0,0x0,0x6c,0x0,0x6f,0x0,
0x6f,0x0,0x70,0x0,0x73,0x0,0x0,0x0,
0x14,0x0,0x0,0x0,0x65,0x0,0x78,0x0,
0x70,0x0,0x72,0x0,0x65,0x0,0x73,0x0,
0x73,0x0,0x69,0x0,0x6f,0x0,0x6e,0x0,
0x20,0x0,0x66,0x0,0x6f,0x0,0x72,0x0,
0x20,0x0,0x6c,0x0,0x6f,0x0,0x6f,0x0,
0x70,0x0,0x73,0x0,0x0,0x0,0x0,0x0,
0xf,0x0,0x0,0x0,0x4e,0x0,0x75,0x0,
0x6d,0x0,0x62,0x0,0x65,0x0,0x72,0x0,
0x41,0x0,0x6e,0x0,0x69,0x0,0x6d,0x0,
0x61,0x0,0x74,0x0,0x69,0x0,0x6f,0x0,
0x6e,0x0,0x0,0x0,0x0,0x0,0x0,0x0,
0x8,0x0,0x0,0x0,0x64,0x0,0x75,0x0,
0x72,0x0,0x61,0x0,0x74,0x0,0x69,0x0,
0x6f,0x0,0x6e,0x0,0x0,0x0,0x0,0x0,
0x6,0x0,0x0,0x0,0x65,0x0,0x61,0x0,
0x73,0x0,0x69,0x0,0x6e,0x0,0x67,0x0,
0x0,0x0,0x0,0x0,0x0,0x0,0x0,0x0,
0x4,0x0,0x0,0x0,0x74,0x0,0x79,0x0,
0x70,0x0,0x65,0x0,0x0,0x0,0x0,0x0,
0x13,0x0,0x0,0x0,0x65,0x0,0x78,0x0,
0x70,0x0,0x72,0x0,0x65,0x0,0x73,0x0,
0x73,0x0,0x69,0x0,0x6f,0x0,0x6e,0x0,
0x20,0x0,0x66,0x0,0x6f,0x0,0x72,0x0,
0x20,0x0,0x74,0x0,0x79,0x0,0x70,0x0,
0x65,0x0,0x0,0x0,0x0,0x0,0x0,0x0,
0x8,0x0,0x0,0x0,0x76,0x0,0x69,0x0,
0x65,0x0,0x77,0x0,0x70,0x0,0x6f,0x0,
0x72,0x0,0x74,0x0,0x0,0x0,0x0,0x0,
0xa,0x0,0x0,0x0,0x72,0x0,0x65,0x0,
0x75,0x0,0x73,0x0,0x65,0x0,0x49,0x0,
0x74,0x0,0x65,0x0,0x6d,0x0,0x73,0x0,
0x0,0x0,0x0,0x0,0x0,0x0,0x0,0x0,
0xb,0x0,0x0,0x0,0x63,0x0,0x61,0x0,
0x63,0x0,0x68,0x0,0x65,0x0,0x42,0x0,
0x75,0x0,0x66,0x0,0x66,0x0,0x65,0x0,
0x72,0x0,0x0,0x0,0x0,0x0,0x0,0x0,
0x1a,0x0,0x0,0x0,0x65,0x0,0x78,0x0,
0x70,0x0,0x72,0x0,0x65,0x0,0x73,0x0,
0x73,0x0,0x69,0x0,0x6f,0x0,0x6e,0x0,
0x20,0x0,0x66,0x0,0x6f,0x0,0x72,0x0,
0x20,0x0,0x63,0x0,0x61,0x0,0x63,0x0,
0x68,0x0,0x65,0x0,0x42,0x0,0x75,0x0,
0x66,0x0,0x66,0x0,0x65,0x0,0x72,0x0,
0x0,0x0,0x0,0x0,0x0,0x0,0x0,0x0,
0xe,0x0,0x0,0x0,0x62,0x0,0x6f,0x0,
0x75,0x0,0x6e,0x0,0x64,0x0,0x73,0x0,
0x42,0x0,0x65,0x0,0x68,0x0,0x61,0x0,
0x76,0x0,0x69,0x0,0x6f,0x0,0x72,0x0,
0x0,0x0,0x0,0x0,0x0,0x0,0x0,0x0,
0x1d,0x0,0x0,0x0,0x65,0x0,0x78,0x0,
0x70,0x0,0x72,0x0,0x65,0x0,0x73,0x0,
0x73,0x0,0x69,0x0,0x6f,0x0,0x6e,0x0,
0x20,0x0,0x66,0x0,0x6f,0x0,0x72,0x0,
0x20,0x0,0x62,0x0,0x6f,0x0,0x75,0x0,
0x6e,0x0,0x64,0x0,0x73,0x0,0x42,0x0,
0x65,0x0,0x68,0x0,0x61,0x0,0x76,0x0,
0x69,0x0,0x6f,0x0,0x72,0x0,0x0,0x0,
0x17,0x0,0x0,0x0,0x65,0x0,0x78,0x0,
0x70,0x0,0x72,0x0,0x65,0x0,0x73,0x0,
0x73,0x0,0x69,0x0,0x6f,0x0,0x6e,0x0,
0x20,0x0,0x66,0x0,0x6f,0x0,0x72,0x0,
0x20,0x0,0x64,0x0,0x65,0x0,0x6c,0x0,
0x65,0x0,0x67,0x0,0x61,0x0,0x74,0x0,
0x65,0x0,0x0,0x0,0x0,0x0,0x0,0x0,
0x11,0x0,0x0,0x0,0x6f,0x0,0x6e,0x0,
0x43,0x0,0x6f,0x0,0x6e,0x0,0x74,0x0,
0x65,0x0,0x6e,0x0,0x74,0x0,0x59,0x0,
0x43,0x0,0x68,0x0,0x61,0x0,0x6e,0x0,
0x67,0x0,0x65,0x0,0x64,0x0,0x0,0x0,
0x20,0x0,0x0,0x0,0x65,0x0,0x78,0x0,
0x70,0x0,0x72,0x0,0x65,0x0,0x73,0x0,
0x73,0x0,0x69,0x0,0x6f,0x0,0x6e,0x0,
0x20,0x0,0x66,0x0,0x6f,0x0,0x72,0x0,
0x20,0x0,0x6f,0x0,0x6e,0x0,0x43,0x0,
0x6f,0x0,0x6e,0x0,0x74,0x0,0x65,0x0,
0x6e,0x0,0x74,0x0,0x59,0x0,0x43,0x0,
0x68,0x0,0x61,0x0,0x6e,0x0,0x67,0x0,
0x65,0x0,0x64,0x0,0x0,0x0,0x0,0x0,
0xf,0x0,0x0,0x0,0x6f,0x0,0x6e,0x0,
0x4d,0x0,0x6f,0x0,0x76,0x0,0x65,0x0,
0x6d,0x0,0x65,0x0,0x6e,0x0,0x74,0x0,
0x45,0x0,0x6e,0x0,0x64,0x0,0x65,0x0,
0x64,0x0,0x0,0x0,0x0,0x0,0x0,0x0,
0x1e,0x0,0x0,0x0,0x65,0x0,0x78,0x0,
0x70,0x0,0x72,0x0,0x65,0x0,0x73,0x0,
0x73,0x0,0x69,0x0,0x6f,0x0,0x6e,0x0,
0x20,0x0,0x66,0x0,0x6f,0x0,0x72,0x0,
0x20,0x0,0x6f,0x0,0x6e,0x0,0x4d,0x0,
0x6f,0x0,0x76,0x0,0x65,0x0,0x6d,0x0,
0x65,0x0,0x6e,0x0,0x74,0x0,0x45,0x0,
0x6e,0x0,0x64,0x0,0x65,0x0,0x64,0x0,
0x0,0x0,0x0,0x0,0x0,0x0,0x0,0x0,
0xe,0x0,0x0,0x0,0x6f,0x0,0x6e,0x0,
0x57,0x0,0x69,0x0,0x64,0x0,0x74,0x0,
0x68,0x0,0x43,0x0,0x68,0x0,0x61,0x0,
0x6e,0x0,0x67,0x0,0x65,0x0,0x64,0x0,
0x0,0x0,0x0,0x0,0x0,0x0,0x0,0x0,
0x1d,0x0,0x0,0x0,0x65,0x0,0x78,0x0,
0x70,0x0,0x72,0x0,0x65,0x0,0x73,0x0,
0x73,0x0,0x69,0x0,0x6f,0x0,0x6e,0x0,
0x20,0x0,0x66,0x0,0x6f,0x0,0x72,0x0,
0x20,0x0,0x6f,0x0,0x6e,0x0,0x57,0x0,
0x69,0x0,0x64,0x0,0x74,0x0,0x68,0x0,
0x43,0x0,0x68,0x0,0x61,0x0,0x6e,0x0,
0x67,0x0,0x65,0x0,0x64,0x0,0x0,0x0,
0xb,0x0,0x0,0x0,0x70,0x0,0x61,0x0,
0x6e,0x0,0x54,0x0,0x6f,0x0,0x6f,0x0,
0x6c,0x0,0x41,0x0,0x72,0x0,0x65,0x0,
0x61,0x0,0x0,0x0,0x0,0x0,0x0,0x0,
0x1,0x0,0x0,0x0,0x7a,0x0,0x0,0x0,
0x10,0x0,0x0,0x0,0x65,0x0,0x78,0x0,
0x70,0x0,0x72,0x0,0x65,0x0,0x73,0x0,
0x73,0x0,0x69,0x0,0x6f,0x0,0x6e,0x0,
0x20,0x0,0x66,0x0,0x6f,0x0,0x72,0x0,
0x20,0x0,0x7a,0x0,0x0,0x0,0x0,0x0,
0xf,0x0,0x0,0x0,0x61,0x0,0x63,0x0,
0x63,0x0,0x65,0x0,0x70,0x0,0x74,0x0,
0x65,0x0,0x64,0x0,0x42,0x0,0x75,0x0,
0x74,0x0,0x74,0x0,0x6f,0x0,0x6e,0x0,
0x73,0x0,0x0,0x0,0x0,0x0,0x0,0x0,
0x1e,0x0,0x0,0x0,0x65,0x0,0x78,0x0,
0x70,0x0,0x72,0x0,0x65,0x0,0x73,0x0,
0x73,0x0,0x69,0x0,0x6f,0x0,0x6e,0x0,
0x20,0x0,0x66,0x0,0x6f,0x0,0x72,0x0,
0x20,0x0,0x61,0x0,0x63,0x0,0x63,0x0,
0x65,0x0,0x70,0x0,0x74,0x0,0x65,0x0,
0x64,0x0,0x42,0x0,0x75,0x0,0x74,0x0,
0x74,0x0,0x6f,0x0,0x6e,0x0,0x73,0x0,
0x0,0x0,0x0,0x0,0x0,0x0,0x0,0x0,
0x17,0x0,0x0,0x0,0x70,0x0,0x72,0x0,
0x6f,0x0,0x70,0x0,0x61,0x0,0x67,0x0,
0x61,0x0,0x74,0x0,0x65,0x0,0x43,0x0,
0x6f,0x0,0x6d,0x0,0x70,0x0,0x6f,0x0,
0x73,0x0,0x65,0x0,0x64,0x0,0x45,0x0,
0x76,0x0,0x65,0x0,0x6e,0x0,0x74,0x0,
0x73,0x0,0x0,0x0,0x0,0x0,0x0,0x0,
0x6,0x0,0x0,0x0,0x70,0x0,0x72,0x0,
0x65,0x0,0x73,0x0,0x73,0x0,0x58,0x0,
0x0,0x0,0x0,0x0,0x0,0x0,0x0,0x0,
0x6,0x0,0x0,0x0,0x70,0x0,0x72,0x0,
0x65,0x0,0x73,0x0,0x73,0x0,0x59,0x0,
0x0,0x0,0x0,0x0,0x0,0x0,0x0,0x0,
0xd,0x0,0x0,0x0,0x73,0x0,0x74,0x0,
0x61,0x0,0x72,0x0,0x74,0x0,0x43,0x0,
0x6f,0x0,0x6e,0x0,0x74,0x0,0x65,0x0,
0x6e,0x0,0x74,0x0,0x58,0x0,0x0,0x0,
0xd,0x0,0x0,0x0,0x73,0x0,0x74,0x0,
0x61,0x0,0x72,0x0,0x74,0x0,0x43,0x0,
0x6f,0x0,0x6e,0x0,0x74,0x0,0x65,0x0,
0x6e,0x0,0x74,0x0,0x59,0x0,0x0,0x0,
0x9,0x0,0x0,0x0,0x6f,0x0,0x6e,0x0,
0x50,0x0,0x72,0x0,0x65,0x0,0x73,0x0,
0x73,0x0,0x65,0x0,0x64,0x0,0x0,0x0,
0x18,0x0,0x0,0x0,0x65,0x0,0x78,0x0,
0x70,0x0,0x72,0x0,0x65,0x0,0x73,0x0,
0x73,0x0,0x69,0x0,0x6f,0x0,0x6e,0x0,
0x20,0x0,0x66,0x0,0x6f,0x0,0x72,0x0,
0x20,0x0,0x6f,0x0,0x6e,0x0,0x50,0x0,
0x72,0x0,0x65,0x0,0x73,0x0,0x73,0x0,
0x65,0x0,0x64,0x0,0x0,0x0,0x0,0x0,
0x11,0x0,0x0,0x0,0x6f,0x0,0x6e,0x0,
0x50,0x0,0x6f,0x0,0x73,0x0,0x69,0x0,
0x74,0x0,0x69,0x0,0x6f,0x0,0x6e,0x0,
0x43,0x0,0x68,0x0,0x61,0x0,0x6e,0x0,
0x67,0x0,0x65,0x0,0x64,0x0,0x0,0x0,
0x20,0x0,0x0,0x0,0x65,0x0,0x78,0x0,
0x70,0x0,0x72,0x0,0x65,0x0,0x73,0x0,
0x73,0x0,0x69,0x0,0x6f,0x0,0x6e,0x0,
0x20,0x0,0x66,0x0,0x6f,0x0,0x72,0x0,
0x20,0x0,0x6f,0x0,0x6e,0x0,0x50,0x0,
0x6f,0x0,0x73,0x0,0x69,0x0,0x74,0x0,
0x69,0x0,0x6f,0x0,0x6e,0x0,0x43,0x0,
0x68,0x0,0x61,0x0,0x6e,0x0,0x67,0x0,
0x65,0x0,0x64,0x0,0x0,0x0,0x0,0x0,
0xc,0x0,0x0,0x0,0x57,0x0,0x68,0x0,
0x65,0x0,0x65,0x0,0x6c,0x0,0x48,0x0,
0x61,0x0,0x6e,0x0,0x64,0x0,0x6c,0x0,
0x65,0x0,0x72,0x0,0x0,0x0,0x0,0x0,
0x11,0x0,0x0,0x0,0x61,0x0,0x63,0x0,
0x63,0x0,0x65,0x0,0x70,0x0,0x74,0x0,
0x65,0x0,0x64,0x0,0x4d,0x0,0x6f,0x0,
0x64,0x0,0x69,0x0,0x66,0x0,0x69,0x0,
0x65,0x0,0x72,0x0,0x73,0x0,0x0,0x0,
0x20,0x0,0x0,0x0,0x65,0x0,0x78,0x0,
0x70,0x0,0x72,0x0,0x65,0x0,0x73,0x0,
0x73,0x0,0x69,0x0,0x6f,0x0,0x6e,0x0,
0x20,0x0,0x66,0x0,0x6f,0x0,0x72,0x0,
0x20,0x0,0x61,0x0,0x63,0x0,0x63,0x0,
0x65,0x0,0x70,0x0,0x74,0x0,0x65,0x0,
0x64,0x0,0x4d,0x0,0x6f,0x0,0x64,0x0,
0x69,0x0,0x66,0x0,0x69,0x0,0x65,0x0,
0x72,0x0,0x73,0x0,0x0,0x0,0x0,0x0,
0x7,0x0,0x0,0x0,0x6f,0x0,0x6e,0x0,
0x57,0x0,0x68,0x0,0x65,0x0,0x65,0x0,
0x6c,0x0,0x0,0x0,0x0,0x0,0x0,0x0,
0x16,0x0,0x0,0x0,0x65,0x0,0x78,0x0,
0x70,0x0,0x72,0x0,0x65,0x0,0x73,0x0,
0x73,0x0,0x69,0x0,0x6f,0x0,0x6e,0x0,
0x20,0x0,0x66,0x0,0x6f,0x0,0x72,0x0,
0x20,0x0,0x6f,0x0,0x6e,0x0,0x57,0x0,
0x68,0x0,0x65,0x0,0x65,0x0,0x6c,0x0,
0x0,0x0,0x0,0x0,0x0,0x0,0x0,0x0,
0xf,0x0,0x0,0x0,0x69,0x0,0x73,0x0,
0x54,0x0,0x77,0x0,0x6f,0x0,0x50,0x0,
0x61,0x0,0x67,0x0,0x65,0x0,0x4c,0x0,
0x61,0x0,0x79,0x0,0x6f,0x0,0x75,0x0,
0x74,0x0,0x0,0x0,0x0,0x0,0x0,0x0,
0x12,0x0,0x0,0x0,0x69,0x0,0x73,0x0,
0x43,0x0,0x6f,0x0,0x6e,0x0,0x74,0x0,
0x69,0x0,0x6e,0x0,0x75,0x0,0x6f,0x0,
0x75,0x0,0x73,0x0,0x4c,0x0,0x61,0x0,
0x79,0x0,0x6f,0x0,0x75,0x0,0x74,0x0,
0x0,0x0,0x0,0x0,0x0,0x0,0x0,0x0,
0xc,0x0,0x0,0x0,0x62,0x0,0x61,0x0,
0x73,0x0,0x65,0x0,0x53,0x0,0x63,0x0,
0x61,0x0,0x6c,0x0,0x65,0x0,0x46,0x0,
0x6f,0x0,0x72,0x0,0x0,0x0,0x0,0x0,
0xe,0x0,0x0,0x0,0x72,0x0,0x65,0x0,
0x73,0x0,0x65,0x0,0x74,0x0,0x50,0x0,
0x61,0x0,0x67,0x0,0x65,0x0,0x43,0x0,
0x61,0x0,0x63,0x0,0x68,0x0,0x65,0x0,
0x0,0x0,0x0,0x0,0x0,0x0,0x0,0x0,
0xd,0x0,0x0,0x0,0x73,0x0,0x79,0x0,
0x6e,0x0,0x63,0x0,0x50,0x0,0x61,0x0,
0x67,0x0,0x65,0x0,0x43,0x0,0x61,0x0,
0x63,0x0,0x68,0x0,0x65,0x0,0x0,0x0,
0x12,0x0,0x0,0x0,0x73,0x0,0x79,0x0,
0x6e,0x0,0x63,0x0,0x54,0x0,0x68,0x0,
0x75,0x0,0x6d,0x0,0x62,0x0,0x6e,0x0,
0x61,0x0,0x69,0x0,0x6c,0x0,0x43,0x0,
0x61,0x0,0x63,0x0,0x68,0x0,0x65,0x0,
0x0,0x0,0x0,0x0,0x0,0x0,0x0,0x0,
0x13,0x0,0x0,0x0,0x72,0x0,0x65,0x0,
0x73,0x0,0x65,0x0,0x74,0x0,0x54,0x0,
0x68,0x0,0x75,0x0,0x6d,0x0,0x62,0x0,
0x6e,0x0,0x61,0x0,0x69,0x0,0x6c,0x0,
0x43,0x0,0x61,0x0,0x63,0x0,0x68,0x0,
0x65,0x0,0x0,0x0,0x0,0x0,0x0,0x0,
0x15,0x0,0x0,0x0,0x73,0x0,0x79,0x0,
0x6e,0x0,0x63,0x0,0x54,0x0,0x68,0x0,
0x75,0x0,0x6d,0x0,0x62,0x0,0x6e,0x0,
0x61,0x0,0x69,0x0,0x6c,0x0,0x56,0x0,
0x69,0x0,0x65,0x0,0x77,0x0,0x70,0x0,
0x6f,0x0,0x72,0x0,0x74,0x0,0x0,0x0,
0x15,0x0,0x0,0x0,0x74,0x0,0x68,0x0,
0x75,0x0,0x6d,0x0,0x62,0x0,0x6e,0x0,
0x61,0x0,0x69,0x0,0x6c,0x0,0x50,0x0,
0x6f,0x0,0x73,0x0,0x69,0x0,0x74,0x0,
0x69,0x0,0x6f,0x0,0x6e,0x0,0x4d,0x0,
0x6f,0x0,0x64,0x0,0x65,0x0,0x0,0x0,
0x4,0x0,0x0,0x0,0x6c,0x0,0x69,0x0,
0x73,0x0,0x74,0x0,0x0,0x0,0x0,0x0,
0x15,0x0,0x0,0x0,0x72,0x0,0x65,0x0,
0x6c,0x0,0x61,0x0,0x79,0x0,0x6f,0x0,
0x75,0x0,0x74,0x0,0x54,0x0,0x6f,0x0,
0x43,0x0,0x75,0x0,0x72,0x0,0x72,0x0,
0x65,0x0,0x6e,0x0,0x74,0x0,0x50,0x0,
0x61,0x0,0x67,0x0,0x65,0x0,0x0,0x0,
0xf,0x0,0x0,0x0,0x72,0x0,0x6f,0x0,
0x74,0x0,0x61,0x0,0x74,0x0,0x69,0x0,
0x6f,0x0,0x6e,0x0,0x46,0x0,0x6f,0x0,
0x72,0x0,0x50,0x0,0x61,0x0,0x67,0x0,
0x65,0x0,0x0,0x0,0x0,0x0,0x0,0x0,
0x15,0x0,0x0,0x0,0x6e,0x0,0x6f,0x0,
0x72,0x0,0x6d,0x0,0x61,0x0,0x6c,0x0,
0x69,0x0,0x7a,0x0,0x65,0x0,0x64,0x0,
0x50,0x0,0x61,0x0,0x67,0x0,0x65,0x0,
0x53,0x0,0x6f,0x0,0x75,0x0,0x72,0x0,
0x63,0x0,0x65,0x0,0x73,0x0,0x0,0x0,
0x13,0x0,0x0,0x0,0x6e,0x0,0x6f,0x0,
0x72,0x0,0x6d,0x0,0x61,0x0,0x6c,0x0,
0x69,0x0,0x7a,0x0,0x65,0x0,0x64,0x0,
0x50,0x0,0x61,0x0,0x67,0x0,0x65,0x0,
0x53,0x0,0x69,0x0,0x7a,0x0,0x65,0x0,
0x73,0x0,0x0,0x0,0x0,0x0,0x0,0x0,
0xb,0x0,0x0,0x0,0x73,0x0,0x69,0x0,
0x7a,0x0,0x65,0x0,0x46,0x0,0x6f,0x0,
0x72,0x0,0x50,0x0,0x61,0x0,0x67,0x0,
0x65,0x0,0x0,0x0,0x0,0x0,0x0,0x0,
0xd,0x0,0x0,0x0,0x73,0x0,0x6f,0x0,
0x75,0x0,0x72,0x0,0x63,0x0,0x65,0x0,
0x46,0x0,0x6f,0x0,0x72,0x0,0x50,0x0,
0x61,0x0,0x67,0x0,0x65,0x0,0x0,0x0,
0xc,0x0,0x0,0x0,0x6c,0x0,0x69,0x0,
0x6e,0x0,0x6b,0x0,0x73,0x0,0x46,0x0,
0x6f,0x0,0x72,0x0,0x50,0x0,0x61,0x0,
0x67,0x0,0x65,0x0,0x0,0x0,0x0,0x0,
0x17,0x0,0x0,0x0,0x73,0x0,0x65,0x0,
0x61,0x0,0x72,0x0,0x63,0x0,0x68,0x0,
0x48,0x0,0x69,0x0,0x67,0x0,0x68,0x0,
0x6c,0x0,0x69,0x0,0x67,0x0,0x68,0x0,
0x74,0x0,0x73,0x0,0x46,0x0,0x6f,0x0,
0x72,0x0,0x50,0x0,0x61,0x0,0x67,0x0,
0x65,0x0,0x0,0x0,0x0,0x0,0x0,0x0,
0xb,0x0,0x0,0x0,0x6d,0x0,0x61,0x0,
0x70,0x0,0x50,0x0,0x61,0x0,0x67,0x0,
0x65,0x0,0x52,0x0,0x65,0x0,0x63,0x0,
0x74,0x0,0x0,0x0,0x0,0x0,0x0,0x0,
0x4,0x0,0x0,0x0,0x72,0x0,0x65,0x0,
0x63,0x0,0x74,0x0,0x0,0x0,0x0,0x0,
0x9,0x0,0x0,0x0,0x69,0x0,0x6d,0x0,
0x61,0x0,0x67,0x0,0x65,0x0,0x49,0x0,
0x74,0x0,0x65,0x0,0x6d,0x0,0x0,0x0,
0x16,0x0,0x0,0x0,0x74,0x0,0x68,0x0,
0x75,0x0,0x6d,0x0,0x62,0x0,0x6e,0x0,
0x61,0x0,0x69,0x0,0x6c,0x0,0x53,0x0,
0x6f,0x0,0x75,0x0,0x72,0x0,0x63,0x0,
0x65,0x0,0x46,0x0,0x6f,0x0,0x72,0x0,
0x50,0x0,0x61,0x0,0x67,0x0,0x65,0x0,
0x0,0x0,0x0,0x0,0x0,0x0,0x0,0x0,
0xa,0x0,0x0,0x0,0x65,0x0,0x6e,0x0,
0x73,0x0,0x75,0x0,0x72,0x0,0x65,0x0,
0x50,0x0,0x61,0x0,0x67,0x0,0x65,0x0,
0x0,0x0,0x0,0x0,0x0,0x0,0x0,0x0,
0xf,0x0,0x0,0x0,0x65,0x0,0x6e,0x0,
0x73,0x0,0x75,0x0,0x72,0x0,0x65,0x0,
0x54,0x0,0x68,0x0,0x75,0x0,0x6d,0x0,
0x62,0x0,0x6e,0x0,0x61,0x0,0x69,0x0,
0x6c,0x0,0x0,0x0,0x0,0x0,0x0,0x0,
0x13,0x0,0x0,0x0,0x65,0x0,0x6e,0x0,
0x73,0x0,0x75,0x0,0x72,0x0,0x65,0x0,
0x56,0x0,0x69,0x0,0x65,0x0,0x77,0x0,
0x70,0x0,0x6f,0x0,0x72,0x0,0x74,0x0,
0x50,0x0,0x61,0x0,0x67,0x0,0x65,0x0,
0x73,0x0,0x0,0x0,0x0,0x0,0x0,0x0,
0xe,0x0,0x0,0x0,0x70,0x0,0x72,0x0,
0x65,0x0,0x66,0x0,0x65,0x0,0x74,0x0,
0x63,0x0,0x68,0x0,0x41,0x0,0x72,0x0,
0x6f,0x0,0x75,0x0,0x6e,0x0,0x64,0x0,
0x0,0x0,0x0,0x0,0x0,0x0,0x0,0x0,
0x17,0x0,0x0,0x0,0x65,0x0,0x66,0x0,
0x66,0x0,0x65,0x0,0x63,0x0,0x74,0x0,
0x69,0x0,0x76,0x0,0x65,0x0,0x50,0x0,
0x72,0x0,0x65,0x0,0x66,0x0,0x65,0x0,
0x74,0x0,0x63,0x0,0x68,0x0,0x52,0x0,
0x61,0x0,0x64,0x0,0x69,0x0,0x75,0x0,
0x73,0x0,0x0,0x0,0x0,0x0,0x0,0x0,
0x16,0x0,0x0,0x0,0x69,0x0,0x6e,0x0,
0x69,0x0,0x74,0x0,0x69,0x0,0x61,0x0,
0x6c,0x0,0x50,0x0,0x61,0x0,0x67,0x0,
0x65,0x0,0x52,0x0,0x65,0x0,0x6e,0x0,
0x64,0x0,0x65,0x0,0x72,0x0,0x53,0x0,
0x63,0x0,0x61,0x0,0x6c,0x0,0x65,0x0,
0x0,0x0,0x0,0x0,0x0,0x0,0x0,0x0,
0x23,0x0,0x0,0x0,0x72,0x0,0x65,0x0,
0x71,0x0,0x75,0x0,0x65,0x0,0x73,0x0,
0x74,0x0,0x50,0x0,0x72,0x0,0x6f,0x0,
0x67,0x0,0x72,0x0,0x65,0x0,0x73,0x0,
0x73,0x0,0x69,0x0,0x76,0x0,0x65,0x0,
0x48,0x0,0x69,0x0,0x67,0x0,0x68,0x0,
0x51,0x0,0x75,0x0,0x61,0x0,0x6c,0x0,
0x69,0x0,0x74,0x0,0x79,0x0,0x52,0x0,
0x65,0x0,0x6e,0x0,0x64,0x0,0x65,0x0,
0x72,0x0,0x0,0x0,0x0,0x0,0x0,0x0,
0xd,0x0,0x0,0x0,0x72,0x0,0x65,0x0,
0x6e,0x0,0x64,0x0,0x65,0x0,0x72,0x0,
0x65,0x0,0x64,0x0,0x53,0x0,0x63,0x0,
0x61,0x0,0x6c,0x0,0x65,0x0,0x0,0x0,
0xe,0x0,0x0,0x0,0x62,0x0,0x65,0x0,
0x67,0x0,0x69,0x0,0x6e,0x0,0x4c,0x0,
0x61,0x0,0x72,0x0,0x67,0x0,0x65,0x0,
0x4a,0x0,0x75,0x0,0x6d,0x0,0x70,0x0,
0x0,0x0,0x0,0x0,0x0,0x0,0x0,0x0,
0xa,0x0,0x0,0x0,0x74,0x0,0x61,0x0,
0x72,0x0,0x67,0x0,0x65,0x0,0x74,0x0,
0x50,0x0,0x61,0x0,0x67,0x0,0x65,0x0,
0x0,0x0,0x0,0x0,0x0,0x0,0x0,0x0,
0xc,0x0,0x0,0x0,0x70,0x0,0x72,0x0,
0x65,0x0,0x76,0x0,0x69,0x0,0x65,0x0,
0x77,0x0,0x53,0x0,0x63,0x0,0x61,0x0,
0x6c,0x0,0x65,0x0,0x0,0x0,0x0,0x0,
0x17,0x0,0x0,0x0,0x63,0x0,0x6f,0x0,
0x6d,0x0,0x70,0x0,0x6c,0x0,0x65,0x0,
0x74,0x0,0x65,0x0,0x4c,0x0,0x61,0x0,
0x72,0x0,0x67,0x0,0x65,0x0,0x4a,0x0,
0x75,0x0,0x6d,0x0,0x70,0x0,0x52,0x0,
0x65,0x0,0x6e,0x0,0x64,0x0,0x65,0x0,
0x72,0x0,0x0,0x0,0x0,0x0,0x0,0x0,
0x13,0x0,0x0,0x0,0x62,0x0,0x65,0x0,
0x67,0x0,0x69,0x0,0x6e,0x0,0x50,0x0,
0x61,0x0,0x67,0x0,0x65,0x0,0x54,0x0,
0x72,0x0,0x61,0x0,0x6e,0x0,0x73,0x0,
0x69,0x0,0x74,0x0,0x69,0x0,0x6f,0x0,
0x6e,0x0,0x0,0x0,0x0,0x0,0x0,0x0,
0xc,0x0,0x0,0x0,0x66,0x0,0x6f,0x0,
0x72,0x0,0x63,0x0,0x65,0x0,0x4f,0x0,
0x76,0x0,0x65,0x0,0x72,0x0,0x6c,0x0,
0x61,0x0,0x79,0x0,0x0,0x0,0x0,0x0,
0x14,0x0,0x0,0x0,0x66,0x0,0x69,0x0,
0x6e,0x0,0x69,0x0,0x73,0x0,0x68,0x0,
0x50,0x0,0x61,0x0,0x67,0x0,0x65,0x0,
0x54,0x0,0x72,0x0,0x61,0x0,0x6e,0x0,
0x73,0x0,0x69,0x0,0x74,0x0,0x69,0x0,
0x6f,0x0,0x6e,0x0,0x0,0x0,0x0,0x0,
0x17,0x0,0x0,0x0,0x6e,0x0,0x6f,0x0,
0x74,0x0,0x65,0x0,0x50,0x0,0x61,0x0,
0x67,0x0,0x65,0x0,0x52,0x0,0x65,0x0,
0x6e,0x0,0x64,0x0,0x65,0x0,0x72,0x0,
0x43,0x0,0x6f,0x0,0x6d,0x0,0x70,0x0,
0x6c,0x0,0x65,0x0,0x74,0x0,0x65,0x0,
0x64,0x0,0x0,0x0,0x0,0x0,0x0,0x0,
0xd,0x0,0x0,0x0,0x62,0x0,0x75,0x0,
0x69,0x0,0x6c,0x0,0x64,0x0,0x50,0x0,
0x61,0x0,0x67,0x0,0x65,0x0,0x52,0x0,
0x6f,0x0,0x77,0x0,0x73,0x0,0x0,0x0,
0xf,0x0,0x0,0x0,0x72,0x0,0x6f,0x0,
0x77,0x0,0x49,0x0,0x6e,0x0,0x64,0x0,
0x65,0x0,0x78,0x0,0x46,0x0,0x6f,0x0,
0x72,0x0,0x50,0x0,0x61,0x0,0x67,0x0,
0x65,0x0,0x0,0x0,0x0,0x0,0x0,0x0,
0x16,0x0,0x0,0x0,0x72,0x0,0x6f,0x0,
0x77,0x0,0x44,0x0,0x65,0x0,0x6c,0x0,
0x65,0x0,0x67,0x0,0x61,0x0,0x74,0x0,
0x65,0x0,0x46,0x0,0x6f,0x0,0x72,0x0,
0x52,0x0,0x6f,0x0,0x77,0x0,0x49,0x0,
0x6e,0x0,0x64,0x0,0x65,0x0,0x78,0x0,
0x0,0x0,0x0,0x0,0x0,0x0,0x0,0x0,
0x11,0x0,0x0,0x0,0x70,0x0,0x61,0x0,
0x67,0x0,0x65,0x0,0x54,0x0,0x6f,0x0,
0x70,0x0,0x49,0x0,0x6e,0x0,0x56,0x0,
0x69,0x0,0x65,0x0,0x77,0x0,0x70,0x0,
0x6f,0x0,0x72,0x0,0x74,0x0,0x0,0x0,
0x4,0x0,0x0,0x0,0x69,0x0,0x74,0x0,
0x65,0x0,0x6d,0x0,0x0,0x0,0x0,0x0,
0xf,0x0,0x0,0x0,0x66,0x0,0x6f,0x0,
0x72,0x0,0x45,0x0,0x61,0x0,0x63,0x0,
0x68,0x0,0x50,0x0,0x61,0x0,0x67,0x0,
0x65,0x0,0x49,0x0,0x74,0x0,0x65,0x0,
0x6d,0x0,0x0,0x0,0x0,0x0,0x0,0x0,
0x8,0x0,0x0,0x0,0x63,0x0,0x61,0x0,
0x6c,0x0,0x6c,0x0,0x62,0x0,0x61,0x0,
0x63,0x0,0x6b,0x0,0x0,0x0,0x0,0x0,
0xe,0x0,0x0,0x0,0x6e,0x0,0x61,0x0,
0x76,0x0,0x69,0x0,0x67,0x0,0x61,0x0,
0x74,0x0,0x65,0x0,0x54,0x0,0x6f,0x0,
0x50,0x0,0x61,0x0,0x67,0x0,0x65,0x0,
0x0,0x0,0x0,0x0,0x0,0x0,0x0,0x0,
0xa,0x0,0x0,0x0,0x6a,0x0,0x75,0x0,
0x6d,0x0,0x70,0x0,0x54,0x0,0x6f,0x0,
0x50,0x0,0x61,0x0,0x67,0x0,0x65,0x0,
0x0,0x0,0x0,0x0,0x0,0x0,0x0,0x0,
0x17,0x0,0x0,0x0,0x63,0x0,0x6c,0x0,
0x6f,0x0,0x73,0x0,0x65,0x0,0x73,0x0,
0x74,0x0,0x56,0x0,0x69,0x0,0x73,0x0,
0x69,0x0,0x62,0x0,0x6c,0x0,0x65,0x0,
0x50,0x0,0x61,0x0,0x67,0x0,0x65,0x0,
0x49,0x0,0x6e,0x0,0x64,0x0,0x65,0x0,
0x78,0x0,0x0,0x0,0x0,0x0,0x0,0x0,
0x18,0x0,0x0,0x0,0x63,0x0,0x6f,0x0,
0x6d,0x0,0x70,0x0,0x6c,0x0,0x65,0x0,
0x74,0x0,0x65,0x0,0x50,0x0,0x72,0x0,
0x6f,0x0,0x67,0x0,0x72,0x0,0x61,0x0,
0x6d,0x0,0x6d,0x0,0x61,0x0,0x74,0x0,
0x69,0x0,0x63,0x0,0x4a,0x0,0x75,0x0,
0x6d,0x0,0x70,0x0,0x0,0x0,0x0,0x0,
0x11,0x0,0x0,0x0,0x66,0x0,0x6f,0x0,
0x63,0x0,0x75,0x0,0x73,0x0,0x53,0x0,
0x65,0x0,0x61,0x0,0x72,0x0,0x63,0x0,
0x68,0x0,0x52,0x0,0x65,0x0,0x73,0x0,
0x75,0x0,0x6c,0x0,0x74,0x0,0x0,0x0,
0x6,0x0,0x0,0x0,0x72,0x0,0x65,0x0,
0x73,0x0,0x75,0x0,0x6c,0x0,0x74,0x0,
0x0,0x0,0x0,0x0,0x0,0x0,0x0,0x0,
0x16,0x0,0x0,0x0,0x75,0x0,0x70,0x0,
0x64,0x0,0x61,0x0,0x74,0x0,0x65,0x0,
0x43,0x0,0x75,0x0,0x72,0x0,0x72,0x0,
0x65,0x0,0x6e,0x0,0x74,0x0,0x42,0x0,
0x61,0x0,0x73,0x0,0x65,0x0,0x53,0x0,
0x63,0x0,0x61,0x0,0x6c,0x0,0x65,0x0,
0x0,0x0,0x0,0x0,0x0,0x0,0x0,0x0,
0x11,0x0,0x0,0x0,0x75,0x0,0x70,0x0,
0x64,0x0,0x61,0x0,0x74,0x0,0x65,0x0,
0x43,0x0,0x75,0x0,0x72,0x0,0x72,0x0,
0x65,0x0,0x6e,0x0,0x74,0x0,0x50,0x0,
0x61,0x0,0x67,0x0,0x65,0x0,0x0,0x0,
0x6,0x0,0x0,0x0,0x6c,0x0,0x65,0x0,
0x6e,0x0,0x67,0x0,0x74,0x0,0x68,0x0,
0x0,0x0,0x0,0x0,0x0,0x0,0x0,0x0,
0x6,0x0,0x0,0x0,0x6d,0x0,0x6f,0x0,
0x76,0x0,0x69,0x0,0x6e,0x0,0x67,0x0,
0x0,0x0,0x0,0x0,0x0,0x0,0x0,0x0,
0x8,0x0,0x0,0x0,0x66,0x0,0x6c,0x0,
0x69,0x0,0x63,0x0,0x6b,0x0,0x69,0x0,
0x6e,0x0,0x67,0x0,0x0,0x0,0x0,0x0,
0x4,0x0,0x0,0x0,0x74,0x0,0x72,0x0,
0x69,0x0,0x6d,0x0,0x0,0x0,0x0,0x0,
0x6,0x0,0x0,0x0,0x73,0x0,0x65,0x0,
0x61,0x0,0x72,0x0,0x63,0x0,0x68,0x0,
0x0,0x0,0x0,0x0,0x0,0x0,0x0,0x0,
0x2,0x0,0x0,0x0,0x51,0x0,0x74,0x0,
0x0,0x0,0x0,0x0,0x0,0x0,0x0,0x0,
0x9,0x0,0x0,0x0,0x63,0x0,0x61,0x0,
0x6c,0x0,0x6c,0x0,0x4c,0x0,0x61,0x0,
0x74,0x0,0x65,0x0,0x72,0x0,0x0,0x0,
0x7,0x0,0x0,0x0,0x72,0x0,0x65,0x0,
0x73,0x0,0x74,0x0,0x61,0x0,0x72,0x0,
0x74,0x0,0x0,0x0,0x0,0x0,0x0,0x0,
0x7,0x0,0x0,0x0,0x74,0x0,0x77,0x0,
0x6f,0x0,0x50,0x0,0x61,0x0,0x67,0x0,
0x65,0x0,0x0,0x0,0x0,0x0,0x0,0x0,
0x11,0x0,0x0,0x0,0x74,0x0,0x77,0x0,
0x6f,0x0,0x50,0x0,0x61,0x0,0x67,0x0,
0x65,0x0,0x43,0x0,0x6f,0x0,0x6e,0x0,
0x74,0x0,0x69,0x0,0x6e,0x0,0x75,0x0,
0x6f,0x0,0x75,0x0,0x73,0x0,0x0,0x0,
0x8,0x0,0x0,0x0,0x66,0x0,0x69,0x0,
0x74,0x0,0x57,0x0,0x69,0x0,0x64,0x0,
0x74,0x0,0x68,0x0,0x0,0x0,0x0,0x0,
0x9,0x0,0x0,0x0,0x66,0x0,0x69,0x0,
0x74,0x0,0x48,0x0,0x65,0x0,0x69,0x0,
0x67,0x0,0x68,0x0,0x74,0x0,0x0,0x0,
0xa,0x0,0x0,0x0,0x61,0x0,0x63,0x0,
0x74,0x0,0x75,0x0,0x61,0x0,0x6c,0x0,
0x53,0x0,0x69,0x0,0x7a,0x0,0x65,0x0,
0x0,0x0,0x0,0x0,0x0,0x0,0x0,0x0,
0x4,0x0,0x0,0x0,0x70,0x0,0x75,0x0,
0x73,0x0,0x68,0x0,0x0,0x0,0x0,0x0,
0x6,0x0,0x0,0x0,0x53,0x0,0x74,0x0,
0x72,0x0,0x69,0x0,0x6e,0x0,0x67,0x0,
0x0,0x0,0x0,0x0,0x0,0x0,0x0,0x0,
0x4,0x0,0x0,0x0,0x4d,0x0,0x61,0x0,
0x74,0x0,0x68,0x0,0x0,0x0,0x0,0x0,
0x3,0x0,0x0,0x0,0x6d,0x0,0x69,0x0,
0x6e,0x0,0x0,0x0,0x0,0x0,0x0,0x0,
0x3,0x0,0x0,0x0,0x6d,0x0,0x61,0x0,
0x78,0x0,0x0,0x0,0x0,0x0,0x0,0x0,
0x5,0x0,0x0,0x0,0x63,0x0,0x6f,0x0,
0x75,0x0,0x6e,0x0,0x74,0x0,0x0,0x0,
0xc,0x0,0x0,0x0,0x63,0x0,0x75,0x0,
0x72,0x0,0x72,0x0,0x65,0x0,0x6e,0x0,
0x74,0x0,0x49,0x0,0x6e,0x0,0x64,0x0,
0x65,0x0,0x78,0x0,0x0,0x0,0x0,0x0,
0x13,0x0,0x0,0x0,0x70,0x0,0x6f,0x0,
0x73,0x0,0x69,0x0,0x74,0x0,0x69,0x0,
0x6f,0x0,0x6e,0x0,0x56,0x0,0x69,0x0,
0x65,0x0,0x77,0x0,0x41,0x0,0x74,0x0,
0x49,0x0,0x6e,0x0,0x64,0x0,0x65,0x0,
0x78,0x0,0x0,0x0,0x0,0x0,0x0,0x0,
0xe,0x0,0x0,0x0,0x72,0x0,0x65,0x0,
0x74,0x0,0x75,0x0,0x72,0x0,0x6e,0x0,
0x54,0x0,0x6f,0x0,0x42,0x0,0x6f,0x0,
0x75,0x0,0x6e,0x0,0x64,0x0,0x73,0x0,
0x0,0x0,0x0,0x0,0x0,0x0,0x0,0x0,
0x6,0x0,0x0,0x0,0x43,0x0,0x65,0x0,
0x6e,0x0,0x74,0x0,0x65,0x0,0x72,0x0,
0x0,0x0,0x0,0x0,0x0,0x0,0x0,0x0,
0x6,0x0,0x0,0x0,0x4e,0x0,0x75,0x0,
0x6d,0x0,0x62,0x0,0x65,0x0,0x72,0x0,
0x0,0x0,0x0,0x0,0x0,0x0,0x0,0x0,
0x9,0x0,0x0,0x0,0x42,0x0,0x65,0x0,
0x67,0x0,0x69,0x0,0x6e,0x0,0x6e,0x0,
0x69,0x0,0x6e,0x0,0x67,0x0,0x0,0x0,
0x3,0x0,0x0,0x0,0x45,0x0,0x6e,0x0,
0x64,0x0,0x0,0x0,0x0,0x0,0x0,0x0,
0x4,0x0,0x0,0x0,0x4a,0x0,0x53,0x0,
0x4f,0x0,0x4e,0x0,0x0,0x0,0x0,0x0,
0x5,0x0,0x0,0x0,0x70,0x0,0x61,0x0,
0x72,0x0,0x73,0x0,0x65,0x0,0x0,0x0,
0x1,0x0,0x0,0x0,0x65,0x0,0x0,0x0,
0x6,0x0,0x0,0x0,0x61,0x0,0x63,0x0,
0x74,0x0,0x69,0x0,0x76,0x0,0x65,0x0,
0x0,0x0,0x0,0x0,0x0,0x0,0x0,0x0,
0x8,0x0,0x0,0x0,0x63,0x0,0x6f,0x0,
0x6e,0x0,0x74,0x0,0x65,0x0,0x6e,0x0,
0x74,0x0,0x59,0x0,0x0,0x0,0x0,0x0,
0x8,0x0,0x0,0x0,0x69,0x0,0x73,0x0,
0x46,0x0,0x69,0x0,0x6e,0x0,0x69,0x0,
0x74,0x0,0x65,0x0,0x0,0x0,0x0,0x0,
0x4,0x0,0x0,0x0,0x73,0x0,0x74,0x0,
0x6f,0x0,0x70,0x0,0x0,0x0,0x0,0x0,
0x6,0x0,0x0,0x0,0x73,0x0,0x69,0x0,
0x6e,0x0,0x67,0x0,0x6c,0x0,0x65,0x0,
0x0,0x0,0x0,0x0,0x0,0x0,0x0,0x0,
0x5,0x0,0x0,0x0,0x70,0x0,0x61,0x0,
0x67,0x0,0x65,0x0,0x73,0x0,0x0,0x0,
0x5,0x0,0x0,0x0,0x66,0x0,0x6c,0x0,
0x6f,0x0,0x6f,0x0,0x72,0x0,0x0,0x0,
0xb,0x0,0x0,0x0,0x63,0x0,0x6f,0x0,
0x6e,0x0,0x74,0x0,0x65,0x0,0x6e,0x0,
0x74,0x0,0x49,0x0,0x74,0x0,0x65,0x0,
0x6d,0x0,0x0,0x0,0x0,0x0,0x0,0x0,
0x8,0x0,0x0,0x0,0x63,0x0,0x68,0x0,
0x69,0x0,0x6c,0x0,0x64,0x0,0x72,0x0,
0x65,0x0,0x6e,0x0,0x0,0x0,0x0,0x0,
0x6,0x0,0x0,0x0,0x70,0x0,0x61,0x0,
0x72,0x0,0x65,0x0,0x6e,0x0,0x74,0x0,
0x0,0x0,0x0,0x0,0x0,0x0,0x0,0x0,
0x9,0x0,0x0,0x0,0x4d,0x0,0x41,0x0,
0x58,0x0,0x5f,0x0,0x56,0x0,0x41,0x0,
0x4c,0x0,0x55,0x0,0x45,0x0,0x0,0x0,
0x3,0x0,0x0,0x0,0x61,0x0,0x62,0x0,
0x73,0x0,0x0,0x0,0x0,0x0,0x0,0x0,
0xc,0x0,0x0,0x0,0x63,0x0,0x6f,0x0,
0x6e,0x0,0x74,0x0,0x65,0x0,0x6e,0x0,
0x74,0x0,0x57,0x0,0x69,0x0,0x64,0x0,
0x74,0x0,0x68,0x0,0x0,0x0,0x0,0x0,
0xd,0x0,0x0,0x0,0x63,0x0,0x6f,0x0,
0x6e,0x0,0x74,0x0,0x65,0x0,0x6e,0x0,
0x74,0x0,0x48,0x0,0x65,0x0,0x69,0x0,
0x67,0x0,0x68,0x0,0x74,0x0,0x0,0x0,
0x8,0x0,0x0,0x0,0x63,0x0,0x6f,0x0,
0x6e,0x0,0x74,0x0,0x65,0x0,0x6e,0x0,
0x74,0x0,0x58,0x0,0x0,0x0,0x0,0x0,
0x7,0x0,0x0,0x0,0x23,0x0,0x30,0x0,
0x35,0x0,0x30,0x0,0x36,0x0,0x30,0x0,
0x38,0x0,0x0,0x0,0x0,0x0,0x0,0x0,
0x5,0x0,0x0,0x0,0x54,0x0,0x68,0x0,
0x65,0x0,0x6d,0x0,0x65,0x0,0x0,0x0,
0x6,0x0,0x0,0x0,0x69,0x0,0x73,0x0,
0x44,0x0,0x61,0x0,0x72,0x0,0x6b,0x0,
0x0,0x0,0x0,0x0,0x0,0x0,0x0,0x0,
0x7,0x0,0x0,0x0,0x23,0x0,0x31,0x0,
0x32,0x0,0x31,0x0,0x32,0x0,0x31,0x0,
0x46,0x0,0x0,0x0,0x0,0x0,0x0,0x0,
0x7,0x0,0x0,0x0,0x23,0x0,0x44,0x0,
0x38,0x0,0x44,0x0,0x39,0x0,0x45,0x0,
0x38,0x0,0x0,0x0,0x0,0x0,0x0,0x0,
0x7,0x0,0x0,0x0,0x73,0x0,0x75,0x0,
0x72,0x0,0x66,0x0,0x61,0x0,0x63,0x0,
0x65,0x0,0x0,0x0,0x0,0x0,0x0,0x0,
0xa,0x0,0x0,0x0,0x73,0x0,0x75,0x0,
0x72,0x0,0x66,0x0,0x61,0x0,0x63,0x0,
0x65,0x0,0x41,0x0,0x6c,0x0,0x74,0x0,
0x0,0x0,0x0,0x0,0x0,0x0,0x0,0x0,
0xa,0x0,0x0,0x0,0x62,0x0,0x61,0x0,
0x63,0x0,0x6b,0x0,0x67,0x0,0x72,0x0,
0x6f,0x0,0x75,0x0,0x6e,0x0,0x64,0x0,
0x0,0x0,0x0,0x0,0x0,0x0,0x0,0x0,
0x6,0x0,0x0,0x0,0x61,0x0,0x63,0x0,
0x63,0x0,0x65,0x0,0x6e,0x0,0x74,0x0,
0x0,0x0,0x0,0x0,0x0,0x0,0x0,0x0,
0x6,0x0,0x0,0x0,0x64,0x0,0x61,0x0,
0x72,0x0,0x6b,0x0,0x65,0x0,0x72,0x0,
0x0,0x0,0x0,0x0,0x0,0x0,0x0,0x0,
0xa,0x0,0x0,0x0,0x61,0x0,0x63,0x0,
0x63,0x0,0x65,0x0,0x6e,0x0,0x74,0x0,
0x54,0x0,0x65,0x0,0x78,0x0,0x74,0x0,
0x0,0x0,0x0,0x0,0x0,0x0,0x0,0x0,
0x4,0x0,0x0,0x0,0x46,0x0,0x6f,0x0,
0x6e,0x0,0x74,0x0,0x0,0x0,0x0,0x0,
0x8,0x0,0x0,0x0,0x44,0x0,0x65,0x0,
0x6d,0x0,0x69,0x0,0x42,0x0,0x6f,0x0,
0x6c,0x0,0x64,0x0,0x0,0x0,0x0,0x0,
0x6,0x0,0x0,0x0,0x4d,0x0,0x65,0x0,
0x64,0x0,0x69,0x0,0x75,0x0,0x6d,0x0,
0x0,0x0,0x0,0x0,0x0,0x0,0x0,0x0,
0x7,0x0,0x0,0x0,0x6f,0x0,0x75,0x0,
0x74,0x0,0x6c,0x0,0x69,0x0,0x6e,0x0,
0x65,0x0,0x0,0x0,0x0,0x0,0x0,0x0,
0xa,0x0,0x0,0x0,0x41,0x0,0x70,0x0,
0x70,0x0,0x6c,0x0,0x79,0x0,0x52,0x0,
0x61,0x0,0x6e,0x0,0x67,0x0,0x65,0x0,
0x0,0x0,0x0,0x0,0x0,0x0,0x0,0x0,
0x9,0x0,0x0,0x0,0x74,0x0,0x61,0x0,
0x62,0x0,0x41,0x0,0x63,0x0,0x74,0x0,
0x69,0x0,0x76,0x0,0x65,0x0,0x0,0x0,
0xd,0x0,0x0,0x0,0x63,0x0,0x6f,0x0,
0x6e,0x0,0x74,0x0,0x61,0x0,0x69,0x0,
0x6e,0x0,0x73,0x0,0x4d,0x0,0x6f,0x0,
0x75,0x0,0x73,0x0,0x65,0x0,0x0,0x0,
0x5,0x0,0x0,0x0,0x68,0x0,0x6f,0x0,
0x76,0x0,0x65,0x0,0x72,0x0,0x0,0x0,
0x11,0x0,0x0,0x0,0x50,0x0,0x72,0x0,
0x65,0x0,0x73,0x0,0x65,0x0,0x72,0x0,
0x76,0x0,0x65,0x0,0x41,0x0,0x73,0x0,
0x70,0x0,0x65,0x0,0x63,0x0,0x74,0x0,
0x46,0x0,0x69,0x0,0x74,0x0,0x0,0x0,
0xd,0x0,0x0,0x0,0x73,0x0,0x65,0x0,
0x63,0x0,0x6f,0x0,0x6e,0x0,0x64,0x0,
0x61,0x0,0x72,0x0,0x79,0x0,0x54,0x0,
0x65,0x0,0x78,0x0,0x74,0x0,0x0,0x0,
0xc,0x0,0x0,0x0,0x41,0x0,0x6c,0x0,
0x69,0x0,0x67,0x0,0x6e,0x0,0x48,0x0,
0x43,0x0,0x65,0x0,0x6e,0x0,0x74,0x0,
0x65,0x0,0x72,0x0,0x0,0x0,0x0,0x0,
0x6,0x0,0x0,0x0,0x4e,0x0,0x6f,0x0,
0x72,0x0,0x6d,0x0,0x61,0x0,0x6c,0x0,
0x0,0x0,0x0,0x0,0x0,0x0,0x0,0x0,
0x5,0x0,0x0,0x0,0x74,0x0,0x69,0x0,
0x74,0x0,0x6c,0x0,0x65,0x0,0x0,0x0,
0x8,0x0,0x0,0x0,0x42,0x0,0x6f,0x0,
0x6f,0x0,0x6b,0x0,0x6d,0x0,0x61,0x0,
0x72,0x0,0x6b,0x0,0x0,0x0,0x0,0x0,
0xa,0x0,0x0,0x0,0x45,0x0,0x6c,0x0,
0x69,0x0,0x64,0x0,0x65,0x0,0x52,0x0,
0x69,0x0,0x67,0x0,0x68,0x0,0x74,0x0,
0x0,0x0,0x0,0x0,0x0,0x0,0x0,0x0,
0x5,0x0,0x0,0x0,0x64,0x0,0x65,0x0,
0x70,0x0,0x74,0x0,0x68,0x0,0x0,0x0,
0x3,0x0,0x0,0x0,0x75,0x0,0x72,0x0,
0x69,0x0,0x0,0x0,0x0,0x0,0x0,0x0,
0x1,0x0,0x0,0x0,0x22,0x0,0x0,0x0,
0x8,0x0,0x0,0x0,0x42,0x0,0x75,0x0,
0x73,0x0,0x71,0x0,0x75,0x0,0x65,0x0,
0x64,0x0,0x61,0x0,0x0,0x0,0x0,0x0,
0xa,0x0,0x0,0x0,0x20,0x0,0x72,0x0,
0x65,0x0,0x73,0x0,0x75,0x0,0x6c,0x0,
0x74,0x0,0x61,0x0,0x64,0x0,0x6f,0x0,
0x0,0x0,0x0,0x0,0x0,0x0,0x0,0x0,
0xb,0x0,0x0,0x0,0x20,0x0,0x72,0x0,
0x65,0x0,0x73,0x0,0x75,0x0,0x6c,0x0,
0x74,0x0,0x61,0x0,0x64,0x0,0x6f,0x0,
0x73,0x0,0x0,0x0,0x0,0x0,0x0,0x0,
0x11,0x0,0x0,0x0,0x53,0x0,0x69,0x0,
0x6e,0x0,0x20,0x0,0x63,0x0,0x6f,0x0,
0x69,0x0,0x6e,0x0,0x63,0x0,0x69,0x0,
0x64,0x0,0x65,0x0,0x6e,0x0,0x63,0x0,
0x69,0x0,0x61,0x0,0x73,0x0,0x0,0x0,
0x32,0x0,0x0,0x0,0x4e,0x0,0x6f,0x0,
0x20,0x0,0x73,0x0,0x65,0x0,0x20,0x0,
0x65,0x0,0x6e,0x0,0x63,0x0,0x6f,0x0,
0x6e,0x0,0x74,0x0,0x72,0x0,0x61,0x0,
0x72,0x0,0x6f,0x0,0x6e,0x0,0x20,0x0,
0x63,0x0,0x6f,0x0,0x69,0x0,0x6e,0x0,
0x63,0x0,0x69,0x0,0x64,0x0,0x65,0x0,
0x6e,0x0,0x63,0x0,0x69,0x0,0x61,0x0,
0x73,0x0,0x20,0x0,0x65,0x0,0x6e,0x0,
0x20,0x0,0x65,0x0,0x73,0x0,0x74,0x0,
0x65,0x0,0x20,0x0,0x64,0x0,0x6f,0x0,
0x63,0x0,0x75,0x0,0x6d,0x0,0x65,0x0,
0x6e,0x0,0x74,0x0,0x6f,0x0,0x2e,0x0,
0x0,0x0,0x0,0x0,0x0,0x0,0x0,0x0,
0x30,0x0,0x0,0x0,0x45,0x0,0x73,0x0,
0x63,0x0,0x72,0x0,0x69,0x0,0x62,0x0,
0x65,0x0,0x20,0x0,0x65,0x0,0x6e,0x0,
0x20,0x0,0x65,0x0,0x6c,0x0,0x20,0x0,
0x62,0x0,0x75,0x0,0x73,0x0,0x63,0x0,
0x61,0x0,0x64,0x0,0x6f,0x0,0x72,0x0,
0x20,0x0,0x70,0x0,0x61,0x0,0x72,0x0,
0x61,0x0,0x20,0x0,0x76,0x0,0x65,0x0,
0x72,0x0,0x20,0x0,0x72,0x0,0x65,0x0,
0x73,0x0,0x75,0x0,0x6c,0x0,0x74,0x0,
0x61,0x0,0x64,0x0,0x6f,0x0,0x73,0x0,
0x20,0x0,0x61,0x0,0x71,0x0,0x75,0x0,
0x69,0x0,0x2e,0x0,0x0,0x0,0x0,0x0,
0x8,0x0,0x0,0x0,0x57,0x0,0x6f,0x0,
0x72,0x0,0x64,0x0,0x57,0x0,0x72,0x0,
0x61,0x0,0x70,0x0,0x0,0x0,0x0,0x0,
0x4,0x0,0x0,0x0,0x76,0x0,0x69,0x0,
0x65,0x0,0x77,0x0,0x0,0x0,0x0,0x0,
0xe,0x0,0x0,0x0,0x69,0x0,0x6d,0x0,
0x70,0x0,0x6c,0x0,0x69,0x0,0x63,0x0,
0x69,0x0,0x74,0x0,0x48,0x0,0x65,0x0,
0x69,0x0,0x67,0x0,0x68,0x0,0x74,0x0,
0x0,0x0,0x0,0x0,0x0,0x0,0x0,0x0,
0x7,0x0,0x0,0x0,0x50,0x0,0x61,0x0,
0x67,0x0,0x69,0x0,0x6e,0x0,0x61,0x0,
0x20,0x0,0x0,0x0,0x0,0x0,0x0,0x0,
0x9,0x0,0x0,0x0,0x70,0x0,0x61,0x0,
0x67,0x0,0x65,0x0,0x4c,0x0,0x61,0x0,
0x62,0x0,0x65,0x0,0x6c,0x0,0x0,0x0,
0x7,0x0,0x0,0x0,0x73,0x0,0x6e,0x0,
0x69,0x0,0x70,0x0,0x70,0x0,0x65,0x0,
0x74,0x0,0x0,0x0,0x0,0x0,0x0,0x0,
0xc,0x0,0x0,0x0,0x43,0x0,0x6f,0x0,
0x69,0x0,0x6e,0x0,0x63,0x0,0x69,0x0,
0x64,0x0,0x65,0x0,0x6e,0x0,0x63,0x0,
0x69,0x0,0x61,0x0,0x0,0x0,0x0,0x0,
0xd,0x0,0x0,0x0,0x69,0x0,0x6d,0x0,
0x70,0x0,0x6c,0x0,0x69,0x0,0x63,0x0,
0x69,0x0,0x74,0x0,0x57,0x0,0x69,0x0,
0x64,0x0,0x74,0x0,0x68,0x0,0x0,0x0,
0x6,0x0,0x0,0x0,0x73,0x0,0x74,0x0,
0x61,0x0,0x74,0x0,0x75,0x0,0x73,0x0,
0x0,0x0,0x0,0x0,0x0,0x0,0x0,0x0,
0x5,0x0,0x0,0x0,0x52,0x0,0x65,0x0,
0x61,0x0,0x64,0x0,0x79,0x0,0x0,0x0,
0x9,0x0,0x0,0x0,0x23,0x0,0x36,0x0,
0x36,0x0,0x45,0x0,0x36,0x0,0x43,0x0,
0x33,0x0,0x35,0x0,0x41,0x0,0x0,0x0,
0x9,0x0,0x0,0x0,0x23,0x0,0x38,0x0,
0x38,0x0,0x46,0x0,0x37,0x0,0x44,0x0,
0x39,0x0,0x35,0x0,0x41,0x0,0x0,0x0,
0x4,0x0,0x0,0x0,0x73,0x0,0x69,0x0,
0x7a,0x0,0x65,0x0,0x0,0x0,0x0,0x0,
0x8,0x0,0x0,0x0,0x67,0x0,0x65,0x0,
0x6f,0x0,0x6d,0x0,0x65,0x0,0x74,0x0,
0x72,0x0,0x79,0x0,0x0,0x0,0x0,0x0,
0xd,0x0,0x0,0x0,0x50,0x0,0x6f,0x0,
0x69,0x0,0x6e,0x0,0x74,0x0,0x65,0x0,
0x72,0x0,0x44,0x0,0x65,0x0,0x76,0x0,
0x69,0x0,0x63,0x0,0x65,0x0,0x0,0x0,
0x5,0x0,0x0,0x0,0x4d,0x0,0x6f,0x0,
0x75,0x0,0x73,0x0,0x65,0x0,0x0,0x0,
0x6,0x0,0x0,0x0,0x53,0x0,0x74,0x0,
0x79,0x0,0x6c,0x0,0x75,0x0,0x73,0x0,
0x0,0x0,0x0,0x0,0x0,0x0,0x0,0x0,
0xb,0x0,0x0,0x0,0x54,0x0,0x6f,0x0,
0x75,0x0,0x63,0x0,0x68,0x0,0x53,0x0,
0x63,0x0,0x72,0x0,0x65,0x0,0x65,0x0,
0x6e,0x0,0x0,0x0,0x0,0x0,0x0,0x0,
0x5,0x0,0x0,0x0,0x63,0x0,0x6c,0x0,
0x65,0x0,0x61,0x0,0x72,0x0,0x0,0x0,
0x10,0x0,0x0,0x0,0x66,0x0,0x6f,0x0,
0x72,0x0,0x63,0x0,0x65,0x0,0x41,0x0,
0x63,0x0,0x74,0x0,0x69,0x0,0x76,0x0,
0x65,0x0,0x46,0x0,0x6f,0x0,0x63,0x0,
0x75,0x0,0x73,0x0,0x0,0x0,0x0,0x0,
0x8,0x0,0x0,0x0,0x63,0x0,0x65,0x0,
0x6e,0x0,0x74,0x0,0x72,0x0,0x6f,0x0,
0x69,0x0,0x64,0x0,0x0,0x0,0x0,0x0,
0xd,0x0,0x0,0x0,0x70,0x0,0x72,0x0,
0x65,0x0,0x73,0x0,0x73,0x0,0x50,0x0,
0x6f,0x0,0x73,0x0,0x69,0x0,0x74,0x0,
0x69,0x0,0x6f,0x0,0x6e,0x0,0x0,0x0,
0x8,0x0,0x0,0x0,0x70,0x0,0x6f,0x0,
0x73,0x0,0x69,0x0,0x74,0x0,0x69,0x0,
0x6f,0x0,0x6e,0x0,0x0,0x0,0x0,0x0,
0x7,0x0,0x0,0x0,0x70,0x0,0x72,0x0,
0x65,0x0,0x73,0x0,0x73,0x0,0x65,0x0,
0x64,0x0,0x0,0x0,0x0,0x0,0x0,0x0,
0x8,0x0,0x0,0x0,0x74,0x0,0x6f,0x0,
0x53,0x0,0x74,0x0,0x72,0x0,0x69,0x0,
0x6e,0x0,0x67,0x0,0x0,0x0,0x0,0x0,
0x7,0x0,0x0,0x0,0x23,0x0,0x32,0x0,
0x30,0x0,0x32,0x0,0x30,0x0,0x33,0x0,
0x33,0x0,0x0,0x0,0x0,0x0,0x0,0x0,
0x7,0x0,0x0,0x0,0x23,0x0,0x46,0x0,
0x35,0x0,0x46,0x0,0x36,0x0,0x46,0x0,
0x42,0x0,0x0,0x0,0x0,0x0,0x0,0x0,
0x9,0x0,0x0,0x0,0x43,0x0,0x61,0x0,
0x72,0x0,0x67,0x0,0x61,0x0,0x6e,0x0,
0x64,0x0,0x6f,0x0,0x20,0x0,0x0,0x0,
0xe,0x0,0x0,0x0,0x4f,0x0,0x70,0x0,
0x65,0x0,0x6e,0x0,0x48,0x0,0x61,0x0,
0x6e,0x0,0x64,0x0,0x43,0x0,0x75,0x0,
0x72,0x0,0x73,0x0,0x6f,0x0,0x72,0x0,
0x0,0x0,0x0,0x0,0x0,0x0,0x0,0x0,
0x12,0x0,0x0,0x0,0x50,0x0,0x6f,0x0,
0x69,0x0,0x6e,0x0,0x74,0x0,0x69,0x0,
0x6e,0x0,0x67,0x0,0x48,0x0,0x61,0x0,
0x6e,0x0,0x64,0x0,0x43,0x0,0x75,0x0,
0x72,0x0,0x73,0x0,0x6f,0x0,0x72,0x0,
0x0,0x0,0x0,0x0,0x0,0x0,0x0,0x0,
0x9,0x0,0x0,0x0,0x23,0x0,0x43,0x0,
0x37,0x0,0x46,0x0,0x46,0x0,0x44,0x0,
0x35,0x0,0x34,0x0,0x46,0x0,0x0,0x0,
0x9,0x0,0x0,0x0,0x23,0x0,0x44,0x0,
0x37,0x0,0x46,0x0,0x46,0x0,0x44,0x0,
0x35,0x0,0x34,0x0,0x46,0x0,0x0,0x0,
0x7,0x0,0x0,0x0,0x23,0x0,0x46,0x0,
0x46,0x0,0x42,0x0,0x33,0x0,0x30,0x0,
0x30,0x0,0x0,0x0,0x0,0x0,0x0,0x0,
0x9,0x0,0x0,0x0,0x41,0x0,0x6e,0x0,
0x69,0x0,0x6d,0x0,0x61,0x0,0x74,0x0,
0x69,0x0,0x6f,0x0,0x6e,0x0,0x0,0x0,
0x8,0x0,0x0,0x0,0x49,0x0,0x6e,0x0,
0x66,0x0,0x69,0x0,0x6e,0x0,0x69,0x0,
0x74,0x0,0x65,0x0,0x0,0x0,0x0,0x0,
0x6,0x0,0x0,0x0,0x45,0x0,0x61,0x0,
0x73,0x0,0x69,0x0,0x6e,0x0,0x67,0x0,
0x0,0x0,0x0,0x0,0x0,0x0,0x0,0x0,
0x9,0x0,0x0,0x0,0x49,0x0,0x6e,0x0,
0x4f,0x0,0x75,0x0,0x74,0x0,0x51,0x0,
0x75,0x0,0x61,0x0,0x64,0x0,0x0,0x0,
0x9,0x0,0x0,0x0,0x46,0x0,0x6c,0x0,
0x69,0x0,0x63,0x0,0x6b,0x0,0x61,0x0,
0x62,0x0,0x6c,0x0,0x65,0x0,0x0,0x0,
0xc,0x0,0x0,0x0,0x53,0x0,0x74,0x0,
0x6f,0x0,0x70,0x0,0x41,0x0,0x74,0x0,
0x42,0x0,0x6f,0x0,0x75,0x0,0x6e,0x0,
0x64,0x0,0x73,0x0,0x0,0x0,0x0,0x0,
0xa,0x0,0x0,0x0,0x4c,0x0,0x65,0x0,
0x66,0x0,0x74,0x0,0x42,0x0,0x75,0x0,
0x74,0x0,0x74,0x0,0x6f,0x0,0x6e,0x0,
0x0,0x0,0x0,0x0,0x0,0x0,0x0,0x0,
0x10,0x0,0x0,0x0,0x43,0x0,0x6c,0x0,
0x6f,0x0,0x73,0x0,0x65,0x0,0x64,0x0,
0x48,0x0,0x61,0x0,0x6e,0x0,0x64,0x0,
0x43,0x0,0x75,0x0,0x72,0x0,0x73,0x0,
0x6f,0x0,0x72,0x0,0x0,0x0,0x0,0x0,
0x8,0x0,0x0,0x0,0x61,0x0,0x63,0x0,
0x63,0x0,0x65,0x0,0x70,0x0,0x74,0x0,
0x65,0x0,0x64,0x0,0x0,0x0,0x0,0x0,
0xf,0x0,0x0,0x0,0x43,0x0,0x6f,0x0,
0x6e,0x0,0x74,0x0,0x72,0x0,0x6f,0x0,
0x6c,0x0,0x4d,0x0,0x6f,0x0,0x64,0x0,
0x69,0x0,0x66,0x0,0x69,0x0,0x65,0x0,
0x72,0x0,0x0,0x0,0x0,0x0,0x0,0x0,
0xa,0x0,0x0,0x0,0x61,0x0,0x6e,0x0,
0x67,0x0,0x6c,0x0,0x65,0x0,0x44,0x0,
0x65,0x0,0x6c,0x0,0x74,0x0,0x61,0x0,
0x0,0x0,0x0,0x0,0x0,0x0,0x0,0x0,
0xc,0x0,0x0,0x0,0x62,0x0,0x65,0x0,
0x73,0x0,0x74,0x0,0x44,0x0,0x69,0x0,
0x73,0x0,0x74,0x0,0x61,0x0,0x6e,0x0,
0x63,0x0,0x65,0x0,0x0,0x0,0x0,0x0,
0x7,0x0,0x0,0x0,0x63,0x0,0x65,0x0,
0x6e,0x0,0x74,0x0,0x65,0x0,0x72,0x0,
0x59,0x0,0x0,0x0,0x0,0x0,0x0,0x0,
0x7,0x0,0x0,0x0,0x63,0x0,0x6c,0x0,
0x6f,0x0,0x73,0x0,0x65,0x0,0x73,0x0,
0x74,0x0,0x0,0x0,0x0,0x0,0x0,0x0,
0xa,0x0,0x0,0x0,0x74,0x0,0x61,0x0,
0x72,0x0,0x67,0x0,0x65,0x0,0x74,0x0,
0x52,0x0,0x65,0x0,0x63,0x0,0x74,0x0,
0x0,0x0,0x0,0x0,0x0,0x0,0x0,0x0,
0x5,0x0,0x0,0x0,0x66,0x0,0x6f,0x0,
0x75,0x0,0x6e,0x0,0x64,0x0,0x0,0x0,
0x5,0x0,0x0,0x0,0x6d,0x0,0x6f,0x0,
0x75,0x0,0x73,0x0,0x65,0x0,0x0,0x0,
0x5,0x0,0x0,0x0,0x65,0x0,0x76,0x0,
0x65,0x0,0x6e,0x0,0x74,0x0,0x0,0x0,
0x4,0x0,0x0,0x0,0x10,0x0,0x0,0x0,
0x8b,0x0,0x0,0x0,0x60,0x0,0x0,0x0,
0x1,0x0,0x0,0x0,0x1,0x0,0x0,0x0,
0x0,0x0,0x0,0x0,0x2,0x0,0x10,0x0,
0xff,0xff,0x0,0x0,0x1,0x0,0x0,0x0,
0x2,0x0,0x0,0x0,0x0,0x0,0x0,0x0,
0x3,0x0,0x10,0x0,0xff,0xff,0x0,0x0,
0x1,0x0,0x0,0x0,0x3,0x0,0x0,0x0,
0x0,0x0,0x0,0x0,0x4,0x0,0x10,0x0,
0xff,0xff,0x0,0x0,0x1,0x0,0x0,0x0,
0x4,0x0,0x0,0x0,0x0,0x0,0x0,0x0,
0x5,0x0,0x10,0x0,0xff,0xff,0x0,0x0,
0x8c,0x2,0x0,0x0,0x34,0xe,0x0,0x0,
0xd4,0xe,0x0,0x0,0x74,0xf,0x0,0x0,
0x14,0x10,0x0,0x0,0xb4,0x10,0x0,0x0,
0x24,0x11,0x0,0x0,0x94,0x11,0x0,0x0,
0x1c,0x12,0x0,0x0,0x8c,0x12,0x0,0x0,
0x8c,0x13,0x0,0x0,0x2c,0x14,0x0,0x0,
0x9c,0x14,0x0,0x0,0x54,0x15,0x0,0x0,
0xc4,0x15,0x0,0x0,0x94,0x16,0x0,0x0,
0x4,0x17,0x0,0x0,0x4,0x18,0x0,0x0,
0x74,0x18,0x0,0x0,0xe4,0x18,0x0,0x0,
0xfc,0x19,0x0,0x0,0x84,0x1a,0x0,0x0,
0x84,0x1b,0x0,0x0,0xc,0x1c,0x0,0x0,
0xc4,0x1c,0x0,0x0,0x34,0x1d,0x0,0x0,
0xbc,0x1d,0x0,0x0,0x44,0x1e,0x0,0x0,
0xb4,0x1e,0x0,0x0,0xb4,0x1f,0x0,0x0,
0x3c,0x20,0x0,0x0,0xf4,0x20,0x0,0x0,
0x64,0x21,0x0,0x0,0xec,0x21,0x0,0x0,
0x74,0x22,0x0,0x0,0xe4,0x22,0x0,0x0,
0xfc,0x23,0x0,0x0,0x84,0x24,0x0,0x0,
0x3c,0x25,0x0,0x0,0xac,0x25,0x0,0x0,
0x34,0x26,0x0,0x0,0xbc,0x26,0x0,0x0,
0x2c,0x27,0x0,0x0,0xe4,0x27,0x0,0x0,
0x54,0x28,0x0,0x0,0xfc,0x29,0x0,0x0,
0x84,0x2a,0x0,0x0,0xc,0x2b,0x0,0x0,
0x44,0x2c,0x0,0x0,0xcc,0x2c,0x0,0x0,
0x2c,0x2e,0x0,0x0,0xcc,0x2e,0x0,0x0,
0x9c,0x2f,0x0,0x0,0x54,0x30,0x0,0x0,
0xdc,0x30,0x0,0x0,0x7c,0x31,0x0,0x0,
0xec,0x31,0x0,0x0,0x5c,0x32,0x0,0x0,
0xcc,0x32,0x0,0x0,0x9c,0x33,0x0,0x0,
0x24,0x34,0x0,0x0,0x2c,0x35,0x0,0x0,
0x9c,0x35,0x0,0x0,0x6c,0x36,0x0,0x0,
0x3c,0x37,0x0,0x0,0xac,0x37,0x0,0x0,
0x4c,0x38,0x0,0x0,0xbc,0x38,0x0,0x0,
0x2c,0x39,0x0,0x0,0xb4,0x39,0x0,0x0,
0x24,0x3a,0x0,0x0,0xf4,0x3a,0x0,0x0,
0x7c,0x3b,0x0,0x0,0x64,0x3c,0x0,0x0,
0xd4,0x3c,0x0,0x0,0x8c,0x3d,0x0,0x0,
0x14,0x3e,0x0,0x0,0xcc,0x3e,0x0,0x0,
0x54,0x3f,0x0,0x0,0xc,0x40,0x0,0x0,
0x7c,0x40,0x0,0x0,0x7c,0x41,0x0,0x0,
0x4,0x42,0x0,0x0,0x4,0x43,0x0,0x0,
0x74,0x43,0x0,0x0,0xe4,0x43,0x0,0x0,
0xe4,0x44,0x0,0x0,0xfc,0x45,0x0,0x0,
0x84,0x46,0x0,0x0,0x3c,0x47,0x0,0x0,
0xc4,0x47,0x0,0x0,0x64,0x48,0x0,0x0,
0xec,0x48,0x0,0x0,0xec,0x49,0x0,0x0,
0x5c,0x4a,0x0,0x0,0xfc,0x4a,0x0,0x0,
0x6c,0x4b,0x0,0x0,0xdc,0x4b,0x0,0x0,
0xdc,0x4c,0x0,0x0,0x7c,0x4d,0x0,0x0,
0xec,0x4d,0x0,0x0,0x74,0x4e,0x0,0x0,
0x2c,0x52,0x0,0x0,0x94,0x53,0x0,0x0,
0x4,0x54,0x0,0x0,0x4c,0x55,0x0,0x0,
0xbc,0x55,0x0,0x0,0x5c,0x56,0x0,0x0,
0xcc,0x56,0x0,0x0,0x84,0x57,0x0,0x0,
0xf4,0x57,0x0,0x0,0x94,0x58,0x0,0x0,
0x34,0x59,0x0,0x0,0x64,0x5a,0x0,0x0,
0xd4,0x5a,0x0,0x0,0xa4,0x5b,0x0,0x0,
0x14,0x5c,0x0,0x0,0x84,0x5c,0x0,0x0,
0x3c,0x5d,0x0,0x0,0xac,0x5d,0x0,0x0,
0x1c,0x5e,0x0,0x0,0xa4,0x5e,0x0,0x0,
0xec,0x5f,0x0,0x0,0x74,0x60,0x0,0x0,
0x44,0x61,0x0,0x0,0xb4,0x61,0x0,0x0,
0x3c,0x62,0x0,0x0,0xb4,0x63,0x0,0x0,
0x3c,0x64,0x0,0x0,0xf4,0x64,0x0,0x0,
0xac,0x65,0x0,0x0,0x1c,0x66,0x0,0x0,
0xd4,0x66,0x0,0x0,0x44,0x67,0x0,0x0,
0x64,0x69,0x0,0x0,0x1c,0x6a,0x0,0x0,
0x8c,0x6a,0x0,0x0,0x4c,0x6c,0x0,0x0,
0xbc,0x6c,0x0,0x0,0x5,0x0,0x0,0x0,
0x6,0x0,0x0,0x0,0x0,0x0,0xff,0xff,
0xff,0xff,0xff,0xff,0x2b,0x0,0x3d,0x0,
0x54,0x0,0x0,0x0,0x0,0x1,0x0,0x0,
0xdc,0x3,0x0,0x0,0x0,0x0,0x0,0x0,
0xdc,0x3,0x0,0x0,0xdc,0x3,0x0,0x0,
0x0,0x0,0x53,0x0,0xdc,0x3,0x0,0x0,
0x0,0x0,0x0,0x0,0xa4,0xb,0x0,0x0,
0x7,0x0,0x10,0x0,0x8,0x0,0x50,0x0,
0xa4,0xb,0x0,0x0,0x0,0x0,0x0,0x0,
0xa4,0xb,0x0,0x0,0x0,0x0,0x0,0x0,
0x1d,0x0,0x0,0x0,0x1e,0x0,0x0,0x0,
0x1f,0x0,0x0,0x0,0x20,0x0,0x0,0x0,
0x21,0x0,0x0,0x0,0x22,0x0,0x0,0x0,
0x23,0x0,0x0,0x0,0x25,0x0,0x0,0x0,
0x28,0x0,0x0,0x0,0x29,0x0,0x0,0x0,
0x2b,0x0,0x0,0x0,0x2c,0x0,0x0,0x0,
0x2d,0x0,0x0,0x0,0x2e,0x0,0x0,0x0,
0x2f,0x0,0x0,0x0,0x30,0x0,0x0,0x0,
0x31,0x0,0x0,0x0,0x32,0x0,0x0,0x0,
0x33,0x0,0x0,0x0,0x34,0x0,0x0,0x0,
0x35,0x0,0x0,0x0,0x36,0x0,0x0,0x0,
0x38,0x0,0x0,0x0,0x39,0x0,0x0,0x0,
0x3a,0x0,0x0,0x0,0x3b,0x0,0x0,0x0,
0x3c,0x0,0x0,0x0,0x3d,0x0,0x0,0x0,
0x3e,0x0,0x0,0x0,0x3f,0x0,0x0,0x0,
0x40,0x0,0x0,0x0,0x41,0x0,0x0,0x0,
0x42,0x0,0x0,0x0,0x43,0x0,0x0,0x0,
0x44,0x0,0x0,0x0,0x45,0x0,0x0,0x0,
0x46,0x0,0x0,0x0,0x48,0x0,0x0,0x0,
0x4a,0x0,0x0,0x0,0x4c,0x0,0x0,0x0,
0x4d,0x0,0x0,0x0,0x51,0x0,0x0,0x0,
0x53,0x0,0x0,0x0,0x7,0x0,0x0,0x0,
0x1,0x0,0x0,0x20,0xa,0x0,0x50,0x0,
0x8,0x0,0x0,0x0,0x5,0x0,0x0,0x20,
0xb,0x0,0x50,0x0,0xa,0x0,0x0,0x0,
0x1,0x0,0x0,0x20,0xc,0x0,0x50,0x0,
0xc,0x0,0x0,0x0,0x1,0x0,0x0,0x20,
0xd,0x0,0x50,0x0,0xe,0x0,0x0,0x0,
0x2,0x0,0x0,0x20,0xe,0x0,0x50,0x0,
0x10,0x0,0x0,0x0,0x5,0x0,0x0,0x20,
0xf,0x0,0x50,0x0,0x12,0x0,0x0,0x0,
0x3,0x0,0x0,0x20,0x10,0x0,0x50,0x0,
0x13,0x0,0x0,0x0,0x5,0x0,0x0,0x20,
0x11,0x0,0x50,0x0,0x15,0x0,0x0,0x0,
0x1,0x0,0x0,0x20,0x12,0x0,0x50,0x0,
0x17,0x0,0x0,0x0,0x1,0x0,0x0,0x20,
0x13,0x0,0x50,0x0,0x19,0x0,0x0,0x0,
0x5,0x0,0x0,0x20,0x14,0x0,0x50,0x0,
0x1a,0x0,0x0,0x0,0x1,0x0,0x0,0x20,
0x15,0x0,0x50,0x0,0x1c,0x0,0x0,0x0,
0x2,0x0,0x0,0x20,0x16,0x0,0x50,0x0,
0x1d,0x0,0x0,0x0,0x1,0x0,0x0,0x20,
0x17,0x0,0x50,0x0,0x1e,0x0,0x0,0x0,
0x1,0x0,0x0,0x20,0x18,0x0,0x50,0x0,
0x20,0x0,0x0,0x0,0x1,0x0,0x0,0x20,
0x19,0x0,0x50,0x0,0x22,0x0,0x0,0x0,
0x1,0x0,0x0,0x20,0x1a,0x0,0x50,0x0,
0x24,0x0,0x0,0x0,0x1,0x0,0x0,0x20,
0x1b,0x0,0x50,0x0,0x26,0x0,0x0,0x0,
0x3,0x0,0x0,0x20,0x1c,0x0,0x50,0x0,
0x27,0x0,0x0,0x0,0x2,0x0,0x0,0x20,
0x1d,0x0,0x50,0x0,0x28,0x0,0x0,0x0,
0x3,0x0,0x0,0x20,0x1e,0x0,0x50,0x0,
0x29,0x0,0x0,0x0,0x2,0x0,0x0,0x20,
0x1f,0x0,0x50,0x0,0x2a,0x0,0x0,0x0,
0x3,0x0,0x0,0x20,0x20,0x0,0x50,0x0,
0x2b,0x0,0x0,0x0,0x2,0x0,0x0,0x20,
0x21,0x0,0x50,0x0,0x2c,0x0,0x0,0x0,
0x4,0x0,0x0,0x20,0x22,0x0,0x50,0x0,
0x2d,0x0,0x0,0x0,0x3,0x0,0x0,0x20,
0x23,0x0,0x50,0x0,0x2e,0x0,0x0,0x0,
0x3,0x0,0x0,0x20,0x24,0x0,0x50,0x0,
0x2f,0x0,0x0,0x0,0x2,0x0,0x0,0x20,
0x25,0x0,0x50,0x0,0x30,0x0,0x0,0x0,
0x3,0x0,0x0,0x20,0x26,0x0,0x50,0x0,
0x31,0x0,0x0,0x0,0x3,0x0,0x0,0x20,
0x27,0x0,0x50,0x0,0x32,0x0,0x0,0x0,
0x4,0x0,0x0,0x20,0x28,0x0,0x50,0x0,
0x33,0x0,0x0,0x0,0x1,0x0,0x0,0x20,
0x29,0x0,0x50,0x0,0x35,0x0,0x0,0x0,
0x1,0x0,0x0,0xa0,0x2a,0x0,0x50,0x0,
0x37,0x0,0x0,0x0,0x1,0x0,0x0,0xa0,
0x2b,0x0,0x50,0x0,0x39,0x0,0x0,0x0,
0x1,0x0,0x0,0xa0,0x2c,0x0,0x50,0x0,
0x3b,0x0,0x0,0x0,0x3,0x0,0x0,0xa0,
0x2d,0x0,0x50,0x0,0x3d,0x0,0x0,0x0,
0x1,0x0,0x0,0x20,0x2e,0x0,0x50,0x0,
0x3f,0x0,0x0,0x0,0x2,0x0,0x0,0x20,
0x2f,0x0,0x50,0x0,0x40,0x0,0x0,0x0,
0x5,0x0,0x0,0x20,0x30,0x0,0x50,0x0,
0x41,0x0,0x0,0x0,0x4,0x0,0x0,0x20,
0x31,0x0,0x50,0x0,0x42,0x0,0x0,0x0,
0x5,0x0,0x0,0x20,0x32,0x0,0x50,0x0,
0x44,0x0,0x0,0x0,0x5,0x0,0x0,0x20,
0x33,0x0,0x50,0x0,0x46,0x0,0x0,0x0,
0x3,0x0,0x0,0x20,0x34,0x0,0x50,0x0,
0x47,0x0,0x0,0x0,0x3,0x0,0x0,0x20,
0x35,0x0,0x50,0x0,0x48,0x0,0x0,0x0,
0x3,0x0,0x0,0x20,0x36,0x0,0x50,0x0,
0x49,0x0,0x0,0x0,0x3,0x0,0x0,0x20,
0x37,0x0,0x50,0x0,0x4a,0x0,0x0,0x0,
0x4,0x0,0x0,0x20,0x38,0x0,0x50,0x0,
0x4b,0x0,0x0,0x0,0x4,0x0,0x0,0x20,
0x39,0x0,0x50,0x0,0x4c,0x0,0x0,0x0,
0x4,0x0,0x0,0x20,0x3a,0x0,0x50,0x0,
0x4d,0x0,0x0,0x0,0x4,0x0,0x0,0xa0,
0x3b,0x0,0x50,0x0,0x4f,0x0,0x0,0x0,
0x1,0x0,0x0,0x20,0x3c,0x0,0x50,0x0,
0x50,0x0,0x0,0x0,0x1,0x0,0x0,0x20,
0x3d,0x0,0x50,0x0,0x51,0x0,0x0,0x0,
0x1,0x0,0x0,0x20,0x3e,0x0,0x50,0x0,
0x52,0x0,0x0,0x0,0x1,0x0,0x0,0x20,
0x3f,0x0,0x50,0x0,0x53,0x0,0x0,0x0,
0x1,0x0,0x0,0x20,0x40,0x0,0x50,0x0,
0x54,0x0,0x0,0x0,0x1,0x0,0x0,0x20,
0x41,0x0,0x50,0x0,0x55,0x0,0x0,0x0,
0x1,0x0,0x0,0x20,0x42,0x0,0x50,0x0,
0x56,0x0,0x0,0x0,0x1,0x0,0x0,0x20,
0x43,0x0,0x50,0x0,0x57,0x0,0x0,0x0,
0x1,0x0,0x0,0x20,0x44,0x0,0x50,0x0,
0x58,0x0,0x0,0x0,0x6,0x0,0x0,0x20,
0x45,0x0,0x50,0x0,0x59,0x0,0x0,0x0,
0x3,0x0,0x0,0xa0,0x46,0x0,0x50,0x0,
0x74,0x0,0x0,0x0,0x0,0x0,0x7,0x0,
0x1c,0x0,0x0,0x0,0x0,0x0,0x0,0x0,
0x8d,0x0,0x50,0x0,0x8d,0x0,0xb0,0x2,
0x72,0x0,0x0,0x0,0x0,0x0,0x7,0x0,
0x1b,0x0,0x0,0x0,0x0,0x0,0x0,0x0,
0x8c,0x0,0x50,0x0,0x8c,0x0,0x90,0x1,
0x70,0x0,0x0,0x0,0x0,0x0,0x7,0x0,
0x1a,0x0,0x0,0x0,0x0,0x0,0x0,0x0,
0x88,0x0,0x50,0x0,0x88,0x0,0x0,0x2,
0x6e,0x0,0x0,0x0,0x0,0x0,0x7,0x0,
0x19,0x0,0x0,0x0,0x0,0x0,0x0,0x0,
0x82,0x0,0x50,0x0,0x82,0x0,0xb0,0x1,
0x6c,0x0,0x0,0x0,0x0,0x0,0x7,0x0,
0x18,0x0,0x0,0x0,0x0,0x0,0x0,0x0,
0x81,0x0,0x50,0x0,0x81,0x0,0x80,0x1,
0x6a,0x0,0x0,0x0,0x0,0x0,0x7,0x0,
0x17,0x0,0x0,0x0,0x0,0x0,0x0,0x0,
0x80,0x0,0x50,0x0,0x80,0x0,0x80,0x1,
0x68,0x0,0x0,0x0,0x0,0x0,0x7,0x0,
0x16,0x0,0x0,0x0,0x0,0x0,0x0,0x0,
0x7f,0x0,0x50,0x0,0x7f,0x0,0xa0,0x1,
0x66,0x0,0x0,0x0,0x0,0x0,0x7,0x0,
0x15,0x0,0x0,0x0,0x0,0x0,0x0,0x0,
0x7e,0x0,0x50,0x0,0x7e,0x0,0x40,0x1,
0x64,0x0,0x0,0x0,0x0,0x0,0x7,0x0,
0x13,0x0,0x0,0x0,0x0,0x0,0x0,0x0,
0x64,0x0,0x50,0x0,0x64,0x0,0x0,0x2,
0x59,0x0,0x0,0x0,0x8,0x0,0x7,0x0,
0x12,0x0,0x0,0x0,0x0,0x0,0x0,0x0,
0x46,0x0,0xc0,0x1,0x46,0x0,0x20,0x3,
0x58,0x0,0x0,0x0,0x0,0x0,0x3,0x0,
0x0,0x0,0x0,0x0,0x0,0x0,0x0,0x0,
0x45,0x0,0x20,0x1,0x45,0x0,0xb0,0x2,
0x57,0x0,0x0,0x0,0x0,0x0,0x4,0x0,
0x0,0x0,0x0,0x0,0x0,0x0,0x0,0x0,
0x44,0x0,0x20,0x1,0x44,0x0,0xf0,0x2,
0x56,0x0,0x0,0x0,0x0,0x0,0x4,0x0,
0x0,0x0,0x0,0x0,0x0,0x0,0x0,0x0,
0x43,0x0,0x20,0x1,0x43,0x0,0x70,0x2,
0x55,0x0,0x0,0x0,0x0,0x0,0x4,0x0,
0x0,0x0,0x0,0x0,0x0,0x0,0x0,0x0,
0x42,0x0,0x20,0x1,0x42,0x0,0xa0,0x2,
0x54,0x0,0x0,0x0,0x0,0x0,0x4,0x0,
0x0,0x0,0x0,0x0,0x0,0x0,0x0,0x0,
0x41,0x0,0x20,0x1,0x41,0x0,0xe0,0x2,
0x53,0x0,0x0,0x0,0x0,0x0,0x4,0x0,
0x0,0x0,0x0,0x0,0x0,0x0,0x0,0x0,
0x40,0x0,0x20,0x1,0x40,0x0,0xc0,0x2,
0x52,0x0,0x0,0x0,0x0,0x0,0x4,0x0,
0x0,0x0,0x0,0x0,0x0,0x0,0x0,0x0,
0x3f,0x0,0x20,0x1,0x3f,0x0,0x0,0x3,
0x51,0x0,0x0,0x0,0x0,0x0,0x4,0x0,
0x0,0x0,0x0,0x0,0x0,0x0,0x0,0x0,
0x3e,0x0,0x20,0x1,0x3e,0x0,0xb0,0x2,
0x50,0x0,0x0,0x0,0x0,0x0,0x4,0x0,
0x0,0x0,0x0,0x0,0x0,0x0,0x0,0x0,
0x3d,0x0,0x20,0x1,0x3d,0x0,0x10,0x2,
0x4f,0x0,0x0,0x0,0x0,0x0,0x4,0x0,
0x0,0x0,0x0,0x0,0x0,0x0,0x0,0x0,
0x3c,0x0,0x20,0x1,0x3c,0x0,0x0,0x2,
0x4d,0x0,0x0,0x0,0x8,0x0,0x7,0x0,
0x11,0x0,0x0,0x0,0x0,0x0,0x0,0x0,
0x3b,0x0,0xc0,0x1,0x3b,0x0,0x0,0x3,
0x4c,0x0,0x0,0x0,0x0,0x0,0x2,0x0,
0x2,0x0,0x0,0x0,0x0,0x0,0x0,0x0,
0x3a,0x0,0x30,0x1,0x3a,0x0,0x50,0x2,
0x4b,0x0,0x0,0x0,0x0,0x0,0x2,0x0,
0x6,0x0,0x0,0x0,0x0,0x0,0x0,0x0,
0x39,0x0,0x30,0x1,0x39,0x0,0x0,0x2,
0x4a,0x0,0x0,0x0,0x0,0x0,0x2,0x0,
0x5,0x0,0x0,0x0,0x0,0x0,0x0,0x0,
0x38,0x0,0x30,0x1,0x38,0x0,0x0,0x2,
0x49,0x0,0x0,0x0,0x0,0x0,0x1,0x0,
0x0,0x0,0x0,0x0,0x0,0x0,0x0,0x0,
0x37,0x0,0x30,0x1,0x37,0x0,0xf0,0x1,
0x48,0x0,0x0,0x0,0x0,0x0,0x1,0x0,
0x0,0x0,0x0,0x0,0x0,0x0,0x0,0x0,
0x36,0x0,0x30,0x1,0x36,0x0,0x40,0x2,
0x47,0x0,0x0,0x0,0x0,0x0,0x1,0x0,
0x0,0x0,0x0,0x0,0x0,0x0,0x0,0x0,
0x35,0x0,0x30,0x1,0x35,0x0,0x50,0x2,
0x46,0x0,0x0,0x0,0x0,0x0,0x1,0x0,
0x1,0x0,0x0,0x0,0x0,0x0,0x0,0x0,
0x34,0x0,0x30,0x1,0x34,0x0,0x60,0x2,
0x44,0x0,0x0,0x0,0x0,0x0,0x3,0x0,
0x0,0x0,0x0,0x0,0x45,0x0,0x0,0x0,
0x33,0x0,0x50,0x1,0x33,0x0,0xf0,0x1,
0x42,0x0,0x0,0x0,0x0,0x0,0x3,0x0,
0x0,0x0,0x0,0x0,0x43,0x0,0x0,0x0,
0x32,0x0,0x50,0x1,0x32,0x0,0x10,0x2,
0x41,0x0,0x0,0x0,0x0,0x0,0x2,0x0,
0x2,0x0,0x0,0x0,0x0,0x0,0x0,0x0,
0x31,0x0,0x30,0x1,0x31,0x0,0x90,0x1,
0x40,0x0,0x0,0x0,0x0,0x0,0x3,0x0,
0x0,0x0,0x0,0x0,0x0,0x0,0x0,0x0,
0x30,0x0,0x50,0x1,0x30,0x0,0x30,0x2,
0x3f,0x0,0x0,0x0,0x0,0x0,0x2,0x0,
0x4,0x0,0x0,0x0,0x0,0x0,0x0,0x0,
0x2f,0x0,0x20,0x1,0x2f,0x0,0x40,0x2,
0x3d,0x0,0x0,0x0,0x0,0x0,0x7,0x0,
0x10,0x0,0x0,0x0,0x0,0x0,0x0,0x0,
0x2e,0x0,0x20,0x1,0x2e,0x0,0x10,0x2,
0x3b,0x0,0x0,0x0,0x8,0x0,0x7,0x0,
0xf,0x0,0x0,0x0,0x0,0x0,0x0,0x0,
0x2d,0x0,0xc0,0x1,0x2d,0x0,0x10,0x3,
0x39,0x0,0x0,0x0,0x8,0x0,0x7,0x0,
0xe,0x0,0x0,0x0,0x0,0x0,0x0,0x0,
0x2c,0x0,0xb0,0x1,0x2c,0x0,0x50,0x2,
0x37,0x0,0x0,0x0,0x8,0x0,0x7,0x0,
0xd,0x0,0x0,0x0,0x0,0x0,0x0,0x0,
0x2b,0x0,0xb0,0x1,0x2b,0x0,0x60,0x2,
0x35,0x0,0x0,0x0,0x8,0x0,0x7,0x0,
0xc,0x0,0x0,0x0,0x0,0x0,0x0,0x0,
0x2a,0x0,0xb0,0x1,0x2a,0x0,0xf0,0x2,
0x33,0x0,0x0,0x0,0x0,0x0,0x7,0x0,
0xb,0x0,0x0,0x0,0x0,0x0,0x0,0x0,
0x29,0x0,0x20,0x1,0x29,0x0,0x20,0x3,
0x32,0x0,0x0,0x0,0x0,0x0,0x2,0x0,
0x3,0x0,0x0,0x0,0x0,0x0,0x0,0x0,
0x28,0x0,0x30,0x1,0x28,0x0,0xc0,0x2,
0x31,0x0,0x0,0x0,0x0,0x0,0x1,0x0,
0x0,0x0,0x0,0x0,0x0,0x0,0x0,0x0,
0x27,0x0,0x30,0x1,0x27,0x0,0x0,0x3,
0x30,0x0,0x0,0x0,0x0,0x0,0x1,0x0,
0x0,0x0,0x0,0x0,0x0,0x0,0x0,0x0,
0x26,0x0,0x30,0x1,0x26,0x0,0xd0,0x2,
0x2f,0x0,0x0,0x0,0x0,0x0,0x2,0x0,
0x0,0x0,0x0,0x0,0x0,0x0,0x0,0x0,
0x25,0x0,0x20,0x1,0x25,0x0,0xc0,0x2,
0x2e,0x0,0x0,0x0,0x0,0x0,0x1,0x0,
0x0,0x0,0x0,0x0,0x0,0x0,0x0,0x0,
0x24,0x0,0x30,0x1,0x24,0x0,0x90,0x2,
0x2d,0x0,0x0,0x0,0x0,0x0,0x1,0x0,
0x0,0x0,0x0,0x0,0x0,0x0,0x0,0x0,
0x23,0x0,0x30,0x1,0x23,0x0,0x20,0x3,
0x2c,0x0,0x0,0x0,0x0,0x0,0x2,0x0,
0x2,0x0,0x0,0x0,0x0,0x0,0x0,0x0,
0x22,0x0,0x30,0x1,0x22,0x0,0xa0,0x2,
0x2b,0x0,0x0,0x0,0x0,0x0,0x2,0x0,
0x0,0x0,0x0,0x0,0x0,0x0,0x0,0x0,
0x21,0x0,0x20,0x1,0x21,0x0,0x70,0x2,
0x2a,0x0,0x0,0x0,0x0,0x0,0x1,0x0,
0x0,0x0,0x0,0x0,0x0,0x0,0x0,0x0,
0x20,0x0,0x30,0x1,0x20,0x0,0x20,0x2,
0x29,0x0,0x0,0x0,0x0,0x0,0x2,0x0,
0x1,0x0,0x0,0x0,0x0,0x0,0x0,0x0,
0x1f,0x0,0x20,0x1,0x1f,0x0,0x20,0x2,
0x28,0x0,0x0,0x0,0x0,0x0,0x1,0x0,
0x0,0x0,0x0,0x0,0x0,0x0,0x0,0x0,
0x1e,0x0,0x30,0x1,0x1e,0x0,0xb0,0x2,
0x27,0x0,0x0,0x0,0x0,0x0,0x2,0x0,
0x0,0x0,0x0,0x0,0x0,0x0,0x0,0x0,
0x1d,0x0,0x20,0x1,0x1d,0x0,0x30,0x2,
0x26,0x0,0x0,0x0,0x0,0x0,0x1,0x0,
0x0,0x0,0x0,0x0,0x0,0x0,0x0,0x0,
0x1c,0x0,0x30,0x1,0x1c,0x0,0xb0,0x2,
0x24,0x0,0x0,0x0,0x0,0x0,0x7,0x0,
0xa,0x0,0x0,0x0,0x0,0x0,0x0,0x0,
0x1b,0x0,0x20,0x1,0x1b,0x0,0xc0,0x2,
0x22,0x0,0x0,0x0,0x0,0x0,0x7,0x0,
0x9,0x0,0x0,0x0,0x0,0x0,0x0,0x0,
0x1a,0x0,0x20,0x1,0x1a,0x0,0x70,0x2,
0x20,0x0,0x0,0x0,0x0,0x0,0x7,0x0,
0x8,0x0,0x0,0x0,0x0,0x0,0x0,0x0,
0x19,0x0,0x20,0x1,0x19,0x0,0xa0,0x2,
0x1e,0x0,0x0,0x0,0x0,0x0,0x7,0x0,
0x7,0x0,0x0,0x0,0x0,0x0,0x0,0x0,
0x18,0x0,0x20,0x1,0x18,0x0,0x50,0x2,
0x1d,0x0,0x0,0x0,0x0,0x0,0x4,0x0,
0x0,0x0,0x0,0x0,0x0,0x0,0x0,0x0,
0x17,0x0,0x20,0x1,0x17,0x0,0x50,0x2,
0x1c,0x0,0x0,0x0,0x0,0x0,0x2,0x0,
0x0,0x0,0x0,0x0,0x0,0x0,0x0,0x0,
0x16,0x0,0x20,0x1,0x16,0x0,0xb0,0x2,
0x1a,0x0,0x0,0x0,0x0,0x0,0x7,0x0,
0x6,0x0,0x0,0x0,0x0,0x0,0x0,0x0,
0x15,0x0,0x20,0x1,0x15,0x0,0x10,0x2,
0x19,0x0,0x0,0x0,0x0,0x0,0x3,0x0,
0x0,0x0,0x0,0x0,0x0,0x0,0x0,0x0,
0x14,0x0,0x50,0x1,0x14,0x0,0x20,0x2,
0x17,0x0,0x0,0x0,0x0,0x0,0x7,0x0,
0x5,0x0,0x0,0x0,0x0,0x0,0x0,0x0,
0x13,0x0,0x20,0x1,0x13,0x0,0xd0,0x1,
0x15,0x0,0x0,0x0,0x0,0x0,0x7,0x0,
0x4,0x0,0x0,0x0,0x0,0x0,0x0,0x0,
0x12,0x0,0x20,0x1,0x12,0x0,0x20,0x2,
0x13,0x0,0x0,0x0,0x0,0x0,0x3,0x0,
0x0,0x0,0x0,0x0,0x14,0x0,0x0,0x0,
0x11,0x0,0x50,0x1,0x11,0x0,0x40,0x2,
0x12,0x0,0x0,0x0,0x0,0x0,0x1,0x0,
0x1,0x0,0x0,0x0,0x0,0x0,0x0,0x0,
0x10,0x0,0x30,0x1,0x10,0x0,0x50,0x2,
0x10,0x0,0x0,0x0,0x0,0x0,0x3,0x0,
0x0,0x0,0x0,0x0,0x11,0x0,0x0,0x0,
0xf,0x0,0x50,0x1,0xf,0x0,0x40,0x2,
0xe,0x0,0x0,0x0,0x0,0x0,0x7,0x0,
0x3,0x0,0x0,0x0,0x0,0x0,0x0,0x0,
0xe,0x0,0x20,0x1,0xe,0x0,0xd0,0x1,
0xc,0x0,0x0,0x0,0x0,0x0,0x7,0x0,
0x2,0x0,0x0,0x0,0x0,0x0,0x0,0x0,
0xd,0x0,0x20,0x1,0xd,0x0,0x40,0x2,
0xa,0x0,0x0,0x0,0x0,0x0,0x7,0x0,
0x1,0x0,0x0,0x0,0x0,0x0,0x0,0x0,
0xc,0x0,0x20,0x1,0xc,0x0,0xf0,0x1,
0x8,0x0,0x0,0x0,0x0,0x0,0x7,0x0,
0x0,0x0,0x0,0x0,0x0,0x0,0x0,0x0,
0xb,0x0,0x50,0x1,0xb,0x0,0x40,0x2,
0x7,0x0,0x0,0x0,0x0,0x0,0x4,0x0,
0x0,0x0,0x0,0x0,0x0,0x0,0x0,0x0,
0xa,0x0,0x20,0x1,0xa,0x0,0xf0,0x1,
0x0,0x0,0x0,0x0,0x0,0x0,0x8,0x0,
0x1,0x0,0x0,0x0,0x0,0x0,0x0,0x0,
0x48,0x0,0x50,0x0,0x48,0x0,0x50,0x0,
0x0,0x0,0x0,0x0,0x0,0x0,0x8,0x0,
0x2,0x0,0x0,0x0,0x0,0x0,0x0,0x0,
0x4f,0x0,0x50,0x0,0x4f,0x0,0x50,0x0,
0x0,0x0,0x0,0x0,0x0,0x0,0x8,0x0,
0x3,0x0,0x0,0x0,0x0,0x0,0x0,0x0,
0x56,0x0,0x50,0x0,0x56,0x0,0x50,0x0,
0x0,0x0,0x0,0x0,0x0,0x0,0x8,0x0,
0x4,0x0,0x0,0x0,0x0,0x0,0x0,0x0,
0x5d,0x0,0x50,0x0,0x5d,0x0,0x50,0x0,
0x0,0x0,0x0,0x0,0x0,0x0,0x8,0x0,
0x6,0x0,0x0,0x0,0x0,0x0,0x0,0x0,
0x97,0x0,0x50,0x0,0x97,0x0,0x50,0x0,
0x0,0x0,0x0,0x0,0x0,0x0,0x8,0x0,
0x7,0x0,0x0,0x0,0x0,0x0,0x0,0x0,
0x9c,0x0,0x50,0x0,0x9c,0x0,0x50,0x0,
0x0,0x0,0x0,0x0,0x0,0x0,0x8,0x0,
0x9,0x0,0x0,0x0,0x0,0x0,0x0,0x0,
0xa1,0x0,0x50,0x0,0xa1,0x0,0x50,0x0,
0x0,0x0,0x0,0x0,0x0,0x0,0x8,0x0,
0x2b,0x0,0x0,0x0,0x0,0x0,0x0,0x0,
0x2b,0x1,0x50,0x0,0x2b,0x1,0x50,0x0,
0x0,0x0,0x0,0x0,0x0,0x0,0x8,0x0,
0x39,0x0,0x0,0x0,0x0,0x0,0x0,0x0,
0x84,0x1,0x50,0x0,0x84,0x1,0x50,0x0,
0x0,0x0,0x0,0x0,0x0,0x0,0x8,0x0,
0x43,0x0,0x0,0x0,0x0,0x0,0x0,0x0,
0xb4,0x1,0x50,0x0,0xb4,0x1,0x50,0x0,
0x0,0x0,0x0,0x0,0x0,0x0,0x8,0x0,
0x60,0x0,0x0,0x0,0x0,0x0,0x0,0x0,
0x31,0x2,0x50,0x0,0x31,0x2,0x50,0x0,
0x0,0x0,0x0,0x0,0x0,0x0,0x8,0x0,
0x85,0x0,0x0,0x0,0x0,0x0,0x0,0x0,
0xfc,0x2,0x50,0x0,0xfc,0x2,0x50,0x0,
0x76,0x0,0x0,0x0,0x0,0x0,0x9,0x0,
0x5,0x0,0x0,0x0,0x0,0x0,0x0,0x0,
0x91,0x0,0x50,0x0,0x91,0x0,0xf0,0x0,
0x0,0x0,0x0,0x0,0x5b,0x0,0x0,0x0,
0x5c,0x0,0x0,0x0,0x0,0x0,0xff,0xff,
0xff,0xff,0xff,0xff,0x0,0x0,0x0,0x0,
0x54,0x0,0x0,0x0,0x54,0x0,0x0,0x0,
0x54,0x0,0x0,0x0,0x0,0x0,0x0,0x0,
0x54,0x0,0x0,0x0,0x54,0x0,0x0,0x0,
0x0,0x0,0x3,0x0,0x54,0x0,0x0,0x0,
0x0,0x0,0x0,0x0,0x9c,0x0,0x0,0x0,
0x48,0x0,0x50,0x0,0x49,0x0,0x90,0x0,
0x9c,0x0,0x0,0x0,0x0,0x0,0x0,0x0,
0x9c,0x0,0x0,0x0,0x0,0x0,0x0,0x0,
0x5f,0x0,0x0,0x0,0x0,0x0,0x7,0x0,
0x54,0x0,0x0,0x0,0x0,0x0,0x0,0x0,
0x4c,0x0,0x90,0x0,0x4c,0x0,0x60,0x1,
0x5e,0x0,0x0,0x0,0x0,0x0,0x1,0x0,
0x0,0x0,0x0,0x0,0x0,0x0,0x0,0x0,
0x4b,0x0,0x90,0x0,0x4b,0x0,0x10,0x1,
0x5d,0x0,0x0,0x0,0x0,0x0,0x2,0x0,
0x7,0x0,0x0,0x0,0x0,0x0,0x0,0x0,
0x4a,0x0,0x90,0x0,0x4a,0x0,0x30,0x1,
0x0,0x0,0x0,0x0,0x5b,0x0,0x0,0x0,
0x61,0x0,0x0,0x0,0x0,0x0,0xff,0xff,
0xff,0xff,0xff,0xff,0x0,0x0,0x0,0x0,
0x54,0x0,0x0,0x0,0x54,0x0,0x0,0x0,
0x54,0x0,0x0,0x0,0x0,0x0,0x0,0x0,
0x54,0x0,0x0,0x0,0x54,0x0,0x0,0x0,
0x0,0x0,0x3,0x0,0x54,0x0,0x0,0x0,
0x0,0x0,0x0,0x0,0x9c,0x0,0x0,0x0,
0x4f,0x0,0x50,0x0,0x50,0x0,0x90,0x0,
0x9c,0x0,0x0,0x0,0x0,0x0,0x0,0x0,
0x9c,0x0,0x0,0x0,0x0,0x0,0x0,0x0,
0x5f,0x0,0x0,0x0,0x0,0x0,0x7,0x0,
0x55,0x0,0x0,0x0,0x0,0x0,0x0,0x0,
0x53,0x0,0x90,0x0,0x53,0x0,0x60,0x1,
0x5e,0x0,0x0,0x0,0x0,0x0,0x1,0x0,
0x0,0x0,0x0,0x0,0x0,0x0,0x0,0x0,
0x52,0x0,0x90,0x0,0x52,0x0,0x10,0x1,
0x5d,0x0,0x0,0x0,0x0,0x0,0x2,0x0,
0x8,0x0,0x0,0x0,0x0,0x0,0x0,0x0,
0x51,0x0,0x90,0x0,0x51,0x0,0x30,0x1,
0x0,0x0,0x0,0x0,0x5b,0x0,0x0,0x0,
0x62,0x0,0x0,0x0,0x0,0x0,0xff,0xff,
0xff,0xff,0xff,0xff,0x0,0x0,0x0,0x0,
0x54,0x0,0x0,0x0,0x54,0x0,0x0,0x0,
0x54,0x0,0x0,0x0,0x0,0x0,0x0,0x0,
0x54,0x0,0x0,0x0,0x54,0x0,0x0,0x0,
0x0,0x0,0x3,0x0,0x54,0x0,0x0,0x0,
0x0,0x0,0x0,0x0,0x9c,0x0,0x0,0x0,
0x56,0x0,0x50,0x0,0x57,0x0,0x90,0x0,
0x9c,0x0,0x0,0x0,0x0,0x0,0x0,0x0,
0x9c,0x0,0x0,0x0,0x0,0x0,0x0,0x0,
0x5f,0x0,0x0,0x0,0x0,0x0,0x7,0x0,
0x56,0x0,0x0,0x0,0x0,0x0,0x0,0x0,
0x5a,0x0,0x90,0x0,0x5a,0x0,0x60,0x1,
0x5e,0x0,0x0,0x0,0x0,0x0,0x1,0x0,
0x0,0x0,0x0,0x0,0x0,0x0,0x0,0x0,
0x59,0x0,0x90,0x0,0x59,0x0,0x10,0x1,
0x5d,0x0,0x0,0x0,0x0,0x0,0x2,0x0,
0x9,0x0,0x0,0x0,0x0,0x0,0x0,0x0,
0x58,0x0,0x90,0x0,0x58,0x0,0x30,0x1,
0x0,0x0,0x0,0x0,0x5b,0x0,0x0,0x0,
0x63,0x0,0x0,0x0,0x0,0x0,0xff,0xff,
0xff,0xff,0xff,0xff,0x0,0x0,0x0,0x0,
0x54,0x0,0x0,0x0,0x54,0x0,0x0,0x0,
0x54,0x0,0x0,0x0,0x0,0x0,0x0,0x0,
0x54,0x0,0x0,0x0,0x54,0x0,0x0,0x0,
0x0,0x0,0x3,0x0,0x54,0x0,0x0,0x0,
0x0,0x0,0x0,0x0,0x9c,0x0,0x0,0x0,
0x5d,0x0,0x50,0x0,0x5e,0x0,0x90,0x0,
0x9c,0x0,0x0,0x0,0x0,0x0,0x0,0x0,
0x9c,0x0,0x0,0x0,0x0,0x0,0x0,0x0,
0x5f,0x0,0x0,0x0,0x0,0x0,0x7,0x0,
0x57,0x0,0x0,0x0,0x0,0x0,0x0,0x0,
0x61,0x0,0x90,0x0,0x61,0x0,0x60,0x1,
0x5e,0x0,0x0,0x0,0x0,0x0,0x1,0x0,
0x0,0x0,0x0,0x0,0x0,0x0,0x0,0x0,
0x60,0x0,0x90,0x0,0x60,0x0,0x10,0x1,
0x5d,0x0,0x0,0x0,0x0,0x0,0x2,0x0,
0xa,0x0,0x0,0x0,0x0,0x0,0x0,0x0,
0x5f,0x0,0x90,0x0,0x5f,0x0,0x30,0x1,
0x0,0x0,0x0,0x0,0x0,0x0,0x0,0x0,
0x0,0x0,0x0,0x0,0x0,0x0,0xff,0xff,
0xff,0xff,0xff,0xff,0x0,0x0,0x0,0x0,
0x54,0x0,0x0,0x0,0x54,0x0,0x0,0x0,
0x54,0x0,0x0,0x0,0x0,0x0,0x0,0x0,
0x54,0x0,0x0,0x0,0x54,0x0,0x0,0x0,
0x0,0x0,0x1,0x0,0x54,0x0,0x0,0x0,
0x0,0x0,0x0,0x0,0x6c,0x0,0x0,0x0,
0x91,0x0,0x50,0x0,0x0,0x0,0x0,0x0,
0x6c,0x0,0x0,0x0,0x0,0x0,0x0,0x0,
0x6c,0x0,0x0,0x0,0x0,0x0,0x0,0x0,
0x77,0x0,0x0,0x0,0x0,0x0,0x7,0x0,
0x58,0x0,0x0,0x0,0x0,0x0,0x0,0x0,
0x91,0x0,0xf0,0x0,0x91,0x0,0xc0,0x1,
0x0,0x0,0x0,0x0,0x79,0x0,0x0,0x0,
0x7a,0x0,0x0,0x0,0x0,0x0,0xff,0xff,
0xff,0xff,0xff,0xff,0x0,0x0,0x0,0x0,
0x54,0x0,0x0,0x0,0x54,0x0,0x0,0x0,
0x54,0x0,0x0,0x0,0x0,0x0,0x0,0x0,
0x54,0x0,0x0,0x0,0x54,0x0,0x0,0x0,
0x0,0x0,0x1,0x0,0x54,0x0,0x0,0x0,
0x0,0x0,0x0,0x0,0x6c,0x0,0x0,0x0,
0x97,0x0,0x50,0x0,0x98,0x0,0x90,0x0,
0x6c,0x0,0x0,0x0,0x0,0x0,0x0,0x0,
0x6c,0x0,0x0,0x0,0x0,0x0,0x0,0x0,
0x7b,0x0,0x0,0x0,0x0,0x0,0x7,0x0,
0x59,0x0,0x0,0x0,0x0,0x0,0x0,0x0,
0x99,0x0,0x90,0x0,0x99,0x0,0x10,0x1,
0x0,0x0,0x0,0x0,0x7d,0x0,0x0,0x0,
0x0,0x0,0x0,0x0,0x0,0x0,0xff,0xff,
0xff,0xff,0xff,0xff,0x0,0x0,0x0,0x0,
0x54,0x0,0x0,0x0,0x54,0x0,0x0,0x0,
0x54,0x0,0x0,0x0,0x0,0x0,0x0,0x0,
0x54,0x0,0x0,0x0,0x54,0x0,0x0,0x0,
0x0,0x0,0x2,0x0,0x54,0x0,0x0,0x0,
0x0,0x0,0x0,0x0,0x84,0x0,0x0,0x0,
0x9c,0x0,0x50,0x0,0x0,0x0,0x0,0x0,
0x84,0x0,0x0,0x0,0x0,0x0,0x0,0x0,
0x84,0x0,0x0,0x0,0x0,0x0,0x0,0x0,
0x81,0x0,0x0,0x0,0x0,0x0,0x7,0x0,
0x5a,0x0,0x0,0x0,0x0,0x0,0x0,0x0,
0x9e,0x0,0x90,0x0,0x9e,0x0,0x0,0x1,
0x7e,0x0,0x0,0x0,0x0,0x0,0xa,0x0,
0x8,0x0,0x0,0x0,0x0,0x0,0x0,0x0,
0x9d,0x0,0x90,0x0,0x9d,0x0,0x10,0x1,
0x0,0x0,0x0,0x0,0x0,0x0,0x0,0x0,
0x0,0x0,0x0,0x0,0x0,0x0,0xff,0xff,
0xff,0xff,0xff,0xff,0x0,0x0,0x0,0x0,
0x54,0x0,0x0,0x0,0x54,0x0,0x0,0x0,
0x54,0x0,0x0,0x0,0x0,0x0,0x0,0x0,
0x54,0x0,0x0,0x0,0x54,0x0,0x0,0x0,
0x0,0x0,0x1,0x0,0x54,0x0,0x0,0x0,
0x0,0x0,0x0,0x0,0x6c,0x0,0x0,0x0,
0x9d,0x0,0x90,0x0,0x0,0x0,0x0,0x0,
0x6c,0x0,0x0,0x0,0x0,0x0,0x0,0x0,
0x6c,0x0,0x0,0x0,0x0,0x0,0x0,0x0,
0x7f,0x0,0x0,0x0,0x0,0x0,0x7,0x0,
0x5b,0x0,0x0,0x0,0x0,0x0,0x0,0x0,
0x9d,0x0,0x10,0x1,0x9d,0x0,0x70,0x1,
0x0,0x0,0x0,0x0,0x7d,0x0,0x0,0x0,
0x83,0x0,0x0,0x0,0x0,0x0,0xff,0xff,
0xff,0xff,0xff,0xff,0x0,0x0,0x0,0x0,
0x54,0x0,0x0,0x0,0x54,0x0,0x0,0x0,
0x54,0x0,0x0,0x0,0x0,0x0,0x0,0x0,
0x54,0x0,0x0,0x0,0x54,0x0,0x0,0x0,
0x0,0x0,0x7,0x0,0x54,0x0,0x0,0x0,
0x0,0x0,0x0,0x0,0xfc,0x0,0x0,0x0,
0xa1,0x0,0x50,0x0,0xa2,0x0,0x90,0x0,
0xfc,0x0,0x0,0x0,0x0,0x0,0x0,0x0,
0xfc,0x0,0x0,0x0,0x0,0x0,0x0,0x0,
0x81,0x0,0x0,0x0,0x0,0x0,0x7,0x0,
0x5e,0x0,0x0,0x0,0x0,0x0,0x0,0x0,
0xab,0x0,0x90,0x0,0xab,0x0,0x0,0x1,
0x8e,0x0,0x0,0x0,0x0,0x0,0x1,0x0,
0x1,0x0,0x0,0x0,0x0,0x0,0x0,0x0,
0xaa,0x0,0x90,0x0,0xaa,0x0,0xf0,0x0,
0x8c,0x0,0x0,0x0,0x0,0x0,0x7,0x0,
0x5d,0x0,0x0,0x0,0x0,0x0,0x0,0x0,
0xa9,0x0,0x90,0x0,0xa9,0x0,0x20,0x1,
0x8a,0x0,0x0,0x0,0x0,0x0,0x7,0x0,
0x5c,0x0,0x0,0x0,0x0,0x0,0x0,0x0,
0xa8,0x0,0x90,0x0,0xa8,0x0,0x0,0x1,
0x0,0x0,0x0,0x0,0x0,0x0,0x8,0x0,
0xc,0x0,0x0,0x0,0x0,0x0,0x0,0x0,
0xae,0x0,0x90,0x0,0xae,0x0,0x90,0x0,
0x8f,0x0,0x0,0x0,0x0,0x0,0xa,0x0,
0xb,0x0,0x0,0x0,0x0,0x0,0x0,0x0,
0xac,0x0,0x90,0x0,0xac,0x0,0x0,0x1,
0x7e,0x0,0x0,0x0,0x0,0x0,0xa,0x0,
0xa,0x0,0x0,0x0,0x0,0x0,0x0,0x0,
0xa3,0x0,0x90,0x0,0xa3,0x0,0x90,0x0,
0x0,0x0,0x0,0x0,0x0,0x0,0x0,0x0,
0x0,0x0,0x0,0x0,0x0,0x0,0xff,0xff,
0xff,0xff,0xff,0xff,0x0,0x0,0x0,0x0,
0x54,0x0,0x0,0x0,0x54,0x0,0x0,0x0,
0x54,0x0,0x0,0x0,0x0,0x0,0x0,0x0,
0x54,0x0,0x0,0x0,0x54,0x0,0x0,0x0,
0x0,0x0,0x3,0x0,0x54,0x0,0x0,0x0,
0x0,0x0,0x0,0x0,0x9c,0x0,0x0,0x0,
0xa3,0x0,0x90,0x0,0x0,0x0,0x0,0x0,
0x9c,0x0,0x0,0x0,0x0,0x0,0x0,0x0,
0x9c,0x0,0x0,0x0,0x0,0x0,0x0,0x0,
0x88,0x0,0x0,0x0,0x0,0x0,0x7,0x0,
0x61,0x0,0x0,0x0,0x0,0x0,0x0,0x0,
0xa6,0x0,0xd0,0x0,0xa6,0x0,0x30,0x1,
0x86,0x0,0x0,0x0,0x0,0x0,0x7,0x0,
0x60,0x0,0x0,0x0,0x0,0x0,0x0,0x0,
0xa5,0x0,0xd0,0x0,0xa5,0x0,0x50,0x1,
0x84,0x0,0x0,0x0,0x0,0x0,0x7,0x0,
0x5f,0x0,0x0,0x0,0x0,0x0,0x0,0x0,
0xa4,0x0,0xd0,0x0,0xa4,0x0,0x20,0x1,
0x0,0x0,0x0,0x0,0x0,0x0,0x0,0x0,
0x0,0x0,0x0,0x0,0x0,0x0,0xff,0xff,
0xff,0xff,0xff,0xff,0x0,0x0,0x0,0x0,
0x54,0x0,0x0,0x0,0x54,0x0,0x0,0x0,
0x54,0x0,0x0,0x0,0x0,0x0,0x0,0x0,
0x54,0x0,0x0,0x0,0x54,0x0,0x0,0x0,
0x0,0x0,0x1,0x0,0x54,0x0,0x0,0x0,
0x0,0x0,0x0,0x0,0x6c,0x0,0x0,0x0,
0xac,0x0,0x90,0x0,0x0,0x0,0x0,0x0,
0x6c,0x0,0x0,0x0,0x0,0x0,0x0,0x0,
0x6c,0x0,0x0,0x0,0x0,0x0,0x0,0x0,
0x81,0x0,0x0,0x0,0x0,0x0,0x7,0x0,
0x62,0x0,0x0,0x0,0x0,0x0,0x0,0x0,
0xac,0x0,0x0,0x1,0xac,0x0,0x70,0x1,
0x0,0x0,0x0,0x0,0x90,0x0,0x0,0x0,
0x0,0x0,0x0,0x0,0x0,0x0,0xff,0xff,
0xff,0xff,0xff,0xff,0x0,0x0,0x0,0x0,
0x54,0x0,0x0,0x0,0x54,0x0,0x0,0x0,
0x54,0x0,0x0,0x0,0x0,0x0,0x0,0x0,
0x54,0x0,0x0,0x0,0x54,0x0,0x0,0x0,
0x0,0x0,0x4,0x0,0x54,0x0,0x0,0x0,
0x0,0x0,0x0,0x0,0xb4,0x0,0x0,0x0,
0xae,0x0,0x90,0x0,0x0,0x0,0x0,0x0,
0xb4,0x0,0x0,0x0,0x0,0x0,0x0,0x0,
0xb4,0x0,0x0,0x0,0x0,0x0,0x0,0x0,
0x91,0x0,0x0,0x0,0x0,0x0,0x2,0x0,
0x4,0x0,0x0,0x0,0x0,0x0,0x0,0x0,
0xb0,0x0,0xd0,0x0,0xb0,0x0,0x60,0x1,
0x0,0x0,0x0,0x0,0x0,0x0,0x8,0x0,
0xe,0x0,0x0,0x0,0x0,0x0,0x0,0x0,
0xb2,0x0,0xd0,0x0,0xb2,0x0,0xd0,0x0,
0x0,0x0,0x0,0x0,0x0,0x0,0x8,0x0,
0x2a,0x0,0x0,0x0,0x0,0x0,0x0,0x0,
0x1d,0x1,0xd0,0x0,0x1d,0x1,0xd0,0x0,
0x7e,0x0,0x0,0x0,0x0,0x0,0xa,0x0,
0xd,0x0,0x0,0x0,0x0,0x0,0x0,0x0,
0xaf,0x0,0xd0,0x0,0xaf,0x0,0x50,0x1,
0x0,0x0,0x0,0x0,0x0,0x0,0x0,0x0,
0x0,0x0,0x0,0x0,0x0,0x0,0xff,0xff,
0xff,0xff,0xff,0xff,0x0,0x0,0x0,0x0,
0x54,0x0,0x0,0x0,0x54,0x0,0x0,0x0,
0x54,0x0,0x0,0x0,0x0,0x0,0x0,0x0,
0x54,0x0,0x0,0x0,0x54,0x0,0x0,0x0,
0x0,0x0,0x1,0x0,0x54,0x0,0x0,0x0,
0x0,0x0,0x0,0x0,0x6c,0x0,0x0,0x0,
0xaf,0x0,0xd0,0x0,0x0,0x0,0x0,0x0,
0x6c,0x0,0x0,0x0,0x0,0x0,0x0,0x0,
0x6c,0x0,0x0,0x0,0x0,0x0,0x0,0x0,
0x7f,0x0,0x0,0x0,0x0,0x0,0x7,0x0,
0x63,0x0,0x0,0x0,0x0,0x0,0x0,0x0,
0xaf,0x0,0x50,0x1,0xaf,0x0,0xb0,0x1,
0x0,0x0,0x0,0x0,0x7d,0x0,0x0,0x0,
0x0,0x0,0x0,0x0,0x0,0x0,0xff,0xff,
0xff,0xff,0xff,0xff,0x0,0x0,0x0,0x0,
0x54,0x0,0x0,0x0,0x54,0x0,0x0,0x0,
0x54,0x0,0x0,0x0,0x0,0x0,0x0,0x0,
0x54,0x0,0x0,0x0,0x54,0x0,0x0,0x0,
0x0,0x0,0x5,0x0,0x54,0x0,0x0,0x0,
0x0,0x0,0x0,0x0,0xcc,0x0,0x0,0x0,
0xb2,0x0,0xd0,0x0,0x0,0x0,0x0,0x0,
0xcc,0x0,0x0,0x0,0x0,0x0,0x0,0x0,
0xcc,0x0,0x0,0x0,0x0,0x0,0x0,0x0,
0x81,0x0,0x0,0x0,0x0,0x0,0x7,0x0,
0x65,0x0,0x0,0x0,0x0,0x0,0x0,0x0,
0xb5,0x0,0x10,0x1,0xb5,0x0,0x80,0x1,
0x92,0x0,0x0,0x0,0x0,0x0,0x2,0x0,
0xb,0x0,0x0,0x0,0x0,0x0,0x0,0x0,
0xb4,0x0,0x10,0x1,0xb4,0x0,0x90,0x1,
0x8a,0x0,0x0,0x0,0x0,0x0,0x7,0x0,
0x64,0x0,0x0,0x0,0x0,0x0,0x0,0x0,
0xb3,0x0,0x10,0x1,0xb3,0x0,0x80,0x1,
0x0,0x0,0x0,0x0,0x0,0x0,0x8,0x0,
0x10,0x0,0x0,0x0,0x0,0x0,0x0,0x0,
0xb8,0x0,0x10,0x1,0xb8,0x0,0x10,0x1,
0x8f,0x0,0x0,0x0,0x0,0x0,0xa,0x0,
0xf,0x0,0x0,0x0,0x0,0x0,0x0,0x0,
0xb6,0x0,0x10,0x1,0xb6,0x0,0x80,0x1,
0x0,0x0,0x0,0x0,0x0,0x0,0x0,0x0,
0x0,0x0,0x0,0x0,0x0,0x0,0xff,0xff,
0xff,0xff,0xff,0xff,0x0,0x0,0x0,0x0,
0x54,0x0,0x0,0x0,0x54,0x0,0x0,0x0,
0x54,0x0,0x0,0x0,0x0,0x0,0x0,0x0,
0x54,0x0,0x0,0x0,0x54,0x0,0x0,0x0,
0x0,0x0,0x1,0x0,0x54,0x0,0x0,0x0,
0x0,0x0,0x0,0x0,0x6c,0x0,0x0,0x0,
0xb6,0x0,0x10,0x1,0x0,0x0,0x0,0x0,
0x6c,0x0,0x0,0x0,0x0,0x0,0x0,0x0,
0x6c,0x0,0x0,0x0,0x0,0x0,0x0,0x0,
0x81,0x0,0x0,0x0,0x0,0x0,0x7,0x0,
0x66,0x0,0x0,0x0,0x0,0x0,0x0,0x0,
0xb6,0x0,0x80,0x1,0xb6,0x0,0xf0,0x1,
0x0,0x0,0x0,0x0,0x7d,0x0,0x0,0x0,
0x0,0x0,0x0,0x0,0x0,0x0,0xff,0xff,
0xff,0xff,0xff,0xff,0x0,0x0,0x0,0x0,
0x54,0x0,0x0,0x0,0x54,0x0,0x0,0x0,
0x54,0x0,0x0,0x0,0x0,0x0,0x0,0x0,
0x54,0x0,0x0,0x0,0x54,0x0,0x0,0x0,
0x0,0x0,0x7,0x0,0x54,0x0,0x0,0x0,
0x0,0x0,0x0,0x0,0xfc,0x0,0x0,0x0,
0xb8,0x0,0x10,0x1,0x0,0x0,0x0,0x0,
0xfc,0x0,0x0,0x0,0x0,0x0,0x0,0x0,
0xfc,0x0,0x0,0x0,0x0,0x0,0x0,0x0,
0x81,0x0,0x0,0x0,0x0,0x0,0x7,0x0,
0x69,0x0,0x0,0x0,0x0,0x0,0x0,0x0,
0xbd,0x0,0x50,0x1,0xbd,0x0,0xc0,0x1,
0x95,0x0,0x0,0x0,0x0,0x0,0x7,0x0,
0x68,0x0,0x0,0x0,0x0,0x0,0x0,0x0,
0xbc,0x0,0x50,0x1,0xbc,0x0,0xd0,0x1,
0x92,0x0,0x0,0x0,0x0,0x0,0x2,0x0,
0xc,0x0,0x0,0x0,0x0,0x0,0x0,0x0,
0xbb,0x0,0x50,0x1,0xbb,0x0,0xd0,0x1,
0x8a,0x0,0x0,0x0,0x0,0x0,0x7,0x0,
0x67,0x0,0x0,0x0,0x0,0x0,0x0,0x0,
0xba,0x0,0x50,0x1,0xba,0x0,0xc0,0x1,
0x0,0x0,0x0,0x0,0x0,0x0,0x8,0x0,
0x13,0x0,0x0,0x0,0x0,0x0,0x0,0x0,
0xc0,0x0,0x50,0x1,0xc0,0x0,0x50,0x1,
0x8f,0x0,0x0,0x0,0x0,0x0,0xa,0x0,
0x12,0x0,0x0,0x0,0x0,0x0,0x0,0x0,
0xbe,0x0,0x50,0x1,0xbe,0x0,0xc0,0x1,
0x7e,0x0,0x0,0x0,0x0,0x0,0xa,0x0,
0x11,0x0,0x0,0x0,0x0,0x0,0x0,0x0,
0xb9,0x0,0x50,0x1,0xb9,0x0,0xd0,0x1,
0x0,0x0,0x0,0x0,0x0,0x0,0x0,0x0,
0x0,0x0,0x0,0x0,0x0,0x0,0xff,0xff,
0xff,0xff,0xff,0xff,0x0,0x0,0x0,0x0,
0x54,0x0,0x0,0x0,0x54,0x0,0x0,0x0,
0x54,0x0,0x0,0x0,0x0,0x0,0x0,0x0,
0x54,0x0,0x0,0x0,0x54,0x0,0x0,0x0,
0x0,0x0,0x1,0x0,0x54,0x0,0x0,0x0,
0x0,0x0,0x0,0x0,0x6c,0x0,0x0,0x0,
0xb9,0x0,0x50,0x1,0x0,0x0,0x0,0x0,
0x6c,0x0,0x0,0x0,0x0,0x0,0x0,0x0,
0x6c,0x0,0x0,0x0,0x0,0x0,0x0,0x0,
0x93,0x0,0x0,0x0,0x0,0x0,0x7,0x0,
0x6a,0x0,0x0,0x0,0x0,0x0,0x0,0x0,
0xb9,0x0,0xd0,0x1,0xb9,0x0,0x70,0x2,
0x0,0x0,0x0,0x0,0x0,0x0,0x0,0x0,
0x0,0x0,0x0,0x0,0x0,0x0,0xff,0xff,
0xff,0xff,0xff,0xff,0x0,0x0,0x0,0x0,
0x54,0x0,0x0,0x0,0x54,0x0,0x0,0x0,
0x54,0x0,0x0,0x0,0x0,0x0,0x0,0x0,
0x54,0x0,0x0,0x0,0x54,0x0,0x0,0x0,
0x0,0x0,0x1,0x0,0x54,0x0,0x0,0x0,
0x0,0x0,0x0,0x0,0x6c,0x0,0x0,0x0,
0xbe,0x0,0x50,0x1,0x0,0x0,0x0,0x0,
0x6c,0x0,0x0,0x0,0x0,0x0,0x0,0x0,
0x6c,0x0,0x0,0x0,0x0,0x0,0x0,0x0,
0x81,0x0,0x0,0x0,0x0,0x0,0x7,0x0,
0x6b,0x0,0x0,0x0,0x0,0x0,0x0,0x0,
0xbe,0x0,0xc0,0x1,0xbe,0x0,0x30,0x2,
0x0,0x0,0x0,0x0,0x97,0x0,0x0,0x0,
0x0,0x0,0x0,0x0,0x0,0x0,0xff,0xff,
0xff,0xff,0xff,0xff,0x0,0x0,0x2,0x0,
0x54,0x0,0x0,0x0,0x54,0x0,0x0,0x0,
0x6c,0x0,0x0,0x0,0x0,0x0,0x0,0x0,
0x6c,0x0,0x0,0x0,0x6c,0x0,0x0,0x0,
0x0,0x0,0x7,0x0,0x6c,0x0,0x0,0x0,
0x0,0x0,0x0,0x0,0x14,0x1,0x0,0x0,
0xc0,0x0,0x50,0x1,0x0,0x0,0x0,0x0,
0x14,0x1,0x0,0x0,0x0,0x0,0x0,0x0,
0x14,0x1,0x0,0x0,0x0,0x0,0x0,0x0,
0x99,0x0,0x0,0x0,0x2,0x0,0x0,0xa0,
0xc4,0x0,0x90,0x1,0x9b,0x0,0x0,0x0,
0x4,0x0,0x0,0xa0,0xc5,0x0,0x90,0x1,
0x9b,0x0,0x0,0x0,0x8,0x0,0x7,0x0,
0x6d,0x0,0x0,0x0,0x0,0x0,0x0,0x0,
0xc5,0x0,0x0,0x3,0xc5,0x0,0xe0,0x3,
0x99,0x0,0x0,0x0,0x8,0x0,0x7,0x0,
0x6c,0x0,0x0,0x0,0x0,0x0,0x0,0x0,
0xc4,0x0,0xf0,0x2,0xc4,0x0,0xd0,0x3,
0x91,0x0,0x0,0x0,0x0,0x0,0x2,0x0,
0xe,0x0,0x0,0x0,0x0,0x0,0x0,0x0,
0xc3,0x0,0x90,0x1,0xc3,0x0,0x20,0x2,
0x0,0x0,0x0,0x0,0x0,0x0,0x8,0x0,
0x15,0x0,0x0,0x0,0x0,0x0,0x0,0x0,
0xc7,0x0,0x90,0x1,0xc7,0x0,0x90,0x1,
0x0,0x0,0x0,0x0,0x0,0x0,0x8,0x0,
0x1c,0x0,0x0,0x0,0x0,0x0,0x0,0x0,
0xe3,0x0,0x90,0x1,0xe3,0x0,0x90,0x1,
0x0,0x0,0x0,0x0,0x0,0x0,0x8,0x0,
0x23,0x0,0x0,0x0,0x0,0x0,0x0,0x0,
0xfe,0x0,0x90,0x1,0xfe,0x0,0x90,0x1,
0x7e,0x0,0x0,0x0,0x0,0x0,0xa,0x0,
0x14,0x0,0x0,0x0,0x0,0x0,0x0,0x0,
0xc1,0x0,0x90,0x1,0xc1,0x0,0x10,0x2,
0x0,0x0,0x0,0x0,0x0,0x0,0x0,0x0,
0x0,0x0,0x0,0x0,0x0,0x0,0xff,0xff,
0xff,0xff,0xff,0xff,0x0,0x0,0x0,0x0,
0x54,0x0,0x0,0x0,0x54,0x0,0x0,0x0,
0x54,0x0,0x0,0x0,0x0,0x0,0x0,0x0,
0x54,0x0,0x0,0x0,0x54,0x0,0x0,0x0,
0x0,0x0,0x2,0x0,0x54,0x0,0x0,0x0,
0x0,0x0,0x0,0x0,0x84,0x0,0x0,0x0,
0xc1,0x0,0x90,0x1,0x0,0x0,0x0,0x0,
0x84,0x0,0x0,0x0,0x0,0x0,0x0,0x0,
0x84,0x0,0x0,0x0,0x0,0x0,0x0,0x0,
0x98,0x0,0x0,0x0,0x0,0x0,0x2,0x0,
0xd,0x0,0x0,0x0,0x0,0x0,0x0,0x0,
0xc2,0x0,0x10,0x2,0xc2,0x0,0xa0,0x2,
0x7f,0x0,0x0,0x0,0x0,0x0,0x7,0x0,
0x6e,0x0,0x0,0x0,0x0,0x0,0x0,0x0,
0xc1,0x0,0x10,0x2,0xc1,0x0,0x70,0x2,
0x0,0x0,0x0,0x0,0x7d,0x0,0x0,0x0,
0x9d,0x0,0x0,0x0,0x0,0x0,0xff,0xff,
0xff,0xff,0xff,0xff,0x0,0x0,0x0,0x0,
0x54,0x0,0x0,0x0,0x54,0x0,0x0,0x0,
0x54,0x0,0x0,0x0,0x0,0x0,0x0,0x0,
0x54,0x0,0x0,0x0,0x54,0x0,0x0,0x0,
0x0,0x0,0x7,0x0,0x54,0x0,0x0,0x0,
0x0,0x0,0x0,0x0,0xfc,0x0,0x0,0x0,
0xc7,0x0,0x90,0x1,0xc8,0x0,0xd0,0x1,
0xfc,0x0,0x0,0x0,0x0,0x0,0x0,0x0,
0xfc,0x0,0x0,0x0,0x0,0x0,0x0,0x0,
0x81,0x0,0x0,0x0,0x0,0x0,0x7,0x0,
0x72,0x0,0x0,0x0,0x0,0x0,0x0,0x0,
0xcc,0x0,0xd0,0x1,0xcc,0x0,0x40,0x2,
0x95,0x0,0x0,0x0,0x0,0x0,0x7,0x0,
0x71,0x0,0x0,0x0,0x0,0x0,0x0,0x0,
0xcb,0x0,0xd0,0x1,0xcb,0x0,0x50,0x2,
0x92,0x0,0x0,0x0,0x0,0x0,0x7,0x0,
0x70,0x0,0x0,0x0,0x0,0x0,0x0,0x0,
0xca,0x0,0xd0,0x1,0xca,0x0,0x50,0x2,
0x8a,0x0,0x0,0x0,0x0,0x0,0x7,0x0,
0x6f,0x0,0x0,0x0,0x0,0x0,0x0,0x0,
0xc9,0x0,0xd0,0x1,0xc9,0x0,0x40,0x2,
0x0,0x0,0x0,0x0,0x0,0x0,0x8,0x0,
0x17,0x0,0x0,0x0,0x0,0x0,0x0,0x0,
0xd0,0x0,0xd0,0x1,0xd0,0x0,0xd0,0x1,
0x0,0x0,0x0,0x0,0x0,0x0,0x8,0x0,
0x1a,0x0,0x0,0x0,0x0,0x0,0x0,0x0,
0xd8,0x0,0xd0,0x1,0xd8,0x0,0xd0,0x1,
0x8f,0x0,0x0,0x0,0x0,0x0,0xa,0x0,
0x16,0x0,0x0,0x0,0x0,0x0,0x0,0x0,
0xcd,0x0,0xd0,0x1,0xcd,0x0,0x40,0x2,
0x0,0x0,0x0,0x0,0x0,0x0,0x0,0x0,
0x0,0x0,0x0,0x0,0x0,0x0,0xff,0xff,
0xff,0xff,0xff,0xff,0x0,0x0,0x0,0x0,
0x54,0x0,0x0,0x0,0x54,0x0,0x0,0x0,
0x54,0x0,0x0,0x0,0x0,0x0,0x0,0x0,
0x54,0x0,0x0,0x0,0x54,0x0,0x0,0x0,
0x0,0x0,0x2,0x0,0x54,0x0,0x0,0x0,
0x0,0x0,0x0,0x0,0x84,0x0,0x0,0x0,
0xcd,0x0,0xd0,0x1,0x0,0x0,0x0,0x0,
0x84,0x0,0x0,0x0,0x0,0x0,0x0,0x0,
0x84,0x0,0x0,0x0,0x0,0x0,0x0,0x0,
0x8a,0x0,0x0,0x0,0x0,0x0,0x7,0x0,
0x74,0x0,0x0,0x0,0x0,0x0,0x0,0x0,
0xce,0x0,0x40,0x2,0xce,0x0,0xb0,0x2,
0x81,0x0,0x0,0x0,0x0,0x0,0x7,0x0,
0x73,0x0,0x0,0x0,0x0,0x0,0x0,0x0,
0xcd,0x0,0x40,0x2,0xcd,0x0,0xb0,0x2,
0x0,0x0,0x0,0x0,0x9f,0x0,0x0,0x0,
0x0,0x0,0x0,0x0,0x0,0x0,0xff,0xff,
0xff,0xff,0xff,0xff,0x0,0x0,0x0,0x0,
0x54,0x0,0x0,0x0,0x54,0x0,0x0,0x0,
0x54,0x0,0x0,0x0,0x0,0x0,0x0,0x0,
0x54,0x0,0x0,0x0,0x54,0x0,0x0,0x0,
0x0,0x0,0x4,0x0,0x54,0x0,0x0,0x0,
0x0,0x0,0x0,0x0,0xb4,0x0,0x0,0x0,
0xd0,0x0,0xd0,0x1,0x0,0x0,0x0,0x0,
0xb4,0x0,0x0,0x0,0x0,0x0,0x0,0x0,
0xb4,0x0,0x0,0x0,0x0,0x0,0x0,0x0,
0x81,0x0,0x0,0x0,0x0,0x0,0x7,0x0,
0x75,0x0,0x0,0x0,0x0,0x0,0x0,0x0,
0xd3,0x0,0x10,0x2,0xd3,0x0,0x80,0x2,
0xa0,0x0,0x0,0x0,0x0,0x0,0x3,0x0,
0x0,0x0,0x0,0x0,0xa1,0x0,0x0,0x0,
0xd2,0x0,0x10,0x2,0xd2,0x0,0x70,0x2,
0xa2,0x0,0x0,0x0,0x0,0x0,0xa,0x0,
0x19,0x0,0x0,0x0,0x0,0x0,0x0,0x0,
0xd4,0x0,0x10,0x2,0xd4,0x0,0x60,0x2,
0x7e,0x0,0x0,0x0,0x0,0x0,0xa,0x0,
0x18,0x0,0x0,0x0,0x0,0x0,0x0,0x0,
0xd1,0x0,0x10,0x2,0xd1,0x0,0x90,0x2,
0x0,0x0,0x0,0x0,0x0,0x0,0x0,0x0,
0x0,0x0,0x0,0x0,0x0,0x0,0xff,0xff,
0xff,0xff,0xff,0xff,0x0,0x0,0x0,0x0,
0x54,0x0,0x0,0x0,0x54,0x0,0x0,0x0,
0x54,0x0,0x0,0x0,0x0,0x0,0x0,0x0,
0x54,0x0,0x0,0x0,0x54,0x0,0x0,0x0,
0x0,0x0,0x1,0x0,0x54,0x0,0x0,0x0,
0x0,0x0,0x0,0x0,0x6c,0x0,0x0,0x0,
0xd1,0x0,0x10,0x2,0x0,0x0,0x0,0x0,
0x6c,0x0,0x0,0x0,0x0,0x0,0x0,0x0,
0x6c,0x0,0x0,0x0,0x0,0x0,0x0,0x0,
0x93,0x0,0x0,0x0,0x0,0x0,0x7,0x0,
0x76,0x0,0x0,0x0,0x0,0x0,0x0,0x0,
0xd1,0x0,0x90,0x2,0xd1,0x0,0x30,0x3,
0x0,0x0,0x0,0x0,0x0,0x0,0x0,0x0,
0x0,0x0,0x0,0x0,0x0,0x0,0xff,0xff,
0xff,0xff,0xff,0xff,0x0,0x0,0x0,0x0,
0x54,0x0,0x0,0x0,0x54,0x0,0x0,0x0,
0x54,0x0,0x0,0x0,0x0,0x0,0x0,0x0,
0x54,0x0,0x0,0x0,0x54,0x0,0x0,0x0,
0x0,0x0,0x2,0x0,0x54,0x0,0x0,0x0,
0x0,0x0,0x0,0x0,0x84,0x0,0x0,0x0,
0xd4,0x0,0x10,0x2,0x0,0x0,0x0,0x0,
0x84,0x0,0x0,0x0,0x0,0x0,0x0,0x0,
0x84,0x0,0x0,0x0,0x0,0x0,0x0,0x0,
0xa4,0x0,0x0,0x0,0x0,0x0,0x7,0x0,
0x77,0x0,0x0,0x0,0x0,0x0,0x0,0x0,
0xd5,0x0,0x60,0x2,0xd5,0x0,0xe0,0x2,
0xa3,0x0,0x0,0x0,0x0,0x0,0x2,0x0,
0xf,0x0,0x0,0x0,0x0,0x0,0x0,0x0,
0xd4,0x0,0x60,0x2,0xd4,0x0,0x10,0x3,
0x0,0x0,0x0,0x0,0xa6,0x0,0x0,0x0,
0x0,0x0,0x0,0x0,0x0,0x0,0xff,0xff,
0xff,0xff,0xff,0xff,0x0,0x0,0x0,0x0,
0x54,0x0,0x0,0x0,0x54,0x0,0x0,0x0,
0x54,0x0,0x0,0x0,0x0,0x0,0x0,0x0,
0x54,0x0,0x0,0x0,0x54,0x0,0x0,0x0,
0x0,0x0,0x2,0x0,0x54,0x0,0x0,0x0,
0x0,0x0,0x0,0x0,0x84,0x0,0x0,0x0,
0xd8,0x0,0xd0,0x1,0x0,0x0,0x0,0x0,
0x84,0x0,0x0,0x0,0x0,0x0,0x0,0x0,
0x84,0x0,0x0,0x0,0x0,0x0,0x0,0x0,
0xa7,0x0,0x0,0x0,0x0,0x0,0x7,0x0,
0x78,0x0,0x0,0x0,0x0,0x0,0x0,0x0,
0xda,0x0,0x10,0x2,0xda,0x0,0xc0,0x2,
0x7e,0x0,0x0,0x0,0x0,0x0,0xa,0x0,
0x1b,0x0,0x0,0x0,0x0,0x0,0x0,0x0,
0xd9,0x0,0x10,0x2,0xd9,0x0,0x90,0x2,
0x0,0x0,0x0,0x0,0x0,0x0,0x0,0x0,
0x0,0x0,0x0,0x0,0x0,0x0,0xff,0xff,
0xff,0xff,0xff,0xff,0x0,0x0,0x0,0x0,
0x54,0x0,0x0,0x0,0x54,0x0,0x0,0x0,
0x54,0x0,0x0,0x0,0x0,0x0,0x0,0x0,
0x54,0x0,0x0,0x0,0x54,0x0,0x0,0x0,
0x0,0x0,0x1,0x0,0x54,0x0,0x0,0x0,
0x0,0x0,0x0,0x0,0x6c,0x0,0x0,0x0,
0xd9,0x0,0x10,0x2,0x0,0x0,0x0,0x0,
0x6c,0x0,0x0,0x0,0x0,0x0,0x0,0x0,
0x6c,0x0,0x0,0x0,0x0,0x0,0x0,0x0,
0x7f,0x0,0x0,0x0,0x0,0x0,0x7,0x0,
0x79,0x0,0x0,0x0,0x0,0x0,0x0,0x0,
0xd9,0x0,0x90,0x2,0xd9,0x0,0xf0,0x2,
0x0,0x0,0x0,0x0,0x7d,0x0,0x0,0x0,
0x0,0x0,0x0,0x0,0x0,0x0,0xff,0xff,
0xff,0xff,0xff,0xff,0x0,0x0,0x0,0x0,
0x54,0x0,0x0,0x0,0x54,0x0,0x0,0x0,
0x54,0x0,0x0,0x0,0x0,0x0,0x0,0x0,
0x54,0x0,0x0,0x0,0x54,0x0,0x0,0x0,
0x0,0x0,0x7,0x0,0x54,0x0,0x0,0x0,
0x0,0x0,0x0,0x0,0xfc,0x0,0x0,0x0,
0xe3,0x0,0x90,0x1,0x0,0x0,0x0,0x0,
0xfc,0x0,0x0,0x0,0x0,0x0,0x0,0x0,
0xfc,0x0,0x0,0x0,0x0,0x0,0x0,0x0,
0x81,0x0,0x0,0x0,0x0,0x0,0x7,0x0,
0x7d,0x0,0x0,0x0,0x0,0x0,0x0,0x0,
0xe7,0x0,0xd0,0x1,0xe7,0x0,0x40,0x2,
0x95,0x0,0x0,0x0,0x0,0x0,0x7,0x0,
0x7c,0x0,0x0,0x0,0x0,0x0,0x0,0x0,
0xe6,0x0,0xd0,0x1,0xe6,0x0,0x50,0x2,
0x92,0x0,0x0,0x0,0x0,0x0,0x7,0x0,
0x7b,0x0,0x0,0x0,0x0,0x0,0x0,0x0,
0xe5,0x0,0xd0,0x1,0xe5,0x0,0x50,0x2,
0x8a,0x0,0x0,0x0,0x0,0x0,0x7,0x0,
0x7a,0x0,0x0,0x0,0x0,0x0,0x0,0x0,
0xe4,0x0,0xd0,0x1,0xe4,0x0,0x40,0x2,
0x0,0x0,0x0,0x0,0x0,0x0,0x8,0x0,
0x1e,0x0,0x0,0x0,0x0,0x0,0x0,0x0,
0xeb,0x0,0xd0,0x1,0xeb,0x0,0xd0,0x1,
0x0,0x0,0x0,0x0,0x0,0x0,0x8,0x0,
0x21,0x0,0x0,0x0,0x0,0x0,0x0,0x0,
0xf3,0x0,0xd0,0x1,0xf3,0x0,0xd0,0x1,
0x8f,0x0,0x0,0x0,0x0,0x0,0xa,0x0,
0x1d,0x0,0x0,0x0,0x0,0x0,0x0,0x0,
0xe8,0x0,0xd0,0x1,0xe8,0x0,0x40,0x2,
0x0,0x0,0x0,0x0,0x0,0x0,0x0,0x0,
0x0,0x0,0x0,0x0,0x0,0x0,0xff,0xff,
0xff,0xff,0xff,0xff,0x0,0x0,0x0,0x0,
0x54,0x0,0x0,0x0,0x54,0x0,0x0,0x0,
0x54,0x0,0x0,0x0,0x0,0x0,0x0,0x0,
0x54,0x0,0x0,0x0,0x54,0x0,0x0,0x0,
0x0,0x0,0x2,0x0,0x54,0x0,0x0,0x0,
0x0,0x0,0x0,0x0,0x84,0x0,0x0,0x0,
0xe8,0x0,0xd0,0x1,0x0,0x0,0x0,0x0,
0x84,0x0,0x0,0x0,0x0,0x0,0x0,0x0,
0x84,0x0,0x0,0x0,0x0,0x0,0x0,0x0,
0x8a,0x0,0x0,0x0,0x0,0x0,0x7,0x0,
0x7f,0x0,0x0,0x0,0x0,0x0,0x0,0x0,
0xe9,0x0,0x40,0x2,0xe9,0x0,0xb0,0x2,
0x81,0x0,0x0,0x0,0x0,0x0,0x7,0x0,
0x7e,0x0,0x0,0x0,0x0,0x0,0x0,0x0,
0xe8,0x0,0x40,0x2,0xe8,0x0,0xb0,0x2,
0x0,0x0,0x0,0x0,0x9f,0x0,0x0,0x0,
0x0,0x0,0x0,0x0,0x0,0x0,0xff,0xff,
0xff,0xff,0xff,0xff,0x0,0x0,0x0,0x0,
0x54,0x0,0x0,0x0,0x54,0x0,0x0,0x0,
0x54,0x0,0x0,0x0,0x0,0x0,0x0,0x0,
0x54,0x0,0x0,0x0,0x54,0x0,0x0,0x0,
0x0,0x0,0x4,0x0,0x54,0x0,0x0,0x0,
0x0,0x0,0x0,0x0,0xb4,0x0,0x0,0x0,
0xeb,0x0,0xd0,0x1,0x0,0x0,0x0,0x0,
0xb4,0x0,0x0,0x0,0x0,0x0,0x0,0x0,
0xb4,0x0,0x0,0x0,0x0,0x0,0x0,0x0,
0x81,0x0,0x0,0x0,0x0,0x0,0x7,0x0,
0x80,0x0,0x0,0x0,0x0,0x0,0x0,0x0,
0xee,0x0,0x10,0x2,0xee,0x0,0x80,0x2,
0xa0,0x0,0x0,0x0,0x0,0x0,0x3,0x0,
0x0,0x0,0x0,0x0,0xa9,0x0,0x0,0x0,
0xed,0x0,0x10,0x2,0xed,0x0,0x70,0x2,
0xa2,0x0,0x0,0x0,0x0,0x0,0xa,0x0,
0x20,0x0,0x0,0x0,0x0,0x0,0x0,0x0,
0xef,0x0,0x10,0x2,0xef,0x0,0x60,0x2,
0x7e,0x0,0x0,0x0,0x0,0x0,0xa,0x0,
0x1f,0x0,0x0,0x0,0x0,0x0,0x0,0x0,
0xec,0x0,0x10,0x2,0xec,0x0,0x90,0x2,
0x0,0x0,0x0,0x0,0x0,0x0,0x0,0x0,
0x0,0x0,0x0,0x0,0x0,0x0,0xff,0xff,
0xff,0xff,0xff,0xff,0x0,0x0,0x0,0x0,
0x54,0x0,0x0,0x0,0x54,0x0,0x0,0x0,
0x54,0x0,0x0,0x0,0x0,0x0,0x0,0x0,
0x54,0x0,0x0,0x0,0x54,0x0,0x0,0x0,
0x0,0x0,0x1,0x0,0x54,0x0,0x0,0x0,
0x0,0x0,0x0,0x0,0x6c,0x0,0x0,0x0,
0xec,0x0,0x10,0x2,0x0,0x0,0x0,0x0,
0x6c,0x0,0x0,0x0,0x0,0x0,0x0,0x0,
0x6c,0x0,0x0,0x0,0x0,0x0,0x0,0x0,
0x93,0x0,0x0,0x0,0x0,0x0,0x7,0x0,
0x81,0x0,0x0,0x0,0x0,0x0,0x0,0x0,
0xec,0x0,0x90,0x2,0xec,0x0,0x30,0x3,
0x0,0x0,0x0,0x0,0x0,0x0,0x0,0x0,
0x0,0x0,0x0,0x0,0x0,0x0,0xff,0xff,
0xff,0xff,0xff,0xff,0x0,0x0,0x0,0x0,
0x54,0x0,0x0,0x0,0x54,0x0,0x0,0x0,
0x54,0x0,0x0,0x0,0x0,0x0,0x0,0x0,
0x54,0x0,0x0,0x0,0x54,0x0,0x0,0x0,
0x0,0x0,0x2,0x0,0x54,0x0,0x0,0x0,
0x0,0x0,0x0,0x0,0x84,0x0,0x0,0x0,
0xef,0x0,0x10,0x2,0x0,0x0,0x0,0x0,
0x84,0x0,0x0,0x0,0x0,0x0,0x0,0x0,
0x84,0x0,0x0,0x0,0x0,0x0,0x0,0x0,
0xa4,0x0,0x0,0x0,0x0,0x0,0x7,0x0,
0x82,0x0,0x0,0x0,0x0,0x0,0x0,0x0,
0xf0,0x0,0x60,0x2,0xf0,0x0,0xe0,0x2,
0xa3,0x0,0x0,0x0,0x0,0x0,0x2,0x0,
0xf,0x0,0x0,0x0,0x0,0x0,0x0,0x0,
0xef,0x0,0x60,0x2,0xef,0x0,0x10,0x3,
0x0,0x0,0x0,0x0,0xa6,0x0,0x0,0x0,
0x0,0x0,0x0,0x0,0x0,0x0,0xff,0xff,
0xff,0xff,0xff,0xff,0x0,0x0,0x0,0x0,
0x54,0x0,0x0,0x0,0x54,0x0,0x0,0x0,
0x54,0x0,0x0,0x0,0x0,0x0,0x0,0x0,
0x54,0x0,0x0,0x0,0x54,0x0,0x0,0x0,
0x0,0x0,0x2,0x0,0x54,0x0,0x0,0x0,
0x0,0x0,0x0,0x0,0x84,0x0,0x0,0x0,
0xf3,0x0,0xd0,0x1,0x0,0x0,0x0,0x0,
0x84,0x0,0x0,0x0,0x0,0x0,0x0,0x0,
0x84,0x0,0x0,0x0,0x0,0x0,0x0,0x0,
0xa7,0x0,0x0,0x0,0x0,0x0,0x7,0x0,
0x83,0x0,0x0,0x0,0x0,0x0,0x0,0x0,
0xf5,0x0,0x10,0x2,0xf5,0x0,0xc0,0x2,
0x7e,0x0,0x0,0x0,0x0,0x0,0xa,0x0,
0x22,0x0,0x0,0x0,0x0,0x0,0x0,0x0,
0xf4,0x0,0x10,0x2,0xf4,0x0,0x90,0x2,
0x0,0x0,0x0,0x0,0x0,0x0,0x0,0x0,
0x0,0x0,0x0,0x0,0x0,0x0,0xff,0xff,
0xff,0xff,0xff,0xff,0x0,0x0,0x0,0x0,
0x54,0x0,0x0,0x0,0x54,0x0,0x0,0x0,
0x54,0x0,0x0,0x0,0x0,0x0,0x0,0x0,
0x54,0x0,0x0,0x0,0x54,0x0,0x0,0x0,
0x0,0x0,0x1,0x0,0x54,0x0,0x0,0x0,
0x0,0x0,0x0,0x0,0x6c,0x0,0x0,0x0,
0xf4,0x0,0x10,0x2,0x0,0x0,0x0,0x0,
0x6c,0x0,0x0,0x0,0x0,0x0,0x0,0x0,
0x6c,0x0,0x0,0x0,0x0,0x0,0x0,0x0,
0x7f,0x0,0x0,0x0,0x0,0x0,0x7,0x0,
0x84,0x0,0x0,0x0,0x0,0x0,0x0,0x0,
0xf4,0x0,0x90,0x2,0xf4,0x0,0xf0,0x2,
0x0,0x0,0x0,0x0,0x7d,0x0,0x0,0x0,
0x0,0x0,0x0,0x0,0x0,0x0,0xff,0xff,
0xff,0xff,0xff,0xff,0x0,0x0,0x0,0x0,
0x54,0x0,0x0,0x0,0x54,0x0,0x0,0x0,
0x54,0x0,0x0,0x0,0x0,0x0,0x0,0x0,
0x54,0x0,0x0,0x0,0x54,0x0,0x0,0x0,
0x0,0x0,0x8,0x0,0x54,0x0,0x0,0x0,
0x0,0x0,0x0,0x0,0x14,0x1,0x0,0x0,
0xfe,0x0,0x90,0x1,0x0,0x0,0x0,0x0,
0x14,0x1,0x0,0x0,0x0,0x0,0x0,0x0,
0x14,0x1,0x0,0x0,0x0,0x0,0x0,0x0,
0x81,0x0,0x0,0x0,0x0,0x0,0x7,0x0,
0x89,0x0,0x0,0x0,0x0,0x0,0x0,0x0,
0x3,0x1,0xd0,0x1,0x3,0x1,0x40,0x2,
0x95,0x0,0x0,0x0,0x0,0x0,0x7,0x0,
0x88,0x0,0x0,0x0,0x0,0x0,0x0,0x0,
0x2,0x1,0xd0,0x1,0x2,0x1,0x50,0x2,
0x92,0x0,0x0,0x0,0x0,0x0,0x7,0x0,
0x87,0x0,0x0,0x0,0x0,0x0,0x0,0x0,
0x1,0x1,0xd0,0x1,0x1,0x1,0x50,0x2,
0x8a,0x0,0x0,0x0,0x0,0x0,0x7,0x0,
0x86,0x0,0x0,0x0,0x0,0x0,0x0,0x0,
0x0,0x1,0xd0,0x1,0x0,0x1,0x40,0x2,
0x8c,0x0,0x0,0x0,0x0,0x0,0x7,0x0,
0x85,0x0,0x0,0x0,0x0,0x0,0x0,0x0,
0xff,0x0,0xd0,0x1,0xff,0x0,0x60,0x2,
0x0,0x0,0x0,0x0,0x0,0x0,0x8,0x0,
0x25,0x0,0x0,0x0,0x0,0x0,0x0,0x0,
0x7,0x1,0xd0,0x1,0x7,0x1,0xd0,0x1,
0x0,0x0,0x0,0x0,0x0,0x0,0x8,0x0,
0x28,0x0,0x0,0x0,0x0,0x0,0x0,0x0,
0xf,0x1,0xd0,0x1,0xf,0x1,0xd0,0x1,
0x8f,0x0,0x0,0x0,0x0,0x0,0xa,0x0,
0x24,0x0,0x0,0x0,0x0,0x0,0x0,0x0,
0x4,0x1,0xd0,0x1,0x4,0x1,0x40,0x2,
0x0,0x0,0x0,0x0,0x0,0x0,0x0,0x0,
0x0,0x0,0x0,0x0,0x0,0x0,0xff,0xff,
0xff,0xff,0xff,0xff,0x0,0x0,0x0,0x0,
0x54,0x0,0x0,0x0,0x54,0x0,0x0,0x0,
0x54,0x0,0x0,0x0,0x0,0x0,0x0,0x0,
0x54,0x0,0x0,0x0,0x54,0x0,0x0,0x0,
0x0,0x0,0x2,0x0,0x54,0x0,0x0,0x0,
0x0,0x0,0x0,0x0,0x84,0x0,0x0,0x0,
0x4,0x1,0xd0,0x1,0x0,0x0,0x0,0x0,
0x84,0x0,0x0,0x0,0x0,0x0,0x0,0x0,
0x84,0x0,0x0,0x0,0x0,0x0,0x0,0x0,
0x8a,0x0,0x0,0x0,0x0,0x0,0x7,0x0,
0x8b,0x0,0x0,0x0,0x0,0x0,0x0,0x0,
0x5,0x1,0x40,0x2,0x5,0x1,0xb0,0x2,
0x81,0x0,0x0,0x0,0x0,0x0,0x7,0x0,
0x8a,0x0,0x0,0x0,0x0,0x0,0x0,0x0,
0x4,0x1,0x40,0x2,0x4,0x1,0xb0,0x2,
0x0,0x0,0x0,0x0,0x9f,0x0,0x0,0x0,
0x0,0x0,0x0,0x0,0x0,0x0,0xff,0xff,
0xff,0xff,0xff,0xff,0x0,0x0,0x0,0x0,
0x54,0x0,0x0,0x0,0x54,0x0,0x0,0x0,
0x54,0x0,0x0,0x0,0x0,0x0,0x0,0x0,
0x54,0x0,0x0,0x0,0x54,0x0,0x0,0x0,
0x0,0x0,0x4,0x0,0x54,0x0,0x0,0x0,
0x0,0x0,0x0,0x0,0xb4,0x0,0x0,0x0,
0x7,0x1,0xd0,0x1,0x0,0x0,0x0,0x0,
0xb4,0x0,0x0,0x0,0x0,0x0,0x0,0x0,
0xb4,0x0,0x0,0x0,0x0,0x0,0x0,0x0,
0x81,0x0,0x0,0x0,0x0,0x0,0x7,0x0,
0x8c,0x0,0x0,0x0,0x0,0x0,0x0,0x0,
0xa,0x1,0x10,0x2,0xa,0x1,0x80,0x2,
0xa0,0x0,0x0,0x0,0x0,0x0,0x3,0x0,
0x0,0x0,0x0,0x0,0xaa,0x0,0x0,0x0,
0x9,0x1,0x10,0x2,0x9,0x1,0x70,0x2,
0xa2,0x0,0x0,0x0,0x0,0x0,0xa,0x0,
0x27,0x0,0x0,0x0,0x0,0x0,0x0,0x0,
0xb,0x1,0x10,0x2,0xb,0x1,0x60,0x2,
0x7e,0x0,0x0,0x0,0x0,0x0,0xa,0x0,
0x26,0x0,0x0,0x0,0x0,0x0,0x0,0x0,
0x8,0x1,0x10,0x2,0x8,0x1,0x90,0x2,
0x0,0x0,0x0,0x0,0x0,0x0,0x0,0x0,
0x0,0x0,0x0,0x0,0x0,0x0,0xff,0xff,
0xff,0xff,0xff,0xff,0x0,0x0,0x0,0x0,
0x54,0x0,0x0,0x0,0x54,0x0,0x0,0x0,
0x54,0x0,0x0,0x0,0x0,0x0,0x0,0x0,
0x54,0x0,0x0,0x0,0x54,0x0,0x0,0x0,
0x0,0x0,0x1,0x0,0x54,0x0,0x0,0x0,
0x0,0x0,0x0,0x0,0x6c,0x0,0x0,0x0,
0x8,0x1,0x10,0x2,0x0,0x0,0x0,0x0,
0x6c,0x0,0x0,0x0,0x0,0x0,0x0,0x0,
0x6c,0x0,0x0,0x0,0x0,0x0,0x0,0x0,
0x93,0x0,0x0,0x0,0x0,0x0,0x7,0x0,
0x8d,0x0,0x0,0x0,0x0,0x0,0x0,0x0,
0x8,0x1,0x90,0x2,0x8,0x1,0x30,0x3,
0x0,0x0,0x0,0x0,0x0,0x0,0x0,0x0,
0x0,0x0,0x0,0x0,0x0,0x0,0xff,0xff,
0xff,0xff,0xff,0xff,0x0,0x0,0x0,0x0,
0x54,0x0,0x0,0x0,0x54,0x0,0x0,0x0,
0x54,0x0,0x0,0x0,0x0,0x0,0x0,0x0,
0x54,0x0,0x0,0x0,0x54,0x0,0x0,0x0,
0x0,0x0,0x2,0x0,0x54,0x0,0x0,0x0,
0x0,0x0,0x0,0x0,0x84,0x0,0x0,0x0,
0xb,0x1,0x10,0x2,0x0,0x0,0x0,0x0,
0x84,0x0,0x0,0x0,0x0,0x0,0x0,0x0,
0x84,0x0,0x0,0x0,0x0,0x0,0x0,0x0,
0xa4,0x0,0x0,0x0,0x0,0x0,0x7,0x0,
0x8e,0x0,0x0,0x0,0x0,0x0,0x0,0x0,
0xc,0x1,0x60,0x2,0xc,0x1,0xe0,0x2,
0xa3,0x0,0x0,0x0,0x0,0x0,0x2,0x0,
0xf,0x0,0x0,0x0,0x0,0x0,0x0,0x0,
0xb,0x1,0x60,0x2,0xb,0x1,0x10,0x3,
0x0,0x0,0x0,0x0,0xa6,0x0,0x0,0x0,
0x0,0x0,0x0,0x0,0x0,0x0,0xff,0xff,
0xff,0xff,0xff,0xff,0x0,0x0,0x0,0x0,
0x54,0x0,0x0,0x0,0x54,0x0,0x0,0x0,
0x54,0x0,0x0,0x0,0x0,0x0,0x0,0x0,
0x54,0x0,0x0,0x0,0x54,0x0,0x0,0x0,
0x0,0x0,0x2,0x0,0x54,0x0,0x0,0x0,
0x0,0x0,0x0,0x0,0x84,0x0,0x0,0x0,
0xf,0x1,0xd0,0x1,0x0,0x0,0x0,0x0,
0x84,0x0,0x0,0x0,0x0,0x0,0x0,0x0,
0x84,0x0,0x0,0x0,0x0,0x0,0x0,0x0,
0xa7,0x0,0x0,0x0,0x0,0x0,0x7,0x0,
0x8f,0x0,0x0,0x0,0x0,0x0,0x0,0x0,
0x11,0x1,0x10,0x2,0x11,0x1,0xc0,0x2,
0x7e,0x0,0x0,0x0,0x0,0x0,0xa,0x0,
0x29,0x0,0x0,0x0,0x0,0x0,0x0,0x0,
0x10,0x1,0x10,0x2,0x10,0x1,0x90,0x2,
0x0,0x0,0x0,0x0,0x0,0x0,0x0,0x0,
0x0,0x0,0x0,0x0,0x0,0x0,0xff,0xff,
0xff,0xff,0xff,0xff,0x0,0x0,0x0,0x0,
0x54,0x0,0x0,0x0,0x54,0x0,0x0,0x0,
0x54,0x0,0x0,0x0,0x0,0x0,0x0,0x0,
0x54,0x0,0x0,0x0,0x54,0x0,0x0,0x0,
0x0,0x0,0x1,0x0,0x54,0x0,0x0,0x0,
0x0,0x0,0x0,0x0,0x6c,0x0,0x0,0x0,
0x10,0x1,0x10,0x2,0x0,0x0,0x0,0x0,
0x6c,0x0,0x0,0x0,0x0,0x0,0x0,0x0,
0x6c,0x0,0x0,0x0,0x0,0x0,0x0,0x0,
0x7f,0x0,0x0,0x0,0x0,0x0,0x7,0x0,
0x90,0x0,0x0,0x0,0x0,0x0,0x0,0x0,
0x10,0x1,0x90,0x2,0x10,0x1,0xf0,0x2,
0x0,0x0,0x0,0x0,0xab,0x0,0x0,0x0,
0xac,0x0,0x0,0x0,0x0,0x0,0xff,0xff,
0xff,0xff,0xff,0xff,0x0,0x0,0x0,0x0,
0x54,0x0,0x0,0x0,0x54,0x0,0x0,0x0,
0x54,0x0,0x0,0x0,0x0,0x0,0x0,0x0,
0x54,0x0,0x0,0x0,0x54,0x0,0x0,0x0,
0x0,0x0,0x4,0x0,0x54,0x0,0x0,0x0,
0x0,0x0,0x0,0x0,0xb4,0x0,0x0,0x0,
0x1d,0x1,0xd0,0x0,0x1e,0x1,0x10,0x1,
0xb4,0x0,0x0,0x0,0x0,0x0,0x0,0x0,
0xb4,0x0,0x0,0x0,0x0,0x0,0x0,0x0,
0xaf,0x0,0x0,0x0,0x0,0x0,0x7,0x0,
0x94,0x0,0x0,0x0,0x0,0x0,0x0,0x0,
0x26,0x1,0x10,0x1,0x26,0x1,0xb0,0x1,
0xad,0x0,0x0,0x0,0x0,0x0,0x7,0x0,
0x93,0x0,0x0,0x0,0x0,0x0,0x0,0x0,
0x21,0x1,0x10,0x1,0x21,0x1,0x20,0x2,
0x92,0x0,0x0,0x0,0x0,0x0,0x7,0x0,
0x92,0x0,0x0,0x0,0x0,0x0,0x0,0x0,
0x20,0x1,0x10,0x1,0x20,0x1,0x90,0x1,
0x8a,0x0,0x0,0x0,0x0,0x0,0x7,0x0,
0x91,0x0,0x0,0x0,0x0,0x0,0x0,0x0,
0x1f,0x1,0x10,0x1,0x1f,0x1,0x80,0x1,
0x0,0x0,0x0,0x0,0x76,0x0,0x0,0x0,
0xb1,0x0,0x0,0x0,0x0,0x0,0xff,0xff,
0xff,0xff,0xff,0xff,0x0,0x0,0x0,0x0,
0x54,0x0,0x0,0x0,0x54,0x0,0x0,0x0,
0x54,0x0,0x0,0x0,0x0,0x0,0x0,0x0,
0x54,0x0,0x0,0x0,0x54,0x0,0x0,0x0,
0x0,0x0,0x1,0x0,0x54,0x0,0x0,0x0,
0x0,0x0,0x0,0x0,0x6c,0x0,0x0,0x0,
0x2b,0x1,0x50,0x0,0x2c,0x1,0x90,0x0,
0x6c,0x0,0x0,0x0,0x0,0x0,0x0,0x0,
0x6c,0x0,0x0,0x0,0x0,0x0,0x0,0x0,
0x0,0x0,0x0,0x0,0x0,0x0,0x8,0x0,
0x2c,0x0,0x0,0x0,0x0,0x0,0x0,0x0,
0x2e,0x1,0x90,0x0,0x2e,0x1,0x90,0x0,
0x0,0x0,0x0,0x0,0xb2,0x0,0x0,0x0,
0xb3,0x0,0x0,0x0,0x0,0x0,0xff,0xff,
0xff,0xff,0xff,0xff,0x0,0x0,0x0,0x0,
0x54,0x0,0x0,0x0,0x54,0x0,0x0,0x0,
0x54,0x0,0x0,0x0,0x0,0x0,0x0,0x0,
0x54,0x0,0x0,0x0,0x54,0x0,0x0,0x0,
0x0,0x0,0xe,0x0,0x54,0x0,0x0,0x0,
0x0,0x0,0x0,0x0,0xa4,0x1,0x0,0x0,
0x2e,0x1,0x90,0x0,0x2f,0x1,0xd0,0x0,
0xa4,0x1,0x0,0x0,0x0,0x0,0x0,0x0,
0xa4,0x1,0x0,0x0,0x0,0x0,0x0,0x0,
0xdf,0x0,0x0,0x0,0x0,0x0,0x8,0x0,
0x2f,0x0,0x0,0x0,0x0,0x0,0x0,0x0,
0x46,0x1,0xd0,0x0,0x46,0x1,0x70,0x1,
0xc2,0x0,0x0,0x0,0x0,0x0,0x7,0x0,
0x9b,0x0,0x0,0x0,0x0,0x0,0x0,0x0,
0x3c,0x1,0xd0,0x0,0x3c,0x1,0xf0,0x1,
0xc0,0x0,0x0,0x0,0x0,0x0,0x7,0x0,
0x9a,0x0,0x0,0x0,0x0,0x0,0x0,0x0,
0x3b,0x1,0xd0,0x0,0x3b,0x1,0xe0,0x1,
0xbe,0x0,0x0,0x0,0x0,0x0,0x7,0x0,
0x99,0x0,0x0,0x0,0x0,0x0,0x0,0x0,
0x3a,0x1,0xd0,0x0,0x3a,0x1,0xd0,0x1,
0xbc,0x0,0x0,0x0,0x0,0x0,0x7,0x0,
0x98,0x0,0x0,0x0,0x0,0x0,0x0,0x0,
0x39,0x1,0xd0,0x0,0x39,0x1,0x10,0x2,
0xba,0x0,0x0,0x0,0x0,0x0,0x7,0x0,
0x97,0x0,0x0,0x0,0x0,0x0,0x0,0x0,
0x38,0x1,0xd0,0x0,0x38,0x1,0x40,0x2,
0xb8,0x0,0x0,0x0,0x0,0x0,0x7,0x0,
0x96,0x0,0x0,0x0,0x0,0x0,0x0,0x0,
0x37,0x1,0xd0,0x0,0x37,0x1,0x60,0x2,
0xb7,0x0,0x0,0x0,0x0,0x0,0x2,0x0,
0x4,0x0,0x0,0x0,0x0,0x0,0x0,0x0,
0x36,0x1,0xd0,0x0,0x36,0x1,0x60,0x2,
0xb6,0x0,0x0,0x0,0x0,0x0,0x2,0x0,
0x4,0x0,0x0,0x0,0x0,0x0,0x0,0x0,
0x35,0x1,0xd0,0x0,0x35,0x1,0x40,0x2,
0xb4,0x0,0x0,0x0,0x0,0x0,0x7,0x0,
0x95,0x0,0x0,0x0,0x0,0x0,0x0,0x0,
0x34,0x1,0xd0,0x0,0x34,0x1,0x40,0x1,
0x8e,0x0,0x0,0x0,0x0,0x0,0x1,0x0,
0x1,0x0,0x0,0x0,0x0,0x0,0x0,0x0,
0x33,0x1,0xd0,0x0,0x33,0x1,0x30,0x1,
0x91,0x0,0x0,0x0,0x0,0x0,0x2,0x0,
0x1,0x0,0x0,0x0,0x0,0x0,0x0,0x0,
0x32,0x1,0xd0,0x0,0x32,0x1,0x60,0x1,
0x76,0x0,0x0,0x0,0x0,0x0,0x9,0x0,
0x2e,0x0,0x0,0x0,0x0,0x0,0x0,0x0,
0x3d,0x1,0xd0,0x0,0x3d,0x1,0x70,0x1,
0x7e,0x0,0x0,0x0,0x0,0x0,0xa,0x0,
0x2d,0x0,0x0,0x0,0x0,0x0,0x0,0x0,
0x30,0x1,0xd0,0x0,0x30,0x1,0x50,0x1,
0x0,0x0,0x0,0x0,0x0,0x0,0x0,0x0,
0x0,0x0,0x0,0x0,0x0,0x0,0xff,0xff,
0xff,0xff,0xff,0xff,0x0,0x0,0x0,0x0,
0x54,0x0,0x0,0x0,0x54,0x0,0x0,0x0,
0x54,0x0,0x0,0x0,0x0,0x0,0x0,0x0,
0x54,0x0,0x0,0x0,0x54,0x0,0x0,0x0,
0x0,0x0,0x2,0x0,0x54,0x0,0x0,0x0,
0x0,0x0,0x0,0x0,0x84,0x0,0x0,0x0,
0x30,0x1,0xd0,0x0,0x0,0x0,0x0,0x0,
0x84,0x0,0x0,0x0,0x0,0x0,0x0,0x0,
0x84,0x0,0x0,0x0,0x0,0x0,0x0,0x0,
0x98,0x0,0x0,0x0,0x0,0x0,0x2,0x0,
0x1,0x0,0x0,0x0,0x0,0x0,0x0,0x0,
0x31,0x1,0x50,0x1,0x31,0x1,0xe0,0x1,
0x7f,0x0,0x0,0x0,0x0,0x0,0x7,0x0,
0x9c,0x0,0x0,0x0,0x0,0x0,0x0,0x0,
0x30,0x1,0x50,0x1,0x30,0x1,0xb0,0x1,
0x0,0x0,0x0,0x0,0x0,0x0,0x0,0x0,
0x0,0x0,0x0,0x0,0x0,0x0,0xff,0xff,
0xff,0xff,0xff,0xff,0x0,0x0,0x0,0x0,
0x54,0x0,0x0,0x0,0x54,0x0,0x0,0x0,
0x54,0x0,0x0,0x0,0x0,0x0,0x0,0x0,
0x54,0x0,0x0,0x0,0x54,0x0,0x0,0x0,
0x0,0x0,0x2,0x0,0x54,0x0,0x0,0x0,
0x0,0x0,0x0,0x0,0x84,0x0,0x0,0x0,
0x3d,0x1,0xd0,0x0,0x0,0x0,0x0,0x0,
0x84,0x0,0x0,0x0,0x0,0x0,0x0,0x0,
0x84,0x0,0x0,0x0,0x0,0x0,0x0,0x0,
0xc4,0x0,0x0,0x0,0x0,0x0,0x7,0x0,
0x9e,0x0,0x0,0x0,0x0,0x0,0x0,0x0,
0x41,0x1,0x70,0x1,0x41,0x1,0x60,0x2,
0x77,0x0,0x0,0x0,0x0,0x0,0x7,0x0,
0x9d,0x0,0x0,0x0,0x0,0x0,0x0,0x0,
0x3d,0x1,0x70,0x1,0x3d,0x1,0x40,0x2,
0x0,0x0,0x0,0x0,0x7d,0x0,0x0,0x0,
0xc6,0x0,0x0,0x0,0x0,0x0,0xff,0xff,
0xff,0xff,0xff,0xff,0x0,0x0,0x1,0x0,
0x54,0x0,0x0,0x0,0x54,0x0,0x0,0x0,
0x60,0x0,0x0,0x0,0x0,0x0,0x0,0x0,
0x60,0x0,0x0,0x0,0x60,0x0,0x0,0x0,
0x0,0x0,0x9,0x0,0x60,0x0,0x0,0x0,
0x0,0x0,0x0,0x0,0x38,0x1,0x0,0x0,
0x46,0x1,0x70,0x1,0x47,0x1,0x10,0x1,
0x38,0x1,0x0,0x0,0x0,0x0,0x0,0x0,
0x38,0x1,0x0,0x0,0x0,0x0,0x0,0x0,
0xc7,0x0,0x0,0x0,0x2,0x0,0x0,0x30,
0x48,0x1,0x10,0x1,0x81,0x0,0x0,0x0,
0x0,0x0,0x7,0x0,0xa1,0x0,0x0,0x0,
0x0,0x0,0x0,0x0,0x4d,0x1,0x10,0x1,
0x4d,0x1,0x80,0x1,0x95,0x0,0x0,0x0,
0x0,0x0,0x7,0x0,0xa0,0x0,0x0,0x0,
0x0,0x0,0x0,0x0,0x4c,0x1,0x10,0x1,
0x4c,0x1,0x90,0x1,0x92,0x0,0x0,0x0,
0x0,0x0,0x2,0x0,0x10,0x0,0x0,0x0,
0x0,0x0,0x0,0x0,0x4b,0x1,0x10,0x1,
0x4b,0x1,0x90,0x1,0x8a,0x0,0x0,0x0,
0x0,0x0,0x7,0x0,0x9f,0x0,0x0,0x0,
0x0,0x0,0x0,0x0,0x4a,0x1,0x10,0x1,
0x4a,0x1,0x80,0x1,0x0,0x0,0x0,0x0,
0x0,0x0,0x8,0x0,0x31,0x0,0x0,0x0,
0x0,0x0,0x0,0x0,0x52,0x1,0x10,0x1,
0x52,0x1,0x10,0x1,0x0,0x0,0x0,0x0,
0x0,0x0,0x8,0x0,0x33,0x0,0x0,0x0,
0x0,0x0,0x0,0x0,0x65,0x1,0x10,0x1,
0x65,0x1,0x10,0x1,0x0,0x0,0x0,0x0,
0x0,0x0,0x8,0x0,0x36,0x0,0x0,0x0,
0x0,0x0,0x0,0x0,0x73,0x1,0x10,0x1,
0x73,0x1,0x10,0x1,0x76,0x0,0x0,0x0,
0x0,0x0,0x9,0x0,0x38,0x0,0x0,0x0,
0x0,0x0,0x0,0x0,0x7f,0x1,0x10,0x1,
0x7f,0x1,0xb0,0x1,0x8f,0x0,0x0,0x0,
0x0,0x0,0xa,0x0,0x30,0x0,0x0,0x0,
0x0,0x0,0x0,0x0,0x4f,0x1,0x10,0x1,
0x4f,0x1,0x80,0x1,0x0,0x0,0x0,0x0,
0x0,0x0,0x0,0x0,0x0,0x0,0xff,0xff,
0xff,0xff,0xff,0xff,0x0,0x0,0x0,0x0,
0x54,0x0,0x0,0x0,0x54,0x0,0x0,0x0,
0x54,0x0,0x0,0x0,0x0,0x0,0x0,0x0,
0x54,0x0,0x0,0x0,0x54,0x0,0x0,0x0,
0x0,0x0,0x2,0x0,0x54,0x0,0x0,0x0,
0x0,0x0,0x0,0x0,0x84,0x0,0x0,0x0,
0x4f,0x1,0x10,0x1,0x0,0x0,0x0,0x0,
0x84,0x0,0x0,0x0,0x0,0x0,0x0,0x0,
0x84,0x0,0x0,0x0,0x0,0x0,0x0,0x0,
0x8a,0x0,0x0,0x0,0x0,0x0,0x7,0x0,
0xa3,0x0,0x0,0x0,0x0,0x0,0x0,0x0,
0x50,0x1,0x80,0x1,0x50,0x1,0xf0,0x1,
0x81,0x0,0x0,0x0,0x0,0x0,0x7,0x0,
0xa2,0x0,0x0,0x0,0x0,0x0,0x0,0x0,
0x4f,0x1,0x80,0x1,0x4f,0x1,0xf0,0x1,
0x0,0x0,0x0,0x0,0xc8,0x0,0x0,0x0,
0xc9,0x0,0x0,0x0,0x0,0x0,0xff,0xff,
0xff,0xff,0xff,0xff,0x0,0x0,0x0,0x0,
0x54,0x0,0x0,0x0,0x54,0x0,0x0,0x0,
0x54,0x0,0x0,0x0,0x0,0x0,0x0,0x0,
0x54,0x0,0x0,0x0,0x54,0x0,0x0,0x0,
0x0,0x0,0xb,0x0,0x54,0x0,0x0,0x0,
0x0,0x0,0x0,0x0,0x5c,0x1,0x0,0x0,
0x52,0x1,0x10,0x1,0x53,0x1,0x50,0x1,
0x5c,0x1,0x0,0x0,0x0,0x0,0x0,0x0,
0x5c,0x1,0x0,0x0,0x0,0x0,0x0,0x0,
0xd5,0x0,0x0,0x0,0x0,0x0,0x7,0x0,
0xa8,0x0,0x0,0x0,0x0,0x0,0x0,0x0,
0x62,0x1,0x50,0x1,0x62,0x1,0x60,0x2,
0xd3,0x0,0x0,0x0,0x0,0x0,0x7,0x0,
0xa7,0x0,0x0,0x0,0x0,0x0,0x0,0x0,
0x61,0x1,0x50,0x1,0x61,0x1,0xf0,0x1,
0xd2,0x0,0x0,0x0,0x0,0x0,0x1,0x0,
0x1,0x0,0x0,0x0,0x0,0x0,0x0,0x0,
0x60,0x1,0x50,0x1,0x60,0x1,0xd0,0x1,
0xd1,0x0,0x0,0x0,0x0,0x0,0x1,0x0,
0x0,0x0,0x0,0x0,0x0,0x0,0x0,0x0,
0x5f,0x1,0x50,0x1,0x5f,0x1,0xc0,0x1,
0xd0,0x0,0x0,0x0,0x0,0x0,0x1,0x0,
0x1,0x0,0x0,0x0,0x0,0x0,0x0,0x0,
0x5e,0x1,0x50,0x1,0x5e,0x1,0x90,0x2,
0xcf,0x0,0x0,0x0,0x0,0x0,0x1,0x0,
0x1,0x0,0x0,0x0,0x0,0x0,0x0,0x0,
0x5d,0x1,0x50,0x1,0x5d,0x1,0x30,0x2,
0xcd,0x0,0x0,0x0,0x0,0x0,0x7,0x0,
0xa6,0x0,0x0,0x0,0x0,0x0,0x0,0x0,
0x5c,0x1,0x50,0x1,0x5c,0x1,0xf0,0x1,
0x7b,0x0,0x0,0x0,0x0,0x0,0x7,0x0,
0xa5,0x0,0x0,0x0,0x0,0x0,0x0,0x0,
0x5b,0x1,0x50,0x1,0x5b,0x1,0xd0,0x1,
0x92,0x0,0x0,0x0,0x0,0x0,0x2,0x0,
0x11,0x0,0x0,0x0,0x0,0x0,0x0,0x0,
0x5a,0x1,0x50,0x1,0x5a,0x1,0xd0,0x1,
0x8a,0x0,0x0,0x0,0x0,0x0,0x7,0x0,
0xa4,0x0,0x0,0x0,0x0,0x0,0x0,0x0,
0x59,0x1,0x50,0x1,0x59,0x1,0xc0,0x1,
0x7e,0x0,0x0,0x0,0x0,0x0,0xa,0x0,
0x32,0x0,0x0,0x0,0x0,0x0,0x0,0x0,
0x54,0x1,0x50,0x1,0x54,0x1,0x50,0x1,
0x0,0x0,0x0,0x0,0x0,0x0,0x0,0x0,
0x0,0x0,0x0,0x0,0x0,0x0,0xff,0xff,
0xff,0xff,0xff,0xff,0x0,0x0,0x0,0x0,
0x54,0x0,0x0,0x0,0x54,0x0,0x0,0x0,
0x54,0x0,0x0,0x0,0x0,0x0,0x0,0x0,
0x54,0x0,0x0,0x0,0x54,0x0,0x0,0x0,
0x0,0x0,0x3,0x0,0x54,0x0,0x0,0x0,
0x0,0x0,0x0,0x0,0x9c,0x0,0x0,0x0,
0x54,0x1,0x50,0x1,0x0,0x0,0x0,0x0,
0x9c,0x0,0x0,0x0,0x0,0x0,0x0,0x0,
0x9c,0x0,0x0,0x0,0x0,0x0,0x0,0x0,
0xcc,0x0,0x0,0x0,0x0,0x0,0x2,0x0,
0x1,0x0,0x0,0x0,0x0,0x0,0x0,0x0,
0x57,0x1,0x90,0x1,0x57,0x1,0x40,0x2,
0xca,0x0,0x0,0x0,0x0,0x0,0x7,0x0,
0xaa,0x0,0x0,0x0,0x0,0x0,0x0,0x0,
0x56,0x1,0x90,0x1,0x56,0x1,0xb0,0x2,
0x84,0x0,0x0,0x0,0x0,0x0,0x7,0x0,
0xa9,0x0,0x0,0x0,0x0,0x0,0x0,0x0,
0x55,0x1,0x90,0x1,0x55,0x1,0xe0,0x1,
0x0,0x0,0x0,0x0,0x9f,0x0,0x0,0x0,
0x0,0x0,0x0,0x0,0x0,0x0,0xff,0xff,
0xff,0xff,0xff,0xff,0x0,0x0,0x0,0x0,
0x54,0x0,0x0,0x0,0x54,0x0,0x0,0x0,
0x54,0x0,0x0,0x0,0x0,0x0,0x0,0x0,
0x54,0x0,0x0,0x0,0x54,0x0,0x0,0x0,
0x0,0x0,0x5,0x0,0x54,0x0,0x0,0x0,
0x0,0x0,0x0,0x0,0xcc,0x0,0x0,0x0,
0x65,0x1,0x10,0x1,0x0,0x0,0x0,0x0,
0xcc,0x0,0x0,0x0,0x0,0x0,0x0,0x0,
0xcc,0x0,0x0,0x0,0x0,0x0,0x0,0x0,
0xdb,0x0,0x0,0x0,0x0,0x0,0x7,0x0,
0xad,0x0,0x0,0x0,0x0,0x0,0x0,0x0,
0x70,0x1,0x50,0x1,0x70,0x1,0xa0,0x2,
0x81,0x0,0x0,0x0,0x0,0x0,0x7,0x0,
0xac,0x0,0x0,0x0,0x0,0x0,0x0,0x0,
0x6d,0x1,0x50,0x1,0x6d,0x1,0xc0,0x1,
0xa0,0x0,0x0,0x0,0x0,0x0,0x7,0x0,
0xab,0x0,0x0,0x0,0x0,0x0,0x0,0x0,
0x6c,0x1,0x50,0x1,0x6c,0x1,0xb0,0x1,
0xa2,0x0,0x0,0x0,0x0,0x0,0xa,0x0,
0x35,0x0,0x0,0x0,0x0,0x0,0x0,0x0,
0x6e,0x1,0x50,0x1,0x6e,0x1,0xa0,0x1,
0x7e,0x0,0x0,0x0,0x0,0x0,0xa,0x0,
0x34,0x0,0x0,0x0,0x0,0x0,0x0,0x0,
0x66,0x1,0x50,0x1,0x66,0x1,0x50,0x1,
0x0,0x0,0x0,0x0,0x0,0x0,0x0,0x0,
0x0,0x0,0x0,0x0,0x0,0x0,0xff,0xff,
0xff,0xff,0xff,0xff,0x0,0x0,0x0,0x0,
0x54,0x0,0x0,0x0,0x54,0x0,0x0,0x0,
0x54,0x0,0x0,0x0,0x0,0x0,0x0,0x0,
0x54,0x0,0x0,0x0,0x54,0x0,0x0,0x0,
0x0,0x0,0x4,0x0,0x54,0x0,0x0,0x0,
0x0,0x0,0x0,0x0,0xb4,0x0,0x0,0x0,
0x66,0x1,0x50,0x1,0x0,0x0,0x0,0x0,
0xb4,0x0,0x0,0x0,0x0,0x0,0x0,0x0,
0xb4,0x0,0x0,0x0,0x0,0x0,0x0,0x0,
0xd9,0x0,0x0,0x0,0x0,0x0,0x2,0x0,
0x12,0x0,0x0,0x0,0x0,0x0,0x0,0x0,
0x6a,0x1,0x90,0x1,0x6a,0x1,0x70,0x2,
0x86,0x0,0x0,0x0,0x0,0x0,0x7,0x0,
0xb0,0x0,0x0,0x0,0x0,0x0,0x0,0x0,
0x69,0x1,0x90,0x1,0x69,0x1,0x10,0x2,
0xd7,0x0,0x0,0x0,0x0,0x0,0x7,0x0,
0xaf,0x0,0x0,0x0,0x0,0x0,0x0,0x0,
0x68,0x1,0x90,0x1,0x68,0x1,0x0,0x2,
0x88,0x0,0x0,0x0,0x0,0x0,0x7,0x0,
0xae,0x0,0x0,0x0,0x0,0x0,0x0,0x0,
0x67,0x1,0x90,0x1,0x67,0x1,0xf0,0x1,
0x0,0x0,0x0,0x0,0x0,0x0,0x0,0x0,
0x0,0x0,0x0,0x0,0x0,0x0,0xff,0xff,
0xff,0xff,0xff,0xff,0x0,0x0,0x0,0x0,
0x54,0x0,0x0,0x0,0x54,0x0,0x0,0x0,
0x54,0x0,0x0,0x0,0x0,0x0,0x0,0x0,
0x54,0x0,0x0,0x0,0x54,0x0,0x0,0x0,
0x0,0x0,0x2,0x0,0x54,0x0,0x0,0x0,
0x0,0x0,0x0,0x0,0x84,0x0,0x0,0x0,
0x6e,0x1,0x50,0x1,0x0,0x0,0x0,0x0,
0x84,0x0,0x0,0x0,0x0,0x0,0x0,0x0,
0x84,0x0,0x0,0x0,0x0,0x0,0x0,0x0,
0xa4,0x0,0x0,0x0,0x0,0x0,0x7,0x0,
0xb1,0x0,0x0,0x0,0x0,0x0,0x0,0x0,
0x6f,0x1,0xa0,0x1,0x6f,0x1,0x20,0x2,
0xa3,0x0,0x0,0x0,0x0,0x0,0x2,0x0,
0x13,0x0,0x0,0x0,0x0,0x0,0x0,0x0,
0x6e,0x1,0xa0,0x1,0x6e,0x1,0x50,0x2,
0x0,0x0,0x0,0x0,0xa6,0x0,0x0,0x0,
0xdd,0x0,0x0,0x0,0x0,0x0,0xff,0xff,
0xff,0xff,0xff,0xff,0x0,0x0,0x0,0x0,
0x54,0x0,0x0,0x0,0x54,0x0,0x0,0x0,
0x54,0x0,0x0,0x0,0x0,0x0,0x0,0x0,
0x54,0x0,0x0,0x0,0x54,0x0,0x0,0x0,
0x0,0x0,0x3,0x0,0x54,0x0,0x0,0x0,
0x0,0x0,0x0,0x0,0x9c,0x0,0x0,0x0,
0x73,0x1,0x10,0x1,0x74,0x1,0x50,0x1,
0x9c,0x0,0x0,0x0,0x0,0x0,0x0,0x0,
0x9c,0x0,0x0,0x0,0x0,0x0,0x0,0x0,
0xa7,0x0,0x0,0x0,0x0,0x0,0x7,0x0,
0xb2,0x0,0x0,0x0,0x0,0x0,0x0,0x0,
0x77,0x1,0x50,0x1,0x77,0x1,0x0,0x2,
0xde,0x0,0x0,0x0,0x0,0x0,0x1,0x0,
0x1,0x0,0x0,0x0,0x0,0x0,0x0,0x0,
0x76,0x1,0x50,0x1,0x76,0x1,0x30,0x2,
0x7e,0x0,0x0,0x0,0x0,0x0,0xa,0x0,
0x37,0x0,0x0,0x0,0x0,0x0,0x0,0x0,
0x75,0x1,0x50,0x1,0x75,0x1,0xd0,0x1,
0x0,0x0,0x0,0x0,0x0,0x0,0x0,0x0,
0x0,0x0,0x0,0x0,0x0,0x0,0xff,0xff,
0xff,0xff,0xff,0xff,0x0,0x0,0x0,0x0,
0x54,0x0,0x0,0x0,0x54,0x0,0x0,0x0,
0x54,0x0,0x0,0x0,0x0,0x0,0x0,0x0,
0x54,0x0,0x0,0x0,0x54,0x0,0x0,0x0,
0x0,0x0,0x1,0x0,0x54,0x0,0x0,0x0,
0x0,0x0,0x0,0x0,0x6c,0x0,0x0,0x0,
0x75,0x1,0x50,0x1,0x0,0x0,0x0,0x0,
0x6c,0x0,0x0,0x0,0x0,0x0,0x0,0x0,
0x6c,0x0,0x0,0x0,0x0,0x0,0x0,0x0,
0x7f,0x0,0x0,0x0,0x0,0x0,0x7,0x0,
0xb3,0x0,0x0,0x0,0x0,0x0,0x0,0x0,
0x75,0x1,0xd0,0x1,0x75,0x1,0x30,0x2,
0x0,0x0,0x0,0x0,0x0,0x0,0x0,0x0,
0x0,0x0,0x0,0x0,0x0,0x0,0xff,0xff,
0xff,0xff,0xff,0xff,0x0,0x0,0x0,0x0,
0x54,0x0,0x0,0x0,0x54,0x0,0x0,0x0,
0x54,0x0,0x0,0x0,0x0,0x0,0x0,0x0,
0x54,0x0,0x0,0x0,0x54,0x0,0x0,0x0,
0x0,0x0,0x1,0x0,0x54,0x0,0x0,0x0,
0x0,0x0,0x0,0x0,0x6c,0x0,0x0,0x0,
0x7f,0x1,0x10,0x1,0x0,0x0,0x0,0x0,
0x6c,0x0,0x0,0x0,0x0,0x0,0x0,0x0,
0x6c,0x0,0x0,0x0,0x0,0x0,0x0,0x0,
0x77,0x0,0x0,0x0,0x0,0x0,0x7,0x0,
0xb4,0x0,0x0,0x0,0x0,0x0,0x0,0x0,
0x7f,0x1,0xb0,0x1,0x7f,0x1,0x80,0x2,
0x0,0x0,0x0,0x0,0x76,0x0,0x0,0x0,
0xe0,0x0,0x0,0x0,0x0,0x0,0xff,0xff,
0xff,0xff,0xff,0xff,0x0,0x0,0x0,0x0,
0x54,0x0,0x0,0x0,0x54,0x0,0x0,0x0,
0x54,0x0,0x0,0x0,0x0,0x0,0x0,0x0,
0x54,0x0,0x0,0x0,0x54,0x0,0x0,0x0,
0x0,0x0,0x1,0x0,0x54,0x0,0x0,0x0,
0x0,0x0,0x0,0x0,0x6c,0x0,0x0,0x0,
0x84,0x1,0x50,0x0,0x85,0x1,0x90,0x0,
0x6c,0x0,0x0,0x0,0x0,0x0,0x0,0x0,
0x6c,0x0,0x0,0x0,0x0,0x0,0x0,0x0,
0x0,0x0,0x0,0x0,0x0,0x0,0x8,0x0,
0x3a,0x0,0x0,0x0,0x0,0x0,0x0,0x0,
0x87,0x1,0x90,0x0,0x87,0x1,0x90,0x0,
0x0,0x0,0x0,0x0,0xb2,0x0,0x0,0x0,
0xe1,0x0,0x0,0x0,0x0,0x0,0xff,0xff,
0xff,0xff,0xff,0xff,0x0,0x0,0x0,0x0,
0x54,0x0,0x0,0x0,0x54,0x0,0x0,0x0,
0x54,0x0,0x0,0x0,0x0,0x0,0x0,0x0,
0x54,0x0,0x0,0x0,0x54,0x0,0x0,0x0,
0x0,0x0,0x5,0x0,0x54,0x0,0x0,0x0,
0x0,0x0,0x0,0x0,0xcc,0x0,0x0,0x0,
0x87,0x1,0x90,0x0,0x88,0x1,0xd0,0x0,
0xcc,0x0,0x0,0x0,0x0,0x0,0x0,0x0,
0xcc,0x0,0x0,0x0,0x0,0x0,0x0,0x0,
0xdf,0x0,0x0,0x0,0x0,0x0,0x8,0x0,
0x3c,0x0,0x0,0x0,0x0,0x0,0x0,0x0,
0x8f,0x1,0xd0,0x0,0x8f,0x1,0x70,0x1,
0xb4,0x0,0x0,0x0,0x0,0x0,0x7,0x0,
0xb5,0x0,0x0,0x0,0x0,0x0,0x0,0x0,
0x8d,0x1,0xd0,0x0,0x8d,0x1,0x40,0x1,
0x8e,0x0,0x0,0x0,0x0,0x0,0x1,0x0,
0x1,0x0,0x0,0x0,0x0,0x0,0x0,0x0,
0x8c,0x1,0xd0,0x0,0x8c,0x1,0x30,0x1,
0x91,0x0,0x0,0x0,0x0,0x0,0x2,0x0,
0xe,0x0,0x0,0x0,0x0,0x0,0x0,0x0,
0x8b,0x1,0xd0,0x0,0x8b,0x1,0x60,0x1,
0x7e,0x0,0x0,0x0,0x0,0x0,0xa,0x0,
0x3b,0x0,0x0,0x0,0x0,0x0,0x0,0x0,
0x89,0x1,0xd0,0x0,0x89,0x1,0x50,0x1,
0x0,0x0,0x0,0x0,0x0,0x0,0x0,0x0,
0x0,0x0,0x0,0x0,0x0,0x0,0xff,0xff,
0xff,0xff,0xff,0xff,0x0,0x0,0x0,0x0,
0x54,0x0,0x0,0x0,0x54,0x0,0x0,0x0,
0x54,0x0,0x0,0x0,0x0,0x0,0x0,0x0,
0x54,0x0,0x0,0x0,0x54,0x0,0x0,0x0,
0x0,0x0,0x2,0x0,0x54,0x0,0x0,0x0,
0x0,0x0,0x0,0x0,0x84,0x0,0x0,0x0,
0x89,0x1,0xd0,0x0,0x0,0x0,0x0,0x0,
0x84,0x0,0x0,0x0,0x0,0x0,0x0,0x0,
0x84,0x0,0x0,0x0,0x0,0x0,0x0,0x0,
0x98,0x0,0x0,0x0,0x0,0x0,0x2,0x0,
0x1,0x0,0x0,0x0,0x0,0x0,0x0,0x0,
0x8a,0x1,0x50,0x1,0x8a,0x1,0xe0,0x1,
0x7f,0x0,0x0,0x0,0x0,0x0,0x7,0x0,
0xb6,0x0,0x0,0x0,0x0,0x0,0x0,0x0,
0x89,0x1,0x50,0x1,0x89,0x1,0xb0,0x1,
0x0,0x0,0x0,0x0,0x7d,0x0,0x0,0x0,
0xe2,0x0,0x0,0x0,0x0,0x0,0xff,0xff,
0xff,0xff,0xff,0xff,0x0,0x0,0x1,0x0,
0x54,0x0,0x0,0x0,0x54,0x0,0x0,0x0,
0x60,0x0,0x0,0x0,0x0,0x0,0x0,0x0,
0x60,0x0,0x0,0x0,0x60,0x0,0x0,0x0,
0x0,0x0,0x7,0x0,0x60,0x0,0x0,0x0,
0x0,0x0,0x0,0x0,0x8,0x1,0x0,0x0,
0x8f,0x1,0x70,0x1,0x90,0x1,0x10,0x1,
0x8,0x1,0x0,0x0,0x0,0x0,0x0,0x0,
0x8,0x1,0x0,0x0,0x0,0x0,0x0,0x0,
0xe3,0x0,0x0,0x0,0x1,0x0,0x0,0x30,
0x91,0x1,0x10,0x1,0x81,0x0,0x0,0x0,
0x0,0x0,0x7,0x0,0xb9,0x0,0x0,0x0,
0x0,0x0,0x0,0x0,0x96,0x1,0x10,0x1,
0x96,0x1,0x80,0x1,0x95,0x0,0x0,0x0,
0x0,0x0,0x7,0x0,0xb8,0x0,0x0,0x0,
0x0,0x0,0x0,0x0,0x95,0x1,0x10,0x1,
0x95,0x1,0x90,0x1,0x92,0x0,0x0,0x0,
0x0,0x0,0x2,0x0,0xc,0x0,0x0,0x0,
0x0,0x0,0x0,0x0,0x94,0x1,0x10,0x1,
0x94,0x1,0x90,0x1,0x8a,0x0,0x0,0x0,
0x0,0x0,0x7,0x0,0xb7,0x0,0x0,0x0,
0x0,0x0,0x0,0x0,0x93,0x1,0x10,0x1,
0x93,0x1,0x80,0x1,0x0,0x0,0x0,0x0,
0x0,0x0,0x8,0x0,0x3e,0x0,0x0,0x0,
0x0,0x0,0x0,0x0,0x99,0x1,0x10,0x1,
0x99,0x1,0x10,0x1,0x0,0x0,0x0,0x0,
0x0,0x0,0x8,0x0,0x41,0x0,0x0,0x0,
0x0,0x0,0x0,0x0,0xa7,0x1,0x10,0x1,
0xa7,0x1,0x10,0x1,0x8f,0x0,0x0,0x0,
0x0,0x0,0xa,0x0,0x3d,0x0,0x0,0x0,
0x0,0x0,0x0,0x0,0x97,0x1,0x10,0x1,
0x97,0x1,0x80,0x1,0x0,0x0,0x0,0x0,
0x0,0x0,0x0,0x0,0x0,0x0,0xff,0xff,
0xff,0xff,0xff,0xff,0x0,0x0,0x0,0x0,
0x54,0x0,0x0,0x0,0x54,0x0,0x0,0x0,
0x54,0x0,0x0,0x0,0x0,0x0,0x0,0x0,
0x54,0x0,0x0,0x0,0x54,0x0,0x0,0x0,
0x0,0x0,0x1,0x0,0x54,0x0,0x0,0x0,
0x0,0x0,0x0,0x0,0x6c,0x0,0x0,0x0,
0x97,0x1,0x10,0x1,0x0,0x0,0x0,0x0,
0x6c,0x0,0x0,0x0,0x0,0x0,0x0,0x0,
0x6c,0x0,0x0,0x0,0x0,0x0,0x0,0x0,
0x81,0x0,0x0,0x0,0x0,0x0,0x7,0x0,
0xba,0x0,0x0,0x0,0x0,0x0,0x0,0x0,
0x97,0x1,0x80,0x1,0x97,0x1,0xf0,0x1,
0x0,0x0,0x0,0x0,0x9f,0x0,0x0,0x0,
0x0,0x0,0x0,0x0,0x0,0x0,0xff,0xff,
0xff,0xff,0xff,0xff,0x0,0x0,0x0,0x0,
0x54,0x0,0x0,0x0,0x54,0x0,0x0,0x0,
0x54,0x0,0x0,0x0,0x0,0x0,0x0,0x0,
0x54,0x0,0x0,0x0,0x54,0x0,0x0,0x0,
0x0,0x0,0x5,0x0,0x54,0x0,0x0,0x0,
0x0,0x0,0x0,0x0,0xcc,0x0,0x0,0x0,
0x99,0x1,0x10,0x1,0x0,0x0,0x0,0x0,
0xcc,0x0,0x0,0x0,0x0,0x0,0x0,0x0,
0xcc,0x0,0x0,0x0,0x0,0x0,0x0,0x0,
0xe9,0x0,0x0,0x0,0x0,0x0,0x7,0x0,
0xbd,0x0,0x0,0x0,0x0,0x0,0x0,0x0,
0xa4,0x1,0x50,0x1,0xa4,0x1,0xc0,0x1,
0x81,0x0,0x0,0x0,0x0,0x0,0x7,0x0,
0xbc,0x0,0x0,0x0,0x0,0x0,0x0,0x0,
0xa2,0x1,0x50,0x1,0xa2,0x1,0xc0,0x1,
0xa0,0x0,0x0,0x0,0x0,0x0,0x7,0x0,
0xbb,0x0,0x0,0x0,0x0,0x0,0x0,0x0,
0xa1,0x1,0x50,0x1,0xa1,0x1,0xb0,0x1,
0xa2,0x0,0x0,0x0,0x0,0x0,0xa,0x0,
0x40,0x0,0x0,0x0,0x0,0x0,0x0,0x0,
0xa3,0x1,0x50,0x1,0xa3,0x1,0xa0,0x1,
0x7e,0x0,0x0,0x0,0x0,0x0,0xa,0x0,
0x3f,0x0,0x0,0x0,0x0,0x0,0x0,0x0,
0x9a,0x1,0x50,0x1,0x9a,0x1,0x50,0x1,
0x0,0x0,0x0,0x0,0x0,0x0,0x0,0x0,
0x0,0x0,0x0,0x0,0x0,0x0,0xff,0xff,
0xff,0xff,0xff,0xff,0x0,0x0,0x0,0x0,
0x54,0x0,0x0,0x0,0x54,0x0,0x0,0x0,
0x54,0x0,0x0,0x0,0x0,0x0,0x0,0x0,
0x54,0x0,0x0,0x0,0x54,0x0,0x0,0x0,
0x0,0x0,0x5,0x0,0x54,0x0,0x0,0x0,
0x0,0x0,0x0,0x0,0xcc,0x0,0x0,0x0,
0x9a,0x1,0x50,0x1,0x0,0x0,0x0,0x0,
0xcc,0x0,0x0,0x0,0x0,0x0,0x0,0x0,
0xcc,0x0,0x0,0x0,0x0,0x0,0x0,0x0,
0xe8,0x0,0x0,0x0,0x0,0x0,0x2,0x0,
0xf,0x0,0x0,0x0,0x0,0x0,0x0,0x0,
0x9f,0x1,0x90,0x1,0x9f,0x1,0x60,0x2,
0xe6,0x0,0x0,0x0,0x0,0x0,0x7,0x0,
0xc1,0x0,0x0,0x0,0x0,0x0,0x0,0x0,
0x9e,0x1,0x90,0x1,0x9e,0x1,0x50,0x2,
0xe4,0x0,0x0,0x0,0x0,0x0,0x7,0x0,
0xc0,0x0,0x0,0x0,0x0,0x0,0x0,0x0,
0x9d,0x1,0x90,0x1,0x9d,0x1,0x90,0x2,
0xd7,0x0,0x0,0x0,0x0,0x0,0x7,0x0,
0xbf,0x0,0x0,0x0,0x0,0x0,0x0,0x0,
0x9c,0x1,0x90,0x1,0x9c,0x1,0x0,0x2,
0x88,0x0,0x0,0x0,0x0,0x0,0x7,0x0,
0xbe,0x0,0x0,0x0,0x0,0x0,0x0,0x0,
0x9b,0x1,0x90,0x1,0x9b,0x1,0xf0,0x1,
0x0,0x0,0x0,0x0,0x0,0x0,0x0,0x0,
0x0,0x0,0x0,0x0,0x0,0x0,0xff,0xff,
0xff,0xff,0xff,0xff,0x0,0x0,0x0,0x0,
0x54,0x0,0x0,0x0,0x54,0x0,0x0,0x0,
0x54,0x0,0x0,0x0,0x0,0x0,0x0,0x0,
0x54,0x0,0x0,0x0,0x54,0x0,0x0,0x0,
0x0,0x0,0x1,0x0,0x54,0x0,0x0,0x0,
0x0,0x0,0x0,0x0,0x6c,0x0,0x0,0x0,
0xa3,0x1,0x50,0x1,0x0,0x0,0x0,0x0,
0x6c,0x0,0x0,0x0,0x0,0x0,0x0,0x0,
0x6c,0x0,0x0,0x0,0x0,0x0,0x0,0x0,
0xa3,0x0,0x0,0x0,0x0,0x0,0x2,0x0,
0x13,0x0,0x0,0x0,0x0,0x0,0x0,0x0,
0xa3,0x1,0xa0,0x1,0xa3,0x1,0x50,0x2,
0x0,0x0,0x0,0x0,0xa6,0x0,0x0,0x0,
0xeb,0x0,0x0,0x0,0x0,0x0,0xff,0xff,
0xff,0xff,0xff,0xff,0x0,0x0,0x0,0x0,
0x54,0x0,0x0,0x0,0x54,0x0,0x0,0x0,
0x54,0x0,0x0,0x0,0x0,0x0,0x0,0x0,
0x54,0x0,0x0,0x0,0x54,0x0,0x0,0x0,
0x0,0x0,0x3,0x0,0x54,0x0,0x0,0x0,
0x0,0x0,0x0,0x0,0x9c,0x0,0x0,0x0,
0xa7,0x1,0x10,0x1,0xa8,0x1,0x50,0x1,
0x9c,0x0,0x0,0x0,0x0,0x0,0x0,0x0,
0x9c,0x0,0x0,0x0,0x0,0x0,0x0,0x0,
0xa7,0x0,0x0,0x0,0x0,0x0,0x7,0x0,
0xc2,0x0,0x0,0x0,0x0,0x0,0x0,0x0,
0xab,0x1,0x50,0x1,0xab,0x1,0x0,0x2,
0xde,0x0,0x0,0x0,0x0,0x0,0x1,0x0,
0x1,0x0,0x0,0x0,0x0,0x0,0x0,0x0,
0xaa,0x1,0x50,0x1,0xaa,0x1,0x30,0x2,
0x7e,0x0,0x0,0x0,0x0,0x0,0xa,0x0,
0x42,0x0,0x0,0x0,0x0,0x0,0x0,0x0,
0xa9,0x1,0x50,0x1,0xa9,0x1,0xd0,0x1,
0x0,0x0,0x0,0x0,0x0,0x0,0x0,0x0,
0x0,0x0,0x0,0x0,0x0,0x0,0xff,0xff,
0xff,0xff,0xff,0xff,0x0,0x0,0x0,0x0,
0x54,0x0,0x0,0x0,0x54,0x0,0x0,0x0,
0x54,0x0,0x0,0x0,0x0,0x0,0x0,0x0,
0x54,0x0,0x0,0x0,0x54,0x0,0x0,0x0,
0x0,0x0,0x1,0x0,0x54,0x0,0x0,0x0,
0x0,0x0,0x0,0x0,0x6c,0x0,0x0,0x0,
0xa9,0x1,0x50,0x1,0x0,0x0,0x0,0x0,
0x6c,0x0,0x0,0x0,0x0,0x0,0x0,0x0,
0x6c,0x0,0x0,0x0,0x0,0x0,0x0,0x0,
0x7f,0x0,0x0,0x0,0x0,0x0,0x7,0x0,
0xc3,0x0,0x0,0x0,0x0,0x0,0x0,0x0,
0xa9,0x1,0xd0,0x1,0xa9,0x1,0x30,0x2,
0x0,0x0,0x0,0x0,0x76,0x0,0x0,0x0,
0xec,0x0,0x0,0x0,0x0,0x0,0xff,0xff,
0xff,0xff,0xff,0xff,0x0,0x0,0x0,0x0,
0x54,0x0,0x0,0x0,0x54,0x0,0x0,0x0,
0x54,0x0,0x0,0x0,0x0,0x0,0x0,0x0,
0x54,0x0,0x0,0x0,0x54,0x0,0x0,0x0,
0x0,0x0,0x1,0x0,0x54,0x0,0x0,0x0,
0x0,0x0,0x0,0x0,0x6c,0x0,0x0,0x0,
0xb4,0x1,0x50,0x0,0xb5,0x1,0x90,0x0,
0x6c,0x0,0x0,0x0,0x0,0x0,0x0,0x0,
0x6c,0x0,0x0,0x0,0x0,0x0,0x0,0x0,
0x0,0x0,0x0,0x0,0x0,0x0,0x8,0x0,
0x44,0x0,0x0,0x0,0x0,0x0,0x0,0x0,
0xb7,0x1,0x90,0x0,0xb7,0x1,0x90,0x0,
0x0,0x0,0x0,0x0,0x5,0x0,0x0,0x0,
0x0,0x0,0x0,0x0,0x0,0x0,0xff,0xff,
0xff,0xff,0xff,0xff,0x0,0x0,0x0,0x0,
0x54,0x0,0x0,0x0,0x54,0x0,0x0,0x0,
0x54,0x0,0x0,0x0,0x0,0x0,0x0,0x0,
0x54,0x0,0x0,0x0,0x54,0x0,0x0,0x0,
0x0,0x0,0x2,0x0,0x54,0x0,0x0,0x0,
0x0,0x0,0x0,0x0,0x84,0x0,0x0,0x0,
0xb7,0x1,0x90,0x0,0x0,0x0,0x0,0x0,
0x84,0x0,0x0,0x0,0x0,0x0,0x0,0x0,
0x84,0x0,0x0,0x0,0x0,0x0,0x0,0x0,
0x0,0x0,0x0,0x0,0x0,0x0,0x8,0x0,
0x46,0x0,0x0,0x0,0x0,0x0,0x0,0x0,
0xba,0x1,0xd0,0x0,0xba,0x1,0xd0,0x0,
0x7e,0x0,0x0,0x0,0x0,0x0,0xa,0x0,
0x45,0x0,0x0,0x0,0x0,0x0,0x0,0x0,
0xb8,0x1,0xd0,0x0,0xb8,0x1,0x50,0x1,
0x0,0x0,0x0,0x0,0x0,0x0,0x0,0x0,
0x0,0x0,0x0,0x0,0x0,0x0,0xff,0xff,
0xff,0xff,0xff,0xff,0x0,0x0,0x0,0x0,
0x54,0x0,0x0,0x0,0x54,0x0,0x0,0x0,
0x54,0x0,0x0,0x0,0x0,0x0,0x0,0x0,
0x54,0x0,0x0,0x0,0x54,0x0,0x0,0x0,
0x0,0x0,0x1,0x0,0x54,0x0,0x0,0x0,
0x0,0x0,0x0,0x0,0x6c,0x0,0x0,0x0,
0xb8,0x1,0xd0,0x0,0x0,0x0,0x0,0x0,
0x6c,0x0,0x0,0x0,0x0,0x0,0x0,0x0,
0x6c,0x0,0x0,0x0,0x0,0x0,0x0,0x0,
0x7f,0x0,0x0,0x0,0x0,0x0,0x7,0x0,
0xc4,0x0,0x0,0x0,0x0,0x0,0x0,0x0,
0xb8,0x1,0x50,0x1,0xb8,0x1,0xb0,0x1,
0x0,0x0,0x0,0x0,0x90,0x0,0x0,0x0,
0x0,0x0,0x0,0x0,0x0,0x0,0xff,0xff,
0xff,0xff,0xff,0xff,0x0,0x0,0x0,0x0,
0x54,0x0,0x0,0x0,0x54,0x0,0x0,0x0,
0x54,0x0,0x0,0x0,0x0,0x0,0x0,0x0,
0x54,0x0,0x0,0x0,0x54,0x0,0x0,0x0,
0x0,0x0,0x5,0x0,0x54,0x0,0x0,0x0,
0x0,0x0,0x0,0x0,0xcc,0x0,0x0,0x0,
0xba,0x1,0xd0,0x0,0x0,0x0,0x0,0x0,
0xcc,0x0,0x0,0x0,0x0,0x0,0x0,0x0,
0xcc,0x0,0x0,0x0,0x0,0x0,0x0,0x0,
0x91,0x0,0x0,0x0,0x0,0x0,0x2,0x0,
0x1,0x0,0x0,0x0,0x0,0x0,0x0,0x0,
0xbd,0x1,0x10,0x1,0xbd,0x1,0xa0,0x1,
0x0,0x0,0x0,0x0,0x0,0x0,0x8,0x0,
0x48,0x0,0x0,0x0,0x0,0x0,0x0,0x0,
0xbf,0x1,0x10,0x1,0xbf,0x1,0x10,0x1,
0x0,0x0,0x0,0x0,0x0,0x0,0x8,0x0,
0x50,0x0,0x0,0x0,0x0,0x0,0x0,0x0,
0xde,0x1,0x10,0x1,0xde,0x1,0x10,0x1,
0x0,0x0,0x0,0x0,0x0,0x0,0x8,0x0,
0x55,0x0,0x0,0x0,0x0,0x0,0x0,0x0,
0xf4,0x1,0x10,0x1,0xf4,0x1,0x10,0x1,
0x7e,0x0,0x0,0x0,0x0,0x0,0xa,0x0,
0x47,0x0,0x0,0x0,0x0,0x0,0x0,0x0,
0xbb,0x1,0x10,0x1,0xbb,0x1,0x90,0x1,
0x0,0x0,0x0,0x0,0x0,0x0,0x0,0x0,
0x0,0x0,0x0,0x0,0x0,0x0,0xff,0xff,
0xff,0xff,0xff,0xff,0x0,0x0,0x0,0x0,
0x54,0x0,0x0,0x0,0x54,0x0,0x0,0x0,
0x54,0x0,0x0,0x0,0x0,0x0,0x0,0x0,
0x54,0x0,0x0,0x0,0x54,0x0,0x0,0x0,
0x0,0x0,0x2,0x0,0x54,0x0,0x0,0x0,
0x0,0x0,0x0,0x0,0x84,0x0,0x0,0x0,
0xbb,0x1,0x10,0x1,0x0,0x0,0x0,0x0,
0x84,0x0,0x0,0x0,0x0,0x0,0x0,0x0,
0x84,0x0,0x0,0x0,0x0,0x0,0x0,0x0,
0x98,0x0,0x0,0x0,0x0,0x0,0x2,0x0,
0x1,0x0,0x0,0x0,0x0,0x0,0x0,0x0,
0xbc,0x1,0x90,0x1,0xbc,0x1,0x20,0x2,
0x7f,0x0,0x0,0x0,0x0,0x0,0x7,0x0,
0xc5,0x0,0x0,0x0,0x0,0x0,0x0,0x0,
0xbb,0x1,0x90,0x1,0xbb,0x1,0xf0,0x1,
0x0,0x0,0x0,0x0,0x7d,0x0,0x0,0x0,
0x0,0x0,0x0,0x0,0x0,0x0,0xff,0xff,
0xff,0xff,0xff,0xff,0x0,0x0,0x0,0x0,
0x54,0x0,0x0,0x0,0x54,0x0,0x0,0x0,
0x54,0x0,0x0,0x0,0x0,0x0,0x0,0x0,
0x54,0x0,0x0,0x0,0x54,0x0,0x0,0x0,
0x0,0x0,0x6,0x0,0x54,0x0,0x0,0x0,
0x0,0x0,0x0,0x0,0xe4,0x0,0x0,0x0,
0xbf,0x1,0x10,0x1,0x0,0x0,0x0,0x0,
0xe4,0x0,0x0,0x0,0x0,0x0,0x0,0x0,
0xe4,0x0,0x0,0x0,0x0,0x0,0x0,0x0,
0x81,0x0,0x0,0x0,0x0,0x0,0x7,0x0,
0xc8,0x0,0x0,0x0,0x0,0x0,0x0,0x0,
0xc3,0x1,0x50,0x1,0xc3,0x1,0xc0,0x1,
0x95,0x0,0x0,0x0,0x0,0x0,0x7,0x0,
0xc7,0x0,0x0,0x0,0x0,0x0,0x0,0x0,
0xc2,0x1,0x50,0x1,0xc2,0x1,0xd0,0x1,
0x92,0x0,0x0,0x0,0x0,0x0,0x2,0x0,
0x14,0x0,0x0,0x0,0x0,0x0,0x0,0x0,
0xc1,0x1,0x50,0x1,0xc1,0x1,0xd0,0x1,
0x8a,0x0,0x0,0x0,0x0,0x0,0x7,0x0,
0xc6,0x0,0x0,0x0,0x0,0x0,0x0,0x0,
0xc0,0x1,0x50,0x1,0xc0,0x1,0xc0,0x1,
0x0,0x0,0x0,0x0,0x0,0x0,0x8,0x0,
0x4a,0x0,0x0,0x0,0x0,0x0,0x0,0x0,
0xc6,0x1,0x50,0x1,0xc6,0x1,0x50,0x1,
0x8f,0x0,0x0,0x0,0x0,0x0,0xa,0x0,
0x49,0x0,0x0,0x0,0x0,0x0,0x0,0x0,
0xc4,0x1,0x50,0x1,0xc4,0x1,0xc0,0x1,
0x0,0x0,0x0,0x0,0x0,0x0,0x0,0x0,
0x0,0x0,0x0,0x0,0x0,0x0,0xff,0xff,
0xff,0xff,0xff,0xff,0x0,0x0,0x0,0x0,
0x54,0x0,0x0,0x0,0x54,0x0,0x0,0x0,
0x54,0x0,0x0,0x0,0x0,0x0,0x0,0x0,
0x54,0x0,0x0,0x0,0x54,0x0,0x0,0x0,
0x0,0x0,0x1,0x0,0x54,0x0,0x0,0x0,
0x0,0x0,0x0,0x0,0x6c,0x0,0x0,0x0,
0xc4,0x1,0x50,0x1,0x0,0x0,0x0,0x0,
0x6c,0x0,0x0,0x0,0x0,0x0,0x0,0x0,
0x6c,0x0,0x0,0x0,0x0,0x0,0x0,0x0,
0x81,0x0,0x0,0x0,0x0,0x0,0x7,0x0,
0xc9,0x0,0x0,0x0,0x0,0x0,0x0,0x0,
0xc4,0x1,0xc0,0x1,0xc4,0x1,0x30,0x2,
0x0,0x0,0x0,0x0,0x90,0x0,0x0,0x0,
0x0,0x0,0x0,0x0,0x0,0x0,0xff,0xff,
0xff,0xff,0xff,0xff,0x0,0x0,0x0,0x0,
0x54,0x0,0x0,0x0,0x54,0x0,0x0,0x0,
0x54,0x0,0x0,0x0,0x0,0x0,0x0,0x0,
0x54,0x0,0x0,0x0,0x54,0x0,0x0,0x0,
0x0,0x0,0x4,0x0,0x54,0x0,0x0,0x0,
0x0,0x0,0x0,0x0,0xb4,0x0,0x0,0x0,
0xc6,0x1,0x50,0x1,0x0,0x0,0x0,0x0,
0xb4,0x0,0x0,0x0,0x0,0x0,0x0,0x0,
0xb4,0x0,0x0,0x0,0x0,0x0,0x0,0x0,
0x91,0x0,0x0,0x0,0x0,0x0,0x2,0x0,
0x15,0x0,0x0,0x0,0x0,0x0,0x0,0x0,
0xc9,0x1,0x90,0x1,0xc9,0x1,0x20,0x2,
0x0,0x0,0x0,0x0,0x0,0x0,0x8,0x0,
0x4c,0x0,0x0,0x0,0x0,0x0,0x0,0x0,
0xcb,0x1,0x90,0x1,0xcb,0x1,0x90,0x1,
0x0,0x0,0x0,0x0,0x0,0x0,0x8,0x0,
0x4e,0x0,0x0,0x0,0x0,0x0,0x0,0x0,
0xd3,0x1,0x90,0x1,0xd3,0x1,0x90,0x1,
0x7e,0x0,0x0,0x0,0x0,0x0,0xa,0x0,
0x4b,0x0,0x0,0x0,0x0,0x0,0x0,0x0,
0xc7,0x1,0x90,0x1,0xc7,0x1,0x10,0x2,
0x0,0x0,0x0,0x0,0x0,0x0,0x0,0x0,
0x0,0x0,0x0,0x0,0x0,0x0,0xff,0xff,
0xff,0xff,0xff,0xff,0x0,0x0,0x0,0x0,
0x54,0x0,0x0,0x0,0x54,0x0,0x0,0x0,
0x54,0x0,0x0,0x0,0x0,0x0,0x0,0x0,
0x54,0x0,0x0,0x0,0x54,0x0,0x0,0x0,
0x0,0x0,0x2,0x0,0x54,0x0,0x0,0x0,
0x0,0x0,0x0,0x0,0x84,0x0,0x0,0x0,
0xc7,0x1,0x90,0x1,0x0,0x0,0x0,0x0,
0x84,0x0,0x0,0x0,0x0,0x0,0x0,0x0,
0x84,0x0,0x0,0x0,0x0,0x0,0x0,0x0,
0x98,0x0,0x0,0x0,0x0,0x0,0x2,0x0,
0xf,0x0,0x0,0x0,0x0,0x0,0x0,0x0,
0xc8,0x1,0x10,0x2,0xc8,0x1,0xa0,0x2,
0x7f,0x0,0x0,0x0,0x0,0x0,0x7,0x0,
0xca,0x0,0x0,0x0,0x0,0x0,0x0,0x0,
0xc7,0x1,0x10,0x2,0xc7,0x1,0x70,0x2,
0x0,0x0,0x0,0x0,0x9f,0x0,0x0,0x0,
0x0,0x0,0x0,0x0,0x0,0x0,0xff,0xff,
0xff,0xff,0xff,0xff,0x0,0x0,0x0,0x0,
0x54,0x0,0x0,0x0,0x54,0x0,0x0,0x0,
0x54,0x0,0x0,0x0,0x0,0x0,0x0,0x0,
0x54,0x0,0x0,0x0,0x54,0x0,0x0,0x0,
0x0,0x0,0x4,0x0,0x54,0x0,0x0,0x0,
0x0,0x0,0x0,0x0,0xb4,0x0,0x0,0x0,
0xcb,0x1,0x90,0x1,0x0,0x0,0x0,0x0,
0xb4,0x0,0x0,0x0,0x0,0x0,0x0,0x0,
0xb4,0x0,0x0,0x0,0x0,0x0,0x0,0x0,
0xe9,0x0,0x0,0x0,0x0,0x0,0x7,0x0,
0xcd,0x0,0x0,0x0,0x0,0x0,0x0,0x0,
0xd0,0x1,0xd0,0x1,0xd0,0x1,0x40,0x2,
0x81,0x0,0x0,0x0,0x0,0x0,0x7,0x0,
0xcc,0x0,0x0,0x0,0x0,0x0,0x0,0x0,
0xcd,0x1,0xd0,0x1,0xcd,0x1,0x40,0x2,
0xa0,0x0,0x0,0x0,0x0,0x0,0x7,0x0,
0xcb,0x0,0x0,0x0,0x0,0x0,0x0,0x0,
0xcc,0x1,0xd0,0x1,0xcc,0x1,0x30,0x2,
0xa2,0x0,0x0,0x0,0x0,0x0,0xa,0x0,
0x4d,0x0,0x0,0x0,0x0,0x0,0x0,0x0,
0xce,0x1,0xd0,0x1,0xce,0x1,0x20,0x2,
0x0,0x0,0x0,0x0,0x0,0x0,0x0,0x0,
0x0,0x0,0x0,0x0,0x0,0x0,0xff,0xff,
0xff,0xff,0xff,0xff,0x0,0x0,0x0,0x0,
0x54,0x0,0x0,0x0,0x54,0x0,0x0,0x0,
0x54,0x0,0x0,0x0,0x0,0x0,0x0,0x0,
0x54,0x0,0x0,0x0,0x54,0x0,0x0,0x0,
0x0,0x0,0x2,0x0,0x54,0x0,0x0,0x0,
0x0,0x0,0x0,0x0,0x84,0x0,0x0,0x0,
0xce,0x1,0xd0,0x1,0x0,0x0,0x0,0x0,
0x84,0x0,0x0,0x0,0x0,0x0,0x0,0x0,
0x84,0x0,0x0,0x0,0x0,0x0,0x0,0x0,
0xa4,0x0,0x0,0x0,0x0,0x0,0x7,0x0,
0xce,0x0,0x0,0x0,0x0,0x0,0x0,0x0,
0xcf,0x1,0x20,0x2,0xcf,0x1,0xa0,0x2,
0xa3,0x0,0x0,0x0,0x0,0x0,0x2,0x0,
0x13,0x0,0x0,0x0,0x0,0x0,0x0,0x0,
0xce,0x1,0x20,0x2,0xce,0x1,0xd0,0x2,
0x0,0x0,0x0,0x0,0x9f,0x0,0x0,0x0,
0x0,0x0,0x0,0x0,0x0,0x0,0xff,0xff,
0xff,0xff,0xff,0xff,0x0,0x0,0x0,0x0,
0x54,0x0,0x0,0x0,0x54,0x0,0x0,0x0,
0x54,0x0,0x0,0x0,0x0,0x0,0x0,0x0,
0x54,0x0,0x0,0x0,0x54,0x0,0x0,0x0,
0x0,0x0,0x4,0x0,0x54,0x0,0x0,0x0,
0x0,0x0,0x0,0x0,0xb4,0x0,0x0,0x0,
0xd3,0x1,0x90,0x1,0x0,0x0,0x0,0x0,
0xb4,0x0,0x0,0x0,0x0,0x0,0x0,0x0,
0xb4,0x0,0x0,0x0,0x0,0x0,0x0,0x0,
0xe9,0x0,0x0,0x0,0x0,0x0,0x7,0x0,
0xd1,0x0,0x0,0x0,0x0,0x0,0x0,0x0,
0xd9,0x1,0xd0,0x1,0xd9,0x1,0x40,0x2,
0x81,0x0,0x0,0x0,0x0,0x0,0x7,0x0,
0xd0,0x0,0x0,0x0,0x0,0x0,0x0,0x0,
0xd7,0x1,0xd0,0x1,0xd7,0x1,0x40,0x2,
0xa0,0x0,0x0,0x0,0x0,0x0,0x7,0x0,
0xcf,0x0,0x0,0x0,0x0,0x0,0x0,0x0,
0xd4,0x1,0xd0,0x1,0xd4,0x1,0x30,0x2,
0xa2,0x0,0x0,0x0,0x0,0x0,0xa,0x0,
0x4f,0x0,0x0,0x0,0x0,0x0,0x0,0x0,
0xd8,0x1,0xd0,0x1,0xd8,0x1,0x20,0x2,
0x0,0x0,0x0,0x0,0x0,0x0,0x0,0x0,
0x0,0x0,0x0,0x0,0x0,0x0,0xff,0xff,
0xff,0xff,0xff,0xff,0x0,0x0,0x0,0x0,
0x54,0x0,0x0,0x0,0x54,0x0,0x0,0x0,
0x54,0x0,0x0,0x0,0x0,0x0,0x0,0x0,
0x54,0x0,0x0,0x0,0x54,0x0,0x0,0x0,
0x0,0x0,0x1,0x0,0x54,0x0,0x0,0x0,
0x0,0x0,0x0,0x0,0x6c,0x0,0x0,0x0,
0xd8,0x1,0xd0,0x1,0x0,0x0,0x0,0x0,
0x6c,0x0,0x0,0x0,0x0,0x0,0x0,0x0,
0x6c,0x0,0x0,0x0,0x0,0x0,0x0,0x0,
0xa3,0x0,0x0,0x0,0x0,0x0,0x2,0x0,
0xf,0x0,0x0,0x0,0x0,0x0,0x0,0x0,
0xd8,0x1,0x20,0x2,0xd8,0x1,0xd0,0x2,
0x0,0x0,0x0,0x0,0x7d,0x0,0x0,0x0,
0x0,0x0,0x0,0x0,0x0,0x0,0xff,0xff,
0xff,0xff,0xff,0xff,0x0,0x0,0x0,0x0,
0x54,0x0,0x0,0x0,0x54,0x0,0x0,0x0,
0x54,0x0,0x0,0x0,0x0,0x0,0x0,0x0,
0x54,0x0,0x0,0x0,0x54,0x0,0x0,0x0,
0x0,0x0,0x7,0x0,0x54,0x0,0x0,0x0,
0x0,0x0,0x0,0x0,0xfc,0x0,0x0,0x0,
0xde,0x1,0x10,0x1,0x0,0x0,0x0,0x0,
0xfc,0x0,0x0,0x0,0x0,0x0,0x0,0x0,
0xfc,0x0,0x0,0x0,0x0,0x0,0x0,0x0,
0x81,0x0,0x0,0x0,0x0,0x0,0x3,0x0,
0x0,0x0,0x0,0x0,0xed,0x0,0x0,0x0,
0xe3,0x1,0x50,0x1,0xe3,0x1,0xc0,0x1,
0x95,0x0,0x0,0x0,0x0,0x0,0x7,0x0,
0xd4,0x0,0x0,0x0,0x0,0x0,0x0,0x0,
0xe2,0x1,0x50,0x1,0xe2,0x1,0xd0,0x1,
0x92,0x0,0x0,0x0,0x0,0x0,0x2,0x0,
0x16,0x0,0x0,0x0,0x0,0x0,0x0,0x0,
0xe1,0x1,0x50,0x1,0xe1,0x1,0xd0,0x1,
0x8a,0x0,0x0,0x0,0x0,0x0,0x7,0x0,
0xd3,0x0,0x0,0x0,0x0,0x0,0x0,0x0,
0xe0,0x1,0x50,0x1,0xe0,0x1,0xc0,0x1,
0x8c,0x0,0x0,0x0,0x0,0x0,0x7,0x0,
0xd2,0x0,0x0,0x0,0x0,0x0,0x0,0x0,
0xdf,0x1,0x50,0x1,0xdf,0x1,0xe0,0x1,
0x0,0x0,0x0,0x0,0x0,0x0,0x8,0x0,
0x52,0x0,0x0,0x0,0x0,0x0,0x0,0x0,
0xe7,0x1,0x50,0x1,0xe7,0x1,0x50,0x1,
0x8f,0x0,0x0,0x0,0x0,0x0,0xa,0x0,
0x51,0x0,0x0,0x0,0x0,0x0,0x0,0x0,
0xe4,0x1,0x50,0x1,0xe4,0x1,0xc0,0x1,
0x0,0x0,0x0,0x0,0x0,0x0,0x0,0x0,
0x0,0x0,0x0,0x0,0x0,0x0,0xff,0xff,
0xff,0xff,0xff,0xff,0x0,0x0,0x0,0x0,
0x54,0x0,0x0,0x0,0x54,0x0,0x0,0x0,
0x54,0x0,0x0,0x0,0x0,0x0,0x0,0x0,
0x54,0x0,0x0,0x0,0x54,0x0,0x0,0x0,
0x0,0x0,0x2,0x0,0x54,0x0,0x0,0x0,
0x0,0x0,0x0,0x0,0x84,0x0,0x0,0x0,
0xe4,0x1,0x50,0x1,0x0,0x0,0x0,0x0,
0x84,0x0,0x0,0x0,0x0,0x0,0x0,0x0,
0x84,0x0,0x0,0x0,0x0,0x0,0x0,0x0,
0x8a,0x0,0x0,0x0,0x0,0x0,0x2,0x0,
0x2,0x0,0x0,0x0,0x0,0x0,0x0,0x0,
0xe5,0x1,0xc0,0x1,0xe5,0x1,0x30,0x2,
0x81,0x0,0x0,0x0,0x0,0x0,0x7,0x0,
0xd5,0x0,0x0,0x0,0x0,0x0,0x0,0x0,
0xe4,0x1,0xc0,0x1,0xe4,0x1,0x30,0x2,
0x0,0x0,0x0,0x0,0x9f,0x0,0x0,0x0,
0x0,0x0,0x0,0x0,0x0,0x0,0xff,0xff,
0xff,0xff,0xff,0xff,0x0,0x0,0x0,0x0,
0x54,0x0,0x0,0x0,0x54,0x0,0x0,0x0,
0x54,0x0,0x0,0x0,0x0,0x0,0x0,0x0,
0x54,0x0,0x0,0x0,0x54,0x0,0x0,0x0,
0x0,0x0,0x7,0x0,0x54,0x0,0x0,0x0,
0x0,0x0,0x0,0x0,0xfc,0x0,0x0,0x0,
0xe7,0x1,0x50,0x1,0x0,0x0,0x0,0x0,
0xfc,0x0,0x0,0x0,0x0,0x0,0x0,0x0,
0xfc,0x0,0x0,0x0,0x0,0x0,0x0,0x0,
0xdb,0x0,0x0,0x0,0x0,0x0,0x7,0x0,
0xda,0x0,0x0,0x0,0x0,0x0,0x0,0x0,
0xf0,0x1,0x90,0x1,0xf0,0x1,0xe0,0x2,
0xee,0x0,0x0,0x0,0x0,0x0,0x7,0x0,
0xd9,0x0,0x0,0x0,0x0,0x0,0x0,0x0,
0xef,0x1,0x90,0x1,0xef,0x1,0x30,0x2,
0x81,0x0,0x0,0x0,0x0,0x0,0x7,0x0,
0xd8,0x0,0x0,0x0,0x0,0x0,0x0,0x0,
0xed,0x1,0x90,0x1,0xed,0x1,0x0,0x2,
0xa0,0x0,0x0,0x0,0x0,0x0,0x7,0x0,
0xd7,0x0,0x0,0x0,0x0,0x0,0x0,0x0,
0xea,0x1,0x90,0x1,0xea,0x1,0xf0,0x1,
0x8a,0x0,0x0,0x0,0x0,0x0,0x7,0x0,
0xd6,0x0,0x0,0x0,0x0,0x0,0x0,0x0,
0xe9,0x1,0x90,0x1,0xe9,0x1,0x0,0x2,
0xa2,0x0,0x0,0x0,0x0,0x0,0xa,0x0,
0x54,0x0,0x0,0x0,0x0,0x0,0x0,0x0,
0xee,0x1,0x90,0x1,0xee,0x1,0xe0,0x1,
0x7e,0x0,0x0,0x0,0x0,0x0,0xa,0x0,
0x53,0x0,0x0,0x0,0x0,0x0,0x0,0x0,
0xe8,0x1,0x90,0x1,0xe8,0x1,0x10,0x2,
0x0,0x0,0x0,0x0,0x0,0x0,0x0,0x0,
0x0,0x0,0x0,0x0,0x0,0x0,0xff,0xff,
0xff,0xff,0xff,0xff,0x0,0x0,0x0,0x0,
0x54,0x0,0x0,0x0,0x54,0x0,0x0,0x0,
0x54,0x0,0x0,0x0,0x0,0x0,0x0,0x0,
0x54,0x0,0x0,0x0,0x54,0x0,0x0,0x0,
0x0,0x0,0x1,0x0,0x54,0x0,0x0,0x0,
0x0,0x0,0x0,0x0,0x6c,0x0,0x0,0x0,
0xe8,0x1,0x90,0x1,0x0,0x0,0x0,0x0,
0x6c,0x0,0x0,0x0,0x0,0x0,0x0,0x0,
0x6c,0x0,0x0,0x0,0x0,0x0,0x0,0x0,
0x93,0x0,0x0,0x0,0x0,0x0,0x7,0x0,
0xdb,0x0,0x0,0x0,0x0,0x0,0x0,0x0,
0xe8,0x1,0x10,0x2,0xe8,0x1,0xb0,0x2,
0x0,0x0,0x0,0x0,0x0,0x0,0x0,0x0,
0x0,0x0,0x0,0x0,0x0,0x0,0xff,0xff,
0xff,0xff,0xff,0xff,0x0,0x0,0x0,0x0,
0x54,0x0,0x0,0x0,0x54,0x0,0x0,0x0,
0x54,0x0,0x0,0x0,0x0,0x0,0x0,0x0,
0x54,0x0,0x0,0x0,0x54,0x0,0x0,0x0,
0x0,0x0,0x1,0x0,0x54,0x0,0x0,0x0,
0x0,0x0,0x0,0x0,0x6c,0x0,0x0,0x0,
0xee,0x1,0x90,0x1,0x0,0x0,0x0,0x0,
0x6c,0x0,0x0,0x0,0x0,0x0,0x0,0x0,
0x6c,0x0,0x0,0x0,0x0,0x0,0x0,0x0,
0xa3,0x0,0x0,0x0,0x0,0x0,0x2,0x0,
0x13,0x0,0x0,0x0,0x0,0x0,0x0,0x0,
0xee,0x1,0xe0,0x1,0xee,0x1,0x90,0x2,
0x0,0x0,0x0,0x0,0xb2,0x0,0x0,0x0,
0x0,0x0,0x0,0x0,0x0,0x0,0xff,0xff,
0xff,0xff,0xff,0xff,0x0,0x0,0x0,0x0,
0x54,0x0,0x0,0x0,0x54,0x0,0x0,0x0,
0x54,0x0,0x0,0x0,0x0,0x0,0x0,0x0,
0x54,0x0,0x0,0x0,0x54,0x0,0x0,0x0,
0x0,0x0,0x7,0x0,0x54,0x0,0x0,0x0,
0x0,0x0,0x0,0x0,0xfc,0x0,0x0,0x0,
0xf4,0x1,0x10,0x1,0x0,0x0,0x0,0x0,
0xfc,0x0,0x0,0x0,0x0,0x0,0x0,0x0,
0xfc,0x0,0x0,0x0,0x0,0x0,0x0,0x0,
0xdf,0x0,0x0,0x0,0x0,0x0,0x8,0x0,
0x56,0x0,0x0,0x0,0x0,0x0,0x0,0x0,
0xfc,0x1,0x50,0x1,0xfc,0x1,0xf0,0x1,
0xb4,0x0,0x0,0x0,0x0,0x0,0x7,0x0,
0xdf,0x0,0x0,0x0,0x0,0x0,0x0,0x0,
0xfa,0x1,0x50,0x1,0xfa,0x1,0xc0,0x1,
0x91,0x0,0x0,0x0,0x0,0x0,0x2,0x0,
0x12,0x0,0x0,0x0,0x0,0x0,0x0,0x0,
0xf9,0x1,0x50,0x1,0xf9,0x1,0xe0,0x1,
0x8e,0x0,0x0,0x0,0x0,0x0,0x1,0x0,
0x1,0x0,0x0,0x0,0x0,0x0,0x0,0x0,
0xf8,0x1,0x50,0x1,0xf8,0x1,0xb0,0x1,
0x92,0x0,0x0,0x0,0x0,0x0,0x7,0x0,
0xde,0x0,0x0,0x0,0x0,0x0,0x0,0x0,
0xf7,0x1,0x50,0x1,0xf7,0x1,0xd0,0x1,
0x8a,0x0,0x0,0x0,0x0,0x0,0x7,0x0,
0xdd,0x0,0x0,0x0,0x0,0x0,0x0,0x0,
0xf6,0x1,0x50,0x1,0xf6,0x1,0xc0,0x1,
0x8c,0x0,0x0,0x0,0x0,0x0,0x7,0x0,
0xdc,0x0,0x0,0x0,0x0,0x0,0x0,0x0,
0xf5,0x1,0x50,0x1,0xf5,0x1,0xe0,0x1,
0x0,0x0,0x0,0x0,0x7d,0x0,0x0,0x0,
0xf0,0x0,0x0,0x0,0x0,0x0,0xff,0xff,
0xff,0xff,0xff,0xff,0x0,0x0,0x2,0x0,
0x54,0x0,0x0,0x0,0x54,0x0,0x0,0x0,
0x6c,0x0,0x0,0x0,0x0,0x0,0x0,0x0,
0x6c,0x0,0x0,0x0,0x6c,0x0,0x0,0x0,
0x0,0x0,0x7,0x0,0x6c,0x0,0x0,0x0,
0x0,0x0,0x0,0x0,0x14,0x1,0x0,0x0,
0xfc,0x1,0xf0,0x1,0xfd,0x1,0x90,0x1,
0x14,0x1,0x0,0x0,0x0,0x0,0x0,0x0,
0x14,0x1,0x0,0x0,0x0,0x0,0x0,0x0,
0xc7,0x0,0x0,0x0,0x2,0x0,0x0,0x30,
0xfe,0x1,0x90,0x1,0xe3,0x0,0x0,0x0,
0x1,0x0,0x0,0x30,0xff,0x1,0x90,0x1,
0x81,0x0,0x0,0x0,0x0,0x0,0x7,0x0,
0xe3,0x0,0x0,0x0,0x0,0x0,0x0,0x0,
0x4,0x2,0x90,0x1,0x4,0x2,0x0,0x2,
0x95,0x0,0x0,0x0,0x0,0x0,0x7,0x0,
0xe2,0x0,0x0,0x0,0x0,0x0,0x0,0x0,
0x3,0x2,0x90,0x1,0x3,0x2,0x10,0x2,
0x92,0x0,0x0,0x0,0x0,0x0,0x7,0x0,
0xe1,0x0,0x0,0x0,0x0,0x0,0x0,0x0,
0x2,0x2,0x90,0x1,0x2,0x2,0x10,0x2,
0x8a,0x0,0x0,0x0,0x0,0x0,0x7,0x0,
0xe0,0x0,0x0,0x0,0x0,0x0,0x0,0x0,
0x1,0x2,0x90,0x1,0x1,0x2,0x0,0x2,
0x0,0x0,0x0,0x0,0x0,0x0,0x8,0x0,
0x58,0x0,0x0,0x0,0x0,0x0,0x0,0x0,
0xa,0x2,0x90,0x1,0xa,0x2,0x90,0x1,
0x0,0x0,0x0,0x0,0x0,0x0,0x8,0x0,
0x5e,0x0,0x0,0x0,0x0,0x0,0x0,0x0,
0x22,0x2,0x90,0x1,0x22,0x2,0x90,0x1,
0x8f,0x0,0x0,0x0,0x0,0x0,0xa,0x0,
0x57,0x0,0x0,0x0,0x0,0x0,0x0,0x0,
0x7,0x2,0x90,0x1,0x7,0x2,0x0,0x2,
0x0,0x0,0x0,0x0,0x0,0x0,0x0,0x0,
0x0,0x0,0x0,0x0,0x0,0x0,0xff,0xff,
0xff,0xff,0xff,0xff,0x0,0x0,0x0,0x0,
0x54,0x0,0x0,0x0,0x54,0x0,0x0,0x0,
0x54,0x0,0x0,0x0,0x0,0x0,0x0,0x0,
0x54,0x0,0x0,0x0,0x54,0x0,0x0,0x0,
0x0,0x0,0x2,0x0,0x54,0x0,0x0,0x0,
0x0,0x0,0x0,0x0,0x84,0x0,0x0,0x0,
0x7,0x2,0x90,0x1,0x0,0x0,0x0,0x0,
0x84,0x0,0x0,0x0,0x0,0x0,0x0,0x0,
0x84,0x0,0x0,0x0,0x0,0x0,0x0,0x0,
0x8a,0x0,0x0,0x0,0x0,0x0,0x7,0x0,
0xe5,0x0,0x0,0x0,0x0,0x0,0x0,0x0,
0x8,0x2,0x0,0x2,0x8,0x2,0x70,0x2,
0x81,0x0,0x0,0x0,0x0,0x0,0x7,0x0,
0xe4,0x0,0x0,0x0,0x0,0x0,0x0,0x0,
0x7,0x2,0x0,0x2,0x7,0x2,0x70,0x2,
0x0,0x0,0x0,0x0,0x90,0x0,0x0,0x0,
0x0,0x0,0x0,0x0,0x0,0x0,0xff,0xff,
0xff,0xff,0xff,0xff,0x0,0x0,0x0,0x0,
0x54,0x0,0x0,0x0,0x54,0x0,0x0,0x0,
0x54,0x0,0x0,0x0,0x0,0x0,0x0,0x0,
0x54,0x0,0x0,0x0,0x54,0x0,0x0,0x0,
0x0,0x0,0x4,0x0,0x54,0x0,0x0,0x0,
0x0,0x0,0x0,0x0,0xb4,0x0,0x0,0x0,
0xa,0x2,0x90,0x1,0x0,0x0,0x0,0x0,
0xb4,0x0,0x0,0x0,0x0,0x0,0x0,0x0,
0xb4,0x0,0x0,0x0,0x0,0x0,0x0,0x0,
0x91,0x0,0x0,0x0,0x0,0x0,0x2,0x0,
0x17,0x0,0x0,0x0,0x0,0x0,0x0,0x0,
0xd,0x2,0xd0,0x1,0xd,0x2,0x60,0x2,
0x0,0x0,0x0,0x0,0x0,0x0,0x8,0x0,
0x5a,0x0,0x0,0x0,0x0,0x0,0x0,0x0,
0xf,0x2,0xd0,0x1,0xf,0x2,0xd0,0x1,
0x0,0x0,0x0,0x0,0x0,0x0,0x8,0x0,
0x5c,0x0,0x0,0x0,0x0,0x0,0x0,0x0,
0x16,0x2,0xd0,0x1,0x16,0x2,0xd0,0x1,
0x7e,0x0,0x0,0x0,0x0,0x0,0xa,0x0,
0x59,0x0,0x0,0x0,0x0,0x0,0x0,0x0,
0xb,0x2,0xd0,0x1,0xb,0x2,0x50,0x2,
0x0,0x0,0x0,0x0,0x0,0x0,0x0,0x0,
0x0,0x0,0x0,0x0,0x0,0x0,0xff,0xff,
0xff,0xff,0xff,0xff,0x0,0x0,0x0,0x0,
0x54,0x0,0x0,0x0,0x54,0x0,0x0,0x0,
0x54,0x0,0x0,0x0,0x0,0x0,0x0,0x0,
0x54,0x0,0x0,0x0,0x54,0x0,0x0,0x0,
0x0,0x0,0x2,0x0,0x54,0x0,0x0,0x0,
0x0,0x0,0x0,0x0,0x84,0x0,0x0,0x0,
0xb,0x2,0xd0,0x1,0x0,0x0,0x0,0x0,
0x84,0x0,0x0,0x0,0x0,0x0,0x0,0x0,
0x84,0x0,0x0,0x0,0x0,0x0,0x0,0x0,
0x98,0x0,0x0,0x0,0x0,0x0,0x2,0x0,
0xf,0x0,0x0,0x0,0x0,0x0,0x0,0x0,
0xc,0x2,0x50,0x2,0xc,0x2,0xe0,0x2,
0x7f,0x0,0x0,0x0,0x0,0x0,0x7,0x0,
0xe6,0x0,0x0,0x0,0x0,0x0,0x0,0x0,
0xb,0x2,0x50,0x2,0xb,0x2,0xb0,0x2,
0x0,0x0,0x0,0x0,0x9f,0x0,0x0,0x0,
0x0,0x0,0x0,0x0,0x0,0x0,0xff,0xff,
0xff,0xff,0xff,0xff,0x0,0x0,0x0,0x0,
0x54,0x0,0x0,0x0,0x54,0x0,0x0,0x0,
0x54,0x0,0x0,0x0,0x0,0x0,0x0,0x0,
0x54,0x0,0x0,0x0,0x54,0x0,0x0,0x0,
0x0,0x0,0x3,0x0,0x54,0x0,0x0,0x0,
0x0,0x0,0x0,0x0,0x9c,0x0,0x0,0x0,
0xf,0x2,0xd0,0x1,0x0,0x0,0x0,0x0,
0x9c,0x0,0x0,0x0,0x0,0x0,0x0,0x0,
0x9c,0x0,0x0,0x0,0x0,0x0,0x0,0x0,
0x81,0x0,0x0,0x0,0x0,0x0,0x7,0x0,
0xe8,0x0,0x0,0x0,0x0,0x0,0x0,0x0,
0x11,0x2,0x10,0x2,0x11,0x2,0x80,0x2,
0xa0,0x0,0x0,0x0,0x0,0x0,0x7,0x0,
0xe7,0x0,0x0,0x0,0x0,0x0,0x0,0x0,
0x10,0x2,0x10,0x2,0x10,0x2,0x70,0x2,
0xa2,0x0,0x0,0x0,0x0,0x0,0xa,0x0,
0x5b,0x0,0x0,0x0,0x0,0x0,0x0,0x0,
0x12,0x2,0x10,0x2,0x12,0x2,0x60,0x2,
0x0,0x0,0x0,0x0,0x0,0x0,0x0,0x0,
0x0,0x0,0x0,0x0,0x0,0x0,0xff,0xff,
0xff,0xff,0xff,0xff,0x0,0x0,0x0,0x0,
0x54,0x0,0x0,0x0,0x54,0x0,0x0,0x0,
0x54,0x0,0x0,0x0,0x0,0x0,0x0,0x0,
0x54,0x0,0x0,0x0,0x54,0x0,0x0,0x0,
0x0,0x0,0x2,0x0,0x54,0x0,0x0,0x0,
0x0,0x0,0x0,0x0,0x84,0x0,0x0,0x0,
0x12,0x2,0x10,0x2,0x0,0x0,0x0,0x0,
0x84,0x0,0x0,0x0,0x0,0x0,0x0,0x0,
0x84,0x0,0x0,0x0,0x0,0x0,0x0,0x0,
0xa4,0x0,0x0,0x0,0x0,0x0,0x7,0x0,
0xe9,0x0,0x0,0x0,0x0,0x0,0x0,0x0,
0x13,0x2,0x60,0x2,0x13,0x2,0xe0,0x2,
0xa3,0x0,0x0,0x0,0x0,0x0,0x2,0x0,
0xf,0x0,0x0,0x0,0x0,0x0,0x0,0x0,
0x12,0x2,0x60,0x2,0x12,0x2,0x10,0x3,
0x0,0x0,0x0,0x0,0x9f,0x0,0x0,0x0,
0xf1,0x0,0x0,0x0,0x0,0x0,0xff,0xff,
0xff,0xff,0xff,0xff,0x0,0x0,0x0,0x0,
0x54,0x0,0x0,0x0,0x54,0x0,0x0,0x0,
0x54,0x0,0x0,0x0,0x0,0x0,0x0,0x0,
0x54,0x0,0x0,0x0,0x54,0x0,0x0,0x0,
0x0,0x0,0x7,0x0,0x54,0x0,0x0,0x0,
0x0,0x0,0x0,0x0,0xfc,0x0,0x0,0x0,
0x16,0x2,0xd0,0x1,0x17,0x2,0x10,0x2,
0xfc,0x0,0x0,0x0,0x0,0x0,0x0,0x0,
0xfc,0x0,0x0,0x0,0x0,0x0,0x0,0x0,
0xe9,0x0,0x0,0x0,0x0,0x0,0x7,0x0,
0xee,0x0,0x0,0x0,0x0,0x0,0x0,0x0,
0x1e,0x2,0x10,0x2,0x1e,0x2,0x80,0x2,
0xf2,0x0,0x0,0x0,0x0,0x0,0x2,0x0,
0xd,0x0,0x0,0x0,0x0,0x0,0x0,0x0,
0x1d,0x2,0x10,0x2,0x1d,0x2,0x30,0x3,
0xee,0x0,0x0,0x0,0x0,0x0,0x7,0x0,
0xed,0x0,0x0,0x0,0x0,0x0,0x0,0x0,
0x1c,0x2,0x10,0x2,0x1c,0x2,0xb0,0x2,
0x81,0x0,0x0,0x0,0x0,0x0,0x7,0x0,
0xec,0x0,0x0,0x0,0x0,0x0,0x0,0x0,
0x1a,0x2,0x10,0x2,0x1a,0x2,0x80,0x2,
0xa0,0x0,0x0,0x0,0x0,0x0,0x7,0x0,
0xeb,0x0,0x0,0x0,0x0,0x0,0x0,0x0,
0x19,0x2,0x10,0x2,0x19,0x2,0x70,0x2,
0x8a,0x0,0x0,0x0,0x0,0x0,0x7,0x0,
0xea,0x0,0x0,0x0,0x0,0x0,0x0,0x0,
0x18,0x2,0x10,0x2,0x18,0x2,0x80,0x2,
0xa2,0x0,0x0,0x0,0x0,0x0,0xa,0x0,
0x5d,0x0,0x0,0x0,0x0,0x0,0x0,0x0,
0x1b,0x2,0x10,0x2,0x1b,0x2,0x60,0x2,
0x0,0x0,0x0,0x0,0x0,0x0,0x0,0x0,
0x0,0x0,0x0,0x0,0x0,0x0,0xff,0xff,
0xff,0xff,0xff,0xff,0x0,0x0,0x0,0x0,
0x54,0x0,0x0,0x0,0x54,0x0,0x0,0x0,
0x54,0x0,0x0,0x0,0x0,0x0,0x0,0x0,
0x54,0x0,0x0,0x0,0x54,0x0,0x0,0x0,
0x0,0x0,0x1,0x0,0x54,0x0,0x0,0x0,
0x0,0x0,0x0,0x0,0x6c,0x0,0x0,0x0,
0x1b,0x2,0x10,0x2,0x0,0x0,0x0,0x0,
0x6c,0x0,0x0,0x0,0x0,0x0,0x0,0x0,
0x6c,0x0,0x0,0x0,0x0,0x0,0x0,0x0,
0xa3,0x0,0x0,0x0,0x0,0x0,0x2,0x0,
0x13,0x0,0x0,0x0,0x0,0x0,0x0,0x0,
0x1b,0x2,0x60,0x2,0x1b,0x2,0x10,0x3,
0x0,0x0,0x0,0x0,0xa6,0x0,0x0,0x0,
0xf3,0x0,0x0,0x0,0x0,0x0,0xff,0xff,
0xff,0xff,0xff,0xff,0x0,0x0,0x0,0x0,
0x54,0x0,0x0,0x0,0x54,0x0,0x0,0x0,
0x54,0x0,0x0,0x0,0x0,0x0,0x0,0x0,
0x54,0x0,0x0,0x0,0x54,0x0,0x0,0x0,
0x0,0x0,0x3,0x0,0x54,0x0,0x0,0x0,
0x0,0x0,0x0,0x0,0x9c,0x0,0x0,0x0,
0x22,0x2,0x90,0x1,0x23,0x2,0xd0,0x1,
0x9c,0x0,0x0,0x0,0x0,0x0,0x0,0x0,
0x9c,0x0,0x0,0x0,0x0,0x0,0x0,0x0,
0xa7,0x0,0x0,0x0,0x0,0x0,0x7,0x0,
0xef,0x0,0x0,0x0,0x0,0x0,0x0,0x0,
0x26,0x2,0xd0,0x1,0x26,0x2,0x80,0x2,
0xde,0x0,0x0,0x0,0x0,0x0,0x1,0x0,
0x1,0x0,0x0,0x0,0x0,0x0,0x0,0x0,
0x25,0x2,0xd0,0x1,0x25,0x2,0xb0,0x2,
0x7e,0x0,0x0,0x0,0x0,0x0,0xa,0x0,
0x5f,0x0,0x0,0x0,0x0,0x0,0x0,0x0,
0x24,0x2,0xd0,0x1,0x24,0x2,0x50,0x2,
0x0,0x0,0x0,0x0,0x0,0x0,0x0,0x0,
0x0,0x0,0x0,0x0,0x0,0x0,0xff,0xff,
0xff,0xff,0xff,0xff,0x0,0x0,0x0,0x0,
0x54,0x0,0x0,0x0,0x54,0x0,0x0,0x0,
0x54,0x0,0x0,0x0,0x0,0x0,0x0,0x0,
0x54,0x0,0x0,0x0,0x54,0x0,0x0,0x0,
0x0,0x0,0x1,0x0,0x54,0x0,0x0,0x0,
0x0,0x0,0x0,0x0,0x6c,0x0,0x0,0x0,
0x24,0x2,0xd0,0x1,0x0,0x0,0x0,0x0,
0x6c,0x0,0x0,0x0,0x0,0x0,0x0,0x0,
0x6c,0x0,0x0,0x0,0x0,0x0,0x0,0x0,
0x7f,0x0,0x0,0x0,0x0,0x0,0x7,0x0,
0xf0,0x0,0x0,0x0,0x0,0x0,0x0,0x0,
0x24,0x2,0x50,0x2,0x24,0x2,0xb0,0x2,
0x0,0x0,0x0,0x0,0x76,0x0,0x0,0x0,
0xf4,0x0,0x0,0x0,0x0,0x0,0xff,0xff,
0xff,0xff,0xff,0xff,0x0,0x0,0x0,0x0,
0x54,0x0,0x0,0x0,0x54,0x0,0x0,0x0,
0x54,0x0,0x0,0x0,0x0,0x0,0x0,0x0,
0x54,0x0,0x0,0x0,0x54,0x0,0x0,0x0,
0x0,0x0,0x1,0x0,0x54,0x0,0x0,0x0,
0x0,0x0,0x0,0x0,0x6c,0x0,0x0,0x0,
0x31,0x2,0x50,0x0,0x32,0x2,0x90,0x0,
0x6c,0x0,0x0,0x0,0x0,0x0,0x0,0x0,
0x6c,0x0,0x0,0x0,0x0,0x0,0x0,0x0,
0x0,0x0,0x0,0x0,0x0,0x0,0x8,0x0,
0x61,0x0,0x0,0x0,0x0,0x0,0x0,0x0,
0x34,0x2,0x90,0x0,0x34,0x2,0x90,0x0,
0x0,0x0,0x0,0x0,0x5,0x0,0x0,0x0,
0xf5,0x0,0x0,0x0,0x0,0x0,0xff,0xff,
0xff,0xff,0xff,0xff,0x0,0x0,0x4,0x0,
0x54,0x0,0x0,0x0,0x54,0x0,0x0,0x0,
0x84,0x0,0x0,0x0,0x0,0x0,0x0,0x0,
0x84,0x0,0x0,0x0,0x84,0x0,0x0,0x0,
0x0,0x0,0x5,0x0,0x84,0x0,0x0,0x0,
0x0,0x0,0x0,0x0,0xfc,0x0,0x0,0x0,
0x34,0x2,0x90,0x0,0x35,0x2,0xd0,0x0,
0xfc,0x0,0x0,0x0,0x0,0x0,0x0,0x0,
0xfc,0x0,0x0,0x0,0x0,0x0,0x0,0x0,
0xc7,0x0,0x0,0x0,0x2,0x0,0x0,0x30,
0x36,0x2,0xd0,0x0,0xe3,0x0,0x0,0x0,
0x1,0x0,0x0,0x30,0x37,0x2,0xd0,0x0,
0xf5,0x0,0x0,0x0,0x3,0x0,0x0,0xa0,
0x39,0x2,0xd0,0x0,0xf6,0x0,0x0,0x0,
0x2,0x0,0x0,0xa0,0x3a,0x2,0xd0,0x0,
0x92,0x0,0x0,0x0,0x0,0x0,0x7,0x0,
0xf3,0x0,0x0,0x0,0x0,0x0,0x0,0x0,
0x3d,0x2,0xd0,0x0,0x3d,0x2,0x50,0x1,
0x8a,0x0,0x0,0x0,0x0,0x0,0x7,0x0,
0xf2,0x0,0x0,0x0,0x0,0x0,0x0,0x0,
0x3c,0x2,0xd0,0x0,0x3c,0x2,0x40,0x1,
0xf6,0x0,0x0,0x0,0x8,0x0,0x7,0x0,
0xf1,0x0,0x0,0x0,0x0,0x0,0x0,0x0,
0x3a,0x2,0x30,0x2,0x3a,0x2,0xd0,0x2,
0xf5,0x0,0x0,0x0,0x8,0x0,0x1,0x0,
0x1,0x0,0x0,0x0,0x0,0x0,0x0,0x0,
0x39,0x2,0x40,0x2,0x39,0x2,0x50,0x3,
0x0,0x0,0x0,0x0,0x0,0x0,0x8,0x0,
0x62,0x0,0x0,0x0,0x0,0x0,0x0,0x0,
0x3f,0x2,0xd0,0x0,0x3f,0x2,0xd0,0x0,
0x0,0x0,0x0,0x0,0x97,0x0,0x0,0x0,
0xf8,0x0,0x0,0x0,0x0,0x0,0xff,0xff,
0xff,0xff,0xff,0xff,0x0,0x0,0x0,0x0,
0x54,0x0,0x0,0x0,0x54,0x0,0x0,0x0,
0x54,0x0,0x0,0x0,0x0,0x0,0x0,0x0,
0x54,0x0,0x0,0x0,0x54,0x0,0x0,0x0,
0x0,0x0,0x3,0x0,0x54,0x0,0x0,0x0,
0x0,0x0,0x0,0x0,0x9c,0x0,0x0,0x0,
0x3f,0x2,0xd0,0x0,0x40,0x2,0x10,0x1,
0x9c,0x0,0x0,0x0,0x0,0x0,0x0,0x0,
0x9c,0x0,0x0,0x0,0x0,0x0,0x0,0x0,
0x91,0x0,0x0,0x0,0x0,0x0,0x7,0x0,
0xf4,0x0,0x0,0x0,0x0,0x0,0x0,0x0,
0x42,0x2,0x10,0x1,0x42,0x2,0xa0,0x1,
0x0,0x0,0x0,0x0,0x0,0x0,0x8,0x0,
0x64,0x0,0x0,0x0,0x0,0x0,0x0,0x0,
0x44,0x2,0x10,0x1,0x44,0x2,0x10,0x1,
0x7e,0x0,0x0,0x0,0x0,0x0,0xa,0x0,
0x63,0x0,0x0,0x0,0x0,0x0,0x0,0x0,
0x41,0x2,0x10,0x1,0x41,0x2,0x90,0x1,
0x0,0x0,0x0,0x0,0x0,0x0,0x0,0x0,
0x0,0x0,0x0,0x0,0x0,0x0,0xff,0xff,
0xff,0xff,0xff,0xff,0x0,0x0,0x0,0x0,
0x54,0x0,0x0,0x0,0x54,0x0,0x0,0x0,
0x54,0x0,0x0,0x0,0x0,0x0,0x0,0x0,
0x54,0x0,0x0,0x0,0x54,0x0,0x0,0x0,
0x0,0x0,0x1,0x0,0x54,0x0,0x0,0x0,
0x0,0x0,0x0,0x0,0x6c,0x0,0x0,0x0,
0x41,0x2,0x10,0x1,0x0,0x0,0x0,0x0,
0x6c,0x0,0x0,0x0,0x0,0x0,0x0,0x0,
0x6c,0x0,0x0,0x0,0x0,0x0,0x0,0x0,
0xca,0x0,0x0,0x0,0x0,0x0,0x7,0x0,
0xf5,0x0,0x0,0x0,0x0,0x0,0x0,0x0,
0x41,0x2,0x90,0x1,0x41,0x2,0xb0,0x2,
0x0,0x0,0x0,0x0,0xfa,0x0,0x0,0x0,
0x0,0x0,0x0,0x0,0x0,0x0,0xff,0xff,
0xff,0xff,0xff,0xff,0x0,0x0,0x0,0x0,
0x54,0x0,0x0,0x0,0x54,0x0,0x0,0x0,
0x54,0x0,0x0,0x0,0x0,0x0,0x0,0x0,
0x54,0x0,0x0,0x0,0x54,0x0,0x0,0x0,
0x0,0x0,0x2,0x0,0x54,0x0,0x0,0x0,
0x0,0x0,0x0,0x0,0x84,0x0,0x0,0x0,
0x44,0x2,0x10,0x1,0x0,0x0,0x0,0x0,
0x84,0x0,0x0,0x0,0x0,0x0,0x0,0x0,
0x84,0x0,0x0,0x0,0x0,0x0,0x0,0x0,
0xb4,0x0,0x0,0x0,0x0,0x0,0x7,0x0,
0xf6,0x0,0x0,0x0,0x0,0x0,0x0,0x0,
0x45,0x2,0x50,0x1,0x45,0x2,0xc0,0x1,
0x0,0x0,0x0,0x0,0x0,0x0,0x8,0x0,
0x65,0x0,0x0,0x0,0x0,0x0,0x0,0x0,
0x47,0x2,0x50,0x1,0x47,0x2,0x50,0x1,
0x0,0x0,0x0,0x0,0x5,0x0,0x0,0x0,
0xfb,0x0,0x0,0x0,0x0,0x0,0xff,0xff,
0xff,0xff,0xff,0xff,0x0,0x0,0x14,0x0,
0x54,0x0,0x0,0x0,0x54,0x0,0x0,0x0,
0x44,0x1,0x0,0x0,0x0,0x0,0x0,0x0,
0x44,0x1,0x0,0x0,0x44,0x1,0x0,0x0,
0x0,0x0,0x1a,0x0,0x44,0x1,0x0,0x0,
0x0,0x0,0x0,0x0,0xb4,0x3,0x0,0x0,
0x47,0x2,0x50,0x1,0x48,0x2,0x90,0x1,
0xb4,0x3,0x0,0x0,0x0,0x0,0x0,0x0,
0xb4,0x3,0x0,0x0,0x0,0x0,0x0,0x0,
0xe3,0x0,0x0,0x0,0x1,0x0,0x0,0x30,
0x49,0x2,0x90,0x1,0xfc,0x0,0x0,0x0,
0x3,0x0,0x0,0xa0,0x4b,0x2,0x90,0x1,
0xfd,0x0,0x0,0x0,0x2,0x0,0x0,0xa0,
0x4c,0x2,0x90,0x1,0xff,0x0,0x0,0x0,
0x5,0x0,0x0,0xa0,0x4d,0x2,0x90,0x1,
0x1,0x1,0x0,0x0,0x2,0x0,0x0,0xa0,
0x4e,0x2,0x90,0x1,0x3,0x1,0x0,0x0,
0x3,0x0,0x0,0xa0,0x4f,0x2,0x90,0x1,
0x5,0x1,0x0,0x0,0x1,0x0,0x0,0xa0,
0x50,0x2,0x90,0x1,0x7,0x1,0x0,0x0,
0x4,0x0,0x0,0xa0,0x51,0x2,0x90,0x1,
0x9,0x1,0x0,0x0,0x4,0x0,0x0,0xa0,
0x52,0x2,0x90,0x1,0xb,0x1,0x0,0x0,
0x4,0x0,0x0,0xa0,0x53,0x2,0x90,0x1,
0xd,0x1,0x0,0x0,0x4,0x0,0x0,0xa0,
0x54,0x2,0x90,0x1,0xf,0x1,0x0,0x0,
0x3,0x0,0x0,0xa0,0x55,0x2,0x90,0x1,
0x11,0x1,0x0,0x0,0x4,0x0,0x0,0xa0,
0x56,0x2,0x90,0x1,0x13,0x1,0x0,0x0,
0x4,0x0,0x0,0xa0,0x57,0x2,0x90,0x1,
0x15,0x1,0x0,0x0,0x4,0x0,0x0,0xa0,
0x58,0x2,0x90,0x1,0x17,0x1,0x0,0x0,
0x4,0x0,0x0,0xa0,0x59,0x2,0x90,0x1,
0x19,0x1,0x0,0x0,0x4,0x0,0x0,0xa0,
0x5a,0x2,0x90,0x1,0x1b,0x1,0x0,0x0,
0x4,0x0,0x0,0xa0,0x5b,0x2,0x90,0x1,
0x1d,0x1,0x0,0x0,0x4,0x0,0x0,0xa0,
0x5e,0x2,0x90,0x1,0x1f,0x1,0x0,0x0,
0x1,0x0,0x0,0xa0,0x5f,0x2,0x90,0x1,
0x21,0x1,0x0,0x0,0x0,0x0,0x7,0x0,
0xb,0x1,0x0,0x0,0x0,0x0,0x0,0x0,
0x63,0x2,0x90,0x1,0x63,0x2,0xd0,0x2,
0x92,0x0,0x0,0x0,0x0,0x0,0x7,0x0,
0xa,0x1,0x0,0x0,0x0,0x0,0x0,0x0,
0x62,0x2,0x90,0x1,0x62,0x2,0x10,0x2,
0x8a,0x0,0x0,0x0,0x0,0x0,0x7,0x0,
0x9,0x1,0x0,0x0,0x0,0x0,0x0,0x0,
0x61,0x2,0x90,0x1,0x61,0x2,0x0,0x2,
0x1f,0x1,0x0,0x0,0x8,0x0,0x7,0x0,
0x8,0x1,0x0,0x0,0x0,0x0,0x0,0x0,
0x5f,0x2,0xf0,0x2,0x5f,0x2,0xe0,0x3,
0x1d,0x1,0x0,0x0,0x8,0x0,0x7,0x0,
0x7,0x1,0x0,0x0,0x0,0x0,0x0,0x0,
0x5e,0x2,0x0,0x3,0x5e,0x2,0xb0,0x3,
0x1b,0x1,0x0,0x0,0x8,0x0,0x7,0x0,
0x6,0x1,0x0,0x0,0x0,0x0,0x0,0x0,
0x5b,0x2,0x0,0x3,0x5b,0x2,0xb0,0x3,
0x19,0x1,0x0,0x0,0x8,0x0,0x7,0x0,
0x5,0x1,0x0,0x0,0x0,0x0,0x0,0x0,
0x5a,0x2,0x0,0x3,0x5a,0x2,0xd0,0x3,
0x17,0x1,0x0,0x0,0x8,0x0,0x7,0x0,
0x4,0x1,0x0,0x0,0x0,0x0,0x0,0x0,
0x59,0x2,0x0,0x3,0x59,0x2,0xc0,0x3,
0x15,0x1,0x0,0x0,0x8,0x0,0x7,0x0,
0x3,0x1,0x0,0x0,0x0,0x0,0x0,0x0,
0x58,0x2,0x0,0x3,0x58,0x2,0x40,0x4,
0x13,0x1,0x0,0x0,0x8,0x0,0x7,0x0,
0x2,0x1,0x0,0x0,0x0,0x0,0x0,0x0,
0x57,0x2,0x0,0x3,0x57,0x2,0x10,0x4,
0x11,0x1,0x0,0x0,0x8,0x0,0x7,0x0,
0x1,0x1,0x0,0x0,0x0,0x0,0x0,0x0,
0x56,0x2,0x0,0x3,0x56,0x2,0x0,0x4,
0xf,0x1,0x0,0x0,0x8,0x0,0x7,0x0,
0x0,0x1,0x0,0x0,0x0,0x0,0x0,0x0,
0x55,0x2,0x0,0x3,0x55,0x2,0x80,0x3,
0xd,0x1,0x0,0x0,0x8,0x0,0x7,0x0,
0xff,0x0,0x0,0x0,0x0,0x0,0x0,0x0,
0x54,0x2,0x0,0x3,0x54,0x2,0xf0,0x3,
0xb,0x1,0x0,0x0,0x8,0x0,0x7,0x0,
0xfe,0x0,0x0,0x0,0x0,0x0,0x0,0x0,
0x53,0x2,0x0,0x3,0x53,0x2,0xe0,0x3,
0x9,0x1,0x0,0x0,0x8,0x0,0x7,0x0,
0xfd,0x0,0x0,0x0,0x0,0x0,0x0,0x0,
0x52,0x2,0x0,0x3,0x52,0x2,0xe0,0x3,
0x7,0x1,0x0,0x0,0x8,0x0,0x7,0x0,
0xfc,0x0,0x0,0x0,0x0,0x0,0x0,0x0,
0x51,0x2,0x0,0x3,0x51,0x2,0xd0,0x3,
0x5,0x1,0x0,0x0,0x8,0x0,0x7,0x0,
0xfb,0x0,0x0,0x0,0x0,0x0,0x0,0x0,
0x50,0x2,0xf0,0x2,0x50,0x2,0x90,0x3,
0x3,0x1,0x0,0x0,0x8,0x0,0x7,0x0,
0xfa,0x0,0x0,0x0,0x0,0x0,0x0,0x0,
0x4f,0x2,0x0,0x3,0x4f,0x2,0xa0,0x3,
0x1,0x1,0x0,0x0,0x8,0x0,0x7,0x0,
0xf9,0x0,0x0,0x0,0x0,0x0,0x0,0x0,
0x4e,0x2,0xf0,0x2,0x4e,0x2,0xd0,0x3,
0xff,0x0,0x0,0x0,0x8,0x0,0x7,0x0,
0xf8,0x0,0x0,0x0,0x0,0x0,0x0,0x0,
0x4d,0x2,0x20,0x3,0x4d,0x2,0xe0,0x3,
0xfd,0x0,0x0,0x0,0x8,0x0,0x7,0x0,
0xf7,0x0,0x0,0x0,0x0,0x0,0x0,0x0,
0x4c,0x2,0xf0,0x2,0x4c,0x2,0xa0,0x3,
0xfc,0x0,0x0,0x0,0x8,0x0,0x1,0x0,
0x1,0x0,0x0,0x0,0x0,0x0,0x0,0x0,
0x4b,0x2,0x0,0x3,0x4b,0x2,0xa0,0x3,
0x0,0x0,0x0,0x0,0x0,0x0,0x8,0x0,
0x66,0x0,0x0,0x0,0x0,0x0,0x0,0x0,
0x65,0x2,0x90,0x1,0x65,0x2,0x90,0x1,
0x0,0x0,0x0,0x0,0x0,0x0,0x8,0x0,
0x72,0x0,0x0,0x0,0x0,0x0,0x0,0x0,
0xb0,0x2,0x90,0x1,0xb0,0x2,0x90,0x1,
0x0,0x0,0x0,0x0,0x0,0x0,0x8,0x0,
0x78,0x0,0x0,0x0,0x0,0x0,0x0,0x0,
0xbe,0x2,0x90,0x1,0xbe,0x2,0x90,0x1,
0x0,0x0,0x0,0x0,0x0,0x0,0x8,0x0,
0x7d,0x0,0x0,0x0,0x0,0x0,0x0,0x0,
0xdb,0x2,0x90,0x1,0xdb,0x2,0x90,0x1,
0x0,0x0,0x0,0x0,0x5,0x0,0x0,0x0,
0x23,0x1,0x0,0x0,0x0,0x0,0xff,0xff,
0xff,0xff,0xff,0xff,0x0,0x0,0x1,0x0,
0x54,0x0,0x0,0x0,0x54,0x0,0x0,0x0,
0x60,0x0,0x0,0x0,0x0,0x0,0x0,0x0,
0x60,0x0,0x0,0x0,0x60,0x0,0x0,0x0,
0x0,0x0,0xb,0x0,0x60,0x0,0x0,0x0,
0x0,0x0,0x0,0x0,0x68,0x1,0x0,0x0,
0x65,0x2,0x90,0x1,0x66,0x2,0xd0,0x1,
0x68,0x1,0x0,0x0,0x0,0x0,0x0,0x0,
0x68,0x1,0x0,0x0,0x0,0x0,0x0,0x0,
0x1b,0x1,0x0,0x0,0x4,0x0,0x0,0xa0,
0x6c,0x2,0xd0,0x1,0x1b,0x1,0x0,0x0,
0x8,0x0,0x7,0x0,0x10,0x1,0x0,0x0,
0x0,0x0,0x0,0x0,0x6c,0x2,0x40,0x3,
0x6c,0x2,0xf0,0x3,0xd5,0x0,0x0,0x0,
0x0,0x0,0x7,0x0,0xf,0x1,0x0,0x0,
0x0,0x0,0x0,0x0,0x6b,0x2,0xd0,0x1,
0x6b,0x2,0xe0,0x2,0xd3,0x0,0x0,0x0,
0x0,0x0,0x7,0x0,0xe,0x1,0x0,0x0,
0x0,0x0,0x0,0x0,0x6a,0x2,0xd0,0x1,
0x6a,0x2,0x70,0x2,0x92,0x0,0x0,0x0,
0x0,0x0,0x7,0x0,0xd,0x1,0x0,0x0,
0x0,0x0,0x0,0x0,0x69,0x2,0xd0,0x1,
0x69,0x2,0x50,0x2,0x8a,0x0,0x0,0x0,
0x0,0x0,0x7,0x0,0xc,0x1,0x0,0x0,
0x0,0x0,0x0,0x0,0x68,0x2,0xd0,0x1,
0x68,0x2,0x40,0x2,0x0,0x0,0x0,0x0,
0x0,0x0,0x8,0x0,0x68,0x0,0x0,0x0,
0x0,0x0,0x0,0x0,0x70,0x2,0xd0,0x1,
0x70,0x2,0xd0,0x1,0x0,0x0,0x0,0x0,
0x0,0x0,0x8,0x0,0x6a,0x0,0x0,0x0,
0x0,0x0,0x0,0x0,0x7e,0x2,0xd0,0x1,
0x7e,0x2,0xd0,0x1,0x0,0x0,0x0,0x0,
0x0,0x0,0x8,0x0,0x6e,0x0,0x0,0x0,
0x0,0x0,0x0,0x0,0x8d,0x2,0xd0,0x1,
0x8d,0x2,0xd0,0x1,0x0,0x0,0x0,0x0,
0x0,0x0,0x8,0x0,0x6f,0x0,0x0,0x0,
0x0,0x0,0x0,0x0,0x94,0x2,0xd0,0x1,
0x94,0x2,0xd0,0x1,0x0,0x0,0x0,0x0,
0x0,0x0,0x8,0x0,0x70,0x0,0x0,0x0,
0x0,0x0,0x0,0x0,0x9f,0x2,0xd0,0x1,
0x9f,0x2,0xd0,0x1,0x7e,0x0,0x0,0x0,
0x0,0x0,0xa,0x0,0x67,0x0,0x0,0x0,
0x0,0x0,0x0,0x0,0x67,0x2,0xd0,0x1,
0x67,0x2,0x50,0x2,0x0,0x0,0x0,0x0,
0x0,0x0,0x0,0x0,0x0,0x0,0xff,0xff,
0xff,0xff,0xff,0xff,0x0,0x0,0x0,0x0,
0x54,0x0,0x0,0x0,0x54,0x0,0x0,0x0,
0x54,0x0,0x0,0x0,0x0,0x0,0x0,0x0,
0x54,0x0,0x0,0x0,0x54,0x0,0x0,0x0,
0x0,0x0,0x1,0x0,0x54,0x0,0x0,0x0,
0x0,0x0,0x0,0x0,0x6c,0x0,0x0,0x0,
0x67,0x2,0xd0,0x1,0x0,0x0,0x0,0x0,
0x6c,0x0,0x0,0x0,0x0,0x0,0x0,0x0,
0x6c,0x0,0x0,0x0,0x0,0x0,0x0,0x0,
0x93,0x0,0x0,0x0,0x0,0x0,0x7,0x0,
0x11,0x1,0x0,0x0,0x0,0x0,0x0,0x0,
0x67,0x2,0x50,0x2,0x67,0x2,0xf0,0x2,
0x0,0x0,0x0,0x0,0xc8,0x0,0x0,0x0,
0x24,0x1,0x0,0x0,0x0,0x0,0xff,0xff,
0xff,0xff,0xff,0xff,0x0,0x0,0x0,0x0,
0x54,0x0,0x0,0x0,0x54,0x0,0x0,0x0,
0x54,0x0,0x0,0x0,0x0,0x0,0x0,0x0,
0x54,0x0,0x0,0x0,0x54,0x0,0x0,0x0,
0x0,0x0,0xa,0x0,0x54,0x0,0x0,0x0,
0x0,0x0,0x0,0x0,0x44,0x1,0x0,0x0,
0x70,0x2,0xd0,0x1,0x71,0x2,0x10,0x2,
0x44,0x1,0x0,0x0,0x0,0x0,0x0,0x0,
0x44,0x1,0x0,0x0,0x0,0x0,0x0,0x0,
0x28,0x1,0x0,0x0,0x0,0x0,0x7,0x0,
0x15,0x1,0x0,0x0,0x0,0x0,0x0,0x0,
0x7b,0x2,0x10,0x2,0x7b,0x2,0xa0,0x3,
0x26,0x1,0x0,0x0,0x0,0x0,0x7,0x0,
0x14,0x1,0x0,0x0,0x0,0x0,0x0,0x0,
0x7a,0x2,0x10,0x2,0x7a,0x2,0x90,0x3,
0x25,0x1,0x0,0x0,0x0,0x0,0x1,0x0,
0x1,0x0,0x0,0x0,0x0,0x0,0x0,0x0,
0x79,0x2,0x10,0x2,0x79,0x2,0x90,0x2,
0xd2,0x0,0x0,0x0,0x0,0x0,0x1,0x0,
0x1,0x0,0x0,0x0,0x0,0x0,0x0,0x0,
0x78,0x2,0x10,0x2,0x78,0x2,0x90,0x2,
0xd1,0x0,0x0,0x0,0x0,0x0,0x1,0x0,
0x0,0x0,0x0,0x0,0x0,0x0,0x0,0x0,
0x77,0x2,0x10,0x2,0x77,0x2,0x80,0x2,
0xd0,0x0,0x0,0x0,0x0,0x0,0x1,0x0,
0x1,0x0,0x0,0x0,0x0,0x0,0x0,0x0,
0x76,0x2,0x10,0x2,0x76,0x2,0x50,0x3,
0xcf,0x0,0x0,0x0,0x0,0x0,0x1,0x0,
0x1,0x0,0x0,0x0,0x0,0x0,0x0,0x0,
0x75,0x2,0x10,0x2,0x75,0x2,0xf0,0x2,
0xcd,0x0,0x0,0x0,0x0,0x0,0x7,0x0,
0x13,0x1,0x0,0x0,0x0,0x0,0x0,0x0,
0x74,0x2,0x10,0x2,0x74,0x2,0xb0,0x2,
0x7b,0x0,0x0,0x0,0x0,0x0,0x7,0x0,
0x12,0x1,0x0,0x0,0x0,0x0,0x0,0x0,
0x73,0x2,0x10,0x2,0x73,0x2,0x90,0x2,
0x7e,0x0,0x0,0x0,0x0,0x0,0xa,0x0,
0x69,0x0,0x0,0x0,0x0,0x0,0x0,0x0,
0x72,0x2,0x10,0x2,0x72,0x2,0x90,0x2,
0x0,0x0,0x0,0x0,0x0,0x0,0x0,0x0,
0x0,0x0,0x0,0x0,0x0,0x0,0xff,0xff,
0xff,0xff,0xff,0xff,0x0,0x0,0x0,0x0,
0x54,0x0,0x0,0x0,0x54,0x0,0x0,0x0,
0x54,0x0,0x0,0x0,0x0,0x0,0x0,0x0,
0x54,0x0,0x0,0x0,0x54,0x0,0x0,0x0,
0x0,0x0,0x1,0x0,0x54,0x0,0x0,0x0,
0x0,0x0,0x0,0x0,0x6c,0x0,0x0,0x0,
0x72,0x2,0x10,0x2,0x0,0x0,0x0,0x0,
0x6c,0x0,0x0,0x0,0x0,0x0,0x0,0x0,
0x6c,0x0,0x0,0x0,0x0,0x0,0x0,0x0,
0x7f,0x0,0x0,0x0,0x0,0x0,0x7,0x0,
0x16,0x1,0x0,0x0,0x0,0x0,0x0,0x0,
0x72,0x2,0x90,0x2,0x72,0x2,0xf0,0x2,
0x0,0x0,0x0,0x0,0x2a,0x1,0x0,0x0,
0x0,0x0,0x0,0x0,0x0,0x0,0xff,0xff,
0xff,0xff,0xff,0xff,0x0,0x0,0x0,0x0,
0x54,0x0,0x0,0x0,0x54,0x0,0x0,0x0,
0x54,0x0,0x0,0x0,0x0,0x0,0x0,0x0,
0x54,0x0,0x0,0x0,0x54,0x0,0x0,0x0,
0x0,0x0,0x3,0x0,0x54,0x0,0x0,0x0,
0x0,0x0,0x0,0x0,0x9c,0x0,0x0,0x0,
0x7e,0x2,0xd0,0x1,0x0,0x0,0x0,0x0,
0x9c,0x0,0x0,0x0,0x0,0x0,0x0,0x0,
0x9c,0x0,0x0,0x0,0x0,0x0,0x0,0x0,
0x8c,0x0,0x0,0x0,0x0,0x0,0x7,0x0,
0x17,0x1,0x0,0x0,0x0,0x0,0x0,0x0,
0x80,0x2,0x10,0x2,0x80,0x2,0xa0,0x2,
0x0,0x0,0x0,0x0,0x0,0x0,0x8,0x0,
0x6c,0x0,0x0,0x0,0x0,0x0,0x0,0x0,
0x82,0x2,0x10,0x2,0x82,0x2,0x10,0x2,
0x7e,0x0,0x0,0x0,0x0,0x0,0xa,0x0,
0x6b,0x0,0x0,0x0,0x0,0x0,0x0,0x0,
0x7f,0x2,0x10,0x2,0x7f,0x2,0x90,0x2,
0x0,0x0,0x0,0x0,0x0,0x0,0x0,0x0,
0x0,0x0,0x0,0x0,0x0,0x0,0xff,0xff,
0xff,0xff,0xff,0xff,0x0,0x0,0x0,0x0,
0x54,0x0,0x0,0x0,0x54,0x0,0x0,0x0,
0x54,0x0,0x0,0x0,0x0,0x0,0x0,0x0,
0x54,0x0,0x0,0x0,0x54,0x0,0x0,0x0,
0x0,0x0,0x1,0x0,0x54,0x0,0x0,0x0,
0x0,0x0,0x0,0x0,0x6c,0x0,0x0,0x0,
0x7f,0x2,0x10,0x2,0x0,0x0,0x0,0x0,
0x6c,0x0,0x0,0x0,0x0,0x0,0x0,0x0,
0x6c,0x0,0x0,0x0,0x0,0x0,0x0,0x0,
0x7f,0x0,0x0,0x0,0x0,0x0,0x7,0x0,
0x18,0x1,0x0,0x0,0x0,0x0,0x0,0x0,
0x7f,0x2,0x90,0x2,0x7f,0x2,0xf0,0x2,
0x0,0x0,0x0,0x0,0x2b,0x1,0x0,0x0,
0x0,0x0,0x0,0x0,0x0,0x0,0xff,0xff,
0xff,0xff,0xff,0xff,0x0,0x0,0x0,0x0,
0x54,0x0,0x0,0x0,0x54,0x0,0x0,0x0,
0x54,0x0,0x0,0x0,0x0,0x0,0x0,0x0,
0x54,0x0,0x0,0x0,0x54,0x0,0x0,0x0,
0x0,0x0,0x4,0x0,0x54,0x0,0x0,0x0,
0x0,0x0,0x0,0x0,0xb4,0x0,0x0,0x0,
0x82,0x2,0x10,0x2,0x0,0x0,0x0,0x0,
0xb4,0x0,0x0,0x0,0x0,0x0,0x0,0x0,
0xb4,0x0,0x0,0x0,0x0,0x0,0x0,0x0,
0x2f,0x1,0x0,0x0,0x0,0x0,0x7,0x0,
0x1a,0x1,0x0,0x0,0x0,0x0,0x0,0x0,
0x85,0x2,0x50,0x2,0x85,0x2,0xc0,0x2,
0x2d,0x1,0x0,0x0,0x0,0x0,0x7,0x0,
0x19,0x1,0x0,0x0,0x0,0x0,0x0,0x0,
0x84,0x2,0x50,0x2,0x84,0x2,0x0,0x3,
0x2c,0x1,0x0,0x0,0x0,0x0,0x2,0x0,
0x0,0x0,0x0,0x0,0x0,0x0,0x0,0x0,
0x83,0x2,0x50,0x2,0x83,0x2,0x20,0x3,
0x0,0x0,0x0,0x0,0x0,0x0,0x8,0x0,
0x6d,0x0,0x0,0x0,0x0,0x0,0x0,0x0,
0x87,0x2,0x50,0x2,0x87,0x2,0x50,0x2,
0x0,0x0,0x0,0x0,0x31,0x1,0x0,0x0,
0x0,0x0,0x0,0x0,0x0,0x0,0xff,0xff,
0xff,0xff,0xff,0xff,0x0,0x0,0x0,0x0,
0x54,0x0,0x0,0x0,0x54,0x0,0x0,0x0,
0x54,0x0,0x0,0x0,0x0,0x0,0x0,0x0,
0x54,0x0,0x0,0x0,0x54,0x0,0x0,0x0,
0x0,0x0,0x1,0x0,0x54,0x0,0x0,0x0,
0x0,0x0,0x0,0x0,0x6c,0x0,0x0,0x0,
0x87,0x2,0x50,0x2,0x0,0x0,0x0,0x0,
0x6c,0x0,0x0,0x0,0x0,0x0,0x0,0x0,
0x6c,0x0,0x0,0x0,0x0,0x0,0x0,0x0,
0x32,0x1,0x0,0x0,0x0,0x0,0x7,0x0,
0x1b,0x1,0x0,0x0,0x0,0x0,0x0,0x0,
0x88,0x2,0x90,0x2,0x88,0x2,0x0,0x3,
0x0,0x0,0x0,0x0,0x34,0x1,0x0,0x0,
0x35,0x1,0x0,0x0,0x0,0x0,0xff,0xff,
0xff,0xff,0xff,0xff,0x0,0x0,0x0,0x0,
0x54,0x0,0x0,0x0,0x54,0x0,0x0,0x0,
0x54,0x0,0x0,0x0,0x0,0x0,0x0,0x0,
0x54,0x0,0x0,0x0,0x54,0x0,0x0,0x0,
0x0,0x0,0x3,0x0,0x54,0x0,0x0,0x0,
0x0,0x0,0x0,0x0,0x9c,0x0,0x0,0x0,
0x8d,0x2,0xd0,0x1,0x8e,0x2,0x10,0x2,
0x9c,0x0,0x0,0x0,0x0,0x0,0x0,0x0,
0x9c,0x0,0x0,0x0,0x0,0x0,0x0,0x0,
0x3a,0x1,0x0,0x0,0x0,0x0,0x4,0x0,
0x0,0x0,0x0,0x0,0x0,0x0,0x0,0x0,
0x91,0x2,0x10,0x2,0x91,0x2,0x90,0x2,
0x38,0x1,0x0,0x0,0x0,0x0,0x7,0x0,
0x1d,0x1,0x0,0x0,0x0,0x0,0x0,0x0,
0x90,0x2,0x10,0x2,0x90,0x2,0x20,0x3,
0x36,0x1,0x0,0x0,0x0,0x0,0x7,0x0,
0x1c,0x1,0x0,0x0,0x0,0x0,0x0,0x0,
0x8f,0x2,0x10,0x2,0x8f,0x2,0xa0,0x2,
0x0,0x0,0x0,0x0,0x3b,0x1,0x0,0x0,
0x3c,0x1,0x0,0x0,0x0,0x0,0xff,0xff,
0xff,0xff,0xff,0xff,0x0,0x0,0x0,0x0,
0x54,0x0,0x0,0x0,0x54,0x0,0x0,0x0,
0x54,0x0,0x0,0x0,0x0,0x0,0x0,0x0,
0x54,0x0,0x0,0x0,0x54,0x0,0x0,0x0,
0x0,0x0,0x3,0x0,0x54,0x0,0x0,0x0,
0x0,0x0,0x0,0x0,0x9c,0x0,0x0,0x0,
0x94,0x2,0xd0,0x1,0x95,0x2,0x10,0x2,
0x9c,0x0,0x0,0x0,0x0,0x0,0x0,0x0,
0x9c,0x0,0x0,0x0,0x0,0x0,0x0,0x0,
0x3d,0x1,0x0,0x0,0x0,0x0,0x7,0x0,
0x20,0x1,0x0,0x0,0x0,0x0,0x0,0x0,
0x98,0x2,0x10,0x2,0x98,0x2,0xb0,0x2,
0x38,0x1,0x0,0x0,0x0,0x0,0x7,0x0,
0x1f,0x1,0x0,0x0,0x0,0x0,0x0,0x0,
0x97,0x2,0x10,0x2,0x97,0x2,0x20,0x3,
0x36,0x1,0x0,0x0,0x0,0x0,0x7,0x0,
0x1e,0x1,0x0,0x0,0x0,0x0,0x0,0x0,
0x96,0x2,0x10,0x2,0x96,0x2,0xa0,0x2,
0x0,0x0,0x0,0x0,0x3f,0x1,0x0,0x0,
0x40,0x1,0x0,0x0,0x0,0x0,0xff,0xff,
0xff,0xff,0xff,0xff,0x0,0x0,0x0,0x0,
0x54,0x0,0x0,0x0,0x54,0x0,0x0,0x0,
0x54,0x0,0x0,0x0,0x0,0x0,0x0,0x0,
0x54,0x0,0x0,0x0,0x54,0x0,0x0,0x0,
0x0,0x0,0x9,0x0,0x54,0x0,0x0,0x0,
0x0,0x0,0x0,0x0,0x2c,0x1,0x0,0x0,
0x9f,0x2,0xd0,0x1,0xa0,0x2,0x10,0x2,
0x2c,0x1,0x0,0x0,0x0,0x0,0x0,0x0,
0x2c,0x1,0x0,0x0,0x0,0x0,0x0,0x0,
0x4d,0x1,0x0,0x0,0x0,0x0,0x7,0x0,
0x27,0x1,0x0,0x0,0x0,0x0,0x0,0x0,
0xa9,0x2,0x10,0x2,0xa9,0x2,0x0,0x3,
0x4c,0x1,0x0,0x0,0x0,0x0,0x1,0x0,
0x1,0x0,0x0,0x0,0x0,0x0,0x0,0x0,
0xa8,0x2,0x10,0x2,0xa8,0x2,0x80,0x2,
0x4a,0x1,0x0,0x0,0x0,0x0,0x7,0x0,
0x26,0x1,0x0,0x0,0x0,0x0,0x0,0x0,
0xa7,0x2,0x10,0x2,0xa7,0x2,0x70,0x2,
0x48,0x1,0x0,0x0,0x0,0x0,0x7,0x0,
0x25,0x1,0x0,0x0,0x0,0x0,0x0,0x0,
0xa6,0x2,0x10,0x2,0xa6,0x2,0x50,0x2,
0x46,0x1,0x0,0x0,0x0,0x0,0x7,0x0,
0x24,0x1,0x0,0x0,0x0,0x0,0x0,0x0,
0xa5,0x2,0x10,0x2,0xa5,0x2,0x70,0x2,
0x4b,0x0,0x0,0x0,0x0,0x0,0x7,0x0,
0x23,0x1,0x0,0x0,0x0,0x0,0x0,0x0,
0xa4,0x2,0x10,0x2,0xa4,0x2,0xe0,0x2,
0x43,0x1,0x0,0x0,0x0,0x0,0x7,0x0,
0x22,0x1,0x0,0x0,0x0,0x0,0x0,0x0,
0xa3,0x2,0x10,0x2,0xa3,0x2,0x70,0x2,
0x41,0x1,0x0,0x0,0x0,0x0,0x7,0x0,
0x21,0x1,0x0,0x0,0x0,0x0,0x0,0x0,
0xa2,0x2,0x10,0x2,0xa2,0x2,0xb0,0x2,
0x7e,0x0,0x0,0x0,0x0,0x0,0xa,0x0,
0x71,0x0,0x0,0x0,0x0,0x0,0x0,0x0,
0xa1,0x2,0x10,0x2,0xa1,0x2,0x90,0x2,
0x0,0x0,0x0,0x0,0x0,0x0,0x0,0x0,
0x0,0x0,0x0,0x0,0x0,0x0,0xff,0xff,
0xff,0xff,0xff,0xff,0x0,0x0,0x0,0x0,
0x54,0x0,0x0,0x0,0x54,0x0,0x0,0x0,
0x54,0x0,0x0,0x0,0x0,0x0,0x0,0x0,
0x54,0x0,0x0,0x0,0x54,0x0,0x0,0x0,
0x0,0x0,0x1,0x0,0x54,0x0,0x0,0x0,
0x0,0x0,0x0,0x0,0x6c,0x0,0x0,0x0,
0xa1,0x2,0x10,0x2,0x0,0x0,0x0,0x0,
0x6c,0x0,0x0,0x0,0x0,0x0,0x0,0x0,
0x6c,0x0,0x0,0x0,0x0,0x0,0x0,0x0,
0x7f,0x0,0x0,0x0,0x0,0x0,0x7,0x0,
0x28,0x1,0x0,0x0,0x0,0x0,0x0,0x0,
0xa1,0x2,0x90,0x2,0xa1,0x2,0xf0,0x2,
0x0,0x0,0x0,0x0,0x7d,0x0,0x0,0x0,
0x0,0x0,0x0,0x0,0x0,0x0,0xff,0xff,
0xff,0xff,0xff,0xff,0x0,0x0,0x0,0x0,
0x54,0x0,0x0,0x0,0x54,0x0,0x0,0x0,
0x54,0x0,0x0,0x0,0x0,0x0,0x0,0x0,
0x54,0x0,0x0,0x0,0x54,0x0,0x0,0x0,
0x0,0x0,0x5,0x0,0x54,0x0,0x0,0x0,
0x0,0x0,0x0,0x0,0xcc,0x0,0x0,0x0,
0xb0,0x2,0x90,0x1,0x0,0x0,0x0,0x0,
0xcc,0x0,0x0,0x0,0x0,0x0,0x0,0x0,
0xcc,0x0,0x0,0x0,0x0,0x0,0x0,0x0,
0x81,0x0,0x0,0x0,0x0,0x0,0x7,0x0,
0x2a,0x1,0x0,0x0,0x0,0x0,0x0,0x0,
0xb3,0x2,0xd0,0x1,0xb3,0x2,0x40,0x2,
0x8c,0x0,0x0,0x0,0x0,0x0,0x7,0x0,
0x29,0x1,0x0,0x0,0x0,0x0,0x0,0x0,
0xb2,0x2,0xd0,0x1,0xb2,0x2,0x60,0x2,
0x0,0x0,0x0,0x0,0x0,0x0,0x8,0x0,
0x75,0x0,0x0,0x0,0x0,0x0,0x0,0x0,
0xb6,0x2,0xd0,0x1,0xb6,0x2,0xd0,0x1,
0x8f,0x0,0x0,0x0,0x0,0x0,0xa,0x0,
0x74,0x0,0x0,0x0,0x0,0x0,0x0,0x0,
0xb4,0x2,0xd0,0x1,0xb4,0x2,0x40,0x2,
0x7e,0x0,0x0,0x0,0x0,0x0,0xa,0x0,
0x73,0x0,0x0,0x0,0x0,0x0,0x0,0x0,
0xb1,0x2,0xd0,0x1,0xb1,0x2,0x50,0x2,
0x0,0x0,0x0,0x0,0x0,0x0,0x0,0x0,
0x0,0x0,0x0,0x0,0x0,0x0,0xff,0xff,
0xff,0xff,0xff,0xff,0x0,0x0,0x0,0x0,
0x54,0x0,0x0,0x0,0x54,0x0,0x0,0x0,
0x54,0x0,0x0,0x0,0x0,0x0,0x0,0x0,
0x54,0x0,0x0,0x0,0x54,0x0,0x0,0x0,
0x0,0x0,0x1,0x0,0x54,0x0,0x0,0x0,
0x0,0x0,0x0,0x0,0x6c,0x0,0x0,0x0,
0xb1,0x2,0xd0,0x1,0x0,0x0,0x0,0x0,
0x6c,0x0,0x0,0x0,0x0,0x0,0x0,0x0,
0x6c,0x0,0x0,0x0,0x0,0x0,0x0,0x0,
0x7f,0x0,0x0,0x0,0x0,0x0,0x7,0x0,
0x2b,0x1,0x0,0x0,0x0,0x0,0x0,0x0,
0xb1,0x2,0x50,0x2,0xb1,0x2,0xb0,0x2,
0x0,0x0,0x0,0x0,0x0,0x0,0x0,0x0,
0x0,0x0,0x0,0x0,0x0,0x0,0xff,0xff,
0xff,0xff,0xff,0xff,0x0,0x0,0x0,0x0,
0x54,0x0,0x0,0x0,0x54,0x0,0x0,0x0,
0x54,0x0,0x0,0x0,0x0,0x0,0x0,0x0,
0x54,0x0,0x0,0x0,0x54,0x0,0x0,0x0,
0x0,0x0,0x1,0x0,0x54,0x0,0x0,0x0,
0x0,0x0,0x0,0x0,0x6c,0x0,0x0,0x0,
0xb4,0x2,0xd0,0x1,0x0,0x0,0x0,0x0,
0x6c,0x0,0x0,0x0,0x0,0x0,0x0,0x0,
0x6c,0x0,0x0,0x0,0x0,0x0,0x0,0x0,
0x81,0x0,0x0,0x0,0x0,0x0,0x7,0x0,
0x2c,0x1,0x0,0x0,0x0,0x0,0x0,0x0,
0xb4,0x2,0x40,0x2,0xb4,0x2,0xb0,0x2,
0x0,0x0,0x0,0x0,0x9f,0x0,0x0,0x0,
0x0,0x0,0x0,0x0,0x0,0x0,0xff,0xff,
0xff,0xff,0xff,0xff,0x0,0x0,0x0,0x0,
0x54,0x0,0x0,0x0,0x54,0x0,0x0,0x0,
0x54,0x0,0x0,0x0,0x0,0x0,0x0,0x0,
0x54,0x0,0x0,0x0,0x54,0x0,0x0,0x0,
0x0,0x0,0x4,0x0,0x54,0x0,0x0,0x0,
0x0,0x0,0x0,0x0,0xb4,0x0,0x0,0x0,
0xb6,0x2,0xd0,0x1,0x0,0x0,0x0,0x0,
0xb4,0x0,0x0,0x0,0x0,0x0,0x0,0x0,
0xb4,0x0,0x0,0x0,0x0,0x0,0x0,0x0,
0x81,0x0,0x0,0x0,0x0,0x0,0x7,0x0,
0x2e,0x1,0x0,0x0,0x0,0x0,0x0,0x0,
0xb9,0x2,0x10,0x2,0xb9,0x2,0x80,0x2,
0xa0,0x0,0x0,0x0,0x0,0x0,0x7,0x0,
0x2d,0x1,0x0,0x0,0x0,0x0,0x0,0x0,
0xb8,0x2,0x10,0x2,0xb8,0x2,0x70,0x2,
0xa2,0x0,0x0,0x0,0x0,0x0,0xa,0x0,
0x77,0x0,0x0,0x0,0x0,0x0,0x0,0x0,
0xba,0x2,0x10,0x2,0xba,0x2,0x60,0x2,
0x7e,0x0,0x0,0x0,0x0,0x0,0xa,0x0,
0x76,0x0,0x0,0x0,0x0,0x0,0x0,0x0,
0xb7,0x2,0x10,0x2,0xb7,0x2,0x90,0x2,
0x0,0x0,0x0,0x0,0x0,0x0,0x0,0x0,
0x0,0x0,0x0,0x0,0x0,0x0,0xff,0xff,
0xff,0xff,0xff,0xff,0x0,0x0,0x0,0x0,
0x54,0x0,0x0,0x0,0x54,0x0,0x0,0x0,
0x54,0x0,0x0,0x0,0x0,0x0,0x0,0x0,
0x54,0x0,0x0,0x0,0x54,0x0,0x0,0x0,
0x0,0x0,0x1,0x0,0x54,0x0,0x0,0x0,
0x0,0x0,0x0,0x0,0x6c,0x0,0x0,0x0,
0xb7,0x2,0x10,0x2,0x0,0x0,0x0,0x0,
0x6c,0x0,0x0,0x0,0x0,0x0,0x0,0x0,
0x6c,0x0,0x0,0x0,0x0,0x0,0x0,0x0,
0x93,0x0,0x0,0x0,0x0,0x0,0x7,0x0,
0x2f,0x1,0x0,0x0,0x0,0x0,0x0,0x0,
0xb7,0x2,0x90,0x2,0xb7,0x2,0x30,0x3,
0x0,0x0,0x0,0x0,0x0,0x0,0x0,0x0,
0x0,0x0,0x0,0x0,0x0,0x0,0xff,0xff,
0xff,0xff,0xff,0xff,0x0,0x0,0x0,0x0,
0x54,0x0,0x0,0x0,0x54,0x0,0x0,0x0,
0x54,0x0,0x0,0x0,0x0,0x0,0x0,0x0,
0x54,0x0,0x0,0x0,0x54,0x0,0x0,0x0,
0x0,0x0,0x1,0x0,0x54,0x0,0x0,0x0,
0x0,0x0,0x0,0x0,0x6c,0x0,0x0,0x0,
0xba,0x2,0x10,0x2,0x0,0x0,0x0,0x0,
0x6c,0x0,0x0,0x0,0x0,0x0,0x0,0x0,
0x6c,0x0,0x0,0x0,0x0,0x0,0x0,0x0,
0xa3,0x0,0x0,0x0,0x0,0x0,0x2,0x0,
0x18,0x0,0x0,0x0,0x0,0x0,0x0,0x0,
0xba,0x2,0x60,0x2,0xba,0x2,0x10,0x3,
0x0,0x0,0x0,0x0,0xfa,0x0,0x0,0x0,
0x0,0x0,0x0,0x0,0x0,0x0,0xff,0xff,
0xff,0xff,0xff,0xff,0x0,0x0,0x0,0x0,
0x54,0x0,0x0,0x0,0x54,0x0,0x0,0x0,
0x54,0x0,0x0,0x0,0x0,0x0,0x0,0x0,
0x54,0x0,0x0,0x0,0x54,0x0,0x0,0x0,
0x0,0x0,0x2,0x0,0x54,0x0,0x0,0x0,
0x0,0x0,0x0,0x0,0x84,0x0,0x0,0x0,
0xbe,0x2,0x90,0x1,0x0,0x0,0x0,0x0,
0x84,0x0,0x0,0x0,0x0,0x0,0x0,0x0,
0x84,0x0,0x0,0x0,0x0,0x0,0x0,0x0,
0xb4,0x0,0x0,0x0,0x0,0x0,0x7,0x0,
0x30,0x1,0x0,0x0,0x0,0x0,0x0,0x0,
0xbf,0x2,0xd0,0x1,0xbf,0x2,0x40,0x2,
0x0,0x0,0x0,0x0,0x0,0x0,0x8,0x0,
0x79,0x0,0x0,0x0,0x0,0x0,0x0,0x0,
0xc1,0x2,0xd0,0x1,0xc1,0x2,0xd0,0x1,
0x0,0x0,0x0,0x0,0x7d,0x0,0x0,0x0,
0x0,0x0,0x0,0x0,0x0,0x0,0xff,0xff,
0xff,0xff,0xff,0xff,0x0,0x0,0x2,0x0,
0x54,0x0,0x0,0x0,0x54,0x0,0x0,0x0,
0x6c,0x0,0x0,0x0,0x0,0x0,0x0,0x0,
0x6c,0x0,0x0,0x0,0x6c,0x0,0x0,0x0,
0x0,0x0,0x9,0x0,0x6c,0x0,0x0,0x0,
0x0,0x0,0x0,0x0,0x44,0x1,0x0,0x0,
0xc1,0x2,0xd0,0x1,0x0,0x0,0x0,0x0,
0x44,0x1,0x0,0x0,0x0,0x0,0x0,0x0,
0x44,0x1,0x0,0x0,0x0,0x0,0x0,0x0,
0xe3,0x0,0x0,0x0,0x1,0x0,0x0,0x30,
0xc2,0x2,0x10,0x2,0x4f,0x1,0x0,0x0,
0x1,0x0,0x0,0xa0,0xc3,0x2,0x10,0x2,
0x8c,0x0,0x0,0x0,0x0,0x0,0x7,0x0,
0x36,0x1,0x0,0x0,0x0,0x0,0x0,0x0,
0xcb,0x2,0x10,0x2,0xcb,0x2,0xa0,0x2,
0x81,0x0,0x0,0x0,0x0,0x0,0x3,0x0,
0x0,0x0,0x0,0x0,0xed,0x0,0x0,0x0,
0xc8,0x2,0x10,0x2,0xc8,0x2,0x80,0x2,
0x92,0x0,0x0,0x0,0x0,0x0,0x7,0x0,
0x35,0x1,0x0,0x0,0x0,0x0,0x0,0x0,
0xc7,0x2,0x10,0x2,0xc7,0x2,0x90,0x2,
0x8a,0x0,0x0,0x0,0x0,0x0,0x7,0x0,
0x34,0x1,0x0,0x0,0x0,0x0,0x0,0x0,
0xc6,0x2,0x10,0x2,0xc6,0x2,0x80,0x2,
0x53,0x1,0x0,0x0,0x0,0x0,0x7,0x0,
0x33,0x1,0x0,0x0,0x0,0x0,0x0,0x0,
0xc5,0x2,0x10,0x2,0xc5,0x2,0x40,0x2,
0x51,0x1,0x0,0x0,0x0,0x0,0x7,0x0,
0x32,0x1,0x0,0x0,0x0,0x0,0x0,0x0,
0xc4,0x2,0x10,0x2,0xc4,0x2,0x40,0x2,
0x4f,0x1,0x0,0x0,0x8,0x0,0x7,0x0,
0x31,0x1,0x0,0x0,0x0,0x0,0x0,0x0,
0xc3,0x2,0x70,0x3,0xc3,0x2,0x30,0x4,
0x0,0x0,0x0,0x0,0x0,0x0,0x8,0x0,
0x7b,0x0,0x0,0x0,0x0,0x0,0x0,0x0,
0xcd,0x2,0x10,0x2,0xcd,0x2,0x10,0x2,
0x8f,0x0,0x0,0x0,0x0,0x0,0xa,0x0,
0x7a,0x0,0x0,0x0,0x0,0x0,0x0,0x0,
0xc9,0x2,0x10,0x2,0xc9,0x2,0x80,0x2,
0x0,0x0,0x0,0x0,0x0,0x0,0x0,0x0,
0x0,0x0,0x0,0x0,0x0,0x0,0xff,0xff,
0xff,0xff,0xff,0xff,0x0,0x0,0x0,0x0,
0x54,0x0,0x0,0x0,0x54,0x0,0x0,0x0,
0x54,0x0,0x0,0x0,0x0,0x0,0x0,0x0,
0x54,0x0,0x0,0x0,0x54,0x0,0x0,0x0,
0x0,0x0,0x2,0x0,0x54,0x0,0x0,0x0,
0x0,0x0,0x0,0x0,0x84,0x0,0x0,0x0,
0xc9,0x2,0x10,0x2,0x0,0x0,0x0,0x0,
0x84,0x0,0x0,0x0,0x0,0x0,0x0,0x0,
0x84,0x0,0x0,0x0,0x0,0x0,0x0,0x0,
0x8a,0x0,0x0,0x0,0x0,0x0,0x7,0x0,
0x38,0x1,0x0,0x0,0x0,0x0,0x0,0x0,
0xca,0x2,0x80,0x2,0xca,0x2,0xf0,0x2,
0x81,0x0,0x0,0x0,0x0,0x0,0x7,0x0,
0x37,0x1,0x0,0x0,0x0,0x0,0x0,0x0,
0xc9,0x2,0x80,0x2,0xc9,0x2,0xf0,0x2,
0x0,0x0,0x0,0x0,0xa6,0x0,0x0,0x0,
0x55,0x1,0x0,0x0,0x0,0x0,0xff,0xff,
0xff,0xff,0xff,0xff,0x0,0x0,0x0,0x0,
0x54,0x0,0x0,0x0,0x54,0x0,0x0,0x0,
0x54,0x0,0x0,0x0,0x0,0x0,0x0,0x0,
0x54,0x0,0x0,0x0,0x54,0x0,0x0,0x0,
0x0,0x0,0x5,0x0,0x54,0x0,0x0,0x0,
0x0,0x0,0x0,0x0,0xcc,0x0,0x0,0x0,
0xcd,0x2,0x10,0x2,0xce,0x2,0x50,0x2,
0xcc,0x0,0x0,0x0,0x0,0x0,0x0,0x0,
0xcc,0x0,0x0,0x0,0x0,0x0,0x0,0x0,
0xa7,0x0,0x0,0x0,0x0,0x0,0x7,0x0,
0x3b,0x1,0x0,0x0,0x0,0x0,0x0,0x0,
0xd3,0x2,0x50,0x2,0xd3,0x2,0x0,0x3,
0x56,0x1,0x0,0x0,0x0,0x0,0x7,0x0,
0x3a,0x1,0x0,0x0,0x0,0x0,0x0,0x0,
0xd2,0x2,0x50,0x2,0xd2,0x2,0x20,0x3,
0xde,0x0,0x0,0x0,0x0,0x0,0x1,0x0,
0x1,0x0,0x0,0x0,0x0,0x0,0x0,0x0,
0xd1,0x2,0x50,0x2,0xd1,0x2,0x30,0x3,
0x36,0x1,0x0,0x0,0x0,0x0,0x7,0x0,
0x39,0x1,0x0,0x0,0x0,0x0,0x0,0x0,
0xd0,0x2,0x50,0x2,0xd0,0x2,0xe0,0x2,
0x7e,0x0,0x0,0x0,0x0,0x0,0xa,0x0,
0x7c,0x0,0x0,0x0,0x0,0x0,0x0,0x0,
0xcf,0x2,0x50,0x2,0xcf,0x2,0xd0,0x2,
0x0,0x0,0x0,0x0,0x0,0x0,0x0,0x0,
0x0,0x0,0x0,0x0,0x0,0x0,0xff,0xff,
0xff,0xff,0xff,0xff,0x0,0x0,0x0,0x0,
0x54,0x0,0x0,0x0,0x54,0x0,0x0,0x0,
0x54,0x0,0x0,0x0,0x0,0x0,0x0,0x0,
0x54,0x0,0x0,0x0,0x54,0x0,0x0,0x0,
0x0,0x0,0x1,0x0,0x54,0x0,0x0,0x0,
0x0,0x0,0x0,0x0,0x6c,0x0,0x0,0x0,
0xcf,0x2,0x50,0x2,0x0,0x0,0x0,0x0,
0x6c,0x0,0x0,0x0,0x0,0x0,0x0,0x0,
0x6c,0x0,0x0,0x0,0x0,0x0,0x0,0x0,
0x7f,0x0,0x0,0x0,0x0,0x0,0x7,0x0,
0x3c,0x1,0x0,0x0,0x0,0x0,0x0,0x0,
0xcf,0x2,0xd0,0x2,0xcf,0x2,0x30,0x3,
0x0,0x0,0x0,0x0,0xfa,0x0,0x0,0x0,
0x0,0x0,0x0,0x0,0x0,0x0,0xff,0xff,
0xff,0xff,0xff,0xff,0x0,0x0,0x0,0x0,
0x54,0x0,0x0,0x0,0x54,0x0,0x0,0x0,
0x54,0x0,0x0,0x0,0x0,0x0,0x0,0x0,
0x54,0x0,0x0,0x0,0x54,0x0,0x0,0x0,
0x0,0x0,0x2,0x0,0x54,0x0,0x0,0x0,
0x0,0x0,0x0,0x0,0x84,0x0,0x0,0x0,
0xdb,0x2,0x90,0x1,0x0,0x0,0x0,0x0,
0x84,0x0,0x0,0x0,0x0,0x0,0x0,0x0,
0x84,0x0,0x0,0x0,0x0,0x0,0x0,0x0,
0xb4,0x0,0x0,0x0,0x0,0x0,0x7,0x0,
0x3d,0x1,0x0,0x0,0x0,0x0,0x0,0x0,
0xdc,0x2,0xd0,0x1,0xdc,0x2,0x40,0x2,
0x0,0x0,0x0,0x0,0x0,0x0,0x8,0x0,
0x7e,0x0,0x0,0x0,0x0,0x0,0x0,0x0,
0xde,0x2,0xd0,0x1,0xde,0x2,0xd0,0x1,
0x0,0x0,0x0,0x0,0x7d,0x0,0x0,0x0,
0x0,0x0,0x0,0x0,0x0,0x0,0xff,0xff,
0xff,0xff,0xff,0xff,0x0,0x0,0x2,0x0,
0x54,0x0,0x0,0x0,0x54,0x0,0x0,0x0,
0x6c,0x0,0x0,0x0,0x0,0x0,0x0,0x0,
0x6c,0x0,0x0,0x0,0x6c,0x0,0x0,0x0,
0x0,0x0,0xb,0x0,0x6c,0x0,0x0,0x0,
0x0,0x0,0x0,0x0,0x74,0x1,0x0,0x0,
0xde,0x2,0xd0,0x1,0x0,0x0,0x0,0x0,
0x74,0x1,0x0,0x0,0x0,0x0,0x0,0x0,
0x74,0x1,0x0,0x0,0x0,0x0,0x0,0x0,
0xe3,0x0,0x0,0x0,0x1,0x0,0x0,0x30,
0xdf,0x2,0x10,0x2,0x4f,0x1,0x0,0x0,
0x1,0x0,0x0,0xa0,0xe0,0x2,0x10,0x2,
0x58,0x1,0x0,0x0,0x4,0x0,0x8,0x0,
0x80,0x0,0x0,0x0,0x0,0x0,0x0,0x0,
0xee,0x2,0x80,0x3,0xee,0x2,0x10,0x2,
0x58,0x1,0x0,0x0,0x0,0x0,0x7,0x0,
0x46,0x1,0x0,0x0,0x0,0x0,0x0,0x0,
0xec,0x2,0x10,0x2,0xec,0x2,0xa0,0x2,
0x8c,0x0,0x0,0x0,0x0,0x0,0x7,0x0,
0x45,0x1,0x0,0x0,0x0,0x0,0x0,0x0,
0xeb,0x2,0x10,0x2,0xeb,0x2,0xa0,0x2,
0x95,0x0,0x0,0x0,0x0,0x0,0x7,0x0,
0x44,0x1,0x0,0x0,0x0,0x0,0x0,0x0,
0xea,0x2,0x10,0x2,0xea,0x2,0x90,0x2,
0x81,0x0,0x0,0x0,0x0,0x0,0x7,0x0,
0x43,0x1,0x0,0x0,0x0,0x0,0x0,0x0,
0xe5,0x2,0x10,0x2,0xe5,0x2,0x80,0x2,
0x92,0x0,0x0,0x0,0x0,0x0,0x7,0x0,
0x42,0x1,0x0,0x0,0x0,0x0,0x0,0x0,
0xe4,0x2,0x10,0x2,0xe4,0x2,0x90,0x2,
0x8a,0x0,0x0,0x0,0x0,0x0,0x7,0x0,
0x41,0x1,0x0,0x0,0x0,0x0,0x0,0x0,
0xe3,0x2,0x10,0x2,0xe3,0x2,0x80,0x2,
0x53,0x1,0x0,0x0,0x0,0x0,0x7,0x0,
0x40,0x1,0x0,0x0,0x0,0x0,0x0,0x0,
0xe2,0x2,0x10,0x2,0xe2,0x2,0x40,0x2,
0x51,0x1,0x0,0x0,0x0,0x0,0x7,0x0,
0x3f,0x1,0x0,0x0,0x0,0x0,0x0,0x0,
0xe1,0x2,0x10,0x2,0xe1,0x2,0x40,0x2,
0x4f,0x1,0x0,0x0,0x8,0x0,0x7,0x0,
0x3e,0x1,0x0,0x0,0x0,0x0,0x0,0x0,
0xe0,0x2,0x70,0x3,0xe0,0x2,0x30,0x4,
0x8f,0x0,0x0,0x0,0x0,0x0,0xa,0x0,
0x7f,0x0,0x0,0x0,0x0,0x0,0x0,0x0,
0xe8,0x2,0x10,0x2,0xe8,0x2,0x80,0x2,
0x0,0x0,0x0,0x0,0x0,0x0,0x0,0x0,
0x0,0x0,0x0,0x0,0x0,0x0,0xff,0xff,
0xff,0xff,0xff,0xff,0x0,0x0,0x0,0x0,
0x54,0x0,0x0,0x0,0x54,0x0,0x0,0x0,
0x54,0x0,0x0,0x0,0x0,0x0,0x0,0x0,
0x54,0x0,0x0,0x0,0x54,0x0,0x0,0x0,
0x0,0x0,0x2,0x0,0x54,0x0,0x0,0x0,
0x0,0x0,0x0,0x0,0x84,0x0,0x0,0x0,
0xe8,0x2,0x10,0x2,0x0,0x0,0x0,0x0,
0x84,0x0,0x0,0x0,0x0,0x0,0x0,0x0,
0x84,0x0,0x0,0x0,0x0,0x0,0x0,0x0,
0x8a,0x0,0x0,0x0,0x0,0x0,0x7,0x0,
0x48,0x1,0x0,0x0,0x0,0x0,0x0,0x0,
0xe9,0x2,0x80,0x2,0xe9,0x2,0xf0,0x2,
0x81,0x0,0x0,0x0,0x0,0x0,0x7,0x0,
0x47,0x1,0x0,0x0,0x0,0x0,0x0,0x0,
0xe8,0x2,0x80,0x2,0xe8,0x2,0xf0,0x2,
0x0,0x0,0x0,0x0,0x5a,0x1,0x0,0x0,
0x0,0x0,0x0,0x0,0x0,0x0,0xff,0xff,
0xff,0xff,0xff,0xff,0x0,0x0,0x0,0x0,
0x54,0x0,0x0,0x0,0x54,0x0,0x0,0x0,
0x54,0x0,0x0,0x0,0x0,0x0,0x0,0x0,
0x54,0x0,0x0,0x0,0x54,0x0,0x0,0x0,
0x0,0x0,0x4,0x0,0x54,0x0,0x0,0x0,
0x0,0x0,0x0,0x0,0xb4,0x0,0x0,0x0,
0xee,0x2,0x10,0x2,0x0,0x0,0x0,0x0,
0xb4,0x0,0x0,0x0,0x0,0x0,0x0,0x0,
0xb4,0x0,0x0,0x0,0x0,0x0,0x0,0x0,
0x5d,0x1,0x0,0x0,0x0,0x0,0x7,0x0,
0x4a,0x1,0x0,0x0,0x0,0x0,0x0,0x0,
0xf0,0x2,0x50,0x2,0xf0,0x2,0xc0,0x2,
0x5b,0x1,0x0,0x0,0x0,0x0,0x7,0x0,
0x49,0x1,0x0,0x0,0x0,0x0,0x0,0x0,
0xef,0x2,0x50,0x2,0xef,0x2,0xe0,0x2,
0x0,0x0,0x0,0x0,0x0,0x0,0x8,0x0,
0x81,0x0,0x0,0x0,0x0,0x0,0x0,0x0,
0xf1,0x2,0x50,0x2,0xf1,0x2,0x50,0x2,
0x0,0x0,0x0,0x0,0x0,0x0,0x8,0x0,
0x83,0x0,0x0,0x0,0x0,0x0,0x0,0x0,
0xf2,0x2,0x50,0x2,0xf2,0x2,0x50,0x2,
0x0,0x0,0x0,0x0,0x5f,0x1,0x0,0x0,
0x0,0x0,0x0,0x0,0x0,0x0,0xff,0xff,
0xff,0xff,0xff,0xff,0x0,0x0,0x0,0x0,
0x54,0x0,0x0,0x0,0x54,0x0,0x0,0x0,
0x54,0x0,0x0,0x0,0x0,0x0,0x0,0x0,
0x54,0x0,0x0,0x0,0x54,0x0,0x0,0x0,
0x0,0x0,0x4,0x0,0x54,0x0,0x0,0x0,
0x0,0x0,0x0,0x0,0xb4,0x0,0x0,0x0,
0xf1,0x2,0x50,0x2,0x0,0x0,0x0,0x0,
0xb4,0x0,0x0,0x0,0x0,0x0,0x0,0x0,
0xb4,0x0,0x0,0x0,0x0,0x0,0x0,0x0,
0x60,0x1,0x0,0x0,0x0,0x0,0x2,0x0,
0x1a,0x0,0x0,0x0,0x0,0x0,0x0,0x0,
0xf1,0x2,0xc0,0x4,0xf1,0x2,0x60,0x5,
0x48,0x1,0x0,0x0,0x0,0x0,0x2,0x0,
0x19,0x0,0x0,0x0,0x0,0x0,0x0,0x0,
0xf1,0x2,0x20,0x4,0xf1,0x2,0x60,0x4,
0x46,0x1,0x0,0x0,0x0,0x0,0x2,0x0,
0x2,0x0,0x0,0x0,0x0,0x0,0x0,0x0,
0xf1,0x2,0x70,0x3,0xf1,0x2,0xd0,0x3,
0x61,0x1,0x0,0x0,0x0,0x0,0xa,0x0,
0x82,0x0,0x0,0x0,0x0,0x0,0x0,0x0,
0xf1,0x2,0xb0,0x5,0xf1,0x2,0x20,0x6,
0x0,0x0,0x0,0x0,0x0,0x0,0x0,0x0,
0x0,0x0,0x0,0x0,0x0,0x0,0xff,0xff,
0xff,0xff,0xff,0xff,0x0,0x0,0x0,0x0,
0x54,0x0,0x0,0x0,0x54,0x0,0x0,0x0,
0x54,0x0,0x0,0x0,0x0,0x0,0x0,0x0,
0x54,0x0,0x0,0x0,0x54,0x0,0x0,0x0,
0x0,0x0,0x1,0x0,0x54,0x0,0x0,0x0,
0x0,0x0,0x0,0x0,0x6c,0x0,0x0,0x0,
0xf1,0x2,0xb0,0x5,0x0,0x0,0x0,0x0,
0x6c,0x0,0x0,0x0,0x0,0x0,0x0,0x0,
0x6c,0x0,0x0,0x0,0x0,0x0,0x0,0x0,
0x62,0x1,0x0,0x0,0x0,0x0,0x7,0x0,
0x4b,0x1,0x0,0x0,0x0,0x0,0x0,0x0,
0xf1,0x2,0x20,0x6,0xf1,0x2,0x80,0x6,
0x0,0x0,0x0,0x0,0x5f,0x1,0x0,0x0,
0x0,0x0,0x0,0x0,0x0,0x0,0xff,0xff,
0xff,0xff,0xff,0xff,0x0,0x0,0x0,0x0,
0x54,0x0,0x0,0x0,0x54,0x0,0x0,0x0,
0x54,0x0,0x0,0x0,0x0,0x0,0x0,0x0,
0x54,0x0,0x0,0x0,0x54,0x0,0x0,0x0,
0x0,0x0,0x4,0x0,0x54,0x0,0x0,0x0,
0x0,0x0,0x0,0x0,0xb4,0x0,0x0,0x0,
0xf2,0x2,0x50,0x2,0x0,0x0,0x0,0x0,
0xb4,0x0,0x0,0x0,0x0,0x0,0x0,0x0,
0xb4,0x0,0x0,0x0,0x0,0x0,0x0,0x0,
0x60,0x1,0x0,0x0,0x0,0x0,0x2,0x0,
0x1a,0x0,0x0,0x0,0x0,0x0,0x0,0x0,
0xf2,0x2,0xc0,0x4,0xf2,0x2,0x60,0x5,
0x48,0x1,0x0,0x0,0x0,0x0,0x2,0x0,
0x2,0x0,0x0,0x0,0x0,0x0,0x0,0x0,
0xf2,0x2,0x30,0x4,0xf2,0x2,0x70,0x4,
0x46,0x1,0x0,0x0,0x0,0x0,0x2,0x0,
0x19,0x0,0x0,0x0,0x0,0x0,0x0,0x0,
0xf2,0x2,0x70,0x3,0xf2,0x2,0xd0,0x3,
0x61,0x1,0x0,0x0,0x0,0x0,0xa,0x0,
0x84,0x0,0x0,0x0,0x0,0x0,0x0,0x0,
0xf2,0x2,0xb0,0x5,0xf2,0x2,0x20,0x6,
0x0,0x0,0x0,0x0,0x0,0x0,0x0,0x0,
0x0,0x0,0x0,0x0,0x0,0x0,0xff,0xff,
0xff,0xff,0xff,0xff,0x0,0x0,0x0,0x0,
0x54,0x0,0x0,0x0,0x54,0x0,0x0,0x0,
0x54,0x0,0x0,0x0,0x0,0x0,0x0,0x0,
0x54,0x0,0x0,0x0,0x54,0x0,0x0,0x0,
0x0,0x0,0x1,0x0,0x54,0x0,0x0,0x0,
0x0,0x0,0x0,0x0,0x6c,0x0,0x0,0x0,
0xf2,0x2,0xb0,0x5,0x0,0x0,0x0,0x0,
0x6c,0x0,0x0,0x0,0x0,0x0,0x0,0x0,
0x6c,0x0,0x0,0x0,0x0,0x0,0x0,0x0,
0x62,0x1,0x0,0x0,0x0,0x0,0x7,0x0,
0x4c,0x1,0x0,0x0,0x0,0x0,0x0,0x0,
0xf2,0x2,0x20,0x6,0xf2,0x2,0x80,0x6,
0x0,0x0,0x0,0x0,0xb2,0x0,0x0,0x0,
0x64,0x1,0x0,0x0,0x0,0x0,0xff,0xff,
0xff,0xff,0xff,0xff,0x0,0x0,0x0,0x0,
0x54,0x0,0x0,0x0,0x54,0x0,0x0,0x0,
0x54,0x0,0x0,0x0,0x0,0x0,0x0,0x0,
0x54,0x0,0x0,0x0,0x54,0x0,0x0,0x0,
0x0,0x0,0x13,0x0,0x54,0x0,0x0,0x0,
0x0,0x0,0x0,0x0,0x1c,0x2,0x0,0x0,
0xfc,0x2,0x50,0x0,0xfd,0x2,0x90,0x0,
0x1c,0x2,0x0,0x0,0x0,0x0,0x0,0x0,
0x1c,0x2,0x0,0x0,0x0,0x0,0x0,0x0,
0xc0,0x0,0x0,0x0,0x0,0x0,0x7,0x0,
0x55,0x1,0x0,0x0,0x0,0x0,0x0,0x0,
0x1c,0x3,0x90,0x0,0x1c,0x3,0xa0,0x1,
0x6f,0x1,0x0,0x0,0x0,0x0,0x7,0x0,
0x54,0x1,0x0,0x0,0x0,0x0,0x0,0x0,
0x1b,0x3,0x90,0x0,0x1b,0x3,0x90,0x1,
0x6d,0x1,0x0,0x0,0x0,0x0,0x7,0x0,
0x53,0x1,0x0,0x0,0x0,0x0,0x0,0x0,
0x13,0x3,0x90,0x0,0x13,0x3,0xa0,0x1,
0x6b,0x1,0x0,0x0,0x0,0x0,0x7,0x0,
0x52,0x1,0x0,0x0,0x0,0x0,0x0,0x0,
0xf,0x3,0x90,0x0,0xf,0x3,0xc0,0x1,
0xdf,0x0,0x0,0x0,0x0,0x0,0x7,0x0,
0x51,0x1,0x0,0x0,0x0,0x0,0x0,0x0,
0xe,0x3,0x90,0x0,0xe,0x3,0x30,0x1,
0xb4,0x0,0x0,0x0,0x0,0x0,0x7,0x0,
0x50,0x1,0x0,0x0,0x0,0x0,0x0,0x0,
0xd,0x3,0x90,0x0,0xd,0x3,0x0,0x1,
0x68,0x1,0x0,0x0,0x0,0x0,0x7,0x0,
0x4f,0x1,0x0,0x0,0x0,0x0,0x0,0x0,
0xc,0x3,0x90,0x0,0xc,0x3,0x90,0x1,
0x91,0x0,0x0,0x0,0x0,0x0,0x7,0x0,
0x4e,0x1,0x0,0x0,0x0,0x0,0x0,0x0,
0xb,0x3,0x90,0x0,0xb,0x3,0x20,0x1,
0xe8,0x0,0x0,0x0,0x0,0x0,0x2,0x0,
0x1b,0x0,0x0,0x0,0x0,0x0,0x0,0x0,
0xa,0x3,0x90,0x0,0xa,0x3,0x60,0x1,
0xe6,0x0,0x0,0x0,0x0,0x0,0x2,0x0,
0x1b,0x0,0x0,0x0,0x0,0x0,0x0,0x0,
0x9,0x3,0x90,0x0,0x9,0x3,0x50,0x1,
0xd9,0x0,0x0,0x0,0x0,0x0,0x2,0x0,
0x1b,0x0,0x0,0x0,0x0,0x0,0x0,0x0,
0x8,0x3,0x90,0x0,0x8,0x3,0x70,0x1,
0xcc,0x0,0x0,0x0,0x0,0x0,0x2,0x0,
0x1b,0x0,0x0,0x0,0x0,0x0,0x0,0x0,
0x7,0x3,0x90,0x0,0x7,0x3,0x40,0x1,
0x66,0x1,0x0,0x0,0x0,0x0,0x7,0x0,
0x4d,0x1,0x0,0x0,0x0,0x0,0x0,0x0,
0x6,0x3,0x90,0x0,0x6,0x3,0x60,0x1,
0x65,0x1,0x0,0x0,0x0,0x0,0x1,0x0,
0x1,0x0,0x0,0x0,0x0,0x0,0x0,0x0,
0x5,0x3,0x90,0x0,0x5,0x3,0x50,0x1,
0x8e,0x0,0x0,0x0,0x0,0x0,0x1,0x0,
0x1,0x0,0x0,0x0,0x0,0x0,0x0,0x0,
0x4,0x3,0x90,0x0,0x4,0x3,0xf0,0x0,
0x0,0x0,0x0,0x0,0x0,0x0,0x8,0x0,
0x88,0x0,0x0,0x0,0x0,0x0,0x0,0x0,
0x22,0x3,0x90,0x0,0x22,0x3,0x90,0x0,
0x0,0x0,0x0,0x0,0x0,0x0,0x8,0x0,
0x8a,0x0,0x0,0x0,0x0,0x0,0x0,0x0,
0x45,0x3,0x90,0x0,0x45,0x3,0x90,0x0,
0x76,0x0,0x0,0x0,0x0,0x0,0x9,0x0,
0x87,0x0,0x0,0x0,0x0,0x0,0x0,0x0,
0x1d,0x3,0x90,0x0,0x1d,0x3,0x30,0x1,
0x7e,0x0,0x0,0x0,0x0,0x0,0xa,0x0,
0x86,0x0,0x0,0x0,0x0,0x0,0x0,0x0,
0xfe,0x2,0x90,0x0,0xfe,0x2,0x90,0x0,
0x0,0x0,0x0,0x0,0x0,0x0,0x0,0x0,
0x0,0x0,0x0,0x0,0x0,0x0,0xff,0xff,
0xff,0xff,0xff,0xff,0x0,0x0,0x0,0x0,
0x54,0x0,0x0,0x0,0x54,0x0,0x0,0x0,
0x54,0x0,0x0,0x0,0x0,0x0,0x0,0x0,
0x54,0x0,0x0,0x0,0x54,0x0,0x0,0x0,
0x0,0x0,0x4,0x0,0x54,0x0,0x0,0x0,
0x0,0x0,0x0,0x0,0xb4,0x0,0x0,0x0,
0xfe,0x2,0x90,0x0,0x0,0x0,0x0,0x0,
0xb4,0x0,0x0,0x0,0x0,0x0,0x0,0x0,
0xb4,0x0,0x0,0x0,0x0,0x0,0x0,0x0,
0xd7,0x0,0x0,0x0,0x0,0x0,0x7,0x0,
0x59,0x1,0x0,0x0,0x0,0x0,0x0,0x0,
0x2,0x3,0xd0,0x0,0x2,0x3,0x40,0x1,
0x88,0x0,0x0,0x0,0x0,0x0,0x7,0x0,
0x58,0x1,0x0,0x0,0x0,0x0,0x0,0x0,
0x1,0x3,0xd0,0x0,0x1,0x3,0x30,0x1,
0x86,0x0,0x0,0x0,0x0,0x0,0x7,0x0,
0x57,0x1,0x0,0x0,0x0,0x0,0x0,0x0,
0x0,0x3,0xd0,0x0,0x0,0x3,0x50,0x1,
0x84,0x0,0x0,0x0,0x0,0x0,0x7,0x0,
0x56,0x1,0x0,0x0,0x0,0x0,0x0,0x0,
0xff,0x2,0xd0,0x0,0xff,0x2,0x20,0x1,
0x0,0x0,0x0,0x0,0x0,0x0,0x0,0x0,
0x0,0x0,0x0,0x0,0x0,0x0,0xff,0xff,
0xff,0xff,0xff,0xff,0x0,0x0,0x0,0x0,
0x54,0x0,0x0,0x0,0x54,0x0,0x0,0x0,
0x54,0x0,0x0,0x0,0x0,0x0,0x0,0x0,
0x54,0x0,0x0,0x0,0x54,0x0,0x0,0x0,
0x0,0x0,0x1,0x0,0x54,0x0,0x0,0x0,
0x0,0x0,0x0,0x0,0x6c,0x0,0x0,0x0,
0x1d,0x3,0x90,0x0,0x0,0x0,0x0,0x0,
0x6c,0x0,0x0,0x0,0x0,0x0,0x0,0x0,
0x6c,0x0,0x0,0x0,0x0,0x0,0x0,0x0,
0x77,0x0,0x0,0x0,0x0,0x0,0x7,0x0,
0x5a,0x1,0x0,0x0,0x0,0x0,0x0,0x0,
0x1d,0x3,0x30,0x1,0x1d,0x3,0x0,0x2,
0x0,0x0,0x0,0x0,0xa6,0x0,0x0,0x0,
0x71,0x1,0x0,0x0,0x0,0x0,0xff,0xff,
0xff,0xff,0xff,0xff,0x0,0x0,0x4,0x0,
0x54,0x0,0x0,0x0,0x54,0x0,0x0,0x0,
0x84,0x0,0x0,0x0,0x0,0x0,0x0,0x0,
0x84,0x0,0x0,0x0,0x84,0x0,0x0,0x0,
0x0,0x0,0xd,0x0,0x84,0x0,0x0,0x0,
0x0,0x0,0x0,0x0,0xbc,0x1,0x0,0x0,
0x22,0x3,0x90,0x0,0x23,0x3,0xd0,0x0,
0xbc,0x1,0x0,0x0,0x0,0x0,0x0,0x0,
0xbc,0x1,0x0,0x0,0x0,0x0,0x0,0x0,
0x77,0x1,0x0,0x0,0x4,0x0,0x0,0x20,
0x2c,0x3,0xd0,0x0,0x78,0x1,0x0,0x0,
0x4,0x0,0x0,0x20,0x2d,0x3,0xd0,0x0,
0x79,0x1,0x0,0x0,0x4,0x0,0x0,0x20,
0x2e,0x3,0xd0,0x0,0x7a,0x1,0x0,0x0,
0x4,0x0,0x0,0x20,0x2f,0x3,0xd0,0x0,
0x7d,0x1,0x0,0x0,0x0,0x2,0x7,0x0,
0x61,0x1,0x0,0x0,0x0,0x0,0x0,0x0,
0x39,0x3,0xd0,0x0,0x39,0x3,0x0,0x2,
0x7b,0x1,0x0,0x0,0x0,0x2,0x7,0x0,
0x5f,0x1,0x0,0x0,0x0,0x0,0x0,0x0,
0x31,0x3,0xd0,0x0,0x31,0x3,0x80,0x1,
0x7a,0x1,0x0,0x0,0x0,0x0,0x2,0x0,
0x4,0x0,0x0,0x0,0x0,0x0,0x0,0x0,
0x2f,0x3,0xb0,0x1,0x2f,0x3,0xa0,0x2,
0x79,0x1,0x0,0x0,0x0,0x0,0x2,0x0,
0x4,0x0,0x0,0x0,0x0,0x0,0x0,0x0,
0x2e,0x3,0xb0,0x1,0x2e,0x3,0xa0,0x2,
0x78,0x1,0x0,0x0,0x0,0x0,0x2,0x0,
0x4,0x0,0x0,0x0,0x0,0x0,0x0,0x0,
0x2d,0x3,0xb0,0x1,0x2d,0x3,0x30,0x2,
0x77,0x1,0x0,0x0,0x0,0x0,0x2,0x0,
0x4,0x0,0x0,0x0,0x0,0x0,0x0,0x0,
0x2c,0x3,0xb0,0x1,0x2c,0x3,0x30,0x2,
0x76,0x1,0x0,0x0,0x0,0x0,0x1,0x0,
0x0,0x0,0x0,0x0,0x0,0x0,0x0,0x0,
0x2a,0x3,0xd0,0x0,0x2a,0x3,0x60,0x2,
0x56,0x1,0x0,0x0,0x0,0x0,0x7,0x0,
0x5e,0x1,0x0,0x0,0x0,0x0,0x0,0x0,
0x29,0x3,0xd0,0x0,0x29,0x3,0xa0,0x1,
0xde,0x0,0x0,0x0,0x0,0x0,0x1,0x0,
0x1,0x0,0x0,0x0,0x0,0x0,0x0,0x0,
0x28,0x3,0xd0,0x0,0x28,0x3,0xb0,0x1,
0x74,0x1,0x0,0x0,0x0,0x0,0x7,0x0,
0x5d,0x1,0x0,0x0,0x0,0x0,0x0,0x0,
0x27,0x3,0xd0,0x0,0x27,0x3,0xe0,0x1,
0x36,0x1,0x0,0x0,0x0,0x0,0x7,0x0,
0x5c,0x1,0x0,0x0,0x0,0x0,0x0,0x0,
0x26,0x3,0xd0,0x0,0x26,0x3,0x60,0x1,
0x72,0x1,0x0,0x0,0x0,0x0,0x7,0x0,
0x5b,0x1,0x0,0x0,0x0,0x0,0x0,0x0,
0x25,0x3,0xd0,0x0,0x25,0x3,0x0,0x1,
0x7e,0x0,0x0,0x0,0x0,0x0,0xa,0x0,
0x89,0x0,0x0,0x0,0x0,0x0,0x0,0x0,
0x24,0x3,0xd0,0x0,0x24,0x3,0x50,0x1,
0x0,0x0,0x0,0x0,0x0,0x0,0x0,0x0,
0x0,0x0,0x0,0x0,0x0,0x0,0xff,0xff,
0xff,0xff,0xff,0xff,0x0,0x0,0x0,0x0,
0x54,0x0,0x0,0x0,0x54,0x0,0x0,0x0,
0x54,0x0,0x0,0x0,0x0,0x0,0x0,0x0,
0x54,0x0,0x0,0x0,0x54,0x0,0x0,0x0,
0x0,0x0,0x1,0x0,0x54,0x0,0x0,0x0,
0x0,0x0,0x0,0x0,0x6c,0x0,0x0,0x0,
0x24,0x3,0xd0,0x0,0x0,0x0,0x0,0x0,
0x6c,0x0,0x0,0x0,0x0,0x0,0x0,0x0,
0x6c,0x0,0x0,0x0,0x0,0x0,0x0,0x0,
0x7f,0x0,0x0,0x0,0x0,0x0,0x7,0x0,
0x63,0x1,0x0,0x0,0x0,0x0,0x0,0x0,
0x24,0x3,0x50,0x1,0x24,0x3,0xb0,0x1,
0x0,0x0,0x0,0x0,0x7f,0x1,0x0,0x0,
0x0,0x0,0x0,0x0,0x0,0x0,0xff,0xff,
0xff,0xff,0xff,0xff,0x0,0x0,0x0,0x0,
0x54,0x0,0x0,0x0,0x54,0x0,0x0,0x0,
0x54,0x0,0x0,0x0,0x0,0x0,0x0,0x0,
0x54,0x0,0x0,0x0,0x54,0x0,0x0,0x0,
0x0,0x0,0x2,0x0,0x54,0x0,0x0,0x0,
0x0,0x0,0x0,0x0,0x84,0x0,0x0,0x0,
0x45,0x3,0x90,0x0,0x0,0x0,0x0,0x0,
0x84,0x0,0x0,0x0,0x0,0x0,0x0,0x0,
0x84,0x0,0x0,0x0,0x0,0x0,0x0,0x0,
0x82,0x1,0x0,0x0,0x0,0x2,0x7,0x0,
0x65,0x1,0x0,0x0,0x0,0x0,0x0,0x0,
0x47,0x3,0xd0,0x0,0x47,0x3,0x60,0x1,
0x80,0x1,0x0,0x0,0x0,0x0,0x7,0x0,
0x64,0x1,0x0,0x0,0x0,0x0,0x0,0x0,
0x46,0x3,0xd0,0x0,0x46,0x3,0x0,0x2,
0x0,0x0,0x0,0x0
};
QT_WARNING_PUSH
QT_WARNING_DISABLE_MSVC(4573)
extern const QQmlPrivate::AOTCompiledFunction aotBuiltFunctions[];
extern const QQmlPrivate::AOTCompiledFunction aotBuiltFunctions[] = {
{ 9, 0, [](QV4::ExecutableCompilationUnit *unit, QMetaType *argTypes) {
    struct { QV4::ExecutableCompilationUnit *compilationUnit; } c { unit };
    const auto *aotContext = &c;
    Q_UNUSED(aotContext);
    argTypes[0] = QMetaType::fromType<QVariant>();
}, 
    [](const QQmlPrivate::AOTCompiledContext *aotContext, void **argv) {
Q_UNUSED(aotContext)
Q_UNUSED(argv)
// expression for pendingPageRequests at line 26, column 5
QVariant r2_0;
// generate_DefineObjectLiteral
r2_0 = QVariantMap {
};
{
}
{
}
// generate_Ret
if (argv[0]) {
    if (!r2_0.isValid())
        aotContext->setReturnValueUndefined();
    *static_cast<QVariant *>(argv[0]) = std::move(r2_0);
}
return;
}
 },{ 10, 0, [](QV4::ExecutableCompilationUnit *unit, QMetaType *argTypes) {
    struct { QV4::ExecutableCompilationUnit *compilationUnit; } c { unit };
    const auto *aotContext = &c;
    Q_UNUSED(aotContext);
    argTypes[0] = QMetaType::fromType<QVariant>();
}, 
    [](const QQmlPrivate::AOTCompiledContext *aotContext, void **argv) {
Q_UNUSED(aotContext)
Q_UNUSED(argv)
// expression for pendingThumbnailRequests at line 27, column 5
QVariant r2_0;
// generate_DefineObjectLiteral
r2_0 = QVariantMap {
};
{
}
{
}
// generate_Ret
if (argv[0]) {
    if (!r2_0.isValid())
        aotContext->setReturnValueUndefined();
    *static_cast<QVariant *>(argv[0]) = std::move(r2_0);
}
return;
}
 },{ 11, 0, [](QV4::ExecutableCompilationUnit *unit, QMetaType *argTypes) {
    struct { QV4::ExecutableCompilationUnit *compilationUnit; } c { unit };
    const auto *aotContext = &c;
    Q_UNUSED(aotContext);
    argTypes[0] = QMetaType::fromType<QVariant>();
}, 
    [](const QQmlPrivate::AOTCompiledContext *aotContext, void **argv) {
Q_UNUSED(aotContext)
Q_UNUSED(argv)
// expression for progressiveHighQualityRequests at line 41, column 5
QVariant r2_0;
// generate_DefineObjectLiteral
r2_0 = QVariantMap {
};
{
}
{
}
// generate_Ret
if (argv[0]) {
    if (!r2_0.isValid())
        aotContext->setReturnValueUndefined();
    *static_cast<QVariant *>(argv[0]) = std::move(r2_0);
}
return;
}
 },{ 12, 0, [](QV4::ExecutableCompilationUnit *unit, QMetaType *argTypes) {
    struct { QV4::ExecutableCompilationUnit *compilationUnit; } c { unit };
    const auto *aotContext = &c;
    Q_UNUSED(aotContext);
    argTypes[0] = QMetaType::fromType<QVariant>();
}, 
    [](const QQmlPrivate::AOTCompiledContext *aotContext, void **argv) {
Q_UNUSED(aotContext)
Q_UNUSED(argv)
// expression for visiblePageSources at line 42, column 5
QVariant r2_0;
// generate_CallQmlContextPropertyLookup
{
QVariant callResult;
void *args[] = { &callResult };
const QMetaType types[] = { QMetaType::fromType<QVariant>() };
#ifndef QT_NO_DEBUG
aotContext->setInstructionPointer(4);
#endif
while (!aotContext->callQmlContextPropertyLookup(11, args, types, 0)) {
#ifdef QT_NO_DEBUG
aotContext->setInstructionPointer(4);
#endif
aotContext->initCallQmlContextPropertyLookup(11);
if (aotContext->engine->hasError()) {
aotContext->setReturnValueUndefined();
if (argv[0]) {
    *static_cast<QVariant *>(argv[0]) = QVariant();
}
return;
}
}
r2_0 = std::move(callResult);
}
{
}
{
}
// generate_Ret
if (argv[0]) {
    if (!r2_0.isValid())
        aotContext->setReturnValueUndefined();
    *static_cast<QVariant *>(argv[0]) = std::move(r2_0);
}
return;
}
 },{ 13, 0, [](QV4::ExecutableCompilationUnit *unit, QMetaType *argTypes) {
    struct { QV4::ExecutableCompilationUnit *compilationUnit; } c { unit };
    const auto *aotContext = &c;
    Q_UNUSED(aotContext);
    argTypes[0] = QMetaType::fromType<QVariant>();
}, 
    [](const QQmlPrivate::AOTCompiledContext *aotContext, void **argv) {
Q_UNUSED(aotContext)
Q_UNUSED(argv)
// expression for pageSizes at line 43, column 5
QVariant r2_0;
// generate_CallQmlContextPropertyLookup
{
QVariant callResult;
void *args[] = { &callResult };
const QMetaType types[] = { QMetaType::fromType<QVariant>() };
#ifndef QT_NO_DEBUG
aotContext->setInstructionPointer(4);
#endif
while (!aotContext->callQmlContextPropertyLookup(12, args, types, 0)) {
#ifdef QT_NO_DEBUG
aotContext->setInstructionPointer(4);
#endif
aotContext->initCallQmlContextPropertyLookup(12);
if (aotContext->engine->hasError()) {
aotContext->setReturnValueUndefined();
if (argv[0]) {
    *static_cast<QVariant *>(argv[0]) = QVariant();
}
return;
}
}
r2_0 = std::move(callResult);
}
{
}
{
}
// generate_Ret
if (argv[0]) {
    if (!r2_0.isValid())
        aotContext->setReturnValueUndefined();
    *static_cast<QVariant *>(argv[0]) = std::move(r2_0);
}
return;
}
 },{ 14, 0, [](QV4::ExecutableCompilationUnit *unit, QMetaType *argTypes) {
    struct { QV4::ExecutableCompilationUnit *compilationUnit; } c { unit };
    const auto *aotContext = &c;
    Q_UNUSED(aotContext);
    argTypes[0] = QMetaType::fromType<QVariant>();
}, 
    [](const QQmlPrivate::AOTCompiledContext *aotContext, void **argv) {
Q_UNUSED(aotContext)
Q_UNUSED(argv)
// expression for pageRows at line 44, column 5
QVariant r2_0;
// generate_CallQmlContextPropertyLookup
{
QVariant callResult;
void *args[] = { &callResult };
const QMetaType types[] = { QMetaType::fromType<QVariant>() };
#ifndef QT_NO_DEBUG
aotContext->setInstructionPointer(4);
#endif
while (!aotContext->callQmlContextPropertyLookup(13, args, types, 0)) {
#ifdef QT_NO_DEBUG
aotContext->setInstructionPointer(4);
#endif
aotContext->initCallQmlContextPropertyLookup(13);
if (aotContext->engine->hasError()) {
aotContext->setReturnValueUndefined();
if (argv[0]) {
    *static_cast<QVariant *>(argv[0]) = QVariant();
}
return;
}
}
r2_0 = std::move(callResult);
}
{
}
{
}
// generate_Ret
if (argv[0]) {
    if (!r2_0.isValid())
        aotContext->setReturnValueUndefined();
    *static_cast<QVariant *>(argv[0]) = std::move(r2_0);
}
return;
}
 },{ 15, 0, [](QV4::ExecutableCompilationUnit *unit, QMetaType *argTypes) {
    struct { QV4::ExecutableCompilationUnit *compilationUnit; } c { unit };
    const auto *aotContext = &c;
    Q_UNUSED(aotContext);
    argTypes[0] = QMetaType::fromType<bool>();
}, 
    [](const QQmlPrivate::AOTCompiledContext *aotContext, void **argv) {
Q_UNUSED(aotContext)
Q_UNUSED(argv)
// expression for viewportInteracting at line 45, column 5
bool r2_3;
QObject *r2_0;
QObject *r2_2;
bool r2_1;
bool r2_4;
// generate_LoadQmlContextPropertyLookup
#ifndef QT_NO_DEBUG
aotContext->setInstructionPointer(2);
#endif
while (!aotContext->loadContextIdLookup(14, &r2_0)) {
#ifdef QT_NO_DEBUG
aotContext->setInstructionPointer(2);
#endif
aotContext->initLoadContextIdLookup(14);
if (aotContext->engine->hasError()) {
aotContext->setReturnValueUndefined();
if (argv[0]) {
    *static_cast<bool *>(argv[0]) = bool();
}
return;
}
}
{
}
// generate_GetLookup
#ifndef QT_NO_DEBUG
aotContext->setInstructionPointer(4);
#endif
while (!aotContext->getObjectLookup(15, r2_0, &r2_1)) {
#ifdef QT_NO_DEBUG
aotContext->setInstructionPointer(4);
#endif
aotContext->initGetObjectLookup(15, r2_0, QMetaType::fromType<bool>());
if (aotContext->engine->hasError()) {
aotContext->setReturnValueUndefined();
if (argv[0]) {
    *static_cast<bool *>(argv[0]) = bool();
}
return;
}
}
{
}
// generate_JumpTrue
if (r2_1) {
r2_4 = r2_1;
    goto label_0;
}
{
}
// generate_LoadQmlContextPropertyLookup
#ifndef QT_NO_DEBUG
aotContext->setInstructionPointer(8);
#endif
while (!aotContext->loadContextIdLookup(16, &r2_2)) {
#ifdef QT_NO_DEBUG
aotContext->setInstructionPointer(8);
#endif
aotContext->initLoadContextIdLookup(16);
if (aotContext->engine->hasError()) {
aotContext->setReturnValueUndefined();
if (argv[0]) {
    *static_cast<bool *>(argv[0]) = bool();
}
return;
}
}
{
}
// generate_GetLookup
#ifndef QT_NO_DEBUG
aotContext->setInstructionPointer(10);
#endif
while (!aotContext->getObjectLookup(17, r2_2, &r2_3)) {
#ifdef QT_NO_DEBUG
aotContext->setInstructionPointer(10);
#endif
aotContext->initGetObjectLookup(17, r2_2, QMetaType::fromType<bool>());
if (aotContext->engine->hasError()) {
aotContext->setReturnValueUndefined();
if (argv[0]) {
    *static_cast<bool *>(argv[0]) = bool();
}
return;
}
}
{
r2_4 = std::move(r2_3);
}
label_0:;
{
}
// generate_Ret
if (argv[0]) {
    *static_cast<bool *>(argv[0]) = r2_4;
}
return;
}
 },{ 17, 0, [](QV4::ExecutableCompilationUnit *unit, QMetaType *argTypes) {
    struct { QV4::ExecutableCompilationUnit *compilationUnit; } c { unit };
    const auto *aotContext = &c;
    Q_UNUSED(aotContext);
    argTypes[0] = QMetaType::fromType<double>();
}, 
    [](const QQmlPrivate::AOTCompiledContext *aotContext, void **argv) {
Q_UNUSED(aotContext)
Q_UNUSED(argv)
// expression for currentZoomPercent at line 59, column 5
double r8_0;
double r7_0;
double r2_0;
double r2_3;
double r2_2;
double r9_0;
double r2_1;
// generate_LoadQmlContextPropertyLookup
#ifndef QT_NO_DEBUG
aotContext->setInstructionPointer(2);
#endif
while (!aotContext->loadScopeObjectPropertyLookup(18, &r2_0)) {
#ifdef QT_NO_DEBUG
aotContext->setInstructionPointer(2);
#endif
aotContext->initLoadScopeObjectPropertyLookup(18, QMetaType::fromType<double>());
if (aotContext->engine->hasError()) {
aotContext->setReturnValueUndefined();
if (argv[0]) {
    *static_cast<double *>(argv[0]) = double();
}
return;
}
}
{
}
// generate_StoreReg
r7_0 = r2_0;
{
}
// generate_LoadQmlContextPropertyLookup
#ifndef QT_NO_DEBUG
aotContext->setInstructionPointer(6);
#endif
while (!aotContext->loadScopeObjectPropertyLookup(19, &r2_1)) {
#ifdef QT_NO_DEBUG
aotContext->setInstructionPointer(6);
#endif
aotContext->initLoadScopeObjectPropertyLookup(19, QMetaType::fromType<double>());
if (aotContext->engine->hasError()) {
aotContext->setReturnValueUndefined();
if (argv[0]) {
    *static_cast<double *>(argv[0]) = double();
}
return;
}
}
{
}
// generate_Mul
r2_2 = (r7_0 * r2_1);
{
}
// generate_StoreReg
r8_0 = r2_2;
{
}
// generate_LoadQmlContextPropertyLookup
#ifndef QT_NO_DEBUG
aotContext->setInstructionPointer(12);
#endif
while (!aotContext->loadScopeObjectPropertyLookup(20, &r2_3)) {
#ifdef QT_NO_DEBUG
aotContext->setInstructionPointer(12);
#endif
aotContext->initLoadScopeObjectPropertyLookup(20, QMetaType::fromType<double>());
if (aotContext->engine->hasError()) {
aotContext->setReturnValueUndefined();
if (argv[0]) {
    *static_cast<double *>(argv[0]) = double();
}
return;
}
}
{
}
// generate_Mul
r2_2 = (r8_0 * r2_3);
{
}
// generate_StoreReg
r9_0 = r2_2;
{
}
// generate_LoadInt
r2_2 = double(100);
{
}
// generate_Mul
r2_2 = (r9_0 * r2_2);
{
}
{
}
// generate_Ret
if (argv[0]) {
    *static_cast<double *>(argv[0]) = r2_2;
}
return;
}
 },{ 21, 0, [](QV4::ExecutableCompilationUnit *unit, QMetaType *argTypes) {
    struct { QV4::ExecutableCompilationUnit *compilationUnit; } c { unit };
    const auto *aotContext = &c;
    Q_UNUSED(aotContext);
    argTypes[0] = QMetaType();
}, 
    [](const QQmlPrivate::AOTCompiledContext *aotContext, void **argv) {
Q_UNUSED(aotContext)
Q_UNUSED(argv)
// expression for onZoomChanged at line 126, column 5
// generate_CreateCallContext
{
{
}
// generate_CallQmlContextPropertyLookup
{
void *args[] = { nullptr };
const QMetaType types[] = { QMetaType() };
#ifndef QT_NO_DEBUG
aotContext->setInstructionPointer(5);
#endif
while (!aotContext->callQmlContextPropertyLookup(57, args, types, 0)) {
#ifdef QT_NO_DEBUG
aotContext->setInstructionPointer(5);
#endif
aotContext->initCallQmlContextPropertyLookup(57);
if (aotContext->engine->hasError()) {
aotContext->setReturnValueUndefined();
return;
}
}
}
{
}
{
}
// generate_PopContext
{}
}
{
}
{
}
// generate_Ret
return;
}
 },{ 22, 0, [](QV4::ExecutableCompilationUnit *unit, QMetaType *argTypes) {
    struct { QV4::ExecutableCompilationUnit *compilationUnit; } c { unit };
    const auto *aotContext = &c;
    Q_UNUSED(aotContext);
    argTypes[0] = QMetaType();
}, 
    [](const QQmlPrivate::AOTCompiledContext *aotContext, void **argv) {
Q_UNUSED(aotContext)
Q_UNUSED(argv)
// expression for onLayoutModeChanged at line 127, column 5
// generate_CreateCallContext
{
{
}
// generate_CallQmlContextPropertyLookup
{
void *args[] = { nullptr };
const QMetaType types[] = { QMetaType() };
#ifndef QT_NO_DEBUG
aotContext->setInstructionPointer(5);
#endif
while (!aotContext->callQmlContextPropertyLookup(58, args, types, 0)) {
#ifdef QT_NO_DEBUG
aotContext->setInstructionPointer(5);
#endif
aotContext->initCallQmlContextPropertyLookup(58);
if (aotContext->engine->hasError()) {
aotContext->setReturnValueUndefined();
return;
}
}
}
{
}
{
}
// generate_PopContext
{}
}
{
}
{
}
// generate_Ret
return;
}
 },{ 23, 0, [](QV4::ExecutableCompilationUnit *unit, QMetaType *argTypes) {
    struct { QV4::ExecutableCompilationUnit *compilationUnit; } c { unit };
    const auto *aotContext = &c;
    Q_UNUSED(aotContext);
    argTypes[0] = QMetaType();
}, 
    [](const QQmlPrivate::AOTCompiledContext *aotContext, void **argv) {
Q_UNUSED(aotContext)
Q_UNUSED(argv)
// expression for onZoomModeChanged at line 128, column 5
// generate_CreateCallContext
{
{
}
// generate_CallQmlContextPropertyLookup
{
void *args[] = { nullptr };
const QMetaType types[] = { QMetaType() };
#ifndef QT_NO_DEBUG
aotContext->setInstructionPointer(5);
#endif
while (!aotContext->callQmlContextPropertyLookup(59, args, types, 0)) {
#ifdef QT_NO_DEBUG
aotContext->setInstructionPointer(5);
#endif
aotContext->initCallQmlContextPropertyLookup(59);
if (aotContext->engine->hasError()) {
aotContext->setReturnValueUndefined();
return;
}
}
}
{
}
{
}
// generate_PopContext
{}
}
{
}
{
}
// generate_Ret
return;
}
 },{ 24, 0, [](QV4::ExecutableCompilationUnit *unit, QMetaType *argTypes) {
    struct { QV4::ExecutableCompilationUnit *compilationUnit; } c { unit };
    const auto *aotContext = &c;
    Q_UNUSED(aotContext);
    argTypes[0] = QMetaType();
}, 
    [](const QQmlPrivate::AOTCompiledContext *aotContext, void **argv) {
Q_UNUSED(aotContext)
Q_UNUSED(argv)
// expression for onPageRowsChanged at line 129, column 5
// generate_CreateCallContext
{
{
}
// generate_CallQmlContextPropertyLookup
{
void *args[] = { nullptr };
const QMetaType types[] = { QMetaType() };
#ifndef QT_NO_DEBUG
aotContext->setInstructionPointer(5);
#endif
while (!aotContext->callQmlContextPropertyLookup(60, args, types, 0)) {
#ifdef QT_NO_DEBUG
aotContext->setInstructionPointer(5);
#endif
aotContext->initCallQmlContextPropertyLookup(60);
if (aotContext->engine->hasError()) {
aotContext->setReturnValueUndefined();
return;
}
}
}
{
}
{
}
// generate_PopContext
{}
}
{
}
{
}
// generate_Ret
return;
}
 },{ 26, 0, [](QV4::ExecutableCompilationUnit *unit, QMetaType *argTypes) {
    struct { QV4::ExecutableCompilationUnit *compilationUnit; } c { unit };
    const auto *aotContext = &c;
    Q_UNUSED(aotContext);
    argTypes[0] = QMetaType();
}, 
    [](const QQmlPrivate::AOTCompiledContext *aotContext, void **argv) {
Q_UNUSED(aotContext)
Q_UNUSED(argv)
// expression for onThumbnailSourcesChanged at line 136, column 5
// generate_CreateCallContext
{
{
}
// generate_CallQmlContextPropertyLookup
{
void *args[] = { nullptr };
const QMetaType types[] = { QMetaType() };
#ifndef QT_NO_DEBUG
aotContext->setInstructionPointer(5);
#endif
while (!aotContext->callQmlContextPropertyLookup(69, args, types, 0)) {
#ifdef QT_NO_DEBUG
aotContext->setInstructionPointer(5);
#endif
aotContext->initCallQmlContextPropertyLookup(69);
if (aotContext->engine->hasError()) {
aotContext->setReturnValueUndefined();
return;
}
}
}
{
}
// generate_CallQmlContextPropertyLookup
{
void *args[] = { nullptr };
const QMetaType types[] = { QMetaType() };
#ifndef QT_NO_DEBUG
aotContext->setInstructionPointer(9);
#endif
while (!aotContext->callQmlContextPropertyLookup(70, args, types, 0)) {
#ifdef QT_NO_DEBUG
aotContext->setInstructionPointer(9);
#endif
aotContext->initCallQmlContextPropertyLookup(70);
if (aotContext->engine->hasError()) {
aotContext->setReturnValueUndefined();
return;
}
}
}
{
}
{
}
// generate_PopContext
{}
}
{
}
{
}
// generate_Ret
return;
}
 },{ 27, 0, [](QV4::ExecutableCompilationUnit *unit, QMetaType *argTypes) {
    struct { QV4::ExecutableCompilationUnit *compilationUnit; } c { unit };
    const auto *aotContext = &c;
    Q_UNUSED(aotContext);
    argTypes[0] = QMetaType();
}, 
    [](const QQmlPrivate::AOTCompiledContext *aotContext, void **argv) {
Q_UNUSED(aotContext)
Q_UNUSED(argv)
// expression for onPageCountChanged at line 140, column 5
// generate_CreateCallContext
{
{
}
// generate_CallQmlContextPropertyLookup
{
void *args[] = { nullptr };
const QMetaType types[] = { QMetaType() };
#ifndef QT_NO_DEBUG
aotContext->setInstructionPointer(5);
#endif
while (!aotContext->callQmlContextPropertyLookup(71, args, types, 0)) {
#ifdef QT_NO_DEBUG
aotContext->setInstructionPointer(5);
#endif
aotContext->initCallQmlContextPropertyLookup(71);
if (aotContext->engine->hasError()) {
aotContext->setReturnValueUndefined();
return;
}
}
}
{
}
{
}
// generate_PopContext
{}
}
{
}
{
}
// generate_Ret
return;
}
 },{ 28, 0, [](QV4::ExecutableCompilationUnit *unit, QMetaType *argTypes) {
    struct { QV4::ExecutableCompilationUnit *compilationUnit; } c { unit };
    const auto *aotContext = &c;
    Q_UNUSED(aotContext);
    argTypes[0] = QMetaType();
}, 
    [](const QQmlPrivate::AOTCompiledContext *aotContext, void **argv) {
Q_UNUSED(aotContext)
Q_UNUSED(argv)
// expression for onProgressiveRenderingEnabledChanged at line 141, column 5
QVariant r2_0;
QObject *r7_0;
QObject *r2_1;
// generate_CreateCallContext
{
{
}
// generate_DefineObjectLiteral
r2_0 = QVariantMap {
};
{
}
// generate_StoreNameSloppy
aotContext->storeNameSloppy(51, &r2_0, QMetaType::fromType<QVariant>());
{
}
// generate_LoadQmlContextPropertyLookup
#ifndef QT_NO_DEBUG
aotContext->setInstructionPointer(9);
#endif
while (!aotContext->loadContextIdLookup(72, &r2_1)) {
#ifdef QT_NO_DEBUG
aotContext->setInstructionPointer(9);
#endif
aotContext->initLoadContextIdLookup(72);
if (aotContext->engine->hasError()) {
aotContext->setReturnValueUndefined();
return;
}
}
{
}
// generate_StoreReg
r7_0 = r2_1;
{
}
// generate_CallPropertyLookup
{
void *args[] = { nullptr };
const QMetaType types[] = { QMetaType() };
#ifndef QT_NO_DEBUG
aotContext->setInstructionPointer(16);
#endif
while (!aotContext->callObjectPropertyLookup(73, r7_0, args, types, 0)) {
#ifdef QT_NO_DEBUG
aotContext->setInstructionPointer(16);
#endif
aotContext->initCallObjectPropertyLookup(73);
if (aotContext->engine->hasError()) {
aotContext->setReturnValueUndefined();
return;
}
}
}
{
}
{
}
// generate_PopContext
{}
}
{
}
{
}
// generate_Ret
return;
}
 },{ 63, 0, [](QV4::ExecutableCompilationUnit *unit, QMetaType *argTypes) {
    struct { QV4::ExecutableCompilationUnit *compilationUnit; } c { unit };
    const auto *aotContext = &c;
    Q_UNUSED(aotContext);
    argTypes[0] = QMetaType();
}, 
    [](const QQmlPrivate::AOTCompiledContext *aotContext, void **argv) {
Q_UNUSED(aotContext)
Q_UNUSED(argv)
// finishPageTransition at line 1240, column 5
QObject *r2_3;
bool r2_2;
QObject *r7_0;
int r2_1;
bool r2_0;
// generate_LoadFalse
r2_0 = false;
{
}
// generate_StoreNameSloppy
aotContext->storeNameSloppy(46, &r2_0, QMetaType::fromType<bool>());
{
}
// generate_LoadInt
r2_1 = -1;
{
}
// generate_StoreNameSloppy
aotContext->storeNameSloppy(47, &r2_1, QMetaType::fromType<int>());
{
}
// generate_LoadFalse
r2_0 = false;
{
}
// generate_StoreNameSloppy
aotContext->storeNameSloppy(48, &r2_0, QMetaType::fromType<bool>());
{
}
// generate_LoadQmlContextPropertyLookup
#ifndef QT_NO_DEBUG
aotContext->setInstructionPointer(15);
#endif
while (!aotContext->loadScopeObjectPropertyLookup(402, &r2_2)) {
#ifdef QT_NO_DEBUG
aotContext->setInstructionPointer(15);
#endif
aotContext->initLoadScopeObjectPropertyLookup(402, QMetaType::fromType<bool>());
if (aotContext->engine->hasError()) {
aotContext->setReturnValueUndefined();
return;
}
}
{
}
// generate_UNot
r2_0 = !r2_2;
{
}
// generate_JumpFalse
if (!r2_0) {
    goto label_0;
}
{
}
// generate_LoadQmlContextPropertyLookup
#ifndef QT_NO_DEBUG
aotContext->setInstructionPointer(23);
#endif
while (!aotContext->loadContextIdLookup(403, &r2_3)) {
#ifdef QT_NO_DEBUG
aotContext->setInstructionPointer(23);
#endif
aotContext->initLoadContextIdLookup(403);
if (aotContext->engine->hasError()) {
aotContext->setReturnValueUndefined();
return;
}
}
{
}
// generate_StoreReg
r7_0 = r2_3;
{
}
// generate_CallPropertyLookup
{
void *args[] = { nullptr };
const QMetaType types[] = { QMetaType() };
#ifndef QT_NO_DEBUG
aotContext->setInstructionPointer(42);
#endif
while (!aotContext->callObjectPropertyLookup(404, r7_0, args, types, 0)) {
#ifdef QT_NO_DEBUG
aotContext->setInstructionPointer(42);
#endif
aotContext->initCallObjectPropertyLookup(404);
if (aotContext->engine->hasError()) {
aotContext->setReturnValueUndefined();
return;
}
}
}
{
}
label_0:;
{
}
// generate_Ret
return;
}
 },{ 76, 0, [](QV4::ExecutableCompilationUnit *unit, QMetaType *argTypes) {
    struct { QV4::ExecutableCompilationUnit *compilationUnit; } c { unit };
    const auto *aotContext = &c;
    Q_UNUSED(aotContext);
    argTypes[0] = QMetaType();
}, 
    [](const QQmlPrivate::AOTCompiledContext *aotContext, void **argv) {
Q_UNUSED(aotContext)
Q_UNUSED(argv)
// completeProgrammaticJump at line 1438, column 5
QObject *r2_7;
bool r2_0;
QJSPrimitiveValue r2_3;
QVariant r2_2;
int r8_0;
int r2_6;
int r2_5;
QVariant r7_0;
QVariant r9_0;
int r2_4;
QObject *r10_0;
bool r2_1;
// generate_LoadQmlContextPropertyLookup
#ifndef QT_NO_DEBUG
aotContext->setInstructionPointer(5);
#endif
while (!aotContext->loadScopeObjectPropertyLookup(555, &r2_0)) {
#ifdef QT_NO_DEBUG
aotContext->setInstructionPointer(5);
#endif
aotContext->initLoadScopeObjectPropertyLookup(555, QMetaType::fromType<bool>());
if (aotContext->engine->hasError()) {
aotContext->setReturnValueUndefined();
return;
}
}
{
}
// generate_UNot
r2_1 = !r2_0;
{
}
// generate_JumpFalse
if (!r2_1) {
    goto label_0;
}
{
}
{
}
// generate_Ret
return;
label_0:;
// generate_CallQmlContextPropertyLookup
{
QVariant callResult;
void *args[] = { &callResult };
const QMetaType types[] = { QMetaType::fromType<QVariant>() };
#ifndef QT_NO_DEBUG
aotContext->setInstructionPointer(23);
#endif
while (!aotContext->callQmlContextPropertyLookup(556, args, types, 0)) {
#ifdef QT_NO_DEBUG
aotContext->setInstructionPointer(23);
#endif
aotContext->initCallQmlContextPropertyLookup(556);
if (aotContext->engine->hasError()) {
aotContext->setReturnValueUndefined();
return;
}
}
r2_2 = std::move(callResult);
}
{
}
// generate_StoreReg
r7_0 = std::move(r2_2);
{
}
// generate_LoadZero
r2_3 = QJSPrimitiveValue(0);
{
}
// generate_CmpLt
r2_1 = aotContext->engine->fromVariant<QJSPrimitiveValue>(r7_0) < std::move(r2_3);
{
}
// generate_JumpFalse
if (!r2_1) {
    goto label_1;
}
{
}
{
}
// generate_Ret
return;
label_1:;
// generate_LoadQmlContextPropertyLookup
#ifndef QT_NO_DEBUG
aotContext->setInstructionPointer(37);
#endif
while (!aotContext->loadScopeObjectPropertyLookup(557, &r2_4)) {
#ifdef QT_NO_DEBUG
aotContext->setInstructionPointer(37);
#endif
aotContext->initLoadScopeObjectPropertyLookup(557, QMetaType::fromType<int>());
if (aotContext->engine->hasError()) {
aotContext->setReturnValueUndefined();
return;
}
}
{
}
// generate_StoreReg
r8_0 = r2_4;
{
}
// generate_LoadZero
r2_5 = 0;
{
}
// generate_CmpGe
r2_1 = r8_0 >= r2_5;
{
}
// generate_JumpFalse
if (!r2_1) {
    goto label_2;
}
{
}
// generate_MoveReg
r9_0 = r7_0;
{
}
// generate_LoadQmlContextPropertyLookup
#ifndef QT_NO_DEBUG
aotContext->setInstructionPointer(52);
#endif
while (!aotContext->loadScopeObjectPropertyLookup(558, &r2_6)) {
#ifdef QT_NO_DEBUG
aotContext->setInstructionPointer(52);
#endif
aotContext->initLoadScopeObjectPropertyLookup(558, QMetaType::fromType<int>());
if (aotContext->engine->hasError()) {
aotContext->setReturnValueUndefined();
return;
}
}
{
}
// generate_CmpStrictNotEqual
r2_1 = !QJSPrimitiveValue(r2_6).strictlyEquals(aotContext->engine->fromVariant<QJSPrimitiveValue>(r9_0));
{
}
// generate_JumpFalse
if (!r2_1) {
    goto label_2;
}
{
}
// generate_LoadQmlContextPropertyLookup
#ifndef QT_NO_DEBUG
aotContext->setInstructionPointer(61);
#endif
while (!aotContext->loadContextIdLookup(559, &r2_7)) {
#ifdef QT_NO_DEBUG
aotContext->setInstructionPointer(61);
#endif
aotContext->initLoadContextIdLookup(559);
if (aotContext->engine->hasError()) {
aotContext->setReturnValueUndefined();
return;
}
}
{
}
// generate_StoreReg
r10_0 = r2_7;
{
}
// generate_CallPropertyLookup
{
void *args[] = { nullptr };
const QMetaType types[] = { QMetaType() };
#ifndef QT_NO_DEBUG
aotContext->setInstructionPointer(80);
#endif
while (!aotContext->callObjectPropertyLookup(560, r10_0, args, types, 0)) {
#ifdef QT_NO_DEBUG
aotContext->setInstructionPointer(80);
#endif
aotContext->initCallObjectPropertyLookup(560);
if (aotContext->engine->hasError()) {
aotContext->setReturnValueUndefined();
return;
}
}
}
{
}
{
}
// generate_Ret
return;
label_2:;
// generate_LoadInt
r2_5 = -1;
{
}
// generate_StoreNameSloppy
aotContext->storeNameSloppy(39, &r2_5, QMetaType::fromType<int>());
{
}
// generate_LoadFalse
r2_1 = false;
{
}
// generate_StoreNameSloppy
aotContext->storeNameSloppy(40, &r2_1, QMetaType::fromType<bool>());
{
}
// generate_CallQmlContextPropertyLookup
{
void *args[] = { nullptr };
const QMetaType types[] = { QMetaType() };
#ifndef QT_NO_DEBUG
aotContext->setInstructionPointer(102);
#endif
while (!aotContext->callQmlContextPropertyLookup(561, args, types, 0)) {
#ifdef QT_NO_DEBUG
aotContext->setInstructionPointer(102);
#endif
aotContext->initCallQmlContextPropertyLookup(561);
if (aotContext->engine->hasError()) {
aotContext->setReturnValueUndefined();
return;
}
}
}
{
}
{
}
// generate_Ret
return;
}
 },{ 85, 0, [](QV4::ExecutableCompilationUnit *unit, QMetaType *argTypes) {
    struct { QV4::ExecutableCompilationUnit *compilationUnit; } c { unit };
    const auto *aotContext = &c;
    Q_UNUSED(aotContext);
    argTypes[0] = QMetaType();
}, 
    [](const QQmlPrivate::AOTCompiledContext *aotContext, void **argv) {
Q_UNUSED(aotContext)
Q_UNUSED(argv)
// expression for onTriggered at line 83, column 9
QObject *r7_0;
QObject *r2_0;
// generate_CreateCallContext
{
{
}
// generate_LoadQmlContextPropertyLookup
#ifndef QT_NO_DEBUG
aotContext->setInstructionPointer(6);
#endif
while (!aotContext->loadContextIdLookup(654, &r2_0)) {
#ifdef QT_NO_DEBUG
aotContext->setInstructionPointer(6);
#endif
aotContext->initLoadContextIdLookup(654);
if (aotContext->engine->hasError()) {
aotContext->setReturnValueUndefined();
return;
}
}
{
}
// generate_StoreReg
r7_0 = r2_0;
{
}
// generate_CallPropertyLookup
{
void *args[] = { nullptr };
const QMetaType types[] = { QMetaType() };
#ifndef QT_NO_DEBUG
aotContext->setInstructionPointer(25);
#endif
while (!aotContext->callObjectPropertyLookup(655, r7_0, args, types, 0)) {
#ifdef QT_NO_DEBUG
aotContext->setInstructionPointer(25);
#endif
aotContext->initCallObjectPropertyLookup(655);
if (aotContext->engine->hasError()) {
aotContext->setReturnValueUndefined();
return;
}
}
}
{
}
{
}
// generate_PopContext
{}
}
{
}
{
}
// generate_Ret
return;
}
 },{ 86, 0, [](QV4::ExecutableCompilationUnit *unit, QMetaType *argTypes) {
    struct { QV4::ExecutableCompilationUnit *compilationUnit; } c { unit };
    const auto *aotContext = &c;
    Q_UNUSED(aotContext);
    argTypes[0] = QMetaType();
}, 
    [](const QQmlPrivate::AOTCompiledContext *aotContext, void **argv) {
Q_UNUSED(aotContext)
Q_UNUSED(argv)
// expression for onTriggered at line 90, column 9
QObject *r2_0;
QObject *r7_0;
// generate_CreateCallContext
{
{
}
// generate_LoadQmlContextPropertyLookup
#ifndef QT_NO_DEBUG
aotContext->setInstructionPointer(6);
#endif
while (!aotContext->loadContextIdLookup(656, &r2_0)) {
#ifdef QT_NO_DEBUG
aotContext->setInstructionPointer(6);
#endif
aotContext->initLoadContextIdLookup(656);
if (aotContext->engine->hasError()) {
aotContext->setReturnValueUndefined();
return;
}
}
{
}
// generate_StoreReg
r7_0 = r2_0;
{
}
// generate_CallPropertyLookup
{
void *args[] = { nullptr };
const QMetaType types[] = { QMetaType() };
#ifndef QT_NO_DEBUG
aotContext->setInstructionPointer(25);
#endif
while (!aotContext->callObjectPropertyLookup(657, r7_0, args, types, 0)) {
#ifdef QT_NO_DEBUG
aotContext->setInstructionPointer(25);
#endif
aotContext->initCallObjectPropertyLookup(657);
if (aotContext->engine->hasError()) {
aotContext->setReturnValueUndefined();
return;
}
}
}
{
}
{
}
// generate_PopContext
{}
}
{
}
{
}
// generate_Ret
return;
}
 },{ 87, 0, [](QV4::ExecutableCompilationUnit *unit, QMetaType *argTypes) {
    struct { QV4::ExecutableCompilationUnit *compilationUnit; } c { unit };
    const auto *aotContext = &c;
    Q_UNUSED(aotContext);
    argTypes[0] = QMetaType();
}, 
    [](const QQmlPrivate::AOTCompiledContext *aotContext, void **argv) {
Q_UNUSED(aotContext)
Q_UNUSED(argv)
// expression for onTriggered at line 97, column 9
QObject *r2_0;
QObject *r7_0;
// generate_CreateCallContext
{
{
}
// generate_LoadQmlContextPropertyLookup
#ifndef QT_NO_DEBUG
aotContext->setInstructionPointer(6);
#endif
while (!aotContext->loadContextIdLookup(658, &r2_0)) {
#ifdef QT_NO_DEBUG
aotContext->setInstructionPointer(6);
#endif
aotContext->initLoadContextIdLookup(658);
if (aotContext->engine->hasError()) {
aotContext->setReturnValueUndefined();
return;
}
}
{
}
// generate_StoreReg
r7_0 = r2_0;
{
}
// generate_CallPropertyLookup
{
void *args[] = { nullptr };
const QMetaType types[] = { QMetaType() };
#ifndef QT_NO_DEBUG
aotContext->setInstructionPointer(25);
#endif
while (!aotContext->callObjectPropertyLookup(659, r7_0, args, types, 0)) {
#ifdef QT_NO_DEBUG
aotContext->setInstructionPointer(25);
#endif
aotContext->initCallObjectPropertyLookup(659);
if (aotContext->engine->hasError()) {
aotContext->setReturnValueUndefined();
return;
}
}
}
{
}
{
}
// generate_PopContext
{}
}
{
}
{
}
// generate_Ret
return;
}
 },{ 88, 0, [](QV4::ExecutableCompilationUnit *unit, QMetaType *argTypes) {
    struct { QV4::ExecutableCompilationUnit *compilationUnit; } c { unit };
    const auto *aotContext = &c;
    Q_UNUSED(aotContext);
    argTypes[0] = QMetaType();
}, 
    [](const QQmlPrivate::AOTCompiledContext *aotContext, void **argv) {
Q_UNUSED(aotContext)
Q_UNUSED(argv)
// expression for onCompleted at line 145, column 5
// generate_CreateCallContext
{
{
}
// generate_CallQmlContextPropertyLookup
{
void *args[] = { nullptr };
const QMetaType types[] = { QMetaType() };
#ifndef QT_NO_DEBUG
aotContext->setInstructionPointer(14);
#endif
while (!aotContext->callQmlContextPropertyLookup(660, args, types, 0)) {
#ifdef QT_NO_DEBUG
aotContext->setInstructionPointer(14);
#endif
aotContext->initCallQmlContextPropertyLookup(660);
if (aotContext->engine->hasError()) {
aotContext->setReturnValueUndefined();
return;
}
}
}
{
}
// generate_CallQmlContextPropertyLookup
{
void *args[] = { nullptr };
const QMetaType types[] = { QMetaType() };
#ifndef QT_NO_DEBUG
aotContext->setInstructionPointer(27);
#endif
while (!aotContext->callQmlContextPropertyLookup(661, args, types, 0)) {
#ifdef QT_NO_DEBUG
aotContext->setInstructionPointer(27);
#endif
aotContext->initCallQmlContextPropertyLookup(661);
if (aotContext->engine->hasError()) {
aotContext->setReturnValueUndefined();
return;
}
}
}
{
}
// generate_CallQmlContextPropertyLookup
{
void *args[] = { nullptr };
const QMetaType types[] = { QMetaType() };
#ifndef QT_NO_DEBUG
aotContext->setInstructionPointer(40);
#endif
while (!aotContext->callQmlContextPropertyLookup(662, args, types, 0)) {
#ifdef QT_NO_DEBUG
aotContext->setInstructionPointer(40);
#endif
aotContext->initCallQmlContextPropertyLookup(662);
if (aotContext->engine->hasError()) {
aotContext->setReturnValueUndefined();
return;
}
}
}
{
}
{
}
// generate_PopContext
{}
}
{
}
{
}
// generate_Ret
return;
}
 },{ 89, 0, [](QV4::ExecutableCompilationUnit *unit, QMetaType *argTypes) {
    struct { QV4::ExecutableCompilationUnit *compilationUnit; } c { unit };
    const auto *aotContext = &c;
    Q_UNUSED(aotContext);
    argTypes[0] = QMetaType::fromType<QUrl>();
}, 
    [](const QQmlPrivate::AOTCompiledContext *aotContext, void **argv) {
Q_UNUSED(aotContext)
Q_UNUSED(argv)
// expression for source at line 153, column 9
QObject *r2_0;
QUrl r2_1;
// generate_LoadQmlContextPropertyLookup
#ifndef QT_NO_DEBUG
aotContext->setInstructionPointer(5);
#endif
while (!aotContext->loadContextIdLookup(663, &r2_0)) {
#ifdef QT_NO_DEBUG
aotContext->setInstructionPointer(5);
#endif
aotContext->initLoadContextIdLookup(663);
if (aotContext->engine->hasError()) {
aotContext->setReturnValueUndefined();
if (argv[0]) {
    *static_cast<QUrl *>(argv[0]) = QUrl();
}
return;
}
}
{
}
// generate_GetLookup
#ifndef QT_NO_DEBUG
aotContext->setInstructionPointer(10);
#endif
while (!aotContext->getObjectLookup(664, r2_0, &r2_1)) {
#ifdef QT_NO_DEBUG
aotContext->setInstructionPointer(10);
#endif
aotContext->initGetObjectLookup(664, r2_0, QMetaType::fromType<QUrl>());
if (aotContext->engine->hasError()) {
aotContext->setReturnValueUndefined();
if (argv[0]) {
    *static_cast<QUrl *>(argv[0]) = QUrl();
}
return;
}
}
{
}
{
}
// generate_Ret
if (argv[0]) {
    *static_cast<QUrl *>(argv[0]) = std::move(r2_1);
}
return;
}
 },{ 90, 0, [](QV4::ExecutableCompilationUnit *unit, QMetaType *argTypes) {
    struct { QV4::ExecutableCompilationUnit *compilationUnit; } c { unit };
    const auto *aotContext = &c;
    Q_UNUSED(aotContext);
    argTypes[0] = []() { static const auto t = QMetaType::fromName("QColor"); return t; }();
}, 
    [](const QQmlPrivate::AOTCompiledContext *aotContext, void **argv) {
Q_UNUSED(aotContext)
Q_UNUSED(argv)
// expression for color at line 158, column 9
QObject *r2_3;
QVariant r2_2;
bool r2_1;
bool r2_4;
QObject *r2_0;
// generate_LoadQmlContextPropertyLookup
#ifndef QT_NO_DEBUG
aotContext->setInstructionPointer(5);
#endif
while (!aotContext->loadContextIdLookup(665, &r2_0)) {
#ifdef QT_NO_DEBUG
aotContext->setInstructionPointer(5);
#endif
aotContext->initLoadContextIdLookup(665);
if (aotContext->engine->hasError()) {
aotContext->setReturnValueUndefined();
if (argv[0]) {
    const QMetaType returnType = []() { static const auto t = QMetaType::fromName("QColor"); return t; }();
    returnType.destruct(argv[0]);
    returnType.construct(argv[0]);
 }
return;
}
}
{
}
// generate_GetLookup
#ifndef QT_NO_DEBUG
aotContext->setInstructionPointer(10);
#endif
while (!aotContext->getObjectLookup(666, r2_0, &r2_1)) {
#ifdef QT_NO_DEBUG
aotContext->setInstructionPointer(10);
#endif
aotContext->initGetObjectLookup(666, r2_0, QMetaType::fromType<bool>());
if (aotContext->engine->hasError()) {
aotContext->setReturnValueUndefined();
if (argv[0]) {
    const QMetaType returnType = []() { static const auto t = QMetaType::fromName("QColor"); return t; }();
    returnType.destruct(argv[0]);
    returnType.construct(argv[0]);
 }
return;
}
}
{
}
// generate_JumpFalse
if (!r2_1) {
    goto label_0;
}
{
}
// generate_LoadRuntimeString
r2_2 = [&](){ auto arg = QStringLiteral("#050608"); return aotContext->constructValueType([]() { static const auto t = QMetaType::fromName("QColor"); return t; }(), []() { static const auto t = QMetaType::fromName("QQuickColorValueType"); return t; }().metaObject(), 1, &arg); }();
{
}
// generate_Jump
{
    goto label_1;
}
label_0:;
// generate_LoadQmlContextPropertyLookup
#ifndef QT_NO_DEBUG
aotContext->setInstructionPointer(24);
#endif
while (!aotContext->loadSingletonLookup(667, &r2_3)) {
#ifdef QT_NO_DEBUG
aotContext->setInstructionPointer(24);
#endif
aotContext->initLoadSingletonLookup(667, QQmlPrivate::AOTCompiledContext::InvalidStringId);
if (aotContext->engine->hasError()) {
aotContext->setReturnValueUndefined();
if (argv[0]) {
    const QMetaType returnType = []() { static const auto t = QMetaType::fromName("QColor"); return t; }();
    returnType.destruct(argv[0]);
    returnType.construct(argv[0]);
 }
return;
}
}
{
}
// generate_GetLookup
#ifndef QT_NO_DEBUG
aotContext->setInstructionPointer(29);
#endif
while (!aotContext->getObjectLookup(668, r2_3, &r2_4)) {
#ifdef QT_NO_DEBUG
aotContext->setInstructionPointer(29);
#endif
aotContext->initGetObjectLookup(668, r2_3, QMetaType::fromType<bool>());
if (aotContext->engine->hasError()) {
aotContext->setReturnValueUndefined();
if (argv[0]) {
    const QMetaType returnType = []() { static const auto t = QMetaType::fromName("QColor"); return t; }();
    returnType.destruct(argv[0]);
    returnType.construct(argv[0]);
 }
return;
}
}
{
}
// generate_JumpFalse
if (!r2_4) {
    goto label_2;
}
{
}
// generate_LoadRuntimeString
r2_2 = [&](){ auto arg = QStringLiteral("#12121F"); return aotContext->constructValueType([]() { static const auto t = QMetaType::fromName("QColor"); return t; }(), []() { static const auto t = QMetaType::fromName("QQuickColorValueType"); return t; }().metaObject(), 1, &arg); }();
{
}
// generate_Jump
{
    goto label_1;
}
label_2:;
// generate_LoadRuntimeString
r2_2 = [&](){ auto arg = QStringLiteral("#D8D9E8"); return aotContext->constructValueType([]() { static const auto t = QMetaType::fromName("QColor"); return t; }(), []() { static const auto t = QMetaType::fromName("QQuickColorValueType"); return t; }().metaObject(), 1, &arg); }();
{
}
label_1:;
{
}
// generate_Ret
if (argv[0]) {
    if (!r2_2.isValid())
        aotContext->setReturnValueUndefined();
    const QMetaType returnType = r2_2.metaType();
    returnType.destruct(argv[0]);
    returnType.construct(argv[0], r2_2.data());
}
return;
}
 },{ 91, 0, [](QV4::ExecutableCompilationUnit *unit, QMetaType *argTypes) {
    struct { QV4::ExecutableCompilationUnit *compilationUnit; } c { unit };
    const auto *aotContext = &c;
    Q_UNUSED(aotContext);
    argTypes[0] = []() { static const auto t = QMetaType::fromName("QQuickItem*"); return t; }();
}, 
    [](const QQmlPrivate::AOTCompiledContext *aotContext, void **argv) {
Q_UNUSED(aotContext)
Q_UNUSED(argv)
// expression for fill at line 157, column 9
QObject *r2_0;
// generate_LoadQmlContextPropertyLookup
#ifndef QT_NO_DEBUG
aotContext->setInstructionPointer(5);
#endif
while (!aotContext->loadScopeObjectPropertyLookup(669, &r2_0)) {
#ifdef QT_NO_DEBUG
aotContext->setInstructionPointer(5);
#endif
aotContext->initLoadScopeObjectPropertyLookup(669, []() { static const auto t = QMetaType::fromName("QQuickItem*"); return t; }());
if (aotContext->engine->hasError()) {
aotContext->setReturnValueUndefined();
if (argv[0]) {
    *static_cast<QObject * *>(argv[0]) = nullptr;
}
return;
}
}
{
}
{
}
// generate_Ret
if (argv[0]) {
    *static_cast<QObject * *>(argv[0]) = r2_0;
}
return;
}
 },{ 92, 0, [](QV4::ExecutableCompilationUnit *unit, QMetaType *argTypes) {
    struct { QV4::ExecutableCompilationUnit *compilationUnit; } c { unit };
    const auto *aotContext = &c;
    Q_UNUSED(aotContext);
    argTypes[0] = QMetaType::fromType<double>();
}, 
    [](const QQmlPrivate::AOTCompiledContext *aotContext, void **argv) {
Q_UNUSED(aotContext)
Q_UNUSED(argv)
// expression for width at line 168, column 9
double r2_2;
bool r2_1;
QObject *r2_0;
// generate_LoadQmlContextPropertyLookup
#ifndef QT_NO_DEBUG
aotContext->setInstructionPointer(5);
#endif
while (!aotContext->loadContextIdLookup(670, &r2_0)) {
#ifdef QT_NO_DEBUG
aotContext->setInstructionPointer(5);
#endif
aotContext->initLoadContextIdLookup(670);
if (aotContext->engine->hasError()) {
aotContext->setReturnValueUndefined();
if (argv[0]) {
    *static_cast<double *>(argv[0]) = double();
}
return;
}
}
{
}
// generate_GetLookup
#ifndef QT_NO_DEBUG
aotContext->setInstructionPointer(10);
#endif
while (!aotContext->getObjectLookup(671, r2_0, &r2_1)) {
#ifdef QT_NO_DEBUG
aotContext->setInstructionPointer(10);
#endif
aotContext->initGetObjectLookup(671, r2_0, QMetaType::fromType<bool>());
if (aotContext->engine->hasError()) {
aotContext->setReturnValueUndefined();
if (argv[0]) {
    *static_cast<double *>(argv[0]) = double();
}
return;
}
}
{
}
// generate_JumpFalse
if (!r2_1) {
    goto label_0;
}
{
}
// generate_LoadInt
r2_2 = double(232);
{
}
// generate_Jump
{
    goto label_1;
}
label_0:;
// generate_LoadZero
r2_2 = double(0);
{
}
label_1:;
{
}
// generate_Ret
if (argv[0]) {
    *static_cast<double *>(argv[0]) = r2_2;
}
return;
}
 },{ 93, 0, [](QV4::ExecutableCompilationUnit *unit, QMetaType *argTypes) {
    struct { QV4::ExecutableCompilationUnit *compilationUnit; } c { unit };
    const auto *aotContext = &c;
    Q_UNUSED(aotContext);
    argTypes[0] = QMetaType::fromType<bool>();
}, 
    [](const QQmlPrivate::AOTCompiledContext *aotContext, void **argv) {
Q_UNUSED(aotContext)
Q_UNUSED(argv)
// expression for visible at line 169, column 9
bool r2_1;
QObject *r2_0;
// generate_LoadQmlContextPropertyLookup
#ifndef QT_NO_DEBUG
aotContext->setInstructionPointer(5);
#endif
while (!aotContext->loadContextIdLookup(672, &r2_0)) {
#ifdef QT_NO_DEBUG
aotContext->setInstructionPointer(5);
#endif
aotContext->initLoadContextIdLookup(672);
if (aotContext->engine->hasError()) {
aotContext->setReturnValueUndefined();
if (argv[0]) {
    *static_cast<bool *>(argv[0]) = bool();
}
return;
}
}
{
}
// generate_GetLookup
#ifndef QT_NO_DEBUG
aotContext->setInstructionPointer(10);
#endif
while (!aotContext->getObjectLookup(673, r2_0, &r2_1)) {
#ifdef QT_NO_DEBUG
aotContext->setInstructionPointer(10);
#endif
aotContext->initGetObjectLookup(673, r2_0, QMetaType::fromType<bool>());
if (aotContext->engine->hasError()) {
aotContext->setReturnValueUndefined();
if (argv[0]) {
    *static_cast<bool *>(argv[0]) = bool();
}
return;
}
}
{
}
{
}
// generate_Ret
if (argv[0]) {
    *static_cast<bool *>(argv[0]) = r2_1;
}
return;
}
 },{ 94, 0, [](QV4::ExecutableCompilationUnit *unit, QMetaType *argTypes) {
    struct { QV4::ExecutableCompilationUnit *compilationUnit; } c { unit };
    const auto *aotContext = &c;
    Q_UNUSED(aotContext);
    argTypes[0] = []() { static const auto t = QMetaType::fromName("QColor"); return t; }();
}, 
    [](const QQmlPrivate::AOTCompiledContext *aotContext, void **argv) {
Q_UNUSED(aotContext)
Q_UNUSED(argv)
// expression for color at line 171, column 9
QObject *r2_0;
QVariant r2_1;
// generate_LoadQmlContextPropertyLookup
#ifndef QT_NO_DEBUG
aotContext->setInstructionPointer(5);
#endif
while (!aotContext->loadSingletonLookup(674, &r2_0)) {
#ifdef QT_NO_DEBUG
aotContext->setInstructionPointer(5);
#endif
aotContext->initLoadSingletonLookup(674, QQmlPrivate::AOTCompiledContext::InvalidStringId);
if (aotContext->engine->hasError()) {
aotContext->setReturnValueUndefined();
if (argv[0]) {
    const QMetaType returnType = []() { static const auto t = QMetaType::fromName("QColor"); return t; }();
    returnType.destruct(argv[0]);
    returnType.construct(argv[0]);
 }
return;
}
}
{
}
// generate_GetLookup
#ifndef QT_NO_DEBUG
aotContext->setInstructionPointer(10);
#endif
r2_1 = QVariant(aotContext->lookupResultMetaType(675));
while (!aotContext->getObjectLookup(675, r2_0, r2_1.data())) {
#ifdef QT_NO_DEBUG
aotContext->setInstructionPointer(10);
#endif
aotContext->initGetObjectLookup(675, r2_0, r2_1.metaType());
if (aotContext->engine->hasError()) {
aotContext->setReturnValueUndefined();
if (argv[0]) {
    const QMetaType returnType = []() { static const auto t = QMetaType::fromName("QColor"); return t; }();
    returnType.destruct(argv[0]);
    returnType.construct(argv[0]);
 }
return;
}
r2_1 = QVariant(aotContext->lookupResultMetaType(675));
}
{
}
{
}
// generate_Ret
if (argv[0]) {
    if (!r2_1.isValid())
        aotContext->setReturnValueUndefined();
    const QMetaType returnType = r2_1.metaType();
    returnType.destruct(argv[0]);
    returnType.construct(argv[0], r2_1.data());
}
return;
}
 },{ 95, 0, [](QV4::ExecutableCompilationUnit *unit, QMetaType *argTypes) {
    struct { QV4::ExecutableCompilationUnit *compilationUnit; } c { unit };
    const auto *aotContext = &c;
    Q_UNUSED(aotContext);
    argTypes[0] = []() { static const auto t = QMetaType::fromName("QQuickAnchorLine"); return t; }();
}, 
    [](const QQmlPrivate::AOTCompiledContext *aotContext, void **argv) {
Q_UNUSED(aotContext)
Q_UNUSED(argv)
// expression for top at line 164, column 13
QObject *r2_0;
QVariant r2_1;
// generate_LoadQmlContextPropertyLookup
#ifndef QT_NO_DEBUG
aotContext->setInstructionPointer(5);
#endif
while (!aotContext->loadScopeObjectPropertyLookup(676, &r2_0)) {
#ifdef QT_NO_DEBUG
aotContext->setInstructionPointer(5);
#endif
aotContext->initLoadScopeObjectPropertyLookup(676, []() { static const auto t = QMetaType::fromName("QQuickItem*"); return t; }());
if (aotContext->engine->hasError()) {
aotContext->setReturnValueUndefined();
if (argv[0]) {
    const QMetaType returnType = []() { static const auto t = QMetaType::fromName("QQuickAnchorLine"); return t; }();
    returnType.destruct(argv[0]);
    returnType.construct(argv[0]);
 }
return;
}
}
{
}
// generate_GetLookup
#ifndef QT_NO_DEBUG
aotContext->setInstructionPointer(10);
#endif
r2_1 = QVariant(aotContext->lookupResultMetaType(677));
while (!aotContext->getObjectLookup(677, r2_0, r2_1.data())) {
#ifdef QT_NO_DEBUG
aotContext->setInstructionPointer(10);
#endif
aotContext->initGetObjectLookup(677, r2_0, r2_1.metaType());
if (aotContext->engine->hasError()) {
aotContext->setReturnValueUndefined();
if (argv[0]) {
    const QMetaType returnType = []() { static const auto t = QMetaType::fromName("QQuickAnchorLine"); return t; }();
    returnType.destruct(argv[0]);
    returnType.construct(argv[0]);
 }
return;
}
r2_1 = QVariant(aotContext->lookupResultMetaType(677));
}
{
}
{
}
// generate_Ret
if (argv[0]) {
    if (!r2_1.isValid())
        aotContext->setReturnValueUndefined();
    const QMetaType returnType = r2_1.metaType();
    returnType.destruct(argv[0]);
    returnType.construct(argv[0], r2_1.data());
}
return;
}
 },{ 96, 0, [](QV4::ExecutableCompilationUnit *unit, QMetaType *argTypes) {
    struct { QV4::ExecutableCompilationUnit *compilationUnit; } c { unit };
    const auto *aotContext = &c;
    Q_UNUSED(aotContext);
    argTypes[0] = []() { static const auto t = QMetaType::fromName("QQuickAnchorLine"); return t; }();
}, 
    [](const QQmlPrivate::AOTCompiledContext *aotContext, void **argv) {
Q_UNUSED(aotContext)
Q_UNUSED(argv)
// expression for bottom at line 165, column 13
QObject *r2_0;
QVariant r2_1;
// generate_LoadQmlContextPropertyLookup
#ifndef QT_NO_DEBUG
aotContext->setInstructionPointer(5);
#endif
while (!aotContext->loadScopeObjectPropertyLookup(678, &r2_0)) {
#ifdef QT_NO_DEBUG
aotContext->setInstructionPointer(5);
#endif
aotContext->initLoadScopeObjectPropertyLookup(678, []() { static const auto t = QMetaType::fromName("QQuickItem*"); return t; }());
if (aotContext->engine->hasError()) {
aotContext->setReturnValueUndefined();
if (argv[0]) {
    const QMetaType returnType = []() { static const auto t = QMetaType::fromName("QQuickAnchorLine"); return t; }();
    returnType.destruct(argv[0]);
    returnType.construct(argv[0]);
 }
return;
}
}
{
}
// generate_GetLookup
#ifndef QT_NO_DEBUG
aotContext->setInstructionPointer(10);
#endif
r2_1 = QVariant(aotContext->lookupResultMetaType(679));
while (!aotContext->getObjectLookup(679, r2_0, r2_1.data())) {
#ifdef QT_NO_DEBUG
aotContext->setInstructionPointer(10);
#endif
aotContext->initGetObjectLookup(679, r2_0, r2_1.metaType());
if (aotContext->engine->hasError()) {
aotContext->setReturnValueUndefined();
if (argv[0]) {
    const QMetaType returnType = []() { static const auto t = QMetaType::fromName("QQuickAnchorLine"); return t; }();
    returnType.destruct(argv[0]);
    returnType.construct(argv[0]);
 }
return;
}
r2_1 = QVariant(aotContext->lookupResultMetaType(679));
}
{
}
{
}
// generate_Ret
if (argv[0]) {
    if (!r2_1.isValid())
        aotContext->setReturnValueUndefined();
    const QMetaType returnType = r2_1.metaType();
    returnType.destruct(argv[0]);
    returnType.construct(argv[0], r2_1.data());
}
return;
}
 },{ 97, 0, [](QV4::ExecutableCompilationUnit *unit, QMetaType *argTypes) {
    struct { QV4::ExecutableCompilationUnit *compilationUnit; } c { unit };
    const auto *aotContext = &c;
    Q_UNUSED(aotContext);
    argTypes[0] = []() { static const auto t = QMetaType::fromName("QQuickAnchorLine"); return t; }();
}, 
    [](const QQmlPrivate::AOTCompiledContext *aotContext, void **argv) {
Q_UNUSED(aotContext)
Q_UNUSED(argv)
// expression for left at line 166, column 13
QVariant r2_1;
QObject *r2_0;
// generate_LoadQmlContextPropertyLookup
#ifndef QT_NO_DEBUG
aotContext->setInstructionPointer(5);
#endif
while (!aotContext->loadScopeObjectPropertyLookup(680, &r2_0)) {
#ifdef QT_NO_DEBUG
aotContext->setInstructionPointer(5);
#endif
aotContext->initLoadScopeObjectPropertyLookup(680, []() { static const auto t = QMetaType::fromName("QQuickItem*"); return t; }());
if (aotContext->engine->hasError()) {
aotContext->setReturnValueUndefined();
if (argv[0]) {
    const QMetaType returnType = []() { static const auto t = QMetaType::fromName("QQuickAnchorLine"); return t; }();
    returnType.destruct(argv[0]);
    returnType.construct(argv[0]);
 }
return;
}
}
{
}
// generate_GetLookup
#ifndef QT_NO_DEBUG
aotContext->setInstructionPointer(10);
#endif
r2_1 = QVariant(aotContext->lookupResultMetaType(681));
while (!aotContext->getObjectLookup(681, r2_0, r2_1.data())) {
#ifdef QT_NO_DEBUG
aotContext->setInstructionPointer(10);
#endif
aotContext->initGetObjectLookup(681, r2_0, r2_1.metaType());
if (aotContext->engine->hasError()) {
aotContext->setReturnValueUndefined();
if (argv[0]) {
    const QMetaType returnType = []() { static const auto t = QMetaType::fromName("QQuickAnchorLine"); return t; }();
    returnType.destruct(argv[0]);
    returnType.construct(argv[0]);
 }
return;
}
r2_1 = QVariant(aotContext->lookupResultMetaType(681));
}
{
}
{
}
// generate_Ret
if (argv[0]) {
    if (!r2_1.isValid())
        aotContext->setReturnValueUndefined();
    const QMetaType returnType = r2_1.metaType();
    returnType.destruct(argv[0]);
    returnType.construct(argv[0], r2_1.data());
}
return;
}
 },{ 98, 0, [](QV4::ExecutableCompilationUnit *unit, QMetaType *argTypes) {
    struct { QV4::ExecutableCompilationUnit *compilationUnit; } c { unit };
    const auto *aotContext = &c;
    Q_UNUSED(aotContext);
    argTypes[0] = []() { static const auto t = QMetaType::fromName("QColor"); return t; }();
}, 
    [](const QQmlPrivate::AOTCompiledContext *aotContext, void **argv) {
Q_UNUSED(aotContext)
Q_UNUSED(argv)
// expression for color at line 172, column 9
QVariant r2_1;
QObject *r2_0;
// generate_LoadQmlContextPropertyLookup
#ifndef QT_NO_DEBUG
aotContext->setInstructionPointer(5);
#endif
while (!aotContext->loadSingletonLookup(682, &r2_0)) {
#ifdef QT_NO_DEBUG
aotContext->setInstructionPointer(5);
#endif
aotContext->initLoadSingletonLookup(682, QQmlPrivate::AOTCompiledContext::InvalidStringId);
if (aotContext->engine->hasError()) {
aotContext->setReturnValueUndefined();
if (argv[0]) {
    const QMetaType returnType = []() { static const auto t = QMetaType::fromName("QColor"); return t; }();
    returnType.destruct(argv[0]);
    returnType.construct(argv[0]);
 }
return;
}
}
{
}
// generate_GetLookup
#ifndef QT_NO_DEBUG
aotContext->setInstructionPointer(10);
#endif
r2_1 = QVariant(aotContext->lookupResultMetaType(683));
while (!aotContext->getObjectLookup(683, r2_0, r2_1.data())) {
#ifdef QT_NO_DEBUG
aotContext->setInstructionPointer(10);
#endif
aotContext->initGetObjectLookup(683, r2_0, r2_1.metaType());
if (aotContext->engine->hasError()) {
aotContext->setReturnValueUndefined();
if (argv[0]) {
    const QMetaType returnType = []() { static const auto t = QMetaType::fromName("QColor"); return t; }();
    returnType.destruct(argv[0]);
    returnType.construct(argv[0]);
 }
return;
}
r2_1 = QVariant(aotContext->lookupResultMetaType(683));
}
{
}
{
}
// generate_Ret
if (argv[0]) {
    if (!r2_1.isValid())
        aotContext->setReturnValueUndefined();
    const QMetaType returnType = r2_1.metaType();
    returnType.destruct(argv[0]);
    returnType.construct(argv[0], r2_1.data());
}
return;
}
 },{ 99, 0, [](QV4::ExecutableCompilationUnit *unit, QMetaType *argTypes) {
    struct { QV4::ExecutableCompilationUnit *compilationUnit; } c { unit };
    const auto *aotContext = &c;
    Q_UNUSED(aotContext);
    argTypes[0] = []() { static const auto t = QMetaType::fromName("QQuickItem*"); return t; }();
}, 
    [](const QQmlPrivate::AOTCompiledContext *aotContext, void **argv) {
Q_UNUSED(aotContext)
Q_UNUSED(argv)
// expression for fill at line 175, column 13
QObject *r2_0;
// generate_LoadQmlContextPropertyLookup
#ifndef QT_NO_DEBUG
aotContext->setInstructionPointer(5);
#endif
while (!aotContext->loadScopeObjectPropertyLookup(684, &r2_0)) {
#ifdef QT_NO_DEBUG
aotContext->setInstructionPointer(5);
#endif
aotContext->initLoadScopeObjectPropertyLookup(684, []() { static const auto t = QMetaType::fromName("QQuickItem*"); return t; }());
if (aotContext->engine->hasError()) {
aotContext->setReturnValueUndefined();
if (argv[0]) {
    *static_cast<QObject * *>(argv[0]) = nullptr;
}
return;
}
}
{
}
{
}
// generate_Ret
if (argv[0]) {
    *static_cast<QObject * *>(argv[0]) = r2_0;
}
return;
}
 },{ 100, 0, [](QV4::ExecutableCompilationUnit *unit, QMetaType *argTypes) {
    struct { QV4::ExecutableCompilationUnit *compilationUnit; } c { unit };
    const auto *aotContext = &c;
    Q_UNUSED(aotContext);
    argTypes[0] = QMetaType::fromType<double>();
}, 
    [](const QQmlPrivate::AOTCompiledContext *aotContext, void **argv) {
Q_UNUSED(aotContext)
Q_UNUSED(argv)
// expression for width at line 179, column 17
double r2_1;
QObject *r2_0;
// generate_LoadQmlContextPropertyLookup
#ifndef QT_NO_DEBUG
aotContext->setInstructionPointer(5);
#endif
while (!aotContext->loadScopeObjectPropertyLookup(685, &r2_0)) {
#ifdef QT_NO_DEBUG
aotContext->setInstructionPointer(5);
#endif
aotContext->initLoadScopeObjectPropertyLookup(685, []() { static const auto t = QMetaType::fromName("QQuickItem*"); return t; }());
if (aotContext->engine->hasError()) {
aotContext->setReturnValueUndefined();
if (argv[0]) {
    *static_cast<double *>(argv[0]) = double();
}
return;
}
}
{
}
// generate_GetLookup
#ifndef QT_NO_DEBUG
aotContext->setInstructionPointer(10);
#endif
while (!aotContext->getObjectLookup(686, r2_0, &r2_1)) {
#ifdef QT_NO_DEBUG
aotContext->setInstructionPointer(10);
#endif
aotContext->initGetObjectLookup(686, r2_0, QMetaType::fromType<double>());
if (aotContext->engine->hasError()) {
aotContext->setReturnValueUndefined();
if (argv[0]) {
    *static_cast<double *>(argv[0]) = double();
}
return;
}
}
{
}
{
}
// generate_Ret
if (argv[0]) {
    *static_cast<double *>(argv[0]) = r2_1;
}
return;
}
 },{ 101, 0, [](QV4::ExecutableCompilationUnit *unit, QMetaType *argTypes) {
    struct { QV4::ExecutableCompilationUnit *compilationUnit; } c { unit };
    const auto *aotContext = &c;
    Q_UNUSED(aotContext);
    argTypes[0] = []() { static const auto t = QMetaType::fromName("QColor"); return t; }();
}, 
    [](const QQmlPrivate::AOTCompiledContext *aotContext, void **argv) {
Q_UNUSED(aotContext)
Q_UNUSED(argv)
// expression for color at line 181, column 17
QObject *r2_0;
QVariant r2_1;
// generate_LoadQmlContextPropertyLookup
#ifndef QT_NO_DEBUG
aotContext->setInstructionPointer(5);
#endif
while (!aotContext->loadSingletonLookup(687, &r2_0)) {
#ifdef QT_NO_DEBUG
aotContext->setInstructionPointer(5);
#endif
aotContext->initLoadSingletonLookup(687, QQmlPrivate::AOTCompiledContext::InvalidStringId);
if (aotContext->engine->hasError()) {
aotContext->setReturnValueUndefined();
if (argv[0]) {
    const QMetaType returnType = []() { static const auto t = QMetaType::fromName("QColor"); return t; }();
    returnType.destruct(argv[0]);
    returnType.construct(argv[0]);
 }
return;
}
}
{
}
// generate_GetLookup
#ifndef QT_NO_DEBUG
aotContext->setInstructionPointer(10);
#endif
r2_1 = QVariant(aotContext->lookupResultMetaType(688));
while (!aotContext->getObjectLookup(688, r2_0, r2_1.data())) {
#ifdef QT_NO_DEBUG
aotContext->setInstructionPointer(10);
#endif
aotContext->initGetObjectLookup(688, r2_0, r2_1.metaType());
if (aotContext->engine->hasError()) {
aotContext->setReturnValueUndefined();
if (argv[0]) {
    const QMetaType returnType = []() { static const auto t = QMetaType::fromName("QColor"); return t; }();
    returnType.destruct(argv[0]);
    returnType.construct(argv[0]);
 }
return;
}
r2_1 = QVariant(aotContext->lookupResultMetaType(688));
}
{
}
{
}
// generate_Ret
if (argv[0]) {
    if (!r2_1.isValid())
        aotContext->setReturnValueUndefined();
    const QMetaType returnType = r2_1.metaType();
    returnType.destruct(argv[0]);
    returnType.construct(argv[0], r2_1.data());
}
return;
}
 },{ 102, 0, [](QV4::ExecutableCompilationUnit *unit, QMetaType *argTypes) {
    struct { QV4::ExecutableCompilationUnit *compilationUnit; } c { unit };
    const auto *aotContext = &c;
    Q_UNUSED(aotContext);
    argTypes[0] = []() { static const auto t = QMetaType::fromName("QColor"); return t; }();
}, 
    [](const QQmlPrivate::AOTCompiledContext *aotContext, void **argv) {
Q_UNUSED(aotContext)
Q_UNUSED(argv)
// expression for color at line 182, column 17
QObject *r2_0;
QVariant r2_1;
// generate_LoadQmlContextPropertyLookup
#ifndef QT_NO_DEBUG
aotContext->setInstructionPointer(5);
#endif
while (!aotContext->loadSingletonLookup(689, &r2_0)) {
#ifdef QT_NO_DEBUG
aotContext->setInstructionPointer(5);
#endif
aotContext->initLoadSingletonLookup(689, QQmlPrivate::AOTCompiledContext::InvalidStringId);
if (aotContext->engine->hasError()) {
aotContext->setReturnValueUndefined();
if (argv[0]) {
    const QMetaType returnType = []() { static const auto t = QMetaType::fromName("QColor"); return t; }();
    returnType.destruct(argv[0]);
    returnType.construct(argv[0]);
 }
return;
}
}
{
}
// generate_GetLookup
#ifndef QT_NO_DEBUG
aotContext->setInstructionPointer(10);
#endif
r2_1 = QVariant(aotContext->lookupResultMetaType(690));
while (!aotContext->getObjectLookup(690, r2_0, r2_1.data())) {
#ifdef QT_NO_DEBUG
aotContext->setInstructionPointer(10);
#endif
aotContext->initGetObjectLookup(690, r2_0, r2_1.metaType());
if (aotContext->engine->hasError()) {
aotContext->setReturnValueUndefined();
if (argv[0]) {
    const QMetaType returnType = []() { static const auto t = QMetaType::fromName("QColor"); return t; }();
    returnType.destruct(argv[0]);
    returnType.construct(argv[0]);
 }
return;
}
r2_1 = QVariant(aotContext->lookupResultMetaType(690));
}
{
}
{
}
// generate_Ret
if (argv[0]) {
    if (!r2_1.isValid())
        aotContext->setReturnValueUndefined();
    const QMetaType returnType = r2_1.metaType();
    returnType.destruct(argv[0]);
    returnType.construct(argv[0], r2_1.data());
}
return;
}
 },{ 103, 0, [](QV4::ExecutableCompilationUnit *unit, QMetaType *argTypes) {
    struct { QV4::ExecutableCompilationUnit *compilationUnit; } c { unit };
    const auto *aotContext = &c;
    Q_UNUSED(aotContext);
    argTypes[0] = QMetaType::fromType<double>();
}, 
    [](const QQmlPrivate::AOTCompiledContext *aotContext, void **argv) {
Q_UNUSED(aotContext)
Q_UNUSED(argv)
// expression for width at line 186, column 21
double r2_1;
double r2_2;
double r11_0;
double r12_0;
QObject *r2_0;
double r10_0;
{
}
{
}
// generate_MoveConst
r10_0 = double(112);
{
}
// generate_LoadQmlContextPropertyLookup
#ifndef QT_NO_DEBUG
aotContext->setInstructionPointer(15);
#endif
while (!aotContext->loadScopeObjectPropertyLookup(692, &r2_0)) {
#ifdef QT_NO_DEBUG
aotContext->setInstructionPointer(15);
#endif
aotContext->initLoadScopeObjectPropertyLookup(692, []() { static const auto t = QMetaType::fromName("QQuickItem*"); return t; }());
if (aotContext->engine->hasError()) {
aotContext->setReturnValueUndefined();
if (argv[0]) {
    *static_cast<double *>(argv[0]) = double();
}
return;
}
}
{
}
// generate_GetLookup
#ifndef QT_NO_DEBUG
aotContext->setInstructionPointer(20);
#endif
while (!aotContext->getObjectLookup(693, r2_0, &r2_1)) {
#ifdef QT_NO_DEBUG
aotContext->setInstructionPointer(20);
#endif
aotContext->initGetObjectLookup(693, r2_0, QMetaType::fromType<double>());
if (aotContext->engine->hasError()) {
aotContext->setReturnValueUndefined();
if (argv[0]) {
    *static_cast<double *>(argv[0]) = double();
}
return;
}
}
{
}
// generate_StoreReg
r12_0 = r2_1;
{
}
// generate_LoadInt
r2_2 = double(12);
{
}
// generate_Sub
r2_2 = (r12_0 - r2_2);
{
}
// generate_StoreReg
r11_0 = r2_2;
{
}
// generate_CallPropertyLookup
{
const double arg1 = r10_0;
const double arg2 = r11_0;
r2_2 = [&]() { 
auto  tmpMax = (qIsNull(arg2) && qIsNull(arg1) && std::copysign(1.0, arg2) == 1) ? arg2 : ((arg2 > arg1 || std::isnan(arg2)) ? arg2 : arg1);
return tmpMax;
}();
}
{
}
{
}
// generate_Ret
if (argv[0]) {
    *static_cast<double *>(argv[0]) = r2_2;
}
return;
}
 },{ 104, 0, [](QV4::ExecutableCompilationUnit *unit, QMetaType *argTypes) {
    struct { QV4::ExecutableCompilationUnit *compilationUnit; } c { unit };
    const auto *aotContext = &c;
    Q_UNUSED(aotContext);
    argTypes[0] = QMetaType::fromType<double>();
}, 
    [](const QQmlPrivate::AOTCompiledContext *aotContext, void **argv) {
Q_UNUSED(aotContext)
Q_UNUSED(argv)
// expression for radius at line 188, column 21
double r2_1;
QObject *r2_0;
// generate_LoadQmlContextPropertyLookup
#ifndef QT_NO_DEBUG
aotContext->setInstructionPointer(5);
#endif
while (!aotContext->loadSingletonLookup(695, &r2_0)) {
#ifdef QT_NO_DEBUG
aotContext->setInstructionPointer(5);
#endif
aotContext->initLoadSingletonLookup(695, QQmlPrivate::AOTCompiledContext::InvalidStringId);
if (aotContext->engine->hasError()) {
aotContext->setReturnValueUndefined();
if (argv[0]) {
    *static_cast<double *>(argv[0]) = double();
}
return;
}
}
{
}
// generate_GetLookup
{
int retrieved;
#ifndef QT_NO_DEBUG
aotContext->setInstructionPointer(10);
#endif
while (!aotContext->getObjectLookup(696, r2_0, &retrieved)) {
#ifdef QT_NO_DEBUG
aotContext->setInstructionPointer(10);
#endif
aotContext->initGetObjectLookup(696, r2_0, QMetaType::fromType<int>());
if (aotContext->engine->hasError()) {
aotContext->setReturnValueUndefined();
if (argv[0]) {
    *static_cast<double *>(argv[0]) = double();
}
return;
}
}
r2_1 = double(std::move(retrieved));
}
{
}
{
}
// generate_Ret
if (argv[0]) {
    *static_cast<double *>(argv[0]) = r2_1;
}
return;
}
 },{ 105, 0, [](QV4::ExecutableCompilationUnit *unit, QMetaType *argTypes) {
    struct { QV4::ExecutableCompilationUnit *compilationUnit; } c { unit };
    const auto *aotContext = &c;
    Q_UNUSED(aotContext);
    argTypes[0] = []() { static const auto t = QMetaType::fromName("QColor"); return t; }();
}, 
    [](const QQmlPrivate::AOTCompiledContext *aotContext, void **argv) {
Q_UNUSED(aotContext)
Q_UNUSED(argv)
// expression for color at line 189, column 21
QObject *r2_0;
QVariant r2_1;
// generate_LoadQmlContextPropertyLookup
#ifndef QT_NO_DEBUG
aotContext->setInstructionPointer(5);
#endif
while (!aotContext->loadSingletonLookup(697, &r2_0)) {
#ifdef QT_NO_DEBUG
aotContext->setInstructionPointer(5);
#endif
aotContext->initLoadSingletonLookup(697, QQmlPrivate::AOTCompiledContext::InvalidStringId);
if (aotContext->engine->hasError()) {
aotContext->setReturnValueUndefined();
if (argv[0]) {
    const QMetaType returnType = []() { static const auto t = QMetaType::fromName("QColor"); return t; }();
    returnType.destruct(argv[0]);
    returnType.construct(argv[0]);
 }
return;
}
}
{
}
// generate_GetLookup
#ifndef QT_NO_DEBUG
aotContext->setInstructionPointer(10);
#endif
r2_1 = QVariant(aotContext->lookupResultMetaType(698));
while (!aotContext->getObjectLookup(698, r2_0, r2_1.data())) {
#ifdef QT_NO_DEBUG
aotContext->setInstructionPointer(10);
#endif
aotContext->initGetObjectLookup(698, r2_0, r2_1.metaType());
if (aotContext->engine->hasError()) {
aotContext->setReturnValueUndefined();
if (argv[0]) {
    const QMetaType returnType = []() { static const auto t = QMetaType::fromName("QColor"); return t; }();
    returnType.destruct(argv[0]);
    returnType.construct(argv[0]);
 }
return;
}
r2_1 = QVariant(aotContext->lookupResultMetaType(698));
}
{
}
{
}
// generate_Ret
if (argv[0]) {
    if (!r2_1.isValid())
        aotContext->setReturnValueUndefined();
    const QMetaType returnType = r2_1.metaType();
    returnType.destruct(argv[0]);
    returnType.construct(argv[0], r2_1.data());
}
return;
}
 },{ 106, 0, [](QV4::ExecutableCompilationUnit *unit, QMetaType *argTypes) {
    struct { QV4::ExecutableCompilationUnit *compilationUnit; } c { unit };
    const auto *aotContext = &c;
    Q_UNUSED(aotContext);
    argTypes[0] = []() { static const auto t = QMetaType::fromName("QQuickItem*"); return t; }();
}, 
    [](const QQmlPrivate::AOTCompiledContext *aotContext, void **argv) {
Q_UNUSED(aotContext)
Q_UNUSED(argv)
// expression for centerIn at line 185, column 21
QObject *r2_0;
// generate_LoadQmlContextPropertyLookup
#ifndef QT_NO_DEBUG
aotContext->setInstructionPointer(5);
#endif
while (!aotContext->loadScopeObjectPropertyLookup(699, &r2_0)) {
#ifdef QT_NO_DEBUG
aotContext->setInstructionPointer(5);
#endif
aotContext->initLoadScopeObjectPropertyLookup(699, []() { static const auto t = QMetaType::fromName("QQuickItem*"); return t; }());
if (aotContext->engine->hasError()) {
aotContext->setReturnValueUndefined();
if (argv[0]) {
    *static_cast<QObject * *>(argv[0]) = nullptr;
}
return;
}
}
{
}
{
}
// generate_Ret
if (argv[0]) {
    *static_cast<QObject * *>(argv[0]) = r2_0;
}
return;
}
 },{ 107, 0, [](QV4::ExecutableCompilationUnit *unit, QMetaType *argTypes) {
    struct { QV4::ExecutableCompilationUnit *compilationUnit; } c { unit };
    const auto *aotContext = &c;
    Q_UNUSED(aotContext);
    argTypes[0] = []() { static const auto t = QMetaType::fromName("QColor"); return t; }();
}, 
    [](const QQmlPrivate::AOTCompiledContext *aotContext, void **argv) {
Q_UNUSED(aotContext)
Q_UNUSED(argv)
// expression for color at line 190, column 21
QObject *r2_0;
QVariant r2_1;
// generate_LoadQmlContextPropertyLookup
#ifndef QT_NO_DEBUG
aotContext->setInstructionPointer(5);
#endif
while (!aotContext->loadSingletonLookup(700, &r2_0)) {
#ifdef QT_NO_DEBUG
aotContext->setInstructionPointer(5);
#endif
aotContext->initLoadSingletonLookup(700, QQmlPrivate::AOTCompiledContext::InvalidStringId);
if (aotContext->engine->hasError()) {
aotContext->setReturnValueUndefined();
if (argv[0]) {
    const QMetaType returnType = []() { static const auto t = QMetaType::fromName("QColor"); return t; }();
    returnType.destruct(argv[0]);
    returnType.construct(argv[0]);
 }
return;
}
}
{
}
// generate_GetLookup
#ifndef QT_NO_DEBUG
aotContext->setInstructionPointer(10);
#endif
r2_1 = QVariant(aotContext->lookupResultMetaType(701));
while (!aotContext->getObjectLookup(701, r2_0, r2_1.data())) {
#ifdef QT_NO_DEBUG
aotContext->setInstructionPointer(10);
#endif
aotContext->initGetObjectLookup(701, r2_0, r2_1.metaType());
if (aotContext->engine->hasError()) {
aotContext->setReturnValueUndefined();
if (argv[0]) {
    const QMetaType returnType = []() { static const auto t = QMetaType::fromName("QColor"); return t; }();
    returnType.destruct(argv[0]);
    returnType.construct(argv[0]);
 }
return;
}
r2_1 = QVariant(aotContext->lookupResultMetaType(701));
}
{
}
{
}
// generate_Ret
if (argv[0]) {
    if (!r2_1.isValid())
        aotContext->setReturnValueUndefined();
    const QMetaType returnType = r2_1.metaType();
    returnType.destruct(argv[0]);
    returnType.construct(argv[0], r2_1.data());
}
return;
}
 },{ 108, 0, [](QV4::ExecutableCompilationUnit *unit, QMetaType *argTypes) {
    struct { QV4::ExecutableCompilationUnit *compilationUnit; } c { unit };
    const auto *aotContext = &c;
    Q_UNUSED(aotContext);
    argTypes[0] = QMetaType::fromType<int>();
}, 
    [](const QQmlPrivate::AOTCompiledContext *aotContext, void **argv) {
Q_UNUSED(aotContext)
Q_UNUSED(argv)
// expression for segmentCount at line 196, column 25
bool r2_1;
int r2_2;
QObject *r2_0;
// generate_LoadQmlContextPropertyLookup
#ifndef QT_NO_DEBUG
aotContext->setInstructionPointer(5);
#endif
while (!aotContext->loadContextIdLookup(702, &r2_0)) {
#ifdef QT_NO_DEBUG
aotContext->setInstructionPointer(5);
#endif
aotContext->initLoadContextIdLookup(702);
if (aotContext->engine->hasError()) {
aotContext->setReturnValueUndefined();
if (argv[0]) {
    *static_cast<int *>(argv[0]) = int();
}
return;
}
}
{
}
// generate_GetLookup
#ifndef QT_NO_DEBUG
aotContext->setInstructionPointer(10);
#endif
while (!aotContext->getObjectLookup(703, r2_0, &r2_1)) {
#ifdef QT_NO_DEBUG
aotContext->setInstructionPointer(10);
#endif
aotContext->initGetObjectLookup(703, r2_0, QMetaType::fromType<bool>());
if (aotContext->engine->hasError()) {
aotContext->setReturnValueUndefined();
if (argv[0]) {
    *static_cast<int *>(argv[0]) = int();
}
return;
}
}
{
}
// generate_JumpFalse
if (!r2_1) {
    goto label_0;
}
{
}
// generate_LoadInt
r2_2 = 3;
{
}
// generate_Jump
{
    goto label_1;
}
label_0:;
// generate_LoadInt
r2_2 = 2;
{
}
label_1:;
{
}
// generate_Ret
if (argv[0]) {
    *static_cast<int *>(argv[0]) = r2_2;
}
return;
}
 },{ 109, 0, [](QV4::ExecutableCompilationUnit *unit, QMetaType *argTypes) {
    struct { QV4::ExecutableCompilationUnit *compilationUnit; } c { unit };
    const auto *aotContext = &c;
    Q_UNUSED(aotContext);
    argTypes[0] = QMetaType::fromType<double>();
}, 
    [](const QQmlPrivate::AOTCompiledContext *aotContext, void **argv) {
Q_UNUSED(aotContext)
Q_UNUSED(argv)
// expression for segmentWidth at line 197, column 25
double r13_0;
double r11_0;
double r2_3;
double r12_0;
double r2_1;
double r2_2;
double r2_4;
double r2_0;
double r10_0;
{
}
{
}
// generate_LoadQmlContextPropertyLookup
#ifndef QT_NO_DEBUG
aotContext->setInstructionPointer(12);
#endif
while (!aotContext->loadScopeObjectPropertyLookup(705, &r2_0)) {
#ifdef QT_NO_DEBUG
aotContext->setInstructionPointer(12);
#endif
aotContext->initLoadScopeObjectPropertyLookup(705, QMetaType::fromType<double>());
if (aotContext->engine->hasError()) {
aotContext->setReturnValueUndefined();
if (argv[0]) {
    *static_cast<double *>(argv[0]) = double();
}
return;
}
}
{
}
// generate_StoreReg
r11_0 = r2_0;
{
}
// generate_LoadQmlContextPropertyLookup
#ifndef QT_NO_DEBUG
aotContext->setInstructionPointer(19);
#endif
while (!aotContext->loadScopeObjectPropertyLookup(706, &r2_1)) {
#ifdef QT_NO_DEBUG
aotContext->setInstructionPointer(19);
#endif
aotContext->initLoadScopeObjectPropertyLookup(706, QMetaType::fromType<double>());
if (aotContext->engine->hasError()) {
aotContext->setReturnValueUndefined();
if (argv[0]) {
    *static_cast<double *>(argv[0]) = double();
}
return;
}
}
{
}
// generate_StoreReg
r12_0 = r2_1;
{
}
// generate_LoadQmlContextPropertyLookup
{
int retrieved;
#ifndef QT_NO_DEBUG
aotContext->setInstructionPointer(26);
#endif
while (!aotContext->loadScopeObjectPropertyLookup(707, &retrieved)) {
#ifdef QT_NO_DEBUG
aotContext->setInstructionPointer(26);
#endif
aotContext->initLoadScopeObjectPropertyLookup(707, QMetaType::fromType<int>());
if (aotContext->engine->hasError()) {
aotContext->setReturnValueUndefined();
if (argv[0]) {
    *static_cast<double *>(argv[0]) = double();
}
return;
}
}
r2_2 = double(std::move(retrieved));
}
{
}
// generate_Decrement
{
auto converted = r2_2;
r2_3 = (--converted);
}
{
}
// generate_Mul
r2_3 = (r12_0 * r2_3);
{
}
// generate_Sub
r2_3 = (r11_0 - r2_3);
{
}
// generate_StoreReg
r13_0 = r2_3;
{
}
// generate_LoadQmlContextPropertyLookup
{
int retrieved;
#ifndef QT_NO_DEBUG
aotContext->setInstructionPointer(38);
#endif
while (!aotContext->loadScopeObjectPropertyLookup(708, &retrieved)) {
#ifdef QT_NO_DEBUG
aotContext->setInstructionPointer(38);
#endif
aotContext->initLoadScopeObjectPropertyLookup(708, QMetaType::fromType<int>());
if (aotContext->engine->hasError()) {
aotContext->setReturnValueUndefined();
if (argv[0]) {
    *static_cast<double *>(argv[0]) = double();
}
return;
}
}
r2_4 = double(std::move(retrieved));
}
{
}
// generate_Div
r2_3 = (r13_0 / r2_4);
{
}
// generate_StoreReg
r10_0 = r2_3;
{
}
// generate_CallPropertyLookup
{
const double arg1 = r10_0;
r2_3 = std::floor(arg1);
}
{
}
{
}
// generate_Ret
if (argv[0]) {
    *static_cast<double *>(argv[0]) = r2_3;
}
return;
}
 },{ 110, 0, [](QV4::ExecutableCompilationUnit *unit, QMetaType *argTypes) {
    struct { QV4::ExecutableCompilationUnit *compilationUnit; } c { unit };
    const auto *aotContext = &c;
    Q_UNUSED(aotContext);
    argTypes[0] = []() { static const auto t = QMetaType::fromName("QQuickItem*"); return t; }();
}, 
    [](const QQmlPrivate::AOTCompiledContext *aotContext, void **argv) {
Q_UNUSED(aotContext)
Q_UNUSED(argv)
// expression for fill at line 193, column 25
QObject *r2_0;
// generate_LoadQmlContextPropertyLookup
#ifndef QT_NO_DEBUG
aotContext->setInstructionPointer(5);
#endif
while (!aotContext->loadScopeObjectPropertyLookup(710, &r2_0)) {
#ifdef QT_NO_DEBUG
aotContext->setInstructionPointer(5);
#endif
aotContext->initLoadScopeObjectPropertyLookup(710, []() { static const auto t = QMetaType::fromName("QQuickItem*"); return t; }());
if (aotContext->engine->hasError()) {
aotContext->setReturnValueUndefined();
if (argv[0]) {
    *static_cast<QObject * *>(argv[0]) = nullptr;
}
return;
}
}
{
}
{
}
// generate_Ret
if (argv[0]) {
    *static_cast<QObject * *>(argv[0]) = r2_0;
}
return;
}
 },{ 112, 0, [](QV4::ExecutableCompilationUnit *unit, QMetaType *argTypes) {
    struct { QV4::ExecutableCompilationUnit *compilationUnit; } c { unit };
    const auto *aotContext = &c;
    Q_UNUSED(aotContext);
    argTypes[0] = QMetaType::fromType<double>();
}, 
    [](const QQmlPrivate::AOTCompiledContext *aotContext, void **argv) {
Q_UNUSED(aotContext)
Q_UNUSED(argv)
// expression for height at line 202, column 29
double r2_1;
QObject *r2_0;
// generate_LoadQmlContextPropertyLookup
#ifndef QT_NO_DEBUG
aotContext->setInstructionPointer(5);
#endif
while (!aotContext->loadScopeObjectPropertyLookup(713, &r2_0)) {
#ifdef QT_NO_DEBUG
aotContext->setInstructionPointer(5);
#endif
aotContext->initLoadScopeObjectPropertyLookup(713, []() { static const auto t = QMetaType::fromName("QQuickItem*"); return t; }());
if (aotContext->engine->hasError()) {
aotContext->setReturnValueUndefined();
if (argv[0]) {
    *static_cast<double *>(argv[0]) = double();
}
return;
}
}
{
}
// generate_GetLookup
#ifndef QT_NO_DEBUG
aotContext->setInstructionPointer(10);
#endif
while (!aotContext->getObjectLookup(714, r2_0, &r2_1)) {
#ifdef QT_NO_DEBUG
aotContext->setInstructionPointer(10);
#endif
aotContext->initGetObjectLookup(714, r2_0, QMetaType::fromType<double>());
if (aotContext->engine->hasError()) {
aotContext->setReturnValueUndefined();
if (argv[0]) {
    *static_cast<double *>(argv[0]) = double();
}
return;
}
}
{
}
{
}
// generate_Ret
if (argv[0]) {
    *static_cast<double *>(argv[0]) = r2_1;
}
return;
}
 },{ 113, 0, [](QV4::ExecutableCompilationUnit *unit, QMetaType *argTypes) {
    struct { QV4::ExecutableCompilationUnit *compilationUnit; } c { unit };
    const auto *aotContext = &c;
    Q_UNUSED(aotContext);
    argTypes[0] = QMetaType::fromType<double>();
}, 
    [](const QQmlPrivate::AOTCompiledContext *aotContext, void **argv) {
Q_UNUSED(aotContext)
Q_UNUSED(argv)
// expression for radius at line 203, column 29
QObject *r2_0;
double r2_1;
// generate_LoadQmlContextPropertyLookup
#ifndef QT_NO_DEBUG
aotContext->setInstructionPointer(5);
#endif
while (!aotContext->loadSingletonLookup(715, &r2_0)) {
#ifdef QT_NO_DEBUG
aotContext->setInstructionPointer(5);
#endif
aotContext->initLoadSingletonLookup(715, QQmlPrivate::AOTCompiledContext::InvalidStringId);
if (aotContext->engine->hasError()) {
aotContext->setReturnValueUndefined();
if (argv[0]) {
    *static_cast<double *>(argv[0]) = double();
}
return;
}
}
{
}
// generate_GetLookup
{
int retrieved;
#ifndef QT_NO_DEBUG
aotContext->setInstructionPointer(10);
#endif
while (!aotContext->getObjectLookup(716, r2_0, &retrieved)) {
#ifdef QT_NO_DEBUG
aotContext->setInstructionPointer(10);
#endif
aotContext->initGetObjectLookup(716, r2_0, QMetaType::fromType<int>());
if (aotContext->engine->hasError()) {
aotContext->setReturnValueUndefined();
if (argv[0]) {
    *static_cast<double *>(argv[0]) = double();
}
return;
}
}
r2_1 = double(std::move(retrieved));
}
{
}
{
}
// generate_Ret
if (argv[0]) {
    *static_cast<double *>(argv[0]) = r2_1;
}
return;
}
 },{ 114, 0, [](QV4::ExecutableCompilationUnit *unit, QMetaType *argTypes) {
    struct { QV4::ExecutableCompilationUnit *compilationUnit; } c { unit };
    const auto *aotContext = &c;
    Q_UNUSED(aotContext);
    argTypes[0] = []() { static const auto t = QMetaType::fromName("QColor"); return t; }();
}, 
    [](const QQmlPrivate::AOTCompiledContext *aotContext, void **argv) {
Q_UNUSED(aotContext)
Q_UNUSED(argv)
// expression for color at line 204, column 29
QObject *r2_4;
QVariant r2_6;
QVariant r2_7;
QObject *r2_0;
QString r2_2;
bool r2_3;
QString r7_0;
QString r2_1;
QVariant r2_5;
// generate_LoadQmlContextPropertyLookup
#ifndef QT_NO_DEBUG
aotContext->setInstructionPointer(5);
#endif
while (!aotContext->loadContextIdLookup(717, &r2_0)) {
#ifdef QT_NO_DEBUG
aotContext->setInstructionPointer(5);
#endif
aotContext->initLoadContextIdLookup(717);
if (aotContext->engine->hasError()) {
aotContext->setReturnValueUndefined();
if (argv[0]) {
    const QMetaType returnType = []() { static const auto t = QMetaType::fromName("QColor"); return t; }();
    returnType.destruct(argv[0]);
    returnType.construct(argv[0]);
 }
return;
}
}
{
}
// generate_GetLookup
#ifndef QT_NO_DEBUG
aotContext->setInstructionPointer(10);
#endif
while (!aotContext->getObjectLookup(718, r2_0, &r2_1)) {
#ifdef QT_NO_DEBUG
aotContext->setInstructionPointer(10);
#endif
aotContext->initGetObjectLookup(718, r2_0, QMetaType::fromType<QString>());
if (aotContext->engine->hasError()) {
aotContext->setReturnValueUndefined();
if (argv[0]) {
    const QMetaType returnType = []() { static const auto t = QMetaType::fromName("QColor"); return t; }();
    returnType.destruct(argv[0]);
    returnType.construct(argv[0]);
 }
return;
}
}
{
}
// generate_StoreReg
r7_0 = std::move(r2_1);
{
}
// generate_LoadRuntimeString
r2_2 = QStringLiteral("thumbnails");
{
}
// generate_CmpStrictEqual
r2_3 = r7_0 == r2_2;
{
}
// generate_JumpFalse
if (!r2_3) {
    goto label_0;
}
{
}
// generate_LoadQmlContextPropertyLookup
#ifndef QT_NO_DEBUG
aotContext->setInstructionPointer(23);
#endif
while (!aotContext->loadSingletonLookup(719, &r2_4)) {
#ifdef QT_NO_DEBUG
aotContext->setInstructionPointer(23);
#endif
aotContext->initLoadSingletonLookup(719, QQmlPrivate::AOTCompiledContext::InvalidStringId);
if (aotContext->engine->hasError()) {
aotContext->setReturnValueUndefined();
if (argv[0]) {
    const QMetaType returnType = []() { static const auto t = QMetaType::fromName("QColor"); return t; }();
    returnType.destruct(argv[0]);
    returnType.construct(argv[0]);
 }
return;
}
}
{
}
// generate_GetLookup
#ifndef QT_NO_DEBUG
aotContext->setInstructionPointer(28);
#endif
r2_5 = QVariant(aotContext->lookupResultMetaType(720));
while (!aotContext->getObjectLookup(720, r2_4, r2_5.data())) {
#ifdef QT_NO_DEBUG
aotContext->setInstructionPointer(28);
#endif
aotContext->initGetObjectLookup(720, r2_4, r2_5.metaType());
if (aotContext->engine->hasError()) {
aotContext->setReturnValueUndefined();
if (argv[0]) {
    const QMetaType returnType = []() { static const auto t = QMetaType::fromName("QColor"); return t; }();
    returnType.destruct(argv[0]);
    returnType.construct(argv[0]);
 }
return;
}
r2_5 = QVariant(aotContext->lookupResultMetaType(720));
}
{
}
// generate_Jump
{
r2_7 = r2_5;
    goto label_1;
}
label_0:;
// generate_LoadQmlContextPropertyLookup
#ifndef QT_NO_DEBUG
aotContext->setInstructionPointer(35);
#endif
while (!aotContext->loadSingletonLookup(721, &r2_4)) {
#ifdef QT_NO_DEBUG
aotContext->setInstructionPointer(35);
#endif
aotContext->initLoadSingletonLookup(721, QQmlPrivate::AOTCompiledContext::InvalidStringId);
if (aotContext->engine->hasError()) {
aotContext->setReturnValueUndefined();
if (argv[0]) {
    const QMetaType returnType = []() { static const auto t = QMetaType::fromName("QColor"); return t; }();
    returnType.destruct(argv[0]);
    returnType.construct(argv[0]);
 }
return;
}
}
{
}
// generate_GetLookup
#ifndef QT_NO_DEBUG
aotContext->setInstructionPointer(40);
#endif
r2_6 = QVariant(aotContext->lookupResultMetaType(722));
while (!aotContext->getObjectLookup(722, r2_4, r2_6.data())) {
#ifdef QT_NO_DEBUG
aotContext->setInstructionPointer(40);
#endif
aotContext->initGetObjectLookup(722, r2_4, r2_6.metaType());
if (aotContext->engine->hasError()) {
aotContext->setReturnValueUndefined();
if (argv[0]) {
    const QMetaType returnType = []() { static const auto t = QMetaType::fromName("QColor"); return t; }();
    returnType.destruct(argv[0]);
    returnType.construct(argv[0]);
 }
return;
}
r2_6 = QVariant(aotContext->lookupResultMetaType(722));
}
{
r2_7 = std::move(r2_6);
}
label_1:;
{
}
// generate_Ret
if (argv[0]) {
    if (!r2_7.isValid())
        aotContext->setReturnValueUndefined();
    const QMetaType returnType = r2_7.metaType();
    returnType.destruct(argv[0]);
    returnType.construct(argv[0], r2_7.data());
}
return;
}
 },{ 116, 0, [](QV4::ExecutableCompilationUnit *unit, QMetaType *argTypes) {
    struct { QV4::ExecutableCompilationUnit *compilationUnit; } c { unit };
    const auto *aotContext = &c;
    Q_UNUSED(aotContext);
    argTypes[0] = QMetaType::fromType<double>();
}, 
    [](const QQmlPrivate::AOTCompiledContext *aotContext, void **argv) {
Q_UNUSED(aotContext)
Q_UNUSED(argv)
// expression for width at line 206, column 29
QObject *r2_0;
QString r7_0;
QString r2_1;
double r2_4;
QString r2_2;
bool r2_3;
// generate_LoadQmlContextPropertyLookup
#ifndef QT_NO_DEBUG
aotContext->setInstructionPointer(5);
#endif
while (!aotContext->loadContextIdLookup(731, &r2_0)) {
#ifdef QT_NO_DEBUG
aotContext->setInstructionPointer(5);
#endif
aotContext->initLoadContextIdLookup(731);
if (aotContext->engine->hasError()) {
aotContext->setReturnValueUndefined();
if (argv[0]) {
    *static_cast<double *>(argv[0]) = double();
}
return;
}
}
{
}
// generate_GetLookup
#ifndef QT_NO_DEBUG
aotContext->setInstructionPointer(10);
#endif
while (!aotContext->getObjectLookup(732, r2_0, &r2_1)) {
#ifdef QT_NO_DEBUG
aotContext->setInstructionPointer(10);
#endif
aotContext->initGetObjectLookup(732, r2_0, QMetaType::fromType<QString>());
if (aotContext->engine->hasError()) {
aotContext->setReturnValueUndefined();
if (argv[0]) {
    *static_cast<double *>(argv[0]) = double();
}
return;
}
}
{
}
// generate_StoreReg
r7_0 = std::move(r2_1);
{
}
// generate_LoadRuntimeString
r2_2 = QStringLiteral("thumbnails");
{
}
// generate_CmpStrictEqual
r2_3 = r7_0 == r2_2;
{
}
// generate_JumpFalse
if (!r2_3) {
    goto label_0;
}
{
}
// generate_LoadInt
r2_4 = double(2);
{
}
// generate_Jump
{
    goto label_1;
}
label_0:;
// generate_LoadInt
r2_4 = double(1);
{
}
label_1:;
{
}
// generate_Ret
if (argv[0]) {
    *static_cast<double *>(argv[0]) = r2_4;
}
return;
}
 },{ 117, 0, [](QV4::ExecutableCompilationUnit *unit, QMetaType *argTypes) {
    struct { QV4::ExecutableCompilationUnit *compilationUnit; } c { unit };
    const auto *aotContext = &c;
    Q_UNUSED(aotContext);
    argTypes[0] = []() { static const auto t = QMetaType::fromName("QColor"); return t; }();
}, 
    [](const QQmlPrivate::AOTCompiledContext *aotContext, void **argv) {
Q_UNUSED(aotContext)
Q_UNUSED(argv)
// expression for color at line 211, column 33
QVariant r2_6;
QObject *r2_4;
QVariant r2_7;
QObject *r2_0;
QString r2_2;
bool r2_3;
QString r2_1;
QString r7_0;
QVariant r2_5;
// generate_LoadQmlContextPropertyLookup
#ifndef QT_NO_DEBUG
aotContext->setInstructionPointer(5);
#endif
while (!aotContext->loadContextIdLookup(733, &r2_0)) {
#ifdef QT_NO_DEBUG
aotContext->setInstructionPointer(5);
#endif
aotContext->initLoadContextIdLookup(733);
if (aotContext->engine->hasError()) {
aotContext->setReturnValueUndefined();
if (argv[0]) {
    const QMetaType returnType = []() { static const auto t = QMetaType::fromName("QColor"); return t; }();
    returnType.destruct(argv[0]);
    returnType.construct(argv[0]);
 }
return;
}
}
{
}
// generate_GetLookup
#ifndef QT_NO_DEBUG
aotContext->setInstructionPointer(10);
#endif
while (!aotContext->getObjectLookup(734, r2_0, &r2_1)) {
#ifdef QT_NO_DEBUG
aotContext->setInstructionPointer(10);
#endif
aotContext->initGetObjectLookup(734, r2_0, QMetaType::fromType<QString>());
if (aotContext->engine->hasError()) {
aotContext->setReturnValueUndefined();
if (argv[0]) {
    const QMetaType returnType = []() { static const auto t = QMetaType::fromName("QColor"); return t; }();
    returnType.destruct(argv[0]);
    returnType.construct(argv[0]);
 }
return;
}
}
{
}
// generate_StoreReg
r7_0 = std::move(r2_1);
{
}
// generate_LoadRuntimeString
r2_2 = QStringLiteral("thumbnails");
{
}
// generate_CmpStrictEqual
r2_3 = r7_0 == r2_2;
{
}
// generate_JumpFalse
if (!r2_3) {
    goto label_0;
}
{
}
// generate_LoadQmlContextPropertyLookup
#ifndef QT_NO_DEBUG
aotContext->setInstructionPointer(23);
#endif
while (!aotContext->loadSingletonLookup(735, &r2_4)) {
#ifdef QT_NO_DEBUG
aotContext->setInstructionPointer(23);
#endif
aotContext->initLoadSingletonLookup(735, QQmlPrivate::AOTCompiledContext::InvalidStringId);
if (aotContext->engine->hasError()) {
aotContext->setReturnValueUndefined();
if (argv[0]) {
    const QMetaType returnType = []() { static const auto t = QMetaType::fromName("QColor"); return t; }();
    returnType.destruct(argv[0]);
    returnType.construct(argv[0]);
 }
return;
}
}
{
}
// generate_GetLookup
#ifndef QT_NO_DEBUG
aotContext->setInstructionPointer(28);
#endif
r2_5 = QVariant(aotContext->lookupResultMetaType(736));
while (!aotContext->getObjectLookup(736, r2_4, r2_5.data())) {
#ifdef QT_NO_DEBUG
aotContext->setInstructionPointer(28);
#endif
aotContext->initGetObjectLookup(736, r2_4, r2_5.metaType());
if (aotContext->engine->hasError()) {
aotContext->setReturnValueUndefined();
if (argv[0]) {
    const QMetaType returnType = []() { static const auto t = QMetaType::fromName("QColor"); return t; }();
    returnType.destruct(argv[0]);
    returnType.construct(argv[0]);
 }
return;
}
r2_5 = QVariant(aotContext->lookupResultMetaType(736));
}
{
}
// generate_Jump
{
r2_7 = r2_5;
    goto label_1;
}
label_0:;
// generate_LoadQmlContextPropertyLookup
#ifndef QT_NO_DEBUG
aotContext->setInstructionPointer(35);
#endif
while (!aotContext->loadSingletonLookup(737, &r2_4)) {
#ifdef QT_NO_DEBUG
aotContext->setInstructionPointer(35);
#endif
aotContext->initLoadSingletonLookup(737, QQmlPrivate::AOTCompiledContext::InvalidStringId);
if (aotContext->engine->hasError()) {
aotContext->setReturnValueUndefined();
if (argv[0]) {
    const QMetaType returnType = []() { static const auto t = QMetaType::fromName("QColor"); return t; }();
    returnType.destruct(argv[0]);
    returnType.construct(argv[0]);
 }
return;
}
}
{
}
// generate_GetLookup
#ifndef QT_NO_DEBUG
aotContext->setInstructionPointer(40);
#endif
r2_6 = QVariant(aotContext->lookupResultMetaType(738));
while (!aotContext->getObjectLookup(738, r2_4, r2_6.data())) {
#ifdef QT_NO_DEBUG
aotContext->setInstructionPointer(40);
#endif
aotContext->initGetObjectLookup(738, r2_4, r2_6.metaType());
if (aotContext->engine->hasError()) {
aotContext->setReturnValueUndefined();
if (argv[0]) {
    const QMetaType returnType = []() { static const auto t = QMetaType::fromName("QColor"); return t; }();
    returnType.destruct(argv[0]);
    returnType.construct(argv[0]);
 }
return;
}
r2_6 = QVariant(aotContext->lookupResultMetaType(738));
}
{
r2_7 = std::move(r2_6);
}
label_1:;
{
}
// generate_Ret
if (argv[0]) {
    if (!r2_7.isValid())
        aotContext->setReturnValueUndefined();
    const QMetaType returnType = r2_7.metaType();
    returnType.destruct(argv[0]);
    returnType.construct(argv[0], r2_7.data());
}
return;
}
 },{ 118, 0, [](QV4::ExecutableCompilationUnit *unit, QMetaType *argTypes) {
    struct { QV4::ExecutableCompilationUnit *compilationUnit; } c { unit };
    const auto *aotContext = &c;
    Q_UNUSED(aotContext);
    argTypes[0] = []() { static const auto t = QMetaType::fromName("QQuickItem*"); return t; }();
}, 
    [](const QQmlPrivate::AOTCompiledContext *aotContext, void **argv) {
Q_UNUSED(aotContext)
Q_UNUSED(argv)
// expression for centerIn at line 209, column 33
QObject *r2_0;
// generate_LoadQmlContextPropertyLookup
#ifndef QT_NO_DEBUG
aotContext->setInstructionPointer(5);
#endif
while (!aotContext->loadScopeObjectPropertyLookup(739, &r2_0)) {
#ifdef QT_NO_DEBUG
aotContext->setInstructionPointer(5);
#endif
aotContext->initLoadScopeObjectPropertyLookup(739, []() { static const auto t = QMetaType::fromName("QQuickItem*"); return t; }());
if (aotContext->engine->hasError()) {
aotContext->setReturnValueUndefined();
if (argv[0]) {
    *static_cast<QObject * *>(argv[0]) = nullptr;
}
return;
}
}
{
}
{
}
// generate_Ret
if (argv[0]) {
    *static_cast<QObject * *>(argv[0]) = r2_0;
}
return;
}
 },{ 119, 0, [](QV4::ExecutableCompilationUnit *unit, QMetaType *argTypes) {
    struct { QV4::ExecutableCompilationUnit *compilationUnit; } c { unit };
    const auto *aotContext = &c;
    Q_UNUSED(aotContext);
    argTypes[0] = QMetaType::fromType<int>();
}, 
    [](const QQmlPrivate::AOTCompiledContext *aotContext, void **argv) {
Q_UNUSED(aotContext)
Q_UNUSED(argv)
// expression for weight at line 213, column 33
QObject *r2_0;
QString r7_0;
int r2_4;
QString r2_2;
QString r2_1;
bool r2_3;
// generate_LoadQmlContextPropertyLookup
#ifndef QT_NO_DEBUG
aotContext->setInstructionPointer(5);
#endif
while (!aotContext->loadContextIdLookup(740, &r2_0)) {
#ifdef QT_NO_DEBUG
aotContext->setInstructionPointer(5);
#endif
aotContext->initLoadContextIdLookup(740);
if (aotContext->engine->hasError()) {
aotContext->setReturnValueUndefined();
if (argv[0]) {
    *static_cast<int *>(argv[0]) = int();
}
return;
}
}
{
}
// generate_GetLookup
#ifndef QT_NO_DEBUG
aotContext->setInstructionPointer(10);
#endif
while (!aotContext->getObjectLookup(741, r2_0, &r2_1)) {
#ifdef QT_NO_DEBUG
aotContext->setInstructionPointer(10);
#endif
aotContext->initGetObjectLookup(741, r2_0, QMetaType::fromType<QString>());
if (aotContext->engine->hasError()) {
aotContext->setReturnValueUndefined();
if (argv[0]) {
    *static_cast<int *>(argv[0]) = int();
}
return;
}
}
{
}
// generate_StoreReg
r7_0 = std::move(r2_1);
{
}
// generate_LoadRuntimeString
r2_2 = QStringLiteral("thumbnails");
{
}
// generate_CmpStrictEqual
r2_3 = r7_0 == r2_2;
{
}
// generate_JumpFalse
if (!r2_3) {
    goto label_0;
}
{
}
{
}
// generate_GetLookup
#ifndef QT_NO_DEBUG
aotContext->setInstructionPointer(28);
#endif
while (!aotContext->getEnumLookup(743, &r2_4)) {
#ifdef QT_NO_DEBUG
aotContext->setInstructionPointer(28);
#endif
aotContext->initGetEnumLookup(743, []() { static const auto t = QMetaType::fromName("QQuickFontEnums"); return t; }().metaObject(), "FontWeight", "DemiBold");
if (aotContext->engine->hasError()) {
aotContext->setReturnValueUndefined();
if (argv[0]) {
    *static_cast<int *>(argv[0]) = int();
}
return;
}
}
{
}
// generate_Jump
{
    goto label_1;
}
label_0:;
{
}
// generate_GetLookup
#ifndef QT_NO_DEBUG
aotContext->setInstructionPointer(40);
#endif
while (!aotContext->getEnumLookup(745, &r2_4)) {
#ifdef QT_NO_DEBUG
aotContext->setInstructionPointer(40);
#endif
aotContext->initGetEnumLookup(745, []() { static const auto t = QMetaType::fromName("QQuickFontEnums"); return t; }().metaObject(), "FontWeight", "Medium");
if (aotContext->engine->hasError()) {
aotContext->setReturnValueUndefined();
if (argv[0]) {
    *static_cast<int *>(argv[0]) = int();
}
return;
}
}
{
}
label_1:;
{
}
// generate_Ret
if (argv[0]) {
    *static_cast<int *>(argv[0]) = r2_4;
}
return;
}
 },{ 121, 0, [](QV4::ExecutableCompilationUnit *unit, QMetaType *argTypes) {
    struct { QV4::ExecutableCompilationUnit *compilationUnit; } c { unit };
    const auto *aotContext = &c;
    Q_UNUSED(aotContext);
    argTypes[0] = []() { static const auto t = QMetaType::fromName("QQuickItem*"); return t; }();
}, 
    [](const QQmlPrivate::AOTCompiledContext *aotContext, void **argv) {
Q_UNUSED(aotContext)
Q_UNUSED(argv)
// expression for fill at line 217, column 33
QObject *r2_0;
// generate_LoadQmlContextPropertyLookup
#ifndef QT_NO_DEBUG
aotContext->setInstructionPointer(5);
#endif
while (!aotContext->loadScopeObjectPropertyLookup(752, &r2_0)) {
#ifdef QT_NO_DEBUG
aotContext->setInstructionPointer(5);
#endif
aotContext->initLoadScopeObjectPropertyLookup(752, []() { static const auto t = QMetaType::fromName("QQuickItem*"); return t; }());
if (aotContext->engine->hasError()) {
aotContext->setReturnValueUndefined();
if (argv[0]) {
    *static_cast<QObject * *>(argv[0]) = nullptr;
}
return;
}
}
{
}
{
}
// generate_Ret
if (argv[0]) {
    *static_cast<QObject * *>(argv[0]) = r2_0;
}
return;
}
 },{ 123, 0, [](QV4::ExecutableCompilationUnit *unit, QMetaType *argTypes) {
    struct { QV4::ExecutableCompilationUnit *compilationUnit; } c { unit };
    const auto *aotContext = &c;
    Q_UNUSED(aotContext);
    argTypes[0] = QMetaType::fromType<double>();
}, 
    [](const QQmlPrivate::AOTCompiledContext *aotContext, void **argv) {
Q_UNUSED(aotContext)
Q_UNUSED(argv)
// expression for height at line 229, column 29
double r2_1;
QObject *r2_0;
// generate_LoadQmlContextPropertyLookup
#ifndef QT_NO_DEBUG
aotContext->setInstructionPointer(5);
#endif
while (!aotContext->loadScopeObjectPropertyLookup(755, &r2_0)) {
#ifdef QT_NO_DEBUG
aotContext->setInstructionPointer(5);
#endif
aotContext->initLoadScopeObjectPropertyLookup(755, []() { static const auto t = QMetaType::fromName("QQuickItem*"); return t; }());
if (aotContext->engine->hasError()) {
aotContext->setReturnValueUndefined();
if (argv[0]) {
    *static_cast<double *>(argv[0]) = double();
}
return;
}
}
{
}
// generate_GetLookup
#ifndef QT_NO_DEBUG
aotContext->setInstructionPointer(10);
#endif
while (!aotContext->getObjectLookup(756, r2_0, &r2_1)) {
#ifdef QT_NO_DEBUG
aotContext->setInstructionPointer(10);
#endif
aotContext->initGetObjectLookup(756, r2_0, QMetaType::fromType<double>());
if (aotContext->engine->hasError()) {
aotContext->setReturnValueUndefined();
if (argv[0]) {
    *static_cast<double *>(argv[0]) = double();
}
return;
}
}
{
}
{
}
// generate_Ret
if (argv[0]) {
    *static_cast<double *>(argv[0]) = r2_1;
}
return;
}
 },{ 124, 0, [](QV4::ExecutableCompilationUnit *unit, QMetaType *argTypes) {
    struct { QV4::ExecutableCompilationUnit *compilationUnit; } c { unit };
    const auto *aotContext = &c;
    Q_UNUSED(aotContext);
    argTypes[0] = QMetaType::fromType<double>();
}, 
    [](const QQmlPrivate::AOTCompiledContext *aotContext, void **argv) {
Q_UNUSED(aotContext)
Q_UNUSED(argv)
// expression for radius at line 230, column 29
QObject *r2_0;
double r2_1;
// generate_LoadQmlContextPropertyLookup
#ifndef QT_NO_DEBUG
aotContext->setInstructionPointer(5);
#endif
while (!aotContext->loadSingletonLookup(757, &r2_0)) {
#ifdef QT_NO_DEBUG
aotContext->setInstructionPointer(5);
#endif
aotContext->initLoadSingletonLookup(757, QQmlPrivate::AOTCompiledContext::InvalidStringId);
if (aotContext->engine->hasError()) {
aotContext->setReturnValueUndefined();
if (argv[0]) {
    *static_cast<double *>(argv[0]) = double();
}
return;
}
}
{
}
// generate_GetLookup
{
int retrieved;
#ifndef QT_NO_DEBUG
aotContext->setInstructionPointer(10);
#endif
while (!aotContext->getObjectLookup(758, r2_0, &retrieved)) {
#ifdef QT_NO_DEBUG
aotContext->setInstructionPointer(10);
#endif
aotContext->initGetObjectLookup(758, r2_0, QMetaType::fromType<int>());
if (aotContext->engine->hasError()) {
aotContext->setReturnValueUndefined();
if (argv[0]) {
    *static_cast<double *>(argv[0]) = double();
}
return;
}
}
r2_1 = double(std::move(retrieved));
}
{
}
{
}
// generate_Ret
if (argv[0]) {
    *static_cast<double *>(argv[0]) = r2_1;
}
return;
}
 },{ 125, 0, [](QV4::ExecutableCompilationUnit *unit, QMetaType *argTypes) {
    struct { QV4::ExecutableCompilationUnit *compilationUnit; } c { unit };
    const auto *aotContext = &c;
    Q_UNUSED(aotContext);
    argTypes[0] = []() { static const auto t = QMetaType::fromName("QColor"); return t; }();
}, 
    [](const QQmlPrivate::AOTCompiledContext *aotContext, void **argv) {
Q_UNUSED(aotContext)
Q_UNUSED(argv)
// expression for color at line 231, column 29
QObject *r2_0;
QObject *r2_4;
QVariant r2_7;
QString r2_2;
QVariant r2_6;
bool r2_3;
QString r2_1;
QVariant r2_5;
QString r7_0;
// generate_LoadQmlContextPropertyLookup
#ifndef QT_NO_DEBUG
aotContext->setInstructionPointer(5);
#endif
while (!aotContext->loadContextIdLookup(759, &r2_0)) {
#ifdef QT_NO_DEBUG
aotContext->setInstructionPointer(5);
#endif
aotContext->initLoadContextIdLookup(759);
if (aotContext->engine->hasError()) {
aotContext->setReturnValueUndefined();
if (argv[0]) {
    const QMetaType returnType = []() { static const auto t = QMetaType::fromName("QColor"); return t; }();
    returnType.destruct(argv[0]);
    returnType.construct(argv[0]);
 }
return;
}
}
{
}
// generate_GetLookup
#ifndef QT_NO_DEBUG
aotContext->setInstructionPointer(10);
#endif
while (!aotContext->getObjectLookup(760, r2_0, &r2_1)) {
#ifdef QT_NO_DEBUG
aotContext->setInstructionPointer(10);
#endif
aotContext->initGetObjectLookup(760, r2_0, QMetaType::fromType<QString>());
if (aotContext->engine->hasError()) {
aotContext->setReturnValueUndefined();
if (argv[0]) {
    const QMetaType returnType = []() { static const auto t = QMetaType::fromName("QColor"); return t; }();
    returnType.destruct(argv[0]);
    returnType.construct(argv[0]);
 }
return;
}
}
{
}
// generate_StoreReg
r7_0 = std::move(r2_1);
{
}
// generate_LoadRuntimeString
r2_2 = QStringLiteral("outline");
{
}
// generate_CmpStrictEqual
r2_3 = r7_0 == r2_2;
{
}
// generate_JumpFalse
if (!r2_3) {
    goto label_0;
}
{
}
// generate_LoadQmlContextPropertyLookup
#ifndef QT_NO_DEBUG
aotContext->setInstructionPointer(26);
#endif
while (!aotContext->loadSingletonLookup(761, &r2_4)) {
#ifdef QT_NO_DEBUG
aotContext->setInstructionPointer(26);
#endif
aotContext->initLoadSingletonLookup(761, QQmlPrivate::AOTCompiledContext::InvalidStringId);
if (aotContext->engine->hasError()) {
aotContext->setReturnValueUndefined();
if (argv[0]) {
    const QMetaType returnType = []() { static const auto t = QMetaType::fromName("QColor"); return t; }();
    returnType.destruct(argv[0]);
    returnType.construct(argv[0]);
 }
return;
}
}
{
}
// generate_GetLookup
#ifndef QT_NO_DEBUG
aotContext->setInstructionPointer(31);
#endif
r2_5 = QVariant(aotContext->lookupResultMetaType(762));
while (!aotContext->getObjectLookup(762, r2_4, r2_5.data())) {
#ifdef QT_NO_DEBUG
aotContext->setInstructionPointer(31);
#endif
aotContext->initGetObjectLookup(762, r2_4, r2_5.metaType());
if (aotContext->engine->hasError()) {
aotContext->setReturnValueUndefined();
if (argv[0]) {
    const QMetaType returnType = []() { static const auto t = QMetaType::fromName("QColor"); return t; }();
    returnType.destruct(argv[0]);
    returnType.construct(argv[0]);
 }
return;
}
r2_5 = QVariant(aotContext->lookupResultMetaType(762));
}
{
}
// generate_Jump
{
r2_7 = r2_5;
    goto label_1;
}
label_0:;
// generate_LoadQmlContextPropertyLookup
#ifndef QT_NO_DEBUG
aotContext->setInstructionPointer(38);
#endif
while (!aotContext->loadSingletonLookup(763, &r2_4)) {
#ifdef QT_NO_DEBUG
aotContext->setInstructionPointer(38);
#endif
aotContext->initLoadSingletonLookup(763, QQmlPrivate::AOTCompiledContext::InvalidStringId);
if (aotContext->engine->hasError()) {
aotContext->setReturnValueUndefined();
if (argv[0]) {
    const QMetaType returnType = []() { static const auto t = QMetaType::fromName("QColor"); return t; }();
    returnType.destruct(argv[0]);
    returnType.construct(argv[0]);
 }
return;
}
}
{
}
// generate_GetLookup
#ifndef QT_NO_DEBUG
aotContext->setInstructionPointer(43);
#endif
r2_6 = QVariant(aotContext->lookupResultMetaType(764));
while (!aotContext->getObjectLookup(764, r2_4, r2_6.data())) {
#ifdef QT_NO_DEBUG
aotContext->setInstructionPointer(43);
#endif
aotContext->initGetObjectLookup(764, r2_4, r2_6.metaType());
if (aotContext->engine->hasError()) {
aotContext->setReturnValueUndefined();
if (argv[0]) {
    const QMetaType returnType = []() { static const auto t = QMetaType::fromName("QColor"); return t; }();
    returnType.destruct(argv[0]);
    returnType.construct(argv[0]);
 }
return;
}
r2_6 = QVariant(aotContext->lookupResultMetaType(764));
}
{
r2_7 = std::move(r2_6);
}
label_1:;
{
}
// generate_Ret
if (argv[0]) {
    if (!r2_7.isValid())
        aotContext->setReturnValueUndefined();
    const QMetaType returnType = r2_7.metaType();
    returnType.destruct(argv[0]);
    returnType.construct(argv[0], r2_7.data());
}
return;
}
 },{ 127, 0, [](QV4::ExecutableCompilationUnit *unit, QMetaType *argTypes) {
    struct { QV4::ExecutableCompilationUnit *compilationUnit; } c { unit };
    const auto *aotContext = &c;
    Q_UNUSED(aotContext);
    argTypes[0] = QMetaType::fromType<double>();
}, 
    [](const QQmlPrivate::AOTCompiledContext *aotContext, void **argv) {
Q_UNUSED(aotContext)
Q_UNUSED(argv)
// expression for width at line 233, column 29
double r2_4;
QString r2_1;
QString r2_2;
QObject *r2_0;
QString r7_0;
bool r2_3;
// generate_LoadQmlContextPropertyLookup
#ifndef QT_NO_DEBUG
aotContext->setInstructionPointer(5);
#endif
while (!aotContext->loadContextIdLookup(773, &r2_0)) {
#ifdef QT_NO_DEBUG
aotContext->setInstructionPointer(5);
#endif
aotContext->initLoadContextIdLookup(773);
if (aotContext->engine->hasError()) {
aotContext->setReturnValueUndefined();
if (argv[0]) {
    *static_cast<double *>(argv[0]) = double();
}
return;
}
}
{
}
// generate_GetLookup
#ifndef QT_NO_DEBUG
aotContext->setInstructionPointer(10);
#endif
while (!aotContext->getObjectLookup(774, r2_0, &r2_1)) {
#ifdef QT_NO_DEBUG
aotContext->setInstructionPointer(10);
#endif
aotContext->initGetObjectLookup(774, r2_0, QMetaType::fromType<QString>());
if (aotContext->engine->hasError()) {
aotContext->setReturnValueUndefined();
if (argv[0]) {
    *static_cast<double *>(argv[0]) = double();
}
return;
}
}
{
}
// generate_StoreReg
r7_0 = std::move(r2_1);
{
}
// generate_LoadRuntimeString
r2_2 = QStringLiteral("outline");
{
}
// generate_CmpStrictEqual
r2_3 = r7_0 == r2_2;
{
}
// generate_JumpFalse
if (!r2_3) {
    goto label_0;
}
{
}
// generate_LoadInt
r2_4 = double(2);
{
}
// generate_Jump
{
    goto label_1;
}
label_0:;
// generate_LoadInt
r2_4 = double(1);
{
}
label_1:;
{
}
// generate_Ret
if (argv[0]) {
    *static_cast<double *>(argv[0]) = r2_4;
}
return;
}
 },{ 128, 0, [](QV4::ExecutableCompilationUnit *unit, QMetaType *argTypes) {
    struct { QV4::ExecutableCompilationUnit *compilationUnit; } c { unit };
    const auto *aotContext = &c;
    Q_UNUSED(aotContext);
    argTypes[0] = []() { static const auto t = QMetaType::fromName("QColor"); return t; }();
}, 
    [](const QQmlPrivate::AOTCompiledContext *aotContext, void **argv) {
Q_UNUSED(aotContext)
Q_UNUSED(argv)
// expression for color at line 238, column 33
QObject *r2_4;
QVariant r2_7;
QVariant r2_5;
QString r2_2;
QString r7_0;
QString r2_1;
QObject *r2_0;
bool r2_3;
QVariant r2_6;
// generate_LoadQmlContextPropertyLookup
#ifndef QT_NO_DEBUG
aotContext->setInstructionPointer(5);
#endif
while (!aotContext->loadContextIdLookup(775, &r2_0)) {
#ifdef QT_NO_DEBUG
aotContext->setInstructionPointer(5);
#endif
aotContext->initLoadContextIdLookup(775);
if (aotContext->engine->hasError()) {
aotContext->setReturnValueUndefined();
if (argv[0]) {
    const QMetaType returnType = []() { static const auto t = QMetaType::fromName("QColor"); return t; }();
    returnType.destruct(argv[0]);
    returnType.construct(argv[0]);
 }
return;
}
}
{
}
// generate_GetLookup
#ifndef QT_NO_DEBUG
aotContext->setInstructionPointer(10);
#endif
while (!aotContext->getObjectLookup(776, r2_0, &r2_1)) {
#ifdef QT_NO_DEBUG
aotContext->setInstructionPointer(10);
#endif
aotContext->initGetObjectLookup(776, r2_0, QMetaType::fromType<QString>());
if (aotContext->engine->hasError()) {
aotContext->setReturnValueUndefined();
if (argv[0]) {
    const QMetaType returnType = []() { static const auto t = QMetaType::fromName("QColor"); return t; }();
    returnType.destruct(argv[0]);
    returnType.construct(argv[0]);
 }
return;
}
}
{
}
// generate_StoreReg
r7_0 = std::move(r2_1);
{
}
// generate_LoadRuntimeString
r2_2 = QStringLiteral("outline");
{
}
// generate_CmpStrictEqual
r2_3 = r7_0 == r2_2;
{
}
// generate_JumpFalse
if (!r2_3) {
    goto label_0;
}
{
}
// generate_LoadQmlContextPropertyLookup
#ifndef QT_NO_DEBUG
aotContext->setInstructionPointer(26);
#endif
while (!aotContext->loadSingletonLookup(777, &r2_4)) {
#ifdef QT_NO_DEBUG
aotContext->setInstructionPointer(26);
#endif
aotContext->initLoadSingletonLookup(777, QQmlPrivate::AOTCompiledContext::InvalidStringId);
if (aotContext->engine->hasError()) {
aotContext->setReturnValueUndefined();
if (argv[0]) {
    const QMetaType returnType = []() { static const auto t = QMetaType::fromName("QColor"); return t; }();
    returnType.destruct(argv[0]);
    returnType.construct(argv[0]);
 }
return;
}
}
{
}
// generate_GetLookup
#ifndef QT_NO_DEBUG
aotContext->setInstructionPointer(31);
#endif
r2_5 = QVariant(aotContext->lookupResultMetaType(778));
while (!aotContext->getObjectLookup(778, r2_4, r2_5.data())) {
#ifdef QT_NO_DEBUG
aotContext->setInstructionPointer(31);
#endif
aotContext->initGetObjectLookup(778, r2_4, r2_5.metaType());
if (aotContext->engine->hasError()) {
aotContext->setReturnValueUndefined();
if (argv[0]) {
    const QMetaType returnType = []() { static const auto t = QMetaType::fromName("QColor"); return t; }();
    returnType.destruct(argv[0]);
    returnType.construct(argv[0]);
 }
return;
}
r2_5 = QVariant(aotContext->lookupResultMetaType(778));
}
{
}
// generate_Jump
{
r2_7 = r2_5;
    goto label_1;
}
label_0:;
// generate_LoadQmlContextPropertyLookup
#ifndef QT_NO_DEBUG
aotContext->setInstructionPointer(38);
#endif
while (!aotContext->loadSingletonLookup(779, &r2_4)) {
#ifdef QT_NO_DEBUG
aotContext->setInstructionPointer(38);
#endif
aotContext->initLoadSingletonLookup(779, QQmlPrivate::AOTCompiledContext::InvalidStringId);
if (aotContext->engine->hasError()) {
aotContext->setReturnValueUndefined();
if (argv[0]) {
    const QMetaType returnType = []() { static const auto t = QMetaType::fromName("QColor"); return t; }();
    returnType.destruct(argv[0]);
    returnType.construct(argv[0]);
 }
return;
}
}
{
}
// generate_GetLookup
#ifndef QT_NO_DEBUG
aotContext->setInstructionPointer(43);
#endif
r2_6 = QVariant(aotContext->lookupResultMetaType(780));
while (!aotContext->getObjectLookup(780, r2_4, r2_6.data())) {
#ifdef QT_NO_DEBUG
aotContext->setInstructionPointer(43);
#endif
aotContext->initGetObjectLookup(780, r2_4, r2_6.metaType());
if (aotContext->engine->hasError()) {
aotContext->setReturnValueUndefined();
if (argv[0]) {
    const QMetaType returnType = []() { static const auto t = QMetaType::fromName("QColor"); return t; }();
    returnType.destruct(argv[0]);
    returnType.construct(argv[0]);
 }
return;
}
r2_6 = QVariant(aotContext->lookupResultMetaType(780));
}
{
r2_7 = std::move(r2_6);
}
label_1:;
{
}
// generate_Ret
if (argv[0]) {
    if (!r2_7.isValid())
        aotContext->setReturnValueUndefined();
    const QMetaType returnType = r2_7.metaType();
    returnType.destruct(argv[0]);
    returnType.construct(argv[0], r2_7.data());
}
return;
}
 },{ 129, 0, [](QV4::ExecutableCompilationUnit *unit, QMetaType *argTypes) {
    struct { QV4::ExecutableCompilationUnit *compilationUnit; } c { unit };
    const auto *aotContext = &c;
    Q_UNUSED(aotContext);
    argTypes[0] = []() { static const auto t = QMetaType::fromName("QQuickItem*"); return t; }();
}, 
    [](const QQmlPrivate::AOTCompiledContext *aotContext, void **argv) {
Q_UNUSED(aotContext)
Q_UNUSED(argv)
// expression for centerIn at line 236, column 33
QObject *r2_0;
// generate_LoadQmlContextPropertyLookup
#ifndef QT_NO_DEBUG
aotContext->setInstructionPointer(5);
#endif
while (!aotContext->loadScopeObjectPropertyLookup(781, &r2_0)) {
#ifdef QT_NO_DEBUG
aotContext->setInstructionPointer(5);
#endif
aotContext->initLoadScopeObjectPropertyLookup(781, []() { static const auto t = QMetaType::fromName("QQuickItem*"); return t; }());
if (aotContext->engine->hasError()) {
aotContext->setReturnValueUndefined();
if (argv[0]) {
    *static_cast<QObject * *>(argv[0]) = nullptr;
}
return;
}
}
{
}
{
}
// generate_Ret
if (argv[0]) {
    *static_cast<QObject * *>(argv[0]) = r2_0;
}
return;
}
 },{ 130, 0, [](QV4::ExecutableCompilationUnit *unit, QMetaType *argTypes) {
    struct { QV4::ExecutableCompilationUnit *compilationUnit; } c { unit };
    const auto *aotContext = &c;
    Q_UNUSED(aotContext);
    argTypes[0] = QMetaType::fromType<int>();
}, 
    [](const QQmlPrivate::AOTCompiledContext *aotContext, void **argv) {
Q_UNUSED(aotContext)
Q_UNUSED(argv)
// expression for weight at line 240, column 33
QString r2_1;
QString r7_0;
int r2_4;
QString r2_2;
QObject *r2_0;
bool r2_3;
// generate_LoadQmlContextPropertyLookup
#ifndef QT_NO_DEBUG
aotContext->setInstructionPointer(5);
#endif
while (!aotContext->loadContextIdLookup(782, &r2_0)) {
#ifdef QT_NO_DEBUG
aotContext->setInstructionPointer(5);
#endif
aotContext->initLoadContextIdLookup(782);
if (aotContext->engine->hasError()) {
aotContext->setReturnValueUndefined();
if (argv[0]) {
    *static_cast<int *>(argv[0]) = int();
}
return;
}
}
{
}
// generate_GetLookup
#ifndef QT_NO_DEBUG
aotContext->setInstructionPointer(10);
#endif
while (!aotContext->getObjectLookup(783, r2_0, &r2_1)) {
#ifdef QT_NO_DEBUG
aotContext->setInstructionPointer(10);
#endif
aotContext->initGetObjectLookup(783, r2_0, QMetaType::fromType<QString>());
if (aotContext->engine->hasError()) {
aotContext->setReturnValueUndefined();
if (argv[0]) {
    *static_cast<int *>(argv[0]) = int();
}
return;
}
}
{
}
// generate_StoreReg
r7_0 = std::move(r2_1);
{
}
// generate_LoadRuntimeString
r2_2 = QStringLiteral("outline");
{
}
// generate_CmpStrictEqual
r2_3 = r7_0 == r2_2;
{
}
// generate_JumpFalse
if (!r2_3) {
    goto label_0;
}
{
}
{
}
// generate_GetLookup
#ifndef QT_NO_DEBUG
aotContext->setInstructionPointer(31);
#endif
while (!aotContext->getEnumLookup(785, &r2_4)) {
#ifdef QT_NO_DEBUG
aotContext->setInstructionPointer(31);
#endif
aotContext->initGetEnumLookup(785, []() { static const auto t = QMetaType::fromName("QQuickFontEnums"); return t; }().metaObject(), "FontWeight", "DemiBold");
if (aotContext->engine->hasError()) {
aotContext->setReturnValueUndefined();
if (argv[0]) {
    *static_cast<int *>(argv[0]) = int();
}
return;
}
}
{
}
// generate_Jump
{
    goto label_1;
}
label_0:;
{
}
// generate_GetLookup
#ifndef QT_NO_DEBUG
aotContext->setInstructionPointer(43);
#endif
while (!aotContext->getEnumLookup(787, &r2_4)) {
#ifdef QT_NO_DEBUG
aotContext->setInstructionPointer(43);
#endif
aotContext->initGetEnumLookup(787, []() { static const auto t = QMetaType::fromName("QQuickFontEnums"); return t; }().metaObject(), "FontWeight", "Medium");
if (aotContext->engine->hasError()) {
aotContext->setReturnValueUndefined();
if (argv[0]) {
    *static_cast<int *>(argv[0]) = int();
}
return;
}
}
{
}
label_1:;
{
}
// generate_Ret
if (argv[0]) {
    *static_cast<int *>(argv[0]) = r2_4;
}
return;
}
 },{ 132, 0, [](QV4::ExecutableCompilationUnit *unit, QMetaType *argTypes) {
    struct { QV4::ExecutableCompilationUnit *compilationUnit; } c { unit };
    const auto *aotContext = &c;
    Q_UNUSED(aotContext);
    argTypes[0] = []() { static const auto t = QMetaType::fromName("QQuickItem*"); return t; }();
}, 
    [](const QQmlPrivate::AOTCompiledContext *aotContext, void **argv) {
Q_UNUSED(aotContext)
Q_UNUSED(argv)
// expression for fill at line 244, column 33
QObject *r2_0;
// generate_LoadQmlContextPropertyLookup
#ifndef QT_NO_DEBUG
aotContext->setInstructionPointer(5);
#endif
while (!aotContext->loadScopeObjectPropertyLookup(794, &r2_0)) {
#ifdef QT_NO_DEBUG
aotContext->setInstructionPointer(5);
#endif
aotContext->initLoadScopeObjectPropertyLookup(794, []() { static const auto t = QMetaType::fromName("QQuickItem*"); return t; }());
if (aotContext->engine->hasError()) {
aotContext->setReturnValueUndefined();
if (argv[0]) {
    *static_cast<QObject * *>(argv[0]) = nullptr;
}
return;
}
}
{
}
{
}
// generate_Ret
if (argv[0]) {
    *static_cast<QObject * *>(argv[0]) = r2_0;
}
return;
}
 },{ 133, 0, [](QV4::ExecutableCompilationUnit *unit, QMetaType *argTypes) {
    struct { QV4::ExecutableCompilationUnit *compilationUnit; } c { unit };
    const auto *aotContext = &c;
    Q_UNUSED(aotContext);
    argTypes[0] = QMetaType::fromType<bool>();
}, 
    [](const QQmlPrivate::AOTCompiledContext *aotContext, void **argv) {
Q_UNUSED(aotContext)
Q_UNUSED(argv)
// expression for visible at line 255, column 29
QObject *r2_0;
bool r2_1;
// generate_LoadQmlContextPropertyLookup
#ifndef QT_NO_DEBUG
aotContext->setInstructionPointer(5);
#endif
while (!aotContext->loadContextIdLookup(795, &r2_0)) {
#ifdef QT_NO_DEBUG
aotContext->setInstructionPointer(5);
#endif
aotContext->initLoadContextIdLookup(795);
if (aotContext->engine->hasError()) {
aotContext->setReturnValueUndefined();
if (argv[0]) {
    *static_cast<bool *>(argv[0]) = bool();
}
return;
}
}
{
}
// generate_GetLookup
#ifndef QT_NO_DEBUG
aotContext->setInstructionPointer(10);
#endif
while (!aotContext->getObjectLookup(796, r2_0, &r2_1)) {
#ifdef QT_NO_DEBUG
aotContext->setInstructionPointer(10);
#endif
aotContext->initGetObjectLookup(796, r2_0, QMetaType::fromType<bool>());
if (aotContext->engine->hasError()) {
aotContext->setReturnValueUndefined();
if (argv[0]) {
    *static_cast<bool *>(argv[0]) = bool();
}
return;
}
}
{
}
{
}
// generate_Ret
if (argv[0]) {
    *static_cast<bool *>(argv[0]) = r2_1;
}
return;
}
 },{ 135, 0, [](QV4::ExecutableCompilationUnit *unit, QMetaType *argTypes) {
    struct { QV4::ExecutableCompilationUnit *compilationUnit; } c { unit };
    const auto *aotContext = &c;
    Q_UNUSED(aotContext);
    argTypes[0] = QMetaType::fromType<double>();
}, 
    [](const QQmlPrivate::AOTCompiledContext *aotContext, void **argv) {
Q_UNUSED(aotContext)
Q_UNUSED(argv)
// expression for height at line 257, column 29
double r2_1;
QObject *r2_0;
// generate_LoadQmlContextPropertyLookup
#ifndef QT_NO_DEBUG
aotContext->setInstructionPointer(5);
#endif
while (!aotContext->loadScopeObjectPropertyLookup(799, &r2_0)) {
#ifdef QT_NO_DEBUG
aotContext->setInstructionPointer(5);
#endif
aotContext->initLoadScopeObjectPropertyLookup(799, []() { static const auto t = QMetaType::fromName("QQuickItem*"); return t; }());
if (aotContext->engine->hasError()) {
aotContext->setReturnValueUndefined();
if (argv[0]) {
    *static_cast<double *>(argv[0]) = double();
}
return;
}
}
{
}
// generate_GetLookup
#ifndef QT_NO_DEBUG
aotContext->setInstructionPointer(10);
#endif
while (!aotContext->getObjectLookup(800, r2_0, &r2_1)) {
#ifdef QT_NO_DEBUG
aotContext->setInstructionPointer(10);
#endif
aotContext->initGetObjectLookup(800, r2_0, QMetaType::fromType<double>());
if (aotContext->engine->hasError()) {
aotContext->setReturnValueUndefined();
if (argv[0]) {
    *static_cast<double *>(argv[0]) = double();
}
return;
}
}
{
}
{
}
// generate_Ret
if (argv[0]) {
    *static_cast<double *>(argv[0]) = r2_1;
}
return;
}
 },{ 136, 0, [](QV4::ExecutableCompilationUnit *unit, QMetaType *argTypes) {
    struct { QV4::ExecutableCompilationUnit *compilationUnit; } c { unit };
    const auto *aotContext = &c;
    Q_UNUSED(aotContext);
    argTypes[0] = QMetaType::fromType<double>();
}, 
    [](const QQmlPrivate::AOTCompiledContext *aotContext, void **argv) {
Q_UNUSED(aotContext)
Q_UNUSED(argv)
// expression for radius at line 258, column 29
QObject *r2_0;
double r2_1;
// generate_LoadQmlContextPropertyLookup
#ifndef QT_NO_DEBUG
aotContext->setInstructionPointer(5);
#endif
while (!aotContext->loadSingletonLookup(801, &r2_0)) {
#ifdef QT_NO_DEBUG
aotContext->setInstructionPointer(5);
#endif
aotContext->initLoadSingletonLookup(801, QQmlPrivate::AOTCompiledContext::InvalidStringId);
if (aotContext->engine->hasError()) {
aotContext->setReturnValueUndefined();
if (argv[0]) {
    *static_cast<double *>(argv[0]) = double();
}
return;
}
}
{
}
// generate_GetLookup
{
int retrieved;
#ifndef QT_NO_DEBUG
aotContext->setInstructionPointer(10);
#endif
while (!aotContext->getObjectLookup(802, r2_0, &retrieved)) {
#ifdef QT_NO_DEBUG
aotContext->setInstructionPointer(10);
#endif
aotContext->initGetObjectLookup(802, r2_0, QMetaType::fromType<int>());
if (aotContext->engine->hasError()) {
aotContext->setReturnValueUndefined();
if (argv[0]) {
    *static_cast<double *>(argv[0]) = double();
}
return;
}
}
r2_1 = double(std::move(retrieved));
}
{
}
{
}
// generate_Ret
if (argv[0]) {
    *static_cast<double *>(argv[0]) = r2_1;
}
return;
}
 },{ 137, 0, [](QV4::ExecutableCompilationUnit *unit, QMetaType *argTypes) {
    struct { QV4::ExecutableCompilationUnit *compilationUnit; } c { unit };
    const auto *aotContext = &c;
    Q_UNUSED(aotContext);
    argTypes[0] = []() { static const auto t = QMetaType::fromName("QColor"); return t; }();
}, 
    [](const QQmlPrivate::AOTCompiledContext *aotContext, void **argv) {
Q_UNUSED(aotContext)
Q_UNUSED(argv)
// expression for color at line 259, column 29
QObject *r2_4;
QVariant r2_5;
QVariant r2_6;
QVariant r2_7;
QString r7_0;
QString r2_1;
QString r2_2;
QObject *r2_0;
bool r2_3;
// generate_LoadQmlContextPropertyLookup
#ifndef QT_NO_DEBUG
aotContext->setInstructionPointer(5);
#endif
while (!aotContext->loadContextIdLookup(803, &r2_0)) {
#ifdef QT_NO_DEBUG
aotContext->setInstructionPointer(5);
#endif
aotContext->initLoadContextIdLookup(803);
if (aotContext->engine->hasError()) {
aotContext->setReturnValueUndefined();
if (argv[0]) {
    const QMetaType returnType = []() { static const auto t = QMetaType::fromName("QColor"); return t; }();
    returnType.destruct(argv[0]);
    returnType.construct(argv[0]);
 }
return;
}
}
{
}
// generate_GetLookup
#ifndef QT_NO_DEBUG
aotContext->setInstructionPointer(10);
#endif
while (!aotContext->getObjectLookup(804, r2_0, &r2_1)) {
#ifdef QT_NO_DEBUG
aotContext->setInstructionPointer(10);
#endif
aotContext->initGetObjectLookup(804, r2_0, QMetaType::fromType<QString>());
if (aotContext->engine->hasError()) {
aotContext->setReturnValueUndefined();
if (argv[0]) {
    const QMetaType returnType = []() { static const auto t = QMetaType::fromName("QColor"); return t; }();
    returnType.destruct(argv[0]);
    returnType.construct(argv[0]);
 }
return;
}
}
{
}
// generate_StoreReg
r7_0 = std::move(r2_1);
{
}
// generate_LoadRuntimeString
r2_2 = QStringLiteral("search");
{
}
// generate_CmpStrictEqual
r2_3 = r7_0 == r2_2;
{
}
// generate_JumpFalse
if (!r2_3) {
    goto label_0;
}
{
}
// generate_LoadQmlContextPropertyLookup
#ifndef QT_NO_DEBUG
aotContext->setInstructionPointer(26);
#endif
while (!aotContext->loadSingletonLookup(805, &r2_4)) {
#ifdef QT_NO_DEBUG
aotContext->setInstructionPointer(26);
#endif
aotContext->initLoadSingletonLookup(805, QQmlPrivate::AOTCompiledContext::InvalidStringId);
if (aotContext->engine->hasError()) {
aotContext->setReturnValueUndefined();
if (argv[0]) {
    const QMetaType returnType = []() { static const auto t = QMetaType::fromName("QColor"); return t; }();
    returnType.destruct(argv[0]);
    returnType.construct(argv[0]);
 }
return;
}
}
{
}
// generate_GetLookup
#ifndef QT_NO_DEBUG
aotContext->setInstructionPointer(31);
#endif
r2_5 = QVariant(aotContext->lookupResultMetaType(806));
while (!aotContext->getObjectLookup(806, r2_4, r2_5.data())) {
#ifdef QT_NO_DEBUG
aotContext->setInstructionPointer(31);
#endif
aotContext->initGetObjectLookup(806, r2_4, r2_5.metaType());
if (aotContext->engine->hasError()) {
aotContext->setReturnValueUndefined();
if (argv[0]) {
    const QMetaType returnType = []() { static const auto t = QMetaType::fromName("QColor"); return t; }();
    returnType.destruct(argv[0]);
    returnType.construct(argv[0]);
 }
return;
}
r2_5 = QVariant(aotContext->lookupResultMetaType(806));
}
{
}
// generate_Jump
{
r2_7 = r2_5;
    goto label_1;
}
label_0:;
// generate_LoadQmlContextPropertyLookup
#ifndef QT_NO_DEBUG
aotContext->setInstructionPointer(38);
#endif
while (!aotContext->loadSingletonLookup(807, &r2_4)) {
#ifdef QT_NO_DEBUG
aotContext->setInstructionPointer(38);
#endif
aotContext->initLoadSingletonLookup(807, QQmlPrivate::AOTCompiledContext::InvalidStringId);
if (aotContext->engine->hasError()) {
aotContext->setReturnValueUndefined();
if (argv[0]) {
    const QMetaType returnType = []() { static const auto t = QMetaType::fromName("QColor"); return t; }();
    returnType.destruct(argv[0]);
    returnType.construct(argv[0]);
 }
return;
}
}
{
}
// generate_GetLookup
#ifndef QT_NO_DEBUG
aotContext->setInstructionPointer(43);
#endif
r2_6 = QVariant(aotContext->lookupResultMetaType(808));
while (!aotContext->getObjectLookup(808, r2_4, r2_6.data())) {
#ifdef QT_NO_DEBUG
aotContext->setInstructionPointer(43);
#endif
aotContext->initGetObjectLookup(808, r2_4, r2_6.metaType());
if (aotContext->engine->hasError()) {
aotContext->setReturnValueUndefined();
if (argv[0]) {
    const QMetaType returnType = []() { static const auto t = QMetaType::fromName("QColor"); return t; }();
    returnType.destruct(argv[0]);
    returnType.construct(argv[0]);
 }
return;
}
r2_6 = QVariant(aotContext->lookupResultMetaType(808));
}
{
r2_7 = std::move(r2_6);
}
label_1:;
{
}
// generate_Ret
if (argv[0]) {
    if (!r2_7.isValid())
        aotContext->setReturnValueUndefined();
    const QMetaType returnType = r2_7.metaType();
    returnType.destruct(argv[0]);
    returnType.construct(argv[0], r2_7.data());
}
return;
}
 },{ 139, 0, [](QV4::ExecutableCompilationUnit *unit, QMetaType *argTypes) {
    struct { QV4::ExecutableCompilationUnit *compilationUnit; } c { unit };
    const auto *aotContext = &c;
    Q_UNUSED(aotContext);
    argTypes[0] = QMetaType::fromType<double>();
}, 
    [](const QQmlPrivate::AOTCompiledContext *aotContext, void **argv) {
Q_UNUSED(aotContext)
Q_UNUSED(argv)
// expression for width at line 261, column 29
QObject *r2_0;
QString r2_1;
double r2_4;
QString r7_0;
QString r2_2;
bool r2_3;
// generate_LoadQmlContextPropertyLookup
#ifndef QT_NO_DEBUG
aotContext->setInstructionPointer(5);
#endif
while (!aotContext->loadContextIdLookup(817, &r2_0)) {
#ifdef QT_NO_DEBUG
aotContext->setInstructionPointer(5);
#endif
aotContext->initLoadContextIdLookup(817);
if (aotContext->engine->hasError()) {
aotContext->setReturnValueUndefined();
if (argv[0]) {
    *static_cast<double *>(argv[0]) = double();
}
return;
}
}
{
}
// generate_GetLookup
#ifndef QT_NO_DEBUG
aotContext->setInstructionPointer(10);
#endif
while (!aotContext->getObjectLookup(818, r2_0, &r2_1)) {
#ifdef QT_NO_DEBUG
aotContext->setInstructionPointer(10);
#endif
aotContext->initGetObjectLookup(818, r2_0, QMetaType::fromType<QString>());
if (aotContext->engine->hasError()) {
aotContext->setReturnValueUndefined();
if (argv[0]) {
    *static_cast<double *>(argv[0]) = double();
}
return;
}
}
{
}
// generate_StoreReg
r7_0 = std::move(r2_1);
{
}
// generate_LoadRuntimeString
r2_2 = QStringLiteral("search");
{
}
// generate_CmpStrictEqual
r2_3 = r7_0 == r2_2;
{
}
// generate_JumpFalse
if (!r2_3) {
    goto label_0;
}
{
}
// generate_LoadInt
r2_4 = double(2);
{
}
// generate_Jump
{
    goto label_1;
}
label_0:;
// generate_LoadInt
r2_4 = double(1);
{
}
label_1:;
{
}
// generate_Ret
if (argv[0]) {
    *static_cast<double *>(argv[0]) = r2_4;
}
return;
}
 },{ 140, 0, [](QV4::ExecutableCompilationUnit *unit, QMetaType *argTypes) {
    struct { QV4::ExecutableCompilationUnit *compilationUnit; } c { unit };
    const auto *aotContext = &c;
    Q_UNUSED(aotContext);
    argTypes[0] = []() { static const auto t = QMetaType::fromName("QColor"); return t; }();
}, 
    [](const QQmlPrivate::AOTCompiledContext *aotContext, void **argv) {
Q_UNUSED(aotContext)
Q_UNUSED(argv)
// expression for color at line 266, column 33
QObject *r2_0;
QObject *r2_4;
QVariant r2_7;
QVariant r2_5;
QString r2_2;
QString r7_0;
QString r2_1;
bool r2_3;
QVariant r2_6;
// generate_LoadQmlContextPropertyLookup
#ifndef QT_NO_DEBUG
aotContext->setInstructionPointer(5);
#endif
while (!aotContext->loadContextIdLookup(819, &r2_0)) {
#ifdef QT_NO_DEBUG
aotContext->setInstructionPointer(5);
#endif
aotContext->initLoadContextIdLookup(819);
if (aotContext->engine->hasError()) {
aotContext->setReturnValueUndefined();
if (argv[0]) {
    const QMetaType returnType = []() { static const auto t = QMetaType::fromName("QColor"); return t; }();
    returnType.destruct(argv[0]);
    returnType.construct(argv[0]);
 }
return;
}
}
{
}
// generate_GetLookup
#ifndef QT_NO_DEBUG
aotContext->setInstructionPointer(10);
#endif
while (!aotContext->getObjectLookup(820, r2_0, &r2_1)) {
#ifdef QT_NO_DEBUG
aotContext->setInstructionPointer(10);
#endif
aotContext->initGetObjectLookup(820, r2_0, QMetaType::fromType<QString>());
if (aotContext->engine->hasError()) {
aotContext->setReturnValueUndefined();
if (argv[0]) {
    const QMetaType returnType = []() { static const auto t = QMetaType::fromName("QColor"); return t; }();
    returnType.destruct(argv[0]);
    returnType.construct(argv[0]);
 }
return;
}
}
{
}
// generate_StoreReg
r7_0 = std::move(r2_1);
{
}
// generate_LoadRuntimeString
r2_2 = QStringLiteral("search");
{
}
// generate_CmpStrictEqual
r2_3 = r7_0 == r2_2;
{
}
// generate_JumpFalse
if (!r2_3) {
    goto label_0;
}
{
}
// generate_LoadQmlContextPropertyLookup
#ifndef QT_NO_DEBUG
aotContext->setInstructionPointer(26);
#endif
while (!aotContext->loadSingletonLookup(821, &r2_4)) {
#ifdef QT_NO_DEBUG
aotContext->setInstructionPointer(26);
#endif
aotContext->initLoadSingletonLookup(821, QQmlPrivate::AOTCompiledContext::InvalidStringId);
if (aotContext->engine->hasError()) {
aotContext->setReturnValueUndefined();
if (argv[0]) {
    const QMetaType returnType = []() { static const auto t = QMetaType::fromName("QColor"); return t; }();
    returnType.destruct(argv[0]);
    returnType.construct(argv[0]);
 }
return;
}
}
{
}
// generate_GetLookup
#ifndef QT_NO_DEBUG
aotContext->setInstructionPointer(31);
#endif
r2_5 = QVariant(aotContext->lookupResultMetaType(822));
while (!aotContext->getObjectLookup(822, r2_4, r2_5.data())) {
#ifdef QT_NO_DEBUG
aotContext->setInstructionPointer(31);
#endif
aotContext->initGetObjectLookup(822, r2_4, r2_5.metaType());
if (aotContext->engine->hasError()) {
aotContext->setReturnValueUndefined();
if (argv[0]) {
    const QMetaType returnType = []() { static const auto t = QMetaType::fromName("QColor"); return t; }();
    returnType.destruct(argv[0]);
    returnType.construct(argv[0]);
 }
return;
}
r2_5 = QVariant(aotContext->lookupResultMetaType(822));
}
{
}
// generate_Jump
{
r2_7 = r2_5;
    goto label_1;
}
label_0:;
// generate_LoadQmlContextPropertyLookup
#ifndef QT_NO_DEBUG
aotContext->setInstructionPointer(38);
#endif
while (!aotContext->loadSingletonLookup(823, &r2_4)) {
#ifdef QT_NO_DEBUG
aotContext->setInstructionPointer(38);
#endif
aotContext->initLoadSingletonLookup(823, QQmlPrivate::AOTCompiledContext::InvalidStringId);
if (aotContext->engine->hasError()) {
aotContext->setReturnValueUndefined();
if (argv[0]) {
    const QMetaType returnType = []() { static const auto t = QMetaType::fromName("QColor"); return t; }();
    returnType.destruct(argv[0]);
    returnType.construct(argv[0]);
 }
return;
}
}
{
}
// generate_GetLookup
#ifndef QT_NO_DEBUG
aotContext->setInstructionPointer(43);
#endif
r2_6 = QVariant(aotContext->lookupResultMetaType(824));
while (!aotContext->getObjectLookup(824, r2_4, r2_6.data())) {
#ifdef QT_NO_DEBUG
aotContext->setInstructionPointer(43);
#endif
aotContext->initGetObjectLookup(824, r2_4, r2_6.metaType());
if (aotContext->engine->hasError()) {
aotContext->setReturnValueUndefined();
if (argv[0]) {
    const QMetaType returnType = []() { static const auto t = QMetaType::fromName("QColor"); return t; }();
    returnType.destruct(argv[0]);
    returnType.construct(argv[0]);
 }
return;
}
r2_6 = QVariant(aotContext->lookupResultMetaType(824));
}
{
r2_7 = std::move(r2_6);
}
label_1:;
{
}
// generate_Ret
if (argv[0]) {
    if (!r2_7.isValid())
        aotContext->setReturnValueUndefined();
    const QMetaType returnType = r2_7.metaType();
    returnType.destruct(argv[0]);
    returnType.construct(argv[0], r2_7.data());
}
return;
}
 },{ 141, 0, [](QV4::ExecutableCompilationUnit *unit, QMetaType *argTypes) {
    struct { QV4::ExecutableCompilationUnit *compilationUnit; } c { unit };
    const auto *aotContext = &c;
    Q_UNUSED(aotContext);
    argTypes[0] = []() { static const auto t = QMetaType::fromName("QQuickItem*"); return t; }();
}, 
    [](const QQmlPrivate::AOTCompiledContext *aotContext, void **argv) {
Q_UNUSED(aotContext)
Q_UNUSED(argv)
// expression for centerIn at line 264, column 33
QObject *r2_0;
// generate_LoadQmlContextPropertyLookup
#ifndef QT_NO_DEBUG
aotContext->setInstructionPointer(5);
#endif
while (!aotContext->loadScopeObjectPropertyLookup(825, &r2_0)) {
#ifdef QT_NO_DEBUG
aotContext->setInstructionPointer(5);
#endif
aotContext->initLoadScopeObjectPropertyLookup(825, []() { static const auto t = QMetaType::fromName("QQuickItem*"); return t; }());
if (aotContext->engine->hasError()) {
aotContext->setReturnValueUndefined();
if (argv[0]) {
    *static_cast<QObject * *>(argv[0]) = nullptr;
}
return;
}
}
{
}
{
}
// generate_Ret
if (argv[0]) {
    *static_cast<QObject * *>(argv[0]) = r2_0;
}
return;
}
 },{ 142, 0, [](QV4::ExecutableCompilationUnit *unit, QMetaType *argTypes) {
    struct { QV4::ExecutableCompilationUnit *compilationUnit; } c { unit };
    const auto *aotContext = &c;
    Q_UNUSED(aotContext);
    argTypes[0] = QMetaType::fromType<int>();
}, 
    [](const QQmlPrivate::AOTCompiledContext *aotContext, void **argv) {
Q_UNUSED(aotContext)
Q_UNUSED(argv)
// expression for weight at line 268, column 33
QObject *r2_0;
int r2_4;
QString r7_0;
QString r2_1;
QString r2_2;
bool r2_3;
// generate_LoadQmlContextPropertyLookup
#ifndef QT_NO_DEBUG
aotContext->setInstructionPointer(5);
#endif
while (!aotContext->loadContextIdLookup(826, &r2_0)) {
#ifdef QT_NO_DEBUG
aotContext->setInstructionPointer(5);
#endif
aotContext->initLoadContextIdLookup(826);
if (aotContext->engine->hasError()) {
aotContext->setReturnValueUndefined();
if (argv[0]) {
    *static_cast<int *>(argv[0]) = int();
}
return;
}
}
{
}
// generate_GetLookup
#ifndef QT_NO_DEBUG
aotContext->setInstructionPointer(10);
#endif
while (!aotContext->getObjectLookup(827, r2_0, &r2_1)) {
#ifdef QT_NO_DEBUG
aotContext->setInstructionPointer(10);
#endif
aotContext->initGetObjectLookup(827, r2_0, QMetaType::fromType<QString>());
if (aotContext->engine->hasError()) {
aotContext->setReturnValueUndefined();
if (argv[0]) {
    *static_cast<int *>(argv[0]) = int();
}
return;
}
}
{
}
// generate_StoreReg
r7_0 = std::move(r2_1);
{
}
// generate_LoadRuntimeString
r2_2 = QStringLiteral("search");
{
}
// generate_CmpStrictEqual
r2_3 = r7_0 == r2_2;
{
}
// generate_JumpFalse
if (!r2_3) {
    goto label_0;
}
{
}
{
}
// generate_GetLookup
#ifndef QT_NO_DEBUG
aotContext->setInstructionPointer(31);
#endif
while (!aotContext->getEnumLookup(829, &r2_4)) {
#ifdef QT_NO_DEBUG
aotContext->setInstructionPointer(31);
#endif
aotContext->initGetEnumLookup(829, []() { static const auto t = QMetaType::fromName("QQuickFontEnums"); return t; }().metaObject(), "FontWeight", "DemiBold");
if (aotContext->engine->hasError()) {
aotContext->setReturnValueUndefined();
if (argv[0]) {
    *static_cast<int *>(argv[0]) = int();
}
return;
}
}
{
}
// generate_Jump
{
    goto label_1;
}
label_0:;
{
}
// generate_GetLookup
#ifndef QT_NO_DEBUG
aotContext->setInstructionPointer(43);
#endif
while (!aotContext->getEnumLookup(831, &r2_4)) {
#ifdef QT_NO_DEBUG
aotContext->setInstructionPointer(43);
#endif
aotContext->initGetEnumLookup(831, []() { static const auto t = QMetaType::fromName("QQuickFontEnums"); return t; }().metaObject(), "FontWeight", "Medium");
if (aotContext->engine->hasError()) {
aotContext->setReturnValueUndefined();
if (argv[0]) {
    *static_cast<int *>(argv[0]) = int();
}
return;
}
}
{
}
label_1:;
{
}
// generate_Ret
if (argv[0]) {
    *static_cast<int *>(argv[0]) = r2_4;
}
return;
}
 },{ 144, 0, [](QV4::ExecutableCompilationUnit *unit, QMetaType *argTypes) {
    struct { QV4::ExecutableCompilationUnit *compilationUnit; } c { unit };
    const auto *aotContext = &c;
    Q_UNUSED(aotContext);
    argTypes[0] = []() { static const auto t = QMetaType::fromName("QQuickItem*"); return t; }();
}, 
    [](const QQmlPrivate::AOTCompiledContext *aotContext, void **argv) {
Q_UNUSED(aotContext)
Q_UNUSED(argv)
// expression for fill at line 272, column 33
QObject *r2_0;
// generate_LoadQmlContextPropertyLookup
#ifndef QT_NO_DEBUG
aotContext->setInstructionPointer(5);
#endif
while (!aotContext->loadScopeObjectPropertyLookup(838, &r2_0)) {
#ifdef QT_NO_DEBUG
aotContext->setInstructionPointer(5);
#endif
aotContext->initLoadScopeObjectPropertyLookup(838, []() { static const auto t = QMetaType::fromName("QQuickItem*"); return t; }());
if (aotContext->engine->hasError()) {
aotContext->setReturnValueUndefined();
if (argv[0]) {
    *static_cast<QObject * *>(argv[0]) = nullptr;
}
return;
}
}
{
}
{
}
// generate_Ret
if (argv[0]) {
    *static_cast<QObject * *>(argv[0]) = r2_0;
}
return;
}
 },{ 145, 0, [](QV4::ExecutableCompilationUnit *unit, QMetaType *argTypes) {
    struct { QV4::ExecutableCompilationUnit *compilationUnit; } c { unit };
    const auto *aotContext = &c;
    Q_UNUSED(aotContext);
    argTypes[0] = QMetaType::fromType<double>();
}, 
    [](const QQmlPrivate::AOTCompiledContext *aotContext, void **argv) {
Q_UNUSED(aotContext)
Q_UNUSED(argv)
// expression for width at line 287, column 17
QObject *r2_0;
double r2_1;
// generate_LoadQmlContextPropertyLookup
#ifndef QT_NO_DEBUG
aotContext->setInstructionPointer(5);
#endif
while (!aotContext->loadScopeObjectPropertyLookup(839, &r2_0)) {
#ifdef QT_NO_DEBUG
aotContext->setInstructionPointer(5);
#endif
aotContext->initLoadScopeObjectPropertyLookup(839, []() { static const auto t = QMetaType::fromName("QQuickItem*"); return t; }());
if (aotContext->engine->hasError()) {
aotContext->setReturnValueUndefined();
if (argv[0]) {
    *static_cast<double *>(argv[0]) = double();
}
return;
}
}
{
}
// generate_GetLookup
#ifndef QT_NO_DEBUG
aotContext->setInstructionPointer(10);
#endif
while (!aotContext->getObjectLookup(840, r2_0, &r2_1)) {
#ifdef QT_NO_DEBUG
aotContext->setInstructionPointer(10);
#endif
aotContext->initGetObjectLookup(840, r2_0, QMetaType::fromType<double>());
if (aotContext->engine->hasError()) {
aotContext->setReturnValueUndefined();
if (argv[0]) {
    *static_cast<double *>(argv[0]) = double();
}
return;
}
}
{
}
{
}
// generate_Ret
if (argv[0]) {
    *static_cast<double *>(argv[0]) = r2_1;
}
return;
}
 },{ 146, 0, [](QV4::ExecutableCompilationUnit *unit, QMetaType *argTypes) {
    struct { QV4::ExecutableCompilationUnit *compilationUnit; } c { unit };
    const auto *aotContext = &c;
    Q_UNUSED(aotContext);
    argTypes[0] = QMetaType::fromType<double>();
}, 
    [](const QQmlPrivate::AOTCompiledContext *aotContext, void **argv) {
Q_UNUSED(aotContext)
Q_UNUSED(argv)
// expression for height at line 288, column 17
double r2_1;
double r7_0;
double r2_2;
QObject *r2_0;
// generate_LoadQmlContextPropertyLookup
#ifndef QT_NO_DEBUG
aotContext->setInstructionPointer(5);
#endif
while (!aotContext->loadScopeObjectPropertyLookup(841, &r2_0)) {
#ifdef QT_NO_DEBUG
aotContext->setInstructionPointer(5);
#endif
aotContext->initLoadScopeObjectPropertyLookup(841, []() { static const auto t = QMetaType::fromName("QQuickItem*"); return t; }());
if (aotContext->engine->hasError()) {
aotContext->setReturnValueUndefined();
if (argv[0]) {
    *static_cast<double *>(argv[0]) = double();
}
return;
}
}
{
}
// generate_GetLookup
#ifndef QT_NO_DEBUG
aotContext->setInstructionPointer(10);
#endif
while (!aotContext->getObjectLookup(842, r2_0, &r2_1)) {
#ifdef QT_NO_DEBUG
aotContext->setInstructionPointer(10);
#endif
aotContext->initGetObjectLookup(842, r2_0, QMetaType::fromType<double>());
if (aotContext->engine->hasError()) {
aotContext->setReturnValueUndefined();
if (argv[0]) {
    *static_cast<double *>(argv[0]) = double();
}
return;
}
}
{
}
// generate_StoreReg
r7_0 = r2_1;
{
}
// generate_LoadInt
r2_2 = double(38);
{
}
// generate_Sub
r2_2 = (r7_0 - r2_2);
{
}
{
}
// generate_Ret
if (argv[0]) {
    *static_cast<double *>(argv[0]) = r2_2;
}
return;
}
 },{ 147, 0, [](QV4::ExecutableCompilationUnit *unit, QMetaType *argTypes) {
    struct { QV4::ExecutableCompilationUnit *compilationUnit; } c { unit };
    const auto *aotContext = &c;
    Q_UNUSED(aotContext);
    argTypes[0] = []() { static const auto t = QMetaType::fromName("QQmlComponent*"); return t; }();
}, 
    [](const QQmlPrivate::AOTCompiledContext *aotContext, void **argv) {
Q_UNUSED(aotContext)
Q_UNUSED(argv)
// expression for sourceComponent at line 289, column 17
QString r7_0;
QString r2_1;
QObject *r2_7;
QObject *r2_5;
QObject *r2_9;
QString r8_0;
QObject *r2_8;
QObject *r2_4;
QString r2_2;
bool r2_3;
QObject *r2_0;
QString r2_6;
// generate_LoadQmlContextPropertyLookup
#ifndef QT_NO_DEBUG
aotContext->setInstructionPointer(5);
#endif
while (!aotContext->loadContextIdLookup(843, &r2_0)) {
#ifdef QT_NO_DEBUG
aotContext->setInstructionPointer(5);
#endif
aotContext->initLoadContextIdLookup(843);
if (aotContext->engine->hasError()) {
aotContext->setReturnValueUndefined();
if (argv[0]) {
    *static_cast<QQmlComponent * *>(argv[0]) = nullptr;
}
return;
}
}
{
}
// generate_GetLookup
#ifndef QT_NO_DEBUG
aotContext->setInstructionPointer(10);
#endif
while (!aotContext->getObjectLookup(844, r2_0, &r2_1)) {
#ifdef QT_NO_DEBUG
aotContext->setInstructionPointer(10);
#endif
aotContext->initGetObjectLookup(844, r2_0, QMetaType::fromType<QString>());
if (aotContext->engine->hasError()) {
aotContext->setReturnValueUndefined();
if (argv[0]) {
    *static_cast<QQmlComponent * *>(argv[0]) = nullptr;
}
return;
}
}
{
}
// generate_StoreReg
r7_0 = std::move(r2_1);
{
}
// generate_LoadRuntimeString
r2_2 = QStringLiteral("outline");
{
}
// generate_CmpStrictEqual
r2_3 = r7_0 == r2_2;
{
}
// generate_JumpFalse
if (!r2_3) {
    goto label_0;
}
{
}
// generate_LoadQmlContextPropertyLookup
#ifndef QT_NO_DEBUG
aotContext->setInstructionPointer(26);
#endif
while (!aotContext->loadContextIdLookup(845, &r2_4)) {
#ifdef QT_NO_DEBUG
aotContext->setInstructionPointer(26);
#endif
aotContext->initLoadContextIdLookup(845);
if (aotContext->engine->hasError()) {
aotContext->setReturnValueUndefined();
if (argv[0]) {
    *static_cast<QQmlComponent * *>(argv[0]) = nullptr;
}
return;
}
}
{
}
// generate_Jump
{
r2_9 = r2_4;
    goto label_1;
}
label_0:;
// generate_LoadQmlContextPropertyLookup
#ifndef QT_NO_DEBUG
aotContext->setInstructionPointer(33);
#endif
while (!aotContext->loadContextIdLookup(846, &r2_5)) {
#ifdef QT_NO_DEBUG
aotContext->setInstructionPointer(33);
#endif
aotContext->initLoadContextIdLookup(846);
if (aotContext->engine->hasError()) {
aotContext->setReturnValueUndefined();
if (argv[0]) {
    *static_cast<QQmlComponent * *>(argv[0]) = nullptr;
}
return;
}
}
{
}
// generate_GetLookup
#ifndef QT_NO_DEBUG
aotContext->setInstructionPointer(38);
#endif
while (!aotContext->getObjectLookup(847, r2_5, &r2_6)) {
#ifdef QT_NO_DEBUG
aotContext->setInstructionPointer(38);
#endif
aotContext->initGetObjectLookup(847, r2_5, QMetaType::fromType<QString>());
if (aotContext->engine->hasError()) {
aotContext->setReturnValueUndefined();
if (argv[0]) {
    *static_cast<QQmlComponent * *>(argv[0]) = nullptr;
}
return;
}
}
{
}
// generate_StoreReg
r8_0 = std::move(r2_6);
{
}
// generate_LoadRuntimeString
r2_2 = QStringLiteral("search");
{
}
// generate_CmpStrictEqual
r2_3 = r8_0 == r2_2;
{
}
// generate_JumpFalse
if (!r2_3) {
    goto label_2;
}
{
}
// generate_LoadQmlContextPropertyLookup
#ifndef QT_NO_DEBUG
aotContext->setInstructionPointer(54);
#endif
while (!aotContext->loadContextIdLookup(848, &r2_7)) {
#ifdef QT_NO_DEBUG
aotContext->setInstructionPointer(54);
#endif
aotContext->initLoadContextIdLookup(848);
if (aotContext->engine->hasError()) {
aotContext->setReturnValueUndefined();
if (argv[0]) {
    *static_cast<QQmlComponent * *>(argv[0]) = nullptr;
}
return;
}
}
{
}
// generate_Jump
{
r2_9 = r2_7;
    goto label_1;
}
label_2:;
// generate_LoadQmlContextPropertyLookup
#ifndef QT_NO_DEBUG
aotContext->setInstructionPointer(61);
#endif
while (!aotContext->loadContextIdLookup(849, &r2_8)) {
#ifdef QT_NO_DEBUG
aotContext->setInstructionPointer(61);
#endif
aotContext->initLoadContextIdLookup(849);
if (aotContext->engine->hasError()) {
aotContext->setReturnValueUndefined();
if (argv[0]) {
    *static_cast<QQmlComponent * *>(argv[0]) = nullptr;
}
return;
}
}
{
r2_9 = std::move(r2_8);
}
label_1:;
{
}
// generate_Ret
if (argv[0]) {
    *static_cast<QQmlComponent * *>(argv[0]) = static_cast<QQmlComponent *>(r2_9);
}
return;
}
 },{ 148, 0, [](QV4::ExecutableCompilationUnit *unit, QMetaType *argTypes) {
    struct { QV4::ExecutableCompilationUnit *compilationUnit; } c { unit };
    const auto *aotContext = &c;
    Q_UNUSED(aotContext);
    argTypes[0] = QMetaType();
}, 
    [](const QQmlPrivate::AOTCompiledContext *aotContext, void **argv) {
Q_UNUSED(aotContext)
Q_UNUSED(argv)
// expression for onLoaded at line 294, column 17
QObject *r2_0;
QObject *r7_0;
// generate_CreateCallContext
{
{
}
// generate_LoadQmlContextPropertyLookup
#ifndef QT_NO_DEBUG
aotContext->setInstructionPointer(6);
#endif
while (!aotContext->loadContextIdLookup(850, &r2_0)) {
#ifdef QT_NO_DEBUG
aotContext->setInstructionPointer(6);
#endif
aotContext->initLoadContextIdLookup(850);
if (aotContext->engine->hasError()) {
aotContext->setReturnValueUndefined();
return;
}
}
{
}
// generate_StoreReg
r7_0 = r2_0;
{
}
// generate_CallPropertyLookup
{
void *args[] = { nullptr };
const QMetaType types[] = { QMetaType() };
#ifndef QT_NO_DEBUG
aotContext->setInstructionPointer(25);
#endif
while (!aotContext->callObjectPropertyLookup(851, r7_0, args, types, 0)) {
#ifdef QT_NO_DEBUG
aotContext->setInstructionPointer(25);
#endif
aotContext->initCallObjectPropertyLookup(851);
if (aotContext->engine->hasError()) {
aotContext->setReturnValueUndefined();
return;
}
}
}
{
}
{
}
// generate_PopContext
{}
}
{
}
{
}
// generate_Ret
return;
}
 },{ 150, 0, [](QV4::ExecutableCompilationUnit *unit, QMetaType *argTypes) {
    struct { QV4::ExecutableCompilationUnit *compilationUnit; } c { unit };
    const auto *aotContext = &c;
    Q_UNUSED(aotContext);
    argTypes[0] = QMetaType::fromType<double>();
}, 
    [](const QQmlPrivate::AOTCompiledContext *aotContext, void **argv) {
Q_UNUSED(aotContext)
Q_UNUSED(argv)
// expression for preferredHighlightBegin at line 311, column 13
double r13_0;
double r12_0;
double r2_1;
double r11_0;
double r2_0;
double r10_0;
{
}
{
}
// generate_MoveConst
r10_0 = double(0);
{
}
// generate_LoadQmlContextPropertyLookup
#ifndef QT_NO_DEBUG
aotContext->setInstructionPointer(15);
#endif
while (!aotContext->loadScopeObjectPropertyLookup(856, &r2_0)) {
#ifdef QT_NO_DEBUG
aotContext->setInstructionPointer(15);
#endif
aotContext->initLoadScopeObjectPropertyLookup(856, QMetaType::fromType<double>());
if (aotContext->engine->hasError()) {
aotContext->setReturnValueUndefined();
if (argv[0]) {
    *static_cast<double *>(argv[0]) = double();
}
return;
}
}
{
}
// generate_StoreReg
r12_0 = r2_0;
{
}
// generate_LoadInt
r2_1 = double(150);
{
}
// generate_Sub
r2_1 = (r12_0 - r2_1);
{
}
// generate_StoreReg
r13_0 = r2_1;
{
}
// generate_LoadInt
r2_1 = double(2);
{
}
// generate_Div
r2_1 = (r13_0 / r2_1);
{
}
// generate_StoreReg
r11_0 = r2_1;
{
}
// generate_CallPropertyLookup
{
const double arg1 = r10_0;
const double arg2 = r11_0;
r2_1 = [&]() { 
auto  tmpMax = (qIsNull(arg2) && qIsNull(arg1) && std::copysign(1.0, arg2) == 1) ? arg2 : ((arg2 > arg1 || std::isnan(arg2)) ? arg2 : arg1);
return tmpMax;
}();
}
{
}
{
}
// generate_Ret
if (argv[0]) {
    *static_cast<double *>(argv[0]) = r2_1;
}
return;
}
 },{ 151, 0, [](QV4::ExecutableCompilationUnit *unit, QMetaType *argTypes) {
    struct { QV4::ExecutableCompilationUnit *compilationUnit; } c { unit };
    const auto *aotContext = &c;
    Q_UNUSED(aotContext);
    argTypes[0] = QMetaType::fromType<double>();
}, 
    [](const QQmlPrivate::AOTCompiledContext *aotContext, void **argv) {
Q_UNUSED(aotContext)
Q_UNUSED(argv)
// expression for preferredHighlightEnd at line 312, column 13
double r7_0;
double r2_0;
double r2_1;
// generate_LoadQmlContextPropertyLookup
#ifndef QT_NO_DEBUG
aotContext->setInstructionPointer(5);
#endif
while (!aotContext->loadScopeObjectPropertyLookup(858, &r2_0)) {
#ifdef QT_NO_DEBUG
aotContext->setInstructionPointer(5);
#endif
aotContext->initLoadScopeObjectPropertyLookup(858, QMetaType::fromType<double>());
if (aotContext->engine->hasError()) {
aotContext->setReturnValueUndefined();
if (argv[0]) {
    *static_cast<double *>(argv[0]) = double();
}
return;
}
}
{
}
// generate_StoreReg
r7_0 = r2_0;
{
}
// generate_LoadInt
r2_1 = double(150);
{
}
// generate_Add
r2_1 = (r7_0 + r2_1);
{
}
{
}
// generate_Ret
if (argv[0]) {
    *static_cast<double *>(argv[0]) = r2_1;
}
return;
}
 },{ 152, 0, [](QV4::ExecutableCompilationUnit *unit, QMetaType *argTypes) {
    struct { QV4::ExecutableCompilationUnit *compilationUnit; } c { unit };
    const auto *aotContext = &c;
    Q_UNUSED(aotContext);
    argTypes[0] = []() { static const auto t = QMetaType::fromName("QQuickItemView::HighlightRangeMode"); return t; }();
}, 
    [](const QQmlPrivate::AOTCompiledContext *aotContext, void **argv) {
Q_UNUSED(aotContext)
Q_UNUSED(argv)
// expression for highlightRangeMode at line 313, column 13
int r2_0;
{
}
// generate_GetLookup
#ifndef QT_NO_DEBUG
aotContext->setInstructionPointer(10);
#endif
while (!aotContext->getEnumLookup(860, &r2_0)) {
#ifdef QT_NO_DEBUG
aotContext->setInstructionPointer(10);
#endif
aotContext->initGetEnumLookup(860, []() { static const auto t = QMetaType::fromName("QQuickItemView*"); return t; }().metaObject(), "HighlightRangeMode", "ApplyRange");
if (aotContext->engine->hasError()) {
aotContext->setReturnValueUndefined();
if (argv[0]) {
    const QMetaType returnType = []() { static const auto t = QMetaType::fromName("QQuickItemView::HighlightRangeMode"); return t; }();
    returnType.destruct(argv[0]);
    returnType.construct(argv[0]);
 }
return;
}
}
{
}
{
}
// generate_Ret
if (argv[0]) {
    const QMetaType returnType = QMetaType::fromType<int>();
    returnType.destruct(argv[0]);
    returnType.construct(argv[0], &r2_0);
}
return;
}
 },{ 153, 0, [](QV4::ExecutableCompilationUnit *unit, QMetaType *argTypes) {
    struct { QV4::ExecutableCompilationUnit *compilationUnit; } c { unit };
    const auto *aotContext = &c;
    Q_UNUSED(aotContext);
    argTypes[0] = QMetaType();
}, 
    [](const QQmlPrivate::AOTCompiledContext *aotContext, void **argv) {
Q_UNUSED(aotContext)
Q_UNUSED(argv)
// expression for onCountChanged at line 314, column 13
QObject *r7_0;
QObject *r2_0;
// generate_CreateCallContext
{
{
}
// generate_LoadQmlContextPropertyLookup
#ifndef QT_NO_DEBUG
aotContext->setInstructionPointer(6);
#endif
while (!aotContext->loadContextIdLookup(861, &r2_0)) {
#ifdef QT_NO_DEBUG
aotContext->setInstructionPointer(6);
#endif
aotContext->initLoadContextIdLookup(861);
if (aotContext->engine->hasError()) {
aotContext->setReturnValueUndefined();
return;
}
}
{
}
// generate_StoreReg
r7_0 = r2_0;
{
}
// generate_CallPropertyLookup
{
void *args[] = { nullptr };
const QMetaType types[] = { QMetaType() };
#ifndef QT_NO_DEBUG
aotContext->setInstructionPointer(25);
#endif
while (!aotContext->callObjectPropertyLookup(862, r7_0, args, types, 0)) {
#ifdef QT_NO_DEBUG
aotContext->setInstructionPointer(25);
#endif
aotContext->initCallObjectPropertyLookup(862);
if (aotContext->engine->hasError()) {
aotContext->setReturnValueUndefined();
return;
}
}
}
{
}
{
}
// generate_PopContext
{}
}
{
}
{
}
// generate_Ret
return;
}
 },{ 154, 0, [](QV4::ExecutableCompilationUnit *unit, QMetaType *argTypes) {
    struct { QV4::ExecutableCompilationUnit *compilationUnit; } c { unit };
    const auto *aotContext = &c;
    Q_UNUSED(aotContext);
    argTypes[0] = QMetaType();
}, 
    [](const QQmlPrivate::AOTCompiledContext *aotContext, void **argv) {
Q_UNUSED(aotContext)
Q_UNUSED(argv)
// expression for onHeightChanged at line 315, column 13
QObject *r7_0;
QObject *r2_0;
// generate_CreateCallContext
{
{
}
// generate_LoadQmlContextPropertyLookup
#ifndef QT_NO_DEBUG
aotContext->setInstructionPointer(6);
#endif
while (!aotContext->loadContextIdLookup(863, &r2_0)) {
#ifdef QT_NO_DEBUG
aotContext->setInstructionPointer(6);
#endif
aotContext->initLoadContextIdLookup(863);
if (aotContext->engine->hasError()) {
aotContext->setReturnValueUndefined();
return;
}
}
{
}
// generate_StoreReg
r7_0 = r2_0;
{
}
// generate_CallPropertyLookup
{
void *args[] = { nullptr };
const QMetaType types[] = { QMetaType() };
#ifndef QT_NO_DEBUG
aotContext->setInstructionPointer(25);
#endif
while (!aotContext->callObjectPropertyLookup(864, r7_0, args, types, 0)) {
#ifdef QT_NO_DEBUG
aotContext->setInstructionPointer(25);
#endif
aotContext->initCallObjectPropertyLookup(864);
if (aotContext->engine->hasError()) {
aotContext->setReturnValueUndefined();
return;
}
}
}
{
}
{
}
// generate_PopContext
{}
}
{
}
{
}
// generate_Ret
return;
}
 },{ 155, 0, [](QV4::ExecutableCompilationUnit *unit, QMetaType *argTypes) {
    struct { QV4::ExecutableCompilationUnit *compilationUnit; } c { unit };
    const auto *aotContext = &c;
    Q_UNUSED(aotContext);
    argTypes[0] = QMetaType();
}, 
    [](const QQmlPrivate::AOTCompiledContext *aotContext, void **argv) {
Q_UNUSED(aotContext)
Q_UNUSED(argv)
// expression for onVisibleChanged at line 316, column 13
QObject *r7_0;
QObject *r2_1;
bool r2_0;
// generate_CreateCallContext
{
{
}
// generate_LoadQmlContextPropertyLookup
#ifndef QT_NO_DEBUG
aotContext->setInstructionPointer(6);
#endif
while (!aotContext->loadScopeObjectPropertyLookup(865, &r2_0)) {
#ifdef QT_NO_DEBUG
aotContext->setInstructionPointer(6);
#endif
aotContext->initLoadScopeObjectPropertyLookup(865, QMetaType::fromType<bool>());
if (aotContext->engine->hasError()) {
aotContext->setReturnValueUndefined();
return;
}
}
{
}
// generate_JumpFalse
if (!r2_0) {
    goto label_0;
}
{
}
// generate_LoadQmlContextPropertyLookup
#ifndef QT_NO_DEBUG
aotContext->setInstructionPointer(13);
#endif
while (!aotContext->loadContextIdLookup(866, &r2_1)) {
#ifdef QT_NO_DEBUG
aotContext->setInstructionPointer(13);
#endif
aotContext->initLoadContextIdLookup(866);
if (aotContext->engine->hasError()) {
aotContext->setReturnValueUndefined();
return;
}
}
{
}
// generate_StoreReg
r7_0 = r2_1;
{
}
// generate_CallPropertyLookup
{
void *args[] = { nullptr };
const QMetaType types[] = { QMetaType() };
#ifndef QT_NO_DEBUG
aotContext->setInstructionPointer(32);
#endif
while (!aotContext->callObjectPropertyLookup(867, r7_0, args, types, 0)) {
#ifdef QT_NO_DEBUG
aotContext->setInstructionPointer(32);
#endif
aotContext->initCallObjectPropertyLookup(867);
if (aotContext->engine->hasError()) {
aotContext->setReturnValueUndefined();
return;
}
}
}
{
}
{
}
label_0:;
// generate_PopContext
{}
}
{
}
{
}
// generate_Ret
return;
}
 },{ 156, 0, [](QV4::ExecutableCompilationUnit *unit, QMetaType *argTypes) {
    struct { QV4::ExecutableCompilationUnit *compilationUnit; } c { unit };
    const auto *aotContext = &c;
    Q_UNUSED(aotContext);
    argTypes[0] = []() { static const auto t = QMetaType::fromName("QQuickItem*"); return t; }();
}, 
    [](const QQmlPrivate::AOTCompiledContext *aotContext, void **argv) {
Q_UNUSED(aotContext)
Q_UNUSED(argv)
// expression for fill at line 304, column 13
QObject *r2_0;
// generate_LoadQmlContextPropertyLookup
#ifndef QT_NO_DEBUG
aotContext->setInstructionPointer(5);
#endif
while (!aotContext->loadScopeObjectPropertyLookup(868, &r2_0)) {
#ifdef QT_NO_DEBUG
aotContext->setInstructionPointer(5);
#endif
aotContext->initLoadScopeObjectPropertyLookup(868, []() { static const auto t = QMetaType::fromName("QQuickItem*"); return t; }());
if (aotContext->engine->hasError()) {
aotContext->setReturnValueUndefined();
if (argv[0]) {
    *static_cast<QObject * *>(argv[0]) = nullptr;
}
return;
}
}
{
}
{
}
// generate_Ret
if (argv[0]) {
    *static_cast<QObject * *>(argv[0]) = r2_0;
}
return;
}
 },{ 157, 0, [](QV4::ExecutableCompilationUnit *unit, QMetaType *argTypes) {
    struct { QV4::ExecutableCompilationUnit *compilationUnit; } c { unit };
    const auto *aotContext = &c;
    Q_UNUSED(aotContext);
    argTypes[0] = QMetaType();
}, 
    [](const QQmlPrivate::AOTCompiledContext *aotContext, void **argv) {
Q_UNUSED(aotContext)
Q_UNUSED(argv)
// expression for onCompleted at line 317, column 13
QVariant r2_1;
QObject *r2_0;
QObject *r7_0;
QObject *r7_1;
QObject *r2_2;
// generate_CreateCallContext
{
{
}
// generate_LoadQmlContextPropertyLookup
#ifndef QT_NO_DEBUG
aotContext->setInstructionPointer(6);
#endif
while (!aotContext->loadContextIdLookup(869, &r2_0)) {
#ifdef QT_NO_DEBUG
aotContext->setInstructionPointer(6);
#endif
aotContext->initLoadContextIdLookup(869);
if (aotContext->engine->hasError()) {
aotContext->setReturnValueUndefined();
return;
}
}
{
}
// generate_StoreReg
r7_0 = r2_0;
{
}
// generate_LoadQmlContextPropertyLookup
{
QObject * retrieved;
#ifndef QT_NO_DEBUG
aotContext->setInstructionPointer(13);
#endif
while (!aotContext->loadContextIdLookup(870, &retrieved)) {
#ifdef QT_NO_DEBUG
aotContext->setInstructionPointer(13);
#endif
aotContext->initLoadContextIdLookup(870);
if (aotContext->engine->hasError()) {
aotContext->setReturnValueUndefined();
return;
}
}
r2_1 = QVariant::fromValue(std::move(retrieved));
}
{
}
// generate_SetLookup
{
#ifndef QT_NO_DEBUG
aotContext->setInstructionPointer(22);
#endif
while (!aotContext->setObjectLookup(871, r7_0, &r2_1)) {
#ifdef QT_NO_DEBUG
aotContext->setInstructionPointer(22);
#endif
aotContext->initSetObjectLookup(871, r7_0, QMetaType::fromType<QVariant>());
if (aotContext->engine->hasError()) {
aotContext->setReturnValueUndefined();
return;
}
}
}
{
}
// generate_LoadQmlContextPropertyLookup
#ifndef QT_NO_DEBUG
aotContext->setInstructionPointer(27);
#endif
while (!aotContext->loadContextIdLookup(872, &r2_2)) {
#ifdef QT_NO_DEBUG
aotContext->setInstructionPointer(27);
#endif
aotContext->initLoadContextIdLookup(872);
if (aotContext->engine->hasError()) {
aotContext->setReturnValueUndefined();
return;
}
}
{
}
// generate_StoreReg
r7_1 = r2_2;
{
}
// generate_CallPropertyLookup
{
void *args[] = { nullptr };
const QMetaType types[] = { QMetaType() };
#ifndef QT_NO_DEBUG
aotContext->setInstructionPointer(46);
#endif
while (!aotContext->callObjectPropertyLookup(873, r7_1, args, types, 0)) {
#ifdef QT_NO_DEBUG
aotContext->setInstructionPointer(46);
#endif
aotContext->initCallObjectPropertyLookup(873);
if (aotContext->engine->hasError()) {
aotContext->setReturnValueUndefined();
return;
}
}
}
{
}
{
}
// generate_PopContext
{}
}
{
}
{
}
// generate_Ret
return;
}
 },{ 158, 0, [](QV4::ExecutableCompilationUnit *unit, QMetaType *argTypes) {
    struct { QV4::ExecutableCompilationUnit *compilationUnit; } c { unit };
    const auto *aotContext = &c;
    Q_UNUSED(aotContext);
    argTypes[0] = QMetaType();
}, 
    [](const QQmlPrivate::AOTCompiledContext *aotContext, void **argv) {
Q_UNUSED(aotContext)
Q_UNUSED(argv)
// expression for onDestruction at line 321, column 13
QObject *r2_0;
QVariant r2_5;
QObject *r2_4;
QObject *r2_2;
QVariant r7_0;
bool r2_3;
QVariant r2_1;
QObject *r8_0;
// generate_CreateCallContext
{
{
}
// generate_LoadQmlContextPropertyLookup
#ifndef QT_NO_DEBUG
aotContext->setInstructionPointer(6);
#endif
while (!aotContext->loadContextIdLookup(874, &r2_0)) {
#ifdef QT_NO_DEBUG
aotContext->setInstructionPointer(6);
#endif
aotContext->initLoadContextIdLookup(874);
if (aotContext->engine->hasError()) {
aotContext->setReturnValueUndefined();
return;
}
}
{
}
// generate_GetLookup
#ifndef QT_NO_DEBUG
aotContext->setInstructionPointer(11);
#endif
while (!aotContext->getObjectLookup(875, r2_0, &r2_1)) {
#ifdef QT_NO_DEBUG
aotContext->setInstructionPointer(11);
#endif
aotContext->initGetObjectLookup(875, r2_0, QMetaType::fromType<QVariant>());
if (aotContext->engine->hasError()) {
aotContext->setReturnValueUndefined();
return;
}
}
{
}
// generate_StoreReg
r7_0 = std::move(r2_1);
{
}
// generate_LoadQmlContextPropertyLookup
#ifndef QT_NO_DEBUG
aotContext->setInstructionPointer(18);
#endif
while (!aotContext->loadContextIdLookup(876, &r2_2)) {
#ifdef QT_NO_DEBUG
aotContext->setInstructionPointer(18);
#endif
aotContext->initLoadContextIdLookup(876);
if (aotContext->engine->hasError()) {
aotContext->setReturnValueUndefined();
return;
}
}
{
}
// generate_CmpStrictEqual
r2_3 = ((r7_0.metaType().flags() & QMetaType::PointerToQObject)  && r2_2 == aotContext->engine->fromVariant<QObject *>(r7_0));
{
}
// generate_JumpFalse
if (!r2_3) {
    goto label_0;
}
{
}
// generate_LoadQmlContextPropertyLookup
#ifndef QT_NO_DEBUG
aotContext->setInstructionPointer(27);
#endif
while (!aotContext->loadContextIdLookup(877, &r2_4)) {
#ifdef QT_NO_DEBUG
aotContext->setInstructionPointer(27);
#endif
aotContext->initLoadContextIdLookup(877);
if (aotContext->engine->hasError()) {
aotContext->setReturnValueUndefined();
return;
}
}
{
}
// generate_StoreReg
r8_0 = r2_4;
{
}
// generate_LoadNull
r2_5 = QVariant::fromValue<std::nullptr_t>(nullptr);
{
}
{
}
// generate_SetLookup
{
#ifndef QT_NO_DEBUG
aotContext->setInstructionPointer(41);
#endif
while (!aotContext->setObjectLookup(878, r8_0, &r2_5)) {
#ifdef QT_NO_DEBUG
aotContext->setInstructionPointer(41);
#endif
aotContext->initSetObjectLookup(878, r8_0, QMetaType::fromType<QVariant>());
if (aotContext->engine->hasError()) {
aotContext->setReturnValueUndefined();
return;
}
}
}
{
}
{
}
label_0:;
// generate_PopContext
{}
}
{
}
{
}
// generate_Ret
return;
}
 },{ 159, 0, [](QV4::ExecutableCompilationUnit *unit, QMetaType *argTypes) {
    struct { QV4::ExecutableCompilationUnit *compilationUnit; } c { unit };
    const auto *aotContext = &c;
    Q_UNUSED(aotContext);
    argTypes[0] = QMetaType::fromType<double>();
}, 
    [](const QQmlPrivate::AOTCompiledContext *aotContext, void **argv) {
Q_UNUSED(aotContext)
Q_UNUSED(argv)
// expression for width at line 330, column 17
double r2_1;
QObject *r2_0;
// generate_LoadQmlContextPropertyLookup
#ifndef QT_NO_DEBUG
aotContext->setInstructionPointer(5);
#endif
while (!aotContext->loadContextIdLookup(879, &r2_0)) {
#ifdef QT_NO_DEBUG
aotContext->setInstructionPointer(5);
#endif
aotContext->initLoadContextIdLookup(879);
if (aotContext->engine->hasError()) {
aotContext->setReturnValueUndefined();
if (argv[0]) {
    *static_cast<double *>(argv[0]) = double();
}
return;
}
}
{
}
// generate_GetLookup
#ifndef QT_NO_DEBUG
aotContext->setInstructionPointer(10);
#endif
while (!aotContext->getObjectLookup(880, r2_0, &r2_1)) {
#ifdef QT_NO_DEBUG
aotContext->setInstructionPointer(10);
#endif
aotContext->initGetObjectLookup(880, r2_0, QMetaType::fromType<double>());
if (aotContext->engine->hasError()) {
aotContext->setReturnValueUndefined();
if (argv[0]) {
    *static_cast<double *>(argv[0]) = double();
}
return;
}
}
{
}
{
}
// generate_Ret
if (argv[0]) {
    *static_cast<double *>(argv[0]) = r2_1;
}
return;
}
 },{ 160, 0, [](QV4::ExecutableCompilationUnit *unit, QMetaType *argTypes) {
    struct { QV4::ExecutableCompilationUnit *compilationUnit; } c { unit };
    const auto *aotContext = &c;
    Q_UNUSED(aotContext);
    argTypes[0] = QMetaType::fromType<double>();
}, 
    [](const QQmlPrivate::AOTCompiledContext *aotContext, void **argv) {
Q_UNUSED(aotContext)
Q_UNUSED(argv)
// expression for radius at line 332, column 17
QObject *r2_0;
double r2_1;
// generate_LoadQmlContextPropertyLookup
#ifndef QT_NO_DEBUG
aotContext->setInstructionPointer(5);
#endif
while (!aotContext->loadSingletonLookup(881, &r2_0)) {
#ifdef QT_NO_DEBUG
aotContext->setInstructionPointer(5);
#endif
aotContext->initLoadSingletonLookup(881, QQmlPrivate::AOTCompiledContext::InvalidStringId);
if (aotContext->engine->hasError()) {
aotContext->setReturnValueUndefined();
if (argv[0]) {
    *static_cast<double *>(argv[0]) = double();
}
return;
}
}
{
}
// generate_GetLookup
{
int retrieved;
#ifndef QT_NO_DEBUG
aotContext->setInstructionPointer(10);
#endif
while (!aotContext->getObjectLookup(882, r2_0, &retrieved)) {
#ifdef QT_NO_DEBUG
aotContext->setInstructionPointer(10);
#endif
aotContext->initGetObjectLookup(882, r2_0, QMetaType::fromType<int>());
if (aotContext->engine->hasError()) {
aotContext->setReturnValueUndefined();
if (argv[0]) {
    *static_cast<double *>(argv[0]) = double();
}
return;
}
}
r2_1 = double(std::move(retrieved));
}
{
}
{
}
// generate_Ret
if (argv[0]) {
    *static_cast<double *>(argv[0]) = r2_1;
}
return;
}
 },{ 161, 0, [](QV4::ExecutableCompilationUnit *unit, QMetaType *argTypes) {
    struct { QV4::ExecutableCompilationUnit *compilationUnit; } c { unit };
    const auto *aotContext = &c;
    Q_UNUSED(aotContext);
    argTypes[0] = []() { static const auto t = QMetaType::fromName("QColor"); return t; }();
}, 
    [](const QQmlPrivate::AOTCompiledContext *aotContext, void **argv) {
Q_UNUSED(aotContext)
Q_UNUSED(argv)
// expression for color at line 333, column 17
QObject *r2_0;
QObject *r2_4;
bool r2_7;
QVariant r2_9;
int r7_0;
QVariant r2_8;
int r2_1;
QVariant r2_5;
int r2_2;
QObject *r2_6;
bool r2_3;
// generate_LoadQmlContextPropertyLookup
#ifndef QT_NO_DEBUG
aotContext->setInstructionPointer(5);
#endif
while (!aotContext->loadContextIdLookup(883, &r2_0)) {
#ifdef QT_NO_DEBUG
aotContext->setInstructionPointer(5);
#endif
aotContext->initLoadContextIdLookup(883);
if (aotContext->engine->hasError()) {
aotContext->setReturnValueUndefined();
if (argv[0]) {
    const QMetaType returnType = []() { static const auto t = QMetaType::fromName("QColor"); return t; }();
    returnType.destruct(argv[0]);
    returnType.construct(argv[0]);
 }
return;
}
}
{
}
// generate_GetLookup
#ifndef QT_NO_DEBUG
aotContext->setInstructionPointer(10);
#endif
while (!aotContext->getObjectLookup(884, r2_0, &r2_1)) {
#ifdef QT_NO_DEBUG
aotContext->setInstructionPointer(10);
#endif
aotContext->initGetObjectLookup(884, r2_0, QMetaType::fromType<int>());
if (aotContext->engine->hasError()) {
aotContext->setReturnValueUndefined();
if (argv[0]) {
    const QMetaType returnType = []() { static const auto t = QMetaType::fromName("QColor"); return t; }();
    returnType.destruct(argv[0]);
    returnType.construct(argv[0]);
 }
return;
}
}
{
}
// generate_StoreReg
r7_0 = r2_1;
{
}
// generate_LoadQmlContextPropertyLookup
#ifndef QT_NO_DEBUG
aotContext->setInstructionPointer(17);
#endif
while (!aotContext->loadScopeObjectPropertyLookup(885, &r2_2)) {
#ifdef QT_NO_DEBUG
aotContext->setInstructionPointer(17);
#endif
aotContext->initLoadScopeObjectPropertyLookup(885, QMetaType::fromType<int>());
if (aotContext->engine->hasError()) {
aotContext->setReturnValueUndefined();
if (argv[0]) {
    const QMetaType returnType = []() { static const auto t = QMetaType::fromName("QColor"); return t; }();
    returnType.destruct(argv[0]);
    returnType.construct(argv[0]);
 }
return;
}
}
{
}
// generate_CmpStrictEqual
r2_3 = r7_0 == r2_2;
{
}
// generate_JumpFalse
if (!r2_3) {
    goto label_0;
}
{
}
// generate_LoadQmlContextPropertyLookup
#ifndef QT_NO_DEBUG
aotContext->setInstructionPointer(26);
#endif
while (!aotContext->loadSingletonLookup(886, &r2_4)) {
#ifdef QT_NO_DEBUG
aotContext->setInstructionPointer(26);
#endif
aotContext->initLoadSingletonLookup(886, QQmlPrivate::AOTCompiledContext::InvalidStringId);
if (aotContext->engine->hasError()) {
aotContext->setReturnValueUndefined();
if (argv[0]) {
    const QMetaType returnType = []() { static const auto t = QMetaType::fromName("QColor"); return t; }();
    returnType.destruct(argv[0]);
    returnType.construct(argv[0]);
 }
return;
}
}
{
}
// generate_GetLookup
#ifndef QT_NO_DEBUG
aotContext->setInstructionPointer(31);
#endif
r2_5 = QVariant(aotContext->lookupResultMetaType(887));
while (!aotContext->getObjectLookup(887, r2_4, r2_5.data())) {
#ifdef QT_NO_DEBUG
aotContext->setInstructionPointer(31);
#endif
aotContext->initGetObjectLookup(887, r2_4, r2_5.metaType());
if (aotContext->engine->hasError()) {
aotContext->setReturnValueUndefined();
if (argv[0]) {
    const QMetaType returnType = []() { static const auto t = QMetaType::fromName("QColor"); return t; }();
    returnType.destruct(argv[0]);
    returnType.construct(argv[0]);
 }
return;
}
r2_5 = QVariant(aotContext->lookupResultMetaType(887));
}
{
}
// generate_Jump
{
r2_9 = r2_5;
    goto label_1;
}
label_0:;
// generate_LoadQmlContextPropertyLookup
#ifndef QT_NO_DEBUG
aotContext->setInstructionPointer(38);
#endif
while (!aotContext->loadContextIdLookup(888, &r2_6)) {
#ifdef QT_NO_DEBUG
aotContext->setInstructionPointer(38);
#endif
aotContext->initLoadContextIdLookup(888);
if (aotContext->engine->hasError()) {
aotContext->setReturnValueUndefined();
if (argv[0]) {
    const QMetaType returnType = []() { static const auto t = QMetaType::fromName("QColor"); return t; }();
    returnType.destruct(argv[0]);
    returnType.construct(argv[0]);
 }
return;
}
}
{
}
// generate_GetLookup
#ifndef QT_NO_DEBUG
aotContext->setInstructionPointer(43);
#endif
while (!aotContext->getObjectLookup(889, r2_6, &r2_7)) {
#ifdef QT_NO_DEBUG
aotContext->setInstructionPointer(43);
#endif
aotContext->initGetObjectLookup(889, r2_6, QMetaType::fromType<bool>());
if (aotContext->engine->hasError()) {
aotContext->setReturnValueUndefined();
if (argv[0]) {
    const QMetaType returnType = []() { static const auto t = QMetaType::fromName("QColor"); return t; }();
    returnType.destruct(argv[0]);
    returnType.construct(argv[0]);
 }
return;
}
}
{
}
// generate_JumpFalse
if (!r2_7) {
    goto label_2;
}
{
}
// generate_LoadQmlContextPropertyLookup
#ifndef QT_NO_DEBUG
aotContext->setInstructionPointer(50);
#endif
while (!aotContext->loadSingletonLookup(890, &r2_4)) {
#ifdef QT_NO_DEBUG
aotContext->setInstructionPointer(50);
#endif
aotContext->initLoadSingletonLookup(890, QQmlPrivate::AOTCompiledContext::InvalidStringId);
if (aotContext->engine->hasError()) {
aotContext->setReturnValueUndefined();
if (argv[0]) {
    const QMetaType returnType = []() { static const auto t = QMetaType::fromName("QColor"); return t; }();
    returnType.destruct(argv[0]);
    returnType.construct(argv[0]);
 }
return;
}
}
{
}
// generate_GetLookup
#ifndef QT_NO_DEBUG
aotContext->setInstructionPointer(55);
#endif
r2_8 = QVariant(aotContext->lookupResultMetaType(891));
while (!aotContext->getObjectLookup(891, r2_4, r2_8.data())) {
#ifdef QT_NO_DEBUG
aotContext->setInstructionPointer(55);
#endif
aotContext->initGetObjectLookup(891, r2_4, r2_8.metaType());
if (aotContext->engine->hasError()) {
aotContext->setReturnValueUndefined();
if (argv[0]) {
    const QMetaType returnType = []() { static const auto t = QMetaType::fromName("QColor"); return t; }();
    returnType.destruct(argv[0]);
    returnType.construct(argv[0]);
 }
return;
}
r2_8 = QVariant(aotContext->lookupResultMetaType(891));
}
{
}
// generate_Jump
{
r2_9 = r2_8;
    goto label_1;
}
label_2:;
// generate_LoadRuntimeString
r2_9 = [&](){ auto arg = QStringLiteral("transparent"); return aotContext->constructValueType([]() { static const auto t = QMetaType::fromName("QColor"); return t; }(), []() { static const auto t = QMetaType::fromName("QQuickColorValueType"); return t; }().metaObject(), 1, &arg); }();
{
}
label_1:;
{
}
// generate_Ret
if (argv[0]) {
    if (!r2_9.isValid())
        aotContext->setReturnValueUndefined();
    const QMetaType returnType = r2_9.metaType();
    returnType.destruct(argv[0]);
    returnType.construct(argv[0], r2_9.data());
}
return;
}
 },{ 162, 0, [](QV4::ExecutableCompilationUnit *unit, QMetaType *argTypes) {
    struct { QV4::ExecutableCompilationUnit *compilationUnit; } c { unit };
    const auto *aotContext = &c;
    Q_UNUSED(aotContext);
    argTypes[0] = []() { static const auto t = QMetaType::fromName("QColor"); return t; }();
}, 
    [](const QQmlPrivate::AOTCompiledContext *aotContext, void **argv) {
Q_UNUSED(aotContext)
Q_UNUSED(argv)
// expression for color at line 335, column 17
QVariant r2_6;
QObject *r2_0;
int r2_1;
QObject *r2_4;
int r7_0;
QVariant r2_7;
int r2_2;
bool r2_3;
QVariant r2_5;
// generate_LoadQmlContextPropertyLookup
#ifndef QT_NO_DEBUG
aotContext->setInstructionPointer(5);
#endif
while (!aotContext->loadContextIdLookup(892, &r2_0)) {
#ifdef QT_NO_DEBUG
aotContext->setInstructionPointer(5);
#endif
aotContext->initLoadContextIdLookup(892);
if (aotContext->engine->hasError()) {
aotContext->setReturnValueUndefined();
if (argv[0]) {
    const QMetaType returnType = []() { static const auto t = QMetaType::fromName("QColor"); return t; }();
    returnType.destruct(argv[0]);
    returnType.construct(argv[0]);
 }
return;
}
}
{
}
// generate_GetLookup
#ifndef QT_NO_DEBUG
aotContext->setInstructionPointer(10);
#endif
while (!aotContext->getObjectLookup(893, r2_0, &r2_1)) {
#ifdef QT_NO_DEBUG
aotContext->setInstructionPointer(10);
#endif
aotContext->initGetObjectLookup(893, r2_0, QMetaType::fromType<int>());
if (aotContext->engine->hasError()) {
aotContext->setReturnValueUndefined();
if (argv[0]) {
    const QMetaType returnType = []() { static const auto t = QMetaType::fromName("QColor"); return t; }();
    returnType.destruct(argv[0]);
    returnType.construct(argv[0]);
 }
return;
}
}
{
}
// generate_StoreReg
r7_0 = r2_1;
{
}
// generate_LoadQmlContextPropertyLookup
#ifndef QT_NO_DEBUG
aotContext->setInstructionPointer(17);
#endif
while (!aotContext->loadScopeObjectPropertyLookup(894, &r2_2)) {
#ifdef QT_NO_DEBUG
aotContext->setInstructionPointer(17);
#endif
aotContext->initLoadScopeObjectPropertyLookup(894, QMetaType::fromType<int>());
if (aotContext->engine->hasError()) {
aotContext->setReturnValueUndefined();
if (argv[0]) {
    const QMetaType returnType = []() { static const auto t = QMetaType::fromName("QColor"); return t; }();
    returnType.destruct(argv[0]);
    returnType.construct(argv[0]);
 }
return;
}
}
{
}
// generate_CmpStrictEqual
r2_3 = r7_0 == r2_2;
{
}
// generate_JumpFalse
if (!r2_3) {
    goto label_0;
}
{
}
// generate_LoadQmlContextPropertyLookup
#ifndef QT_NO_DEBUG
aotContext->setInstructionPointer(26);
#endif
while (!aotContext->loadSingletonLookup(895, &r2_4)) {
#ifdef QT_NO_DEBUG
aotContext->setInstructionPointer(26);
#endif
aotContext->initLoadSingletonLookup(895, QQmlPrivate::AOTCompiledContext::InvalidStringId);
if (aotContext->engine->hasError()) {
aotContext->setReturnValueUndefined();
if (argv[0]) {
    const QMetaType returnType = []() { static const auto t = QMetaType::fromName("QColor"); return t; }();
    returnType.destruct(argv[0]);
    returnType.construct(argv[0]);
 }
return;
}
}
{
}
// generate_GetLookup
#ifndef QT_NO_DEBUG
aotContext->setInstructionPointer(31);
#endif
r2_5 = QVariant(aotContext->lookupResultMetaType(896));
while (!aotContext->getObjectLookup(896, r2_4, r2_5.data())) {
#ifdef QT_NO_DEBUG
aotContext->setInstructionPointer(31);
#endif
aotContext->initGetObjectLookup(896, r2_4, r2_5.metaType());
if (aotContext->engine->hasError()) {
aotContext->setReturnValueUndefined();
if (argv[0]) {
    const QMetaType returnType = []() { static const auto t = QMetaType::fromName("QColor"); return t; }();
    returnType.destruct(argv[0]);
    returnType.construct(argv[0]);
 }
return;
}
r2_5 = QVariant(aotContext->lookupResultMetaType(896));
}
{
}
// generate_Jump
{
r2_7 = r2_5;
    goto label_1;
}
label_0:;
// generate_LoadQmlContextPropertyLookup
#ifndef QT_NO_DEBUG
aotContext->setInstructionPointer(38);
#endif
while (!aotContext->loadSingletonLookup(897, &r2_4)) {
#ifdef QT_NO_DEBUG
aotContext->setInstructionPointer(38);
#endif
aotContext->initLoadSingletonLookup(897, QQmlPrivate::AOTCompiledContext::InvalidStringId);
if (aotContext->engine->hasError()) {
aotContext->setReturnValueUndefined();
if (argv[0]) {
    const QMetaType returnType = []() { static const auto t = QMetaType::fromName("QColor"); return t; }();
    returnType.destruct(argv[0]);
    returnType.construct(argv[0]);
 }
return;
}
}
{
}
// generate_GetLookup
#ifndef QT_NO_DEBUG
aotContext->setInstructionPointer(43);
#endif
r2_6 = QVariant(aotContext->lookupResultMetaType(898));
while (!aotContext->getObjectLookup(898, r2_4, r2_6.data())) {
#ifdef QT_NO_DEBUG
aotContext->setInstructionPointer(43);
#endif
aotContext->initGetObjectLookup(898, r2_4, r2_6.metaType());
if (aotContext->engine->hasError()) {
aotContext->setReturnValueUndefined();
if (argv[0]) {
    const QMetaType returnType = []() { static const auto t = QMetaType::fromName("QColor"); return t; }();
    returnType.destruct(argv[0]);
    returnType.construct(argv[0]);
 }
return;
}
r2_6 = QVariant(aotContext->lookupResultMetaType(898));
}
{
r2_7 = std::move(r2_6);
}
label_1:;
{
}
// generate_Ret
if (argv[0]) {
    if (!r2_7.isValid())
        aotContext->setReturnValueUndefined();
    const QMetaType returnType = r2_7.metaType();
    returnType.destruct(argv[0]);
    returnType.construct(argv[0], r2_7.data());
}
return;
}
 },{ 163, 0, [](QV4::ExecutableCompilationUnit *unit, QMetaType *argTypes) {
    struct { QV4::ExecutableCompilationUnit *compilationUnit; } c { unit };
    const auto *aotContext = &c;
    Q_UNUSED(aotContext);
    argTypes[0] = QMetaType::fromType<double>();
}, 
    [](const QQmlPrivate::AOTCompiledContext *aotContext, void **argv) {
Q_UNUSED(aotContext)
Q_UNUSED(argv)
// expression for width at line 336, column 17
int r7_0;
int r2_1;
int r2_2;
double r2_4;
QObject *r2_0;
bool r2_3;
// generate_LoadQmlContextPropertyLookup
#ifndef QT_NO_DEBUG
aotContext->setInstructionPointer(5);
#endif
while (!aotContext->loadContextIdLookup(899, &r2_0)) {
#ifdef QT_NO_DEBUG
aotContext->setInstructionPointer(5);
#endif
aotContext->initLoadContextIdLookup(899);
if (aotContext->engine->hasError()) {
aotContext->setReturnValueUndefined();
if (argv[0]) {
    *static_cast<double *>(argv[0]) = double();
}
return;
}
}
{
}
// generate_GetLookup
#ifndef QT_NO_DEBUG
aotContext->setInstructionPointer(10);
#endif
while (!aotContext->getObjectLookup(900, r2_0, &r2_1)) {
#ifdef QT_NO_DEBUG
aotContext->setInstructionPointer(10);
#endif
aotContext->initGetObjectLookup(900, r2_0, QMetaType::fromType<int>());
if (aotContext->engine->hasError()) {
aotContext->setReturnValueUndefined();
if (argv[0]) {
    *static_cast<double *>(argv[0]) = double();
}
return;
}
}
{
}
// generate_StoreReg
r7_0 = r2_1;
{
}
// generate_LoadQmlContextPropertyLookup
#ifndef QT_NO_DEBUG
aotContext->setInstructionPointer(17);
#endif
while (!aotContext->loadScopeObjectPropertyLookup(901, &r2_2)) {
#ifdef QT_NO_DEBUG
aotContext->setInstructionPointer(17);
#endif
aotContext->initLoadScopeObjectPropertyLookup(901, QMetaType::fromType<int>());
if (aotContext->engine->hasError()) {
aotContext->setReturnValueUndefined();
if (argv[0]) {
    *static_cast<double *>(argv[0]) = double();
}
return;
}
}
{
}
// generate_CmpStrictEqual
r2_3 = r7_0 == r2_2;
{
}
// generate_JumpFalse
if (!r2_3) {
    goto label_0;
}
{
}
// generate_LoadInt
r2_4 = double(2);
{
}
// generate_Jump
{
    goto label_1;
}
label_0:;
// generate_LoadInt
r2_4 = double(1);
{
}
label_1:;
{
}
// generate_Ret
if (argv[0]) {
    *static_cast<double *>(argv[0]) = r2_4;
}
return;
}
 },{ 164, 0, [](QV4::ExecutableCompilationUnit *unit, QMetaType *argTypes) {
    struct { QV4::ExecutableCompilationUnit *compilationUnit; } c { unit };
    const auto *aotContext = &c;
    Q_UNUSED(aotContext);
    argTypes[0] = QMetaType::fromType<double>();
}, 
    [](const QQmlPrivate::AOTCompiledContext *aotContext, void **argv) {
Q_UNUSED(aotContext)
Q_UNUSED(argv)
// expression for width at line 345, column 21
double r12_0;
double r2_2;
double r11_0;
QObject *r2_0;
double r2_1;
double r10_0;
{
}
{
}
// generate_LoadQmlContextPropertyLookup
#ifndef QT_NO_DEBUG
aotContext->setInstructionPointer(12);
#endif
while (!aotContext->loadScopeObjectPropertyLookup(903, &r2_0)) {
#ifdef QT_NO_DEBUG
aotContext->setInstructionPointer(12);
#endif
aotContext->initLoadScopeObjectPropertyLookup(903, []() { static const auto t = QMetaType::fromName("QQuickItem*"); return t; }());
if (aotContext->engine->hasError()) {
aotContext->setReturnValueUndefined();
if (argv[0]) {
    *static_cast<double *>(argv[0]) = double();
}
return;
}
}
{
}
// generate_GetLookup
#ifndef QT_NO_DEBUG
aotContext->setInstructionPointer(17);
#endif
while (!aotContext->getObjectLookup(904, r2_0, &r2_1)) {
#ifdef QT_NO_DEBUG
aotContext->setInstructionPointer(17);
#endif
aotContext->initGetObjectLookup(904, r2_0, QMetaType::fromType<double>());
if (aotContext->engine->hasError()) {
aotContext->setReturnValueUndefined();
if (argv[0]) {
    *static_cast<double *>(argv[0]) = double();
}
return;
}
}
{
}
// generate_StoreReg
r12_0 = r2_1;
{
}
// generate_LoadInt
r2_2 = double(18);
{
}
// generate_Sub
r2_2 = (r12_0 - r2_2);
{
}
// generate_StoreReg
r10_0 = r2_2;
{
}
// generate_MoveConst
r11_0 = double(104);
{
}
// generate_CallPropertyLookup
{
const double arg1 = r10_0;
const double arg2 = r11_0;
r2_2 = [&]() { 
auto  tmpMin = (qIsNull(arg2) && qIsNull(arg1) && std::copysign(1.0, arg2) == -1) ? arg2 : ((arg2 < arg1 || std::isnan(arg2)) ? arg2 : arg1);
return tmpMin;
}();
}
{
}
{
}
// generate_Ret
if (argv[0]) {
    *static_cast<double *>(argv[0]) = r2_2;
}
return;
}
 },{ 166, 0, [](QV4::ExecutableCompilationUnit *unit, QMetaType *argTypes) {
    struct { QV4::ExecutableCompilationUnit *compilationUnit; } c { unit };
    const auto *aotContext = &c;
    Q_UNUSED(aotContext);
    argTypes[0] = []() { static const auto t = QMetaType::fromName("QQuickImage::FillMode"); return t; }();
}, 
    [](const QQmlPrivate::AOTCompiledContext *aotContext, void **argv) {
Q_UNUSED(aotContext)
Q_UNUSED(argv)
// expression for fillMode at line 348, column 21
int r2_0;
{
}
// generate_GetLookup
#ifndef QT_NO_DEBUG
aotContext->setInstructionPointer(10);
#endif
while (!aotContext->getEnumLookup(911, &r2_0)) {
#ifdef QT_NO_DEBUG
aotContext->setInstructionPointer(10);
#endif
aotContext->initGetEnumLookup(911, []() { static const auto t = QMetaType::fromName("QQuickImage*"); return t; }().metaObject(), "FillMode", "PreserveAspectFit");
if (aotContext->engine->hasError()) {
aotContext->setReturnValueUndefined();
if (argv[0]) {
    const QMetaType returnType = []() { static const auto t = QMetaType::fromName("QQuickImage::FillMode"); return t; }();
    returnType.destruct(argv[0]);
    returnType.construct(argv[0]);
 }
return;
}
}
{
}
{
}
// generate_Ret
if (argv[0]) {
    const QMetaType returnType = QMetaType::fromType<int>();
    returnType.destruct(argv[0]);
    returnType.construct(argv[0], &r2_0);
}
return;
}
 },{ 168, 0, [](QV4::ExecutableCompilationUnit *unit, QMetaType *argTypes) {
    struct { QV4::ExecutableCompilationUnit *compilationUnit; } c { unit };
    const auto *aotContext = &c;
    Q_UNUSED(aotContext);
    argTypes[0] = []() { static const auto t = QMetaType::fromName("QQuickItem::TransformOrigin"); return t; }();
}, 
    [](const QQmlPrivate::AOTCompiledContext *aotContext, void **argv) {
Q_UNUSED(aotContext)
Q_UNUSED(argv)
// expression for transformOrigin at line 354, column 21
int r2_0;
{
}
// generate_GetLookup
#ifndef QT_NO_DEBUG
aotContext->setInstructionPointer(10);
#endif
while (!aotContext->getEnumLookup(917, &r2_0)) {
#ifdef QT_NO_DEBUG
aotContext->setInstructionPointer(10);
#endif
aotContext->initGetEnumLookup(917, []() { static const auto t = QMetaType::fromName("QQuickItem*"); return t; }().metaObject(), "TransformOrigin", "Center");
if (aotContext->engine->hasError()) {
aotContext->setReturnValueUndefined();
if (argv[0]) {
    const QMetaType returnType = []() { static const auto t = QMetaType::fromName("QQuickItem::TransformOrigin"); return t; }();
    returnType.destruct(argv[0]);
    returnType.construct(argv[0]);
 }
return;
}
}
{
}
{
}
// generate_Ret
if (argv[0]) {
    const QMetaType returnType = QMetaType::fromType<int>();
    returnType.destruct(argv[0]);
    returnType.construct(argv[0], &r2_0);
}
return;
}
 },{ 169, 0, [](QV4::ExecutableCompilationUnit *unit, QMetaType *argTypes) {
    struct { QV4::ExecutableCompilationUnit *compilationUnit; } c { unit };
    const auto *aotContext = &c;
    Q_UNUSED(aotContext);
    argTypes[0] = []() { static const auto t = QMetaType::fromName("QQuickAnchorLine"); return t; }();
}, 
    [](const QQmlPrivate::AOTCompiledContext *aotContext, void **argv) {
Q_UNUSED(aotContext)
Q_UNUSED(argv)
// expression for top at line 341, column 25
QVariant r2_1;
QObject *r2_0;
// generate_LoadQmlContextPropertyLookup
#ifndef QT_NO_DEBUG
aotContext->setInstructionPointer(5);
#endif
while (!aotContext->loadScopeObjectPropertyLookup(918, &r2_0)) {
#ifdef QT_NO_DEBUG
aotContext->setInstructionPointer(5);
#endif
aotContext->initLoadScopeObjectPropertyLookup(918, []() { static const auto t = QMetaType::fromName("QQuickItem*"); return t; }());
if (aotContext->engine->hasError()) {
aotContext->setReturnValueUndefined();
if (argv[0]) {
    const QMetaType returnType = []() { static const auto t = QMetaType::fromName("QQuickAnchorLine"); return t; }();
    returnType.destruct(argv[0]);
    returnType.construct(argv[0]);
 }
return;
}
}
{
}
// generate_GetLookup
#ifndef QT_NO_DEBUG
aotContext->setInstructionPointer(10);
#endif
r2_1 = QVariant(aotContext->lookupResultMetaType(919));
while (!aotContext->getObjectLookup(919, r2_0, r2_1.data())) {
#ifdef QT_NO_DEBUG
aotContext->setInstructionPointer(10);
#endif
aotContext->initGetObjectLookup(919, r2_0, r2_1.metaType());
if (aotContext->engine->hasError()) {
aotContext->setReturnValueUndefined();
if (argv[0]) {
    const QMetaType returnType = []() { static const auto t = QMetaType::fromName("QQuickAnchorLine"); return t; }();
    returnType.destruct(argv[0]);
    returnType.construct(argv[0]);
 }
return;
}
r2_1 = QVariant(aotContext->lookupResultMetaType(919));
}
{
}
{
}
// generate_Ret
if (argv[0]) {
    if (!r2_1.isValid())
        aotContext->setReturnValueUndefined();
    const QMetaType returnType = r2_1.metaType();
    returnType.destruct(argv[0]);
    returnType.construct(argv[0], r2_1.data());
}
return;
}
 },{ 170, 0, [](QV4::ExecutableCompilationUnit *unit, QMetaType *argTypes) {
    struct { QV4::ExecutableCompilationUnit *compilationUnit; } c { unit };
    const auto *aotContext = &c;
    Q_UNUSED(aotContext);
    argTypes[0] = []() { static const auto t = QMetaType::fromName("QQuickAnchorLine"); return t; }();
}, 
    [](const QQmlPrivate::AOTCompiledContext *aotContext, void **argv) {
Q_UNUSED(aotContext)
Q_UNUSED(argv)
// expression for horizontalCenter at line 342, column 25
QVariant r2_1;
QObject *r2_0;
// generate_LoadQmlContextPropertyLookup
#ifndef QT_NO_DEBUG
aotContext->setInstructionPointer(5);
#endif
while (!aotContext->loadScopeObjectPropertyLookup(920, &r2_0)) {
#ifdef QT_NO_DEBUG
aotContext->setInstructionPointer(5);
#endif
aotContext->initLoadScopeObjectPropertyLookup(920, []() { static const auto t = QMetaType::fromName("QQuickItem*"); return t; }());
if (aotContext->engine->hasError()) {
aotContext->setReturnValueUndefined();
if (argv[0]) {
    const QMetaType returnType = []() { static const auto t = QMetaType::fromName("QQuickAnchorLine"); return t; }();
    returnType.destruct(argv[0]);
    returnType.construct(argv[0]);
 }
return;
}
}
{
}
// generate_GetLookup
#ifndef QT_NO_DEBUG
aotContext->setInstructionPointer(10);
#endif
r2_1 = QVariant(aotContext->lookupResultMetaType(921));
while (!aotContext->getObjectLookup(921, r2_0, r2_1.data())) {
#ifdef QT_NO_DEBUG
aotContext->setInstructionPointer(10);
#endif
aotContext->initGetObjectLookup(921, r2_0, r2_1.metaType());
if (aotContext->engine->hasError()) {
aotContext->setReturnValueUndefined();
if (argv[0]) {
    const QMetaType returnType = []() { static const auto t = QMetaType::fromName("QQuickAnchorLine"); return t; }();
    returnType.destruct(argv[0]);
    returnType.construct(argv[0]);
 }
return;
}
r2_1 = QVariant(aotContext->lookupResultMetaType(921));
}
{
}
{
}
// generate_Ret
if (argv[0]) {
    if (!r2_1.isValid())
        aotContext->setReturnValueUndefined();
    const QMetaType returnType = r2_1.metaType();
    returnType.destruct(argv[0]);
    returnType.construct(argv[0], r2_1.data());
}
return;
}
 },{ 173, 0, [](QV4::ExecutableCompilationUnit *unit, QMetaType *argTypes) {
    struct { QV4::ExecutableCompilationUnit *compilationUnit; } c { unit };
    const auto *aotContext = &c;
    Q_UNUSED(aotContext);
    argTypes[0] = []() { static const auto t = QMetaType::fromName("QQuickText::HAlignment"); return t; }();
}, 
    [](const QQmlPrivate::AOTCompiledContext *aotContext, void **argv) {
Q_UNUSED(aotContext)
Q_UNUSED(argv)
// expression for horizontalAlignment at line 368, column 21
int r2_0;
{
}
// generate_GetLookup
#ifndef QT_NO_DEBUG
aotContext->setInstructionPointer(10);
#endif
while (!aotContext->getEnumLookup(933, &r2_0)) {
#ifdef QT_NO_DEBUG
aotContext->setInstructionPointer(10);
#endif
aotContext->initGetEnumLookup(933, []() { static const auto t = QMetaType::fromName("QQuickText*"); return t; }().metaObject(), "HAlignment", "AlignHCenter");
if (aotContext->engine->hasError()) {
aotContext->setReturnValueUndefined();
if (argv[0]) {
    const QMetaType returnType = []() { static const auto t = QMetaType::fromName("QQuickText::HAlignment"); return t; }();
    returnType.destruct(argv[0]);
    returnType.construct(argv[0]);
 }
return;
}
}
{
}
{
}
// generate_Ret
if (argv[0]) {
    const QMetaType returnType = QMetaType::fromType<int>();
    returnType.destruct(argv[0]);
    returnType.construct(argv[0], &r2_0);
}
return;
}
 },{ 174, 0, [](QV4::ExecutableCompilationUnit *unit, QMetaType *argTypes) {
    struct { QV4::ExecutableCompilationUnit *compilationUnit; } c { unit };
    const auto *aotContext = &c;
    Q_UNUSED(aotContext);
    argTypes[0] = []() { static const auto t = QMetaType::fromName("QQuickAnchorLine"); return t; }();
}, 
    [](const QQmlPrivate::AOTCompiledContext *aotContext, void **argv) {
Q_UNUSED(aotContext)
Q_UNUSED(argv)
// expression for left at line 359, column 25
QObject *r2_0;
QVariant r2_1;
// generate_LoadQmlContextPropertyLookup
#ifndef QT_NO_DEBUG
aotContext->setInstructionPointer(5);
#endif
while (!aotContext->loadScopeObjectPropertyLookup(934, &r2_0)) {
#ifdef QT_NO_DEBUG
aotContext->setInstructionPointer(5);
#endif
aotContext->initLoadScopeObjectPropertyLookup(934, []() { static const auto t = QMetaType::fromName("QQuickItem*"); return t; }());
if (aotContext->engine->hasError()) {
aotContext->setReturnValueUndefined();
if (argv[0]) {
    const QMetaType returnType = []() { static const auto t = QMetaType::fromName("QQuickAnchorLine"); return t; }();
    returnType.destruct(argv[0]);
    returnType.construct(argv[0]);
 }
return;
}
}
{
}
// generate_GetLookup
#ifndef QT_NO_DEBUG
aotContext->setInstructionPointer(10);
#endif
r2_1 = QVariant(aotContext->lookupResultMetaType(935));
while (!aotContext->getObjectLookup(935, r2_0, r2_1.data())) {
#ifdef QT_NO_DEBUG
aotContext->setInstructionPointer(10);
#endif
aotContext->initGetObjectLookup(935, r2_0, r2_1.metaType());
if (aotContext->engine->hasError()) {
aotContext->setReturnValueUndefined();
if (argv[0]) {
    const QMetaType returnType = []() { static const auto t = QMetaType::fromName("QQuickAnchorLine"); return t; }();
    returnType.destruct(argv[0]);
    returnType.construct(argv[0]);
 }
return;
}
r2_1 = QVariant(aotContext->lookupResultMetaType(935));
}
{
}
{
}
// generate_Ret
if (argv[0]) {
    if (!r2_1.isValid())
        aotContext->setReturnValueUndefined();
    const QMetaType returnType = r2_1.metaType();
    returnType.destruct(argv[0]);
    returnType.construct(argv[0], r2_1.data());
}
return;
}
 },{ 175, 0, [](QV4::ExecutableCompilationUnit *unit, QMetaType *argTypes) {
    struct { QV4::ExecutableCompilationUnit *compilationUnit; } c { unit };
    const auto *aotContext = &c;
    Q_UNUSED(aotContext);
    argTypes[0] = []() { static const auto t = QMetaType::fromName("QQuickAnchorLine"); return t; }();
}, 
    [](const QQmlPrivate::AOTCompiledContext *aotContext, void **argv) {
Q_UNUSED(aotContext)
Q_UNUSED(argv)
// expression for right at line 360, column 25
QVariant r2_1;
QObject *r2_0;
// generate_LoadQmlContextPropertyLookup
#ifndef QT_NO_DEBUG
aotContext->setInstructionPointer(5);
#endif
while (!aotContext->loadScopeObjectPropertyLookup(936, &r2_0)) {
#ifdef QT_NO_DEBUG
aotContext->setInstructionPointer(5);
#endif
aotContext->initLoadScopeObjectPropertyLookup(936, []() { static const auto t = QMetaType::fromName("QQuickItem*"); return t; }());
if (aotContext->engine->hasError()) {
aotContext->setReturnValueUndefined();
if (argv[0]) {
    const QMetaType returnType = []() { static const auto t = QMetaType::fromName("QQuickAnchorLine"); return t; }();
    returnType.destruct(argv[0]);
    returnType.construct(argv[0]);
 }
return;
}
}
{
}
// generate_GetLookup
#ifndef QT_NO_DEBUG
aotContext->setInstructionPointer(10);
#endif
r2_1 = QVariant(aotContext->lookupResultMetaType(937));
while (!aotContext->getObjectLookup(937, r2_0, r2_1.data())) {
#ifdef QT_NO_DEBUG
aotContext->setInstructionPointer(10);
#endif
aotContext->initGetObjectLookup(937, r2_0, r2_1.metaType());
if (aotContext->engine->hasError()) {
aotContext->setReturnValueUndefined();
if (argv[0]) {
    const QMetaType returnType = []() { static const auto t = QMetaType::fromName("QQuickAnchorLine"); return t; }();
    returnType.destruct(argv[0]);
    returnType.construct(argv[0]);
 }
return;
}
r2_1 = QVariant(aotContext->lookupResultMetaType(937));
}
{
}
{
}
// generate_Ret
if (argv[0]) {
    if (!r2_1.isValid())
        aotContext->setReturnValueUndefined();
    const QMetaType returnType = r2_1.metaType();
    returnType.destruct(argv[0]);
    returnType.construct(argv[0], r2_1.data());
}
return;
}
 },{ 176, 0, [](QV4::ExecutableCompilationUnit *unit, QMetaType *argTypes) {
    struct { QV4::ExecutableCompilationUnit *compilationUnit; } c { unit };
    const auto *aotContext = &c;
    Q_UNUSED(aotContext);
    argTypes[0] = []() { static const auto t = QMetaType::fromName("QQuickAnchorLine"); return t; }();
}, 
    [](const QQmlPrivate::AOTCompiledContext *aotContext, void **argv) {
Q_UNUSED(aotContext)
Q_UNUSED(argv)
// expression for bottom at line 361, column 25
QObject *r2_0;
QVariant r2_1;
// generate_LoadQmlContextPropertyLookup
#ifndef QT_NO_DEBUG
aotContext->setInstructionPointer(5);
#endif
while (!aotContext->loadScopeObjectPropertyLookup(938, &r2_0)) {
#ifdef QT_NO_DEBUG
aotContext->setInstructionPointer(5);
#endif
aotContext->initLoadScopeObjectPropertyLookup(938, []() { static const auto t = QMetaType::fromName("QQuickItem*"); return t; }());
if (aotContext->engine->hasError()) {
aotContext->setReturnValueUndefined();
if (argv[0]) {
    const QMetaType returnType = []() { static const auto t = QMetaType::fromName("QQuickAnchorLine"); return t; }();
    returnType.destruct(argv[0]);
    returnType.construct(argv[0]);
 }
return;
}
}
{
}
// generate_GetLookup
#ifndef QT_NO_DEBUG
aotContext->setInstructionPointer(10);
#endif
r2_1 = QVariant(aotContext->lookupResultMetaType(939));
while (!aotContext->getObjectLookup(939, r2_0, r2_1.data())) {
#ifdef QT_NO_DEBUG
aotContext->setInstructionPointer(10);
#endif
aotContext->initGetObjectLookup(939, r2_0, r2_1.metaType());
if (aotContext->engine->hasError()) {
aotContext->setReturnValueUndefined();
if (argv[0]) {
    const QMetaType returnType = []() { static const auto t = QMetaType::fromName("QQuickAnchorLine"); return t; }();
    returnType.destruct(argv[0]);
    returnType.construct(argv[0]);
 }
return;
}
r2_1 = QVariant(aotContext->lookupResultMetaType(939));
}
{
}
{
}
// generate_Ret
if (argv[0]) {
    if (!r2_1.isValid())
        aotContext->setReturnValueUndefined();
    const QMetaType returnType = r2_1.metaType();
    returnType.destruct(argv[0]);
    returnType.construct(argv[0], r2_1.data());
}
return;
}
 },{ 179, 0, [](QV4::ExecutableCompilationUnit *unit, QMetaType *argTypes) {
    struct { QV4::ExecutableCompilationUnit *compilationUnit; } c { unit };
    const auto *aotContext = &c;
    Q_UNUSED(aotContext);
    argTypes[0] = []() { static const auto t = QMetaType::fromName("QQuickItem*"); return t; }();
}, 
    [](const QQmlPrivate::AOTCompiledContext *aotContext, void **argv) {
Q_UNUSED(aotContext)
Q_UNUSED(argv)
// expression for fill at line 373, column 21
QObject *r2_0;
// generate_LoadQmlContextPropertyLookup
#ifndef QT_NO_DEBUG
aotContext->setInstructionPointer(5);
#endif
while (!aotContext->loadScopeObjectPropertyLookup(957, &r2_0)) {
#ifdef QT_NO_DEBUG
aotContext->setInstructionPointer(5);
#endif
aotContext->initLoadScopeObjectPropertyLookup(957, []() { static const auto t = QMetaType::fromName("QQuickItem*"); return t; }());
if (aotContext->engine->hasError()) {
aotContext->setReturnValueUndefined();
if (argv[0]) {
    *static_cast<QObject * *>(argv[0]) = nullptr;
}
return;
}
}
{
}
{
}
// generate_Ret
if (argv[0]) {
    *static_cast<QObject * *>(argv[0]) = r2_0;
}
return;
}
 },{ 181, 0, [](QV4::ExecutableCompilationUnit *unit, QMetaType *argTypes) {
    struct { QV4::ExecutableCompilationUnit *compilationUnit; } c { unit };
    const auto *aotContext = &c;
    Q_UNUSED(aotContext);
    argTypes[0] = QMetaType::fromType<QVariant>();
}, 
    [](const QQmlPrivate::AOTCompiledContext *aotContext, void **argv) {
Q_UNUSED(aotContext)
Q_UNUSED(argv)
// expression for model at line 397, column 13
QObject *r2_0;
QVariant r2_1;
// generate_LoadQmlContextPropertyLookup
#ifndef QT_NO_DEBUG
aotContext->setInstructionPointer(5);
#endif
while (!aotContext->loadContextIdLookup(962, &r2_0)) {
#ifdef QT_NO_DEBUG
aotContext->setInstructionPointer(5);
#endif
aotContext->initLoadContextIdLookup(962);
if (aotContext->engine->hasError()) {
aotContext->setReturnValueUndefined();
if (argv[0]) {
    *static_cast<QVariant *>(argv[0]) = QVariant();
}
return;
}
}
{
}
// generate_GetLookup
#ifndef QT_NO_DEBUG
aotContext->setInstructionPointer(10);
#endif
while (!aotContext->getObjectLookup(963, r2_0, &r2_1)) {
#ifdef QT_NO_DEBUG
aotContext->setInstructionPointer(10);
#endif
aotContext->initGetObjectLookup(963, r2_0, QMetaType::fromType<QVariant>());
if (aotContext->engine->hasError()) {
aotContext->setReturnValueUndefined();
if (argv[0]) {
    *static_cast<QVariant *>(argv[0]) = QVariant();
}
return;
}
}
{
}
{
}
// generate_Ret
if (argv[0]) {
    if (!r2_1.isValid())
        aotContext->setReturnValueUndefined();
    *static_cast<QVariant *>(argv[0]) = std::move(r2_1);
}
return;
}
 },{ 182, 0, [](QV4::ExecutableCompilationUnit *unit, QMetaType *argTypes) {
    struct { QV4::ExecutableCompilationUnit *compilationUnit; } c { unit };
    const auto *aotContext = &c;
    Q_UNUSED(aotContext);
    argTypes[0] = []() { static const auto t = QMetaType::fromName("QQuickItem*"); return t; }();
}, 
    [](const QQmlPrivate::AOTCompiledContext *aotContext, void **argv) {
Q_UNUSED(aotContext)
Q_UNUSED(argv)
// expression for fill at line 393, column 13
QObject *r2_0;
// generate_LoadQmlContextPropertyLookup
#ifndef QT_NO_DEBUG
aotContext->setInstructionPointer(5);
#endif
while (!aotContext->loadScopeObjectPropertyLookup(964, &r2_0)) {
#ifdef QT_NO_DEBUG
aotContext->setInstructionPointer(5);
#endif
aotContext->initLoadScopeObjectPropertyLookup(964, []() { static const auto t = QMetaType::fromName("QQuickItem*"); return t; }());
if (aotContext->engine->hasError()) {
aotContext->setReturnValueUndefined();
if (argv[0]) {
    *static_cast<QObject * *>(argv[0]) = nullptr;
}
return;
}
}
{
}
{
}
// generate_Ret
if (argv[0]) {
    *static_cast<QObject * *>(argv[0]) = r2_0;
}
return;
}
 },{ 183, 0, [](QV4::ExecutableCompilationUnit *unit, QMetaType *argTypes) {
    struct { QV4::ExecutableCompilationUnit *compilationUnit; } c { unit };
    const auto *aotContext = &c;
    Q_UNUSED(aotContext);
    argTypes[0] = QMetaType::fromType<double>();
}, 
    [](const QQmlPrivate::AOTCompiledContext *aotContext, void **argv) {
Q_UNUSED(aotContext)
Q_UNUSED(argv)
// expression for width at line 403, column 17
QObject *r2_0;
double r2_1;
// generate_LoadQmlContextPropertyLookup
#ifndef QT_NO_DEBUG
aotContext->setInstructionPointer(5);
#endif
while (!aotContext->loadContextIdLookup(965, &r2_0)) {
#ifdef QT_NO_DEBUG
aotContext->setInstructionPointer(5);
#endif
aotContext->initLoadContextIdLookup(965);
if (aotContext->engine->hasError()) {
aotContext->setReturnValueUndefined();
if (argv[0]) {
    *static_cast<double *>(argv[0]) = double();
}
return;
}
}
{
}
// generate_GetLookup
#ifndef QT_NO_DEBUG
aotContext->setInstructionPointer(10);
#endif
while (!aotContext->getObjectLookup(966, r2_0, &r2_1)) {
#ifdef QT_NO_DEBUG
aotContext->setInstructionPointer(10);
#endif
aotContext->initGetObjectLookup(966, r2_0, QMetaType::fromType<double>());
if (aotContext->engine->hasError()) {
aotContext->setReturnValueUndefined();
if (argv[0]) {
    *static_cast<double *>(argv[0]) = double();
}
return;
}
}
{
}
{
}
// generate_Ret
if (argv[0]) {
    *static_cast<double *>(argv[0]) = r2_1;
}
return;
}
 },{ 184, 0, [](QV4::ExecutableCompilationUnit *unit, QMetaType *argTypes) {
    struct { QV4::ExecutableCompilationUnit *compilationUnit; } c { unit };
    const auto *aotContext = &c;
    Q_UNUSED(aotContext);
    argTypes[0] = QMetaType::fromType<double>();
}, 
    [](const QQmlPrivate::AOTCompiledContext *aotContext, void **argv) {
Q_UNUSED(aotContext)
Q_UNUSED(argv)
// expression for radius at line 405, column 17
QObject *r2_0;
double r2_1;
// generate_LoadQmlContextPropertyLookup
#ifndef QT_NO_DEBUG
aotContext->setInstructionPointer(5);
#endif
while (!aotContext->loadSingletonLookup(967, &r2_0)) {
#ifdef QT_NO_DEBUG
aotContext->setInstructionPointer(5);
#endif
aotContext->initLoadSingletonLookup(967, QQmlPrivate::AOTCompiledContext::InvalidStringId);
if (aotContext->engine->hasError()) {
aotContext->setReturnValueUndefined();
if (argv[0]) {
    *static_cast<double *>(argv[0]) = double();
}
return;
}
}
{
}
// generate_GetLookup
{
int retrieved;
#ifndef QT_NO_DEBUG
aotContext->setInstructionPointer(10);
#endif
while (!aotContext->getObjectLookup(968, r2_0, &retrieved)) {
#ifdef QT_NO_DEBUG
aotContext->setInstructionPointer(10);
#endif
aotContext->initGetObjectLookup(968, r2_0, QMetaType::fromType<int>());
if (aotContext->engine->hasError()) {
aotContext->setReturnValueUndefined();
if (argv[0]) {
    *static_cast<double *>(argv[0]) = double();
}
return;
}
}
r2_1 = double(std::move(retrieved));
}
{
}
{
}
// generate_Ret
if (argv[0]) {
    *static_cast<double *>(argv[0]) = r2_1;
}
return;
}
 },{ 185, 0, [](QV4::ExecutableCompilationUnit *unit, QMetaType *argTypes) {
    struct { QV4::ExecutableCompilationUnit *compilationUnit; } c { unit };
    const auto *aotContext = &c;
    Q_UNUSED(aotContext);
    argTypes[0] = []() { static const auto t = QMetaType::fromName("QColor"); return t; }();
}, 
    [](const QQmlPrivate::AOTCompiledContext *aotContext, void **argv) {
Q_UNUSED(aotContext)
Q_UNUSED(argv)
// expression for color at line 406, column 17
bool r2_1;
QObject *r2_2;
QVariant r2_4;
QObject *r2_0;
QVariant r2_3;
// generate_LoadQmlContextPropertyLookup
#ifndef QT_NO_DEBUG
aotContext->setInstructionPointer(5);
#endif
while (!aotContext->loadContextIdLookup(969, &r2_0)) {
#ifdef QT_NO_DEBUG
aotContext->setInstructionPointer(5);
#endif
aotContext->initLoadContextIdLookup(969);
if (aotContext->engine->hasError()) {
aotContext->setReturnValueUndefined();
if (argv[0]) {
    const QMetaType returnType = []() { static const auto t = QMetaType::fromName("QColor"); return t; }();
    returnType.destruct(argv[0]);
    returnType.construct(argv[0]);
 }
return;
}
}
{
}
// generate_GetLookup
#ifndef QT_NO_DEBUG
aotContext->setInstructionPointer(10);
#endif
while (!aotContext->getObjectLookup(970, r2_0, &r2_1)) {
#ifdef QT_NO_DEBUG
aotContext->setInstructionPointer(10);
#endif
aotContext->initGetObjectLookup(970, r2_0, QMetaType::fromType<bool>());
if (aotContext->engine->hasError()) {
aotContext->setReturnValueUndefined();
if (argv[0]) {
    const QMetaType returnType = []() { static const auto t = QMetaType::fromName("QColor"); return t; }();
    returnType.destruct(argv[0]);
    returnType.construct(argv[0]);
 }
return;
}
}
{
}
// generate_JumpFalse
if (!r2_1) {
    goto label_0;
}
{
}
// generate_LoadQmlContextPropertyLookup
#ifndef QT_NO_DEBUG
aotContext->setInstructionPointer(17);
#endif
while (!aotContext->loadSingletonLookup(971, &r2_2)) {
#ifdef QT_NO_DEBUG
aotContext->setInstructionPointer(17);
#endif
aotContext->initLoadSingletonLookup(971, QQmlPrivate::AOTCompiledContext::InvalidStringId);
if (aotContext->engine->hasError()) {
aotContext->setReturnValueUndefined();
if (argv[0]) {
    const QMetaType returnType = []() { static const auto t = QMetaType::fromName("QColor"); return t; }();
    returnType.destruct(argv[0]);
    returnType.construct(argv[0]);
 }
return;
}
}
{
}
// generate_GetLookup
#ifndef QT_NO_DEBUG
aotContext->setInstructionPointer(22);
#endif
r2_3 = QVariant(aotContext->lookupResultMetaType(972));
while (!aotContext->getObjectLookup(972, r2_2, r2_3.data())) {
#ifdef QT_NO_DEBUG
aotContext->setInstructionPointer(22);
#endif
aotContext->initGetObjectLookup(972, r2_2, r2_3.metaType());
if (aotContext->engine->hasError()) {
aotContext->setReturnValueUndefined();
if (argv[0]) {
    const QMetaType returnType = []() { static const auto t = QMetaType::fromName("QColor"); return t; }();
    returnType.destruct(argv[0]);
    returnType.construct(argv[0]);
 }
return;
}
r2_3 = QVariant(aotContext->lookupResultMetaType(972));
}
{
}
// generate_Jump
{
r2_4 = r2_3;
    goto label_1;
}
label_0:;
// generate_LoadRuntimeString
r2_4 = [&](){ auto arg = QStringLiteral("transparent"); return aotContext->constructValueType([]() { static const auto t = QMetaType::fromName("QColor"); return t; }(), []() { static const auto t = QMetaType::fromName("QQuickColorValueType"); return t; }().metaObject(), 1, &arg); }();
{
}
label_1:;
{
}
// generate_Ret
if (argv[0]) {
    if (!r2_4.isValid())
        aotContext->setReturnValueUndefined();
    const QMetaType returnType = r2_4.metaType();
    returnType.destruct(argv[0]);
    returnType.construct(argv[0], r2_4.data());
}
return;
}
 },{ 188, 0, [](QV4::ExecutableCompilationUnit *unit, QMetaType *argTypes) {
    struct { QV4::ExecutableCompilationUnit *compilationUnit; } c { unit };
    const auto *aotContext = &c;
    Q_UNUSED(aotContext);
    argTypes[0] = []() { static const auto t = QMetaType::fromName("QColor"); return t; }();
}, 
    [](const QQmlPrivate::AOTCompiledContext *aotContext, void **argv) {
Q_UNUSED(aotContext)
Q_UNUSED(argv)
// expression for color at line 418, column 21
QObject *r2_0;
QVariant r2_1;
// generate_LoadQmlContextPropertyLookup
#ifndef QT_NO_DEBUG
aotContext->setInstructionPointer(5);
#endif
while (!aotContext->loadSingletonLookup(981, &r2_0)) {
#ifdef QT_NO_DEBUG
aotContext->setInstructionPointer(5);
#endif
aotContext->initLoadSingletonLookup(981, QQmlPrivate::AOTCompiledContext::InvalidStringId);
if (aotContext->engine->hasError()) {
aotContext->setReturnValueUndefined();
if (argv[0]) {
    const QMetaType returnType = []() { static const auto t = QMetaType::fromName("QColor"); return t; }();
    returnType.destruct(argv[0]);
    returnType.construct(argv[0]);
 }
return;
}
}
{
}
// generate_GetLookup
#ifndef QT_NO_DEBUG
aotContext->setInstructionPointer(10);
#endif
r2_1 = QVariant(aotContext->lookupResultMetaType(982));
while (!aotContext->getObjectLookup(982, r2_0, r2_1.data())) {
#ifdef QT_NO_DEBUG
aotContext->setInstructionPointer(10);
#endif
aotContext->initGetObjectLookup(982, r2_0, r2_1.metaType());
if (aotContext->engine->hasError()) {
aotContext->setReturnValueUndefined();
if (argv[0]) {
    const QMetaType returnType = []() { static const auto t = QMetaType::fromName("QColor"); return t; }();
    returnType.destruct(argv[0]);
    returnType.construct(argv[0]);
 }
return;
}
r2_1 = QVariant(aotContext->lookupResultMetaType(982));
}
{
}
{
}
// generate_Ret
if (argv[0]) {
    if (!r2_1.isValid())
        aotContext->setReturnValueUndefined();
    const QMetaType returnType = r2_1.metaType();
    returnType.destruct(argv[0]);
    returnType.construct(argv[0], r2_1.data());
}
return;
}
 },{ 189, 0, [](QV4::ExecutableCompilationUnit *unit, QMetaType *argTypes) {
    struct { QV4::ExecutableCompilationUnit *compilationUnit; } c { unit };
    const auto *aotContext = &c;
    Q_UNUSED(aotContext);
    argTypes[0] = []() { static const auto t = QMetaType::fromName("QQuickText::TextElideMode"); return t; }();
}, 
    [](const QQmlPrivate::AOTCompiledContext *aotContext, void **argv) {
Q_UNUSED(aotContext)
Q_UNUSED(argv)
// expression for elide at line 420, column 21
int r2_0;
{
}
// generate_GetLookup
#ifndef QT_NO_DEBUG
aotContext->setInstructionPointer(10);
#endif
while (!aotContext->getEnumLookup(984, &r2_0)) {
#ifdef QT_NO_DEBUG
aotContext->setInstructionPointer(10);
#endif
aotContext->initGetEnumLookup(984, []() { static const auto t = QMetaType::fromName("QQuickText*"); return t; }().metaObject(), "TextElideMode", "ElideRight");
if (aotContext->engine->hasError()) {
aotContext->setReturnValueUndefined();
if (argv[0]) {
    const QMetaType returnType = []() { static const auto t = QMetaType::fromName("QQuickText::TextElideMode"); return t; }();
    returnType.destruct(argv[0]);
    returnType.construct(argv[0]);
 }
return;
}
}
{
}
{
}
// generate_Ret
if (argv[0]) {
    const QMetaType returnType = QMetaType::fromType<int>();
    returnType.destruct(argv[0]);
    returnType.construct(argv[0], &r2_0);
}
return;
}
 },{ 190, 0, [](QV4::ExecutableCompilationUnit *unit, QMetaType *argTypes) {
    struct { QV4::ExecutableCompilationUnit *compilationUnit; } c { unit };
    const auto *aotContext = &c;
    Q_UNUSED(aotContext);
    argTypes[0] = []() { static const auto t = QMetaType::fromName("QQuickAnchorLine"); return t; }();
}, 
    [](const QQmlPrivate::AOTCompiledContext *aotContext, void **argv) {
Q_UNUSED(aotContext)
Q_UNUSED(argv)
// expression for left at line 411, column 25
QObject *r2_0;
QVariant r2_1;
// generate_LoadQmlContextPropertyLookup
#ifndef QT_NO_DEBUG
aotContext->setInstructionPointer(5);
#endif
while (!aotContext->loadScopeObjectPropertyLookup(985, &r2_0)) {
#ifdef QT_NO_DEBUG
aotContext->setInstructionPointer(5);
#endif
aotContext->initLoadScopeObjectPropertyLookup(985, []() { static const auto t = QMetaType::fromName("QQuickItem*"); return t; }());
if (aotContext->engine->hasError()) {
aotContext->setReturnValueUndefined();
if (argv[0]) {
    const QMetaType returnType = []() { static const auto t = QMetaType::fromName("QQuickAnchorLine"); return t; }();
    returnType.destruct(argv[0]);
    returnType.construct(argv[0]);
 }
return;
}
}
{
}
// generate_GetLookup
#ifndef QT_NO_DEBUG
aotContext->setInstructionPointer(10);
#endif
r2_1 = QVariant(aotContext->lookupResultMetaType(986));
while (!aotContext->getObjectLookup(986, r2_0, r2_1.data())) {
#ifdef QT_NO_DEBUG
aotContext->setInstructionPointer(10);
#endif
aotContext->initGetObjectLookup(986, r2_0, r2_1.metaType());
if (aotContext->engine->hasError()) {
aotContext->setReturnValueUndefined();
if (argv[0]) {
    const QMetaType returnType = []() { static const auto t = QMetaType::fromName("QQuickAnchorLine"); return t; }();
    returnType.destruct(argv[0]);
    returnType.construct(argv[0]);
 }
return;
}
r2_1 = QVariant(aotContext->lookupResultMetaType(986));
}
{
}
{
}
// generate_Ret
if (argv[0]) {
    if (!r2_1.isValid())
        aotContext->setReturnValueUndefined();
    const QMetaType returnType = r2_1.metaType();
    returnType.destruct(argv[0]);
    returnType.construct(argv[0], r2_1.data());
}
return;
}
 },{ 191, 0, [](QV4::ExecutableCompilationUnit *unit, QMetaType *argTypes) {
    struct { QV4::ExecutableCompilationUnit *compilationUnit; } c { unit };
    const auto *aotContext = &c;
    Q_UNUSED(aotContext);
    argTypes[0] = []() { static const auto t = QMetaType::fromName("QQuickAnchorLine"); return t; }();
}, 
    [](const QQmlPrivate::AOTCompiledContext *aotContext, void **argv) {
Q_UNUSED(aotContext)
Q_UNUSED(argv)
// expression for right at line 412, column 25
QVariant r2_1;
QObject *r2_0;
// generate_LoadQmlContextPropertyLookup
#ifndef QT_NO_DEBUG
aotContext->setInstructionPointer(5);
#endif
while (!aotContext->loadScopeObjectPropertyLookup(987, &r2_0)) {
#ifdef QT_NO_DEBUG
aotContext->setInstructionPointer(5);
#endif
aotContext->initLoadScopeObjectPropertyLookup(987, []() { static const auto t = QMetaType::fromName("QQuickItem*"); return t; }());
if (aotContext->engine->hasError()) {
aotContext->setReturnValueUndefined();
if (argv[0]) {
    const QMetaType returnType = []() { static const auto t = QMetaType::fromName("QQuickAnchorLine"); return t; }();
    returnType.destruct(argv[0]);
    returnType.construct(argv[0]);
 }
return;
}
}
{
}
// generate_GetLookup
#ifndef QT_NO_DEBUG
aotContext->setInstructionPointer(10);
#endif
r2_1 = QVariant(aotContext->lookupResultMetaType(988));
while (!aotContext->getObjectLookup(988, r2_0, r2_1.data())) {
#ifdef QT_NO_DEBUG
aotContext->setInstructionPointer(10);
#endif
aotContext->initGetObjectLookup(988, r2_0, r2_1.metaType());
if (aotContext->engine->hasError()) {
aotContext->setReturnValueUndefined();
if (argv[0]) {
    const QMetaType returnType = []() { static const auto t = QMetaType::fromName("QQuickAnchorLine"); return t; }();
    returnType.destruct(argv[0]);
    returnType.construct(argv[0]);
 }
return;
}
r2_1 = QVariant(aotContext->lookupResultMetaType(988));
}
{
}
{
}
// generate_Ret
if (argv[0]) {
    if (!r2_1.isValid())
        aotContext->setReturnValueUndefined();
    const QMetaType returnType = r2_1.metaType();
    returnType.destruct(argv[0]);
    returnType.construct(argv[0], r2_1.data());
}
return;
}
 },{ 192, 0, [](QV4::ExecutableCompilationUnit *unit, QMetaType *argTypes) {
    struct { QV4::ExecutableCompilationUnit *compilationUnit; } c { unit };
    const auto *aotContext = &c;
    Q_UNUSED(aotContext);
    argTypes[0] = []() { static const auto t = QMetaType::fromName("QQuickAnchorLine"); return t; }();
}, 
    [](const QQmlPrivate::AOTCompiledContext *aotContext, void **argv) {
Q_UNUSED(aotContext)
Q_UNUSED(argv)
// expression for verticalCenter at line 413, column 25
QObject *r2_0;
QVariant r2_1;
// generate_LoadQmlContextPropertyLookup
#ifndef QT_NO_DEBUG
aotContext->setInstructionPointer(5);
#endif
while (!aotContext->loadScopeObjectPropertyLookup(989, &r2_0)) {
#ifdef QT_NO_DEBUG
aotContext->setInstructionPointer(5);
#endif
aotContext->initLoadScopeObjectPropertyLookup(989, []() { static const auto t = QMetaType::fromName("QQuickItem*"); return t; }());
if (aotContext->engine->hasError()) {
aotContext->setReturnValueUndefined();
if (argv[0]) {
    const QMetaType returnType = []() { static const auto t = QMetaType::fromName("QQuickAnchorLine"); return t; }();
    returnType.destruct(argv[0]);
    returnType.construct(argv[0]);
 }
return;
}
}
{
}
// generate_GetLookup
#ifndef QT_NO_DEBUG
aotContext->setInstructionPointer(10);
#endif
r2_1 = QVariant(aotContext->lookupResultMetaType(990));
while (!aotContext->getObjectLookup(990, r2_0, r2_1.data())) {
#ifdef QT_NO_DEBUG
aotContext->setInstructionPointer(10);
#endif
aotContext->initGetObjectLookup(990, r2_0, r2_1.metaType());
if (aotContext->engine->hasError()) {
aotContext->setReturnValueUndefined();
if (argv[0]) {
    const QMetaType returnType = []() { static const auto t = QMetaType::fromName("QQuickAnchorLine"); return t; }();
    returnType.destruct(argv[0]);
    returnType.construct(argv[0]);
 }
return;
}
r2_1 = QVariant(aotContext->lookupResultMetaType(990));
}
{
}
{
}
// generate_Ret
if (argv[0]) {
    if (!r2_1.isValid())
        aotContext->setReturnValueUndefined();
    const QMetaType returnType = r2_1.metaType();
    returnType.destruct(argv[0]);
    returnType.construct(argv[0], r2_1.data());
}
return;
}
 },{ 195, 0, [](QV4::ExecutableCompilationUnit *unit, QMetaType *argTypes) {
    struct { QV4::ExecutableCompilationUnit *compilationUnit; } c { unit };
    const auto *aotContext = &c;
    Q_UNUSED(aotContext);
    argTypes[0] = []() { static const auto t = QMetaType::fromName("QQuickItem*"); return t; }();
}, 
    [](const QQmlPrivate::AOTCompiledContext *aotContext, void **argv) {
Q_UNUSED(aotContext)
Q_UNUSED(argv)
// expression for fill at line 425, column 21
QObject *r2_0;
// generate_LoadQmlContextPropertyLookup
#ifndef QT_NO_DEBUG
aotContext->setInstructionPointer(5);
#endif
while (!aotContext->loadScopeObjectPropertyLookup(1001, &r2_0)) {
#ifdef QT_NO_DEBUG
aotContext->setInstructionPointer(5);
#endif
aotContext->initLoadScopeObjectPropertyLookup(1001, []() { static const auto t = QMetaType::fromName("QQuickItem*"); return t; }());
if (aotContext->engine->hasError()) {
aotContext->setReturnValueUndefined();
if (argv[0]) {
    *static_cast<QObject * *>(argv[0]) = nullptr;
}
return;
}
}
{
}
{
}
// generate_Ret
if (argv[0]) {
    *static_cast<QObject * *>(argv[0]) = r2_0;
}
return;
}
 },{ 196, 0, [](QV4::ExecutableCompilationUnit *unit, QMetaType *argTypes) {
    struct { QV4::ExecutableCompilationUnit *compilationUnit; } c { unit };
    const auto *aotContext = &c;
    Q_UNUSED(aotContext);
    argTypes[0] = []() { static const auto t = QMetaType::fromName("QQuickItem*"); return t; }();
}, 
    [](const QQmlPrivate::AOTCompiledContext *aotContext, void **argv) {
Q_UNUSED(aotContext)
Q_UNUSED(argv)
// expression for fill at line 440, column 13
QObject *r2_0;
// generate_LoadQmlContextPropertyLookup
#ifndef QT_NO_DEBUG
aotContext->setInstructionPointer(5);
#endif
while (!aotContext->loadScopeObjectPropertyLookup(1002, &r2_0)) {
#ifdef QT_NO_DEBUG
aotContext->setInstructionPointer(5);
#endif
aotContext->initLoadScopeObjectPropertyLookup(1002, []() { static const auto t = QMetaType::fromName("QQuickItem*"); return t; }());
if (aotContext->engine->hasError()) {
aotContext->setReturnValueUndefined();
if (argv[0]) {
    *static_cast<QObject * *>(argv[0]) = nullptr;
}
return;
}
}
{
}
{
}
// generate_Ret
if (argv[0]) {
    *static_cast<QObject * *>(argv[0]) = r2_0;
}
return;
}
 },{ 197, 0, [](QV4::ExecutableCompilationUnit *unit, QMetaType *argTypes) {
    struct { QV4::ExecutableCompilationUnit *compilationUnit; } c { unit };
    const auto *aotContext = &c;
    Q_UNUSED(aotContext);
    argTypes[0] = []() { static const auto t = QMetaType::fromName("QQuickItem*"); return t; }();
}, 
    [](const QQmlPrivate::AOTCompiledContext *aotContext, void **argv) {
Q_UNUSED(aotContext)
Q_UNUSED(argv)
// expression for fill at line 443, column 17
QObject *r2_0;
// generate_LoadQmlContextPropertyLookup
#ifndef QT_NO_DEBUG
aotContext->setInstructionPointer(5);
#endif
while (!aotContext->loadScopeObjectPropertyLookup(1003, &r2_0)) {
#ifdef QT_NO_DEBUG
aotContext->setInstructionPointer(5);
#endif
aotContext->initLoadScopeObjectPropertyLookup(1003, []() { static const auto t = QMetaType::fromName("QQuickItem*"); return t; }());
if (aotContext->engine->hasError()) {
aotContext->setReturnValueUndefined();
if (argv[0]) {
    *static_cast<QObject * *>(argv[0]) = nullptr;
}
return;
}
}
{
}
{
}
// generate_Ret
if (argv[0]) {
    *static_cast<QObject * *>(argv[0]) = r2_0;
}
return;
}
 },{ 198, 0, [](QV4::ExecutableCompilationUnit *unit, QMetaType *argTypes) {
    struct { QV4::ExecutableCompilationUnit *compilationUnit; } c { unit };
    const auto *aotContext = &c;
    Q_UNUSED(aotContext);
    argTypes[0] = QMetaType::fromType<double>();
}, 
    [](const QQmlPrivate::AOTCompiledContext *aotContext, void **argv) {
Q_UNUSED(aotContext)
Q_UNUSED(argv)
// expression for width at line 448, column 21
QObject *r2_0;
double r2_1;
// generate_LoadQmlContextPropertyLookup
#ifndef QT_NO_DEBUG
aotContext->setInstructionPointer(5);
#endif
while (!aotContext->loadScopeObjectPropertyLookup(1004, &r2_0)) {
#ifdef QT_NO_DEBUG
aotContext->setInstructionPointer(5);
#endif
aotContext->initLoadScopeObjectPropertyLookup(1004, []() { static const auto t = QMetaType::fromName("QQuickItem*"); return t; }());
if (aotContext->engine->hasError()) {
aotContext->setReturnValueUndefined();
if (argv[0]) {
    *static_cast<double *>(argv[0]) = double();
}
return;
}
}
{
}
// generate_GetLookup
#ifndef QT_NO_DEBUG
aotContext->setInstructionPointer(10);
#endif
while (!aotContext->getObjectLookup(1005, r2_0, &r2_1)) {
#ifdef QT_NO_DEBUG
aotContext->setInstructionPointer(10);
#endif
aotContext->initGetObjectLookup(1005, r2_0, QMetaType::fromType<double>());
if (aotContext->engine->hasError()) {
aotContext->setReturnValueUndefined();
if (argv[0]) {
    *static_cast<double *>(argv[0]) = double();
}
return;
}
}
{
}
{
}
// generate_Ret
if (argv[0]) {
    *static_cast<double *>(argv[0]) = r2_1;
}
return;
}
 },{ 199, 0, [](QV4::ExecutableCompilationUnit *unit, QMetaType *argTypes) {
    struct { QV4::ExecutableCompilationUnit *compilationUnit; } c { unit };
    const auto *aotContext = &c;
    Q_UNUSED(aotContext);
    argTypes[0] = QMetaType::fromType<double>();
}, 
    [](const QQmlPrivate::AOTCompiledContext *aotContext, void **argv) {
Q_UNUSED(aotContext)
Q_UNUSED(argv)
// expression for radius at line 450, column 21
QObject *r2_0;
double r2_1;
// generate_LoadQmlContextPropertyLookup
#ifndef QT_NO_DEBUG
aotContext->setInstructionPointer(5);
#endif
while (!aotContext->loadSingletonLookup(1006, &r2_0)) {
#ifdef QT_NO_DEBUG
aotContext->setInstructionPointer(5);
#endif
aotContext->initLoadSingletonLookup(1006, QQmlPrivate::AOTCompiledContext::InvalidStringId);
if (aotContext->engine->hasError()) {
aotContext->setReturnValueUndefined();
if (argv[0]) {
    *static_cast<double *>(argv[0]) = double();
}
return;
}
}
{
}
// generate_GetLookup
{
int retrieved;
#ifndef QT_NO_DEBUG
aotContext->setInstructionPointer(10);
#endif
while (!aotContext->getObjectLookup(1007, r2_0, &retrieved)) {
#ifdef QT_NO_DEBUG
aotContext->setInstructionPointer(10);
#endif
aotContext->initGetObjectLookup(1007, r2_0, QMetaType::fromType<int>());
if (aotContext->engine->hasError()) {
aotContext->setReturnValueUndefined();
if (argv[0]) {
    *static_cast<double *>(argv[0]) = double();
}
return;
}
}
r2_1 = double(std::move(retrieved));
}
{
}
{
}
// generate_Ret
if (argv[0]) {
    *static_cast<double *>(argv[0]) = r2_1;
}
return;
}
 },{ 200, 0, [](QV4::ExecutableCompilationUnit *unit, QMetaType *argTypes) {
    struct { QV4::ExecutableCompilationUnit *compilationUnit; } c { unit };
    const auto *aotContext = &c;
    Q_UNUSED(aotContext);
    argTypes[0] = []() { static const auto t = QMetaType::fromName("QColor"); return t; }();
}, 
    [](const QQmlPrivate::AOTCompiledContext *aotContext, void **argv) {
Q_UNUSED(aotContext)
Q_UNUSED(argv)
// expression for color at line 451, column 21
QObject *r2_0;
QVariant r2_1;
// generate_LoadQmlContextPropertyLookup
#ifndef QT_NO_DEBUG
aotContext->setInstructionPointer(5);
#endif
while (!aotContext->loadSingletonLookup(1008, &r2_0)) {
#ifdef QT_NO_DEBUG
aotContext->setInstructionPointer(5);
#endif
aotContext->initLoadSingletonLookup(1008, QQmlPrivate::AOTCompiledContext::InvalidStringId);
if (aotContext->engine->hasError()) {
aotContext->setReturnValueUndefined();
if (argv[0]) {
    const QMetaType returnType = []() { static const auto t = QMetaType::fromName("QColor"); return t; }();
    returnType.destruct(argv[0]);
    returnType.construct(argv[0]);
 }
return;
}
}
{
}
// generate_GetLookup
#ifndef QT_NO_DEBUG
aotContext->setInstructionPointer(10);
#endif
r2_1 = QVariant(aotContext->lookupResultMetaType(1009));
while (!aotContext->getObjectLookup(1009, r2_0, r2_1.data())) {
#ifdef QT_NO_DEBUG
aotContext->setInstructionPointer(10);
#endif
aotContext->initGetObjectLookup(1009, r2_0, r2_1.metaType());
if (aotContext->engine->hasError()) {
aotContext->setReturnValueUndefined();
if (argv[0]) {
    const QMetaType returnType = []() { static const auto t = QMetaType::fromName("QColor"); return t; }();
    returnType.destruct(argv[0]);
    returnType.construct(argv[0]);
 }
return;
}
r2_1 = QVariant(aotContext->lookupResultMetaType(1009));
}
{
}
{
}
// generate_Ret
if (argv[0]) {
    if (!r2_1.isValid())
        aotContext->setReturnValueUndefined();
    const QMetaType returnType = r2_1.metaType();
    returnType.destruct(argv[0]);
    returnType.construct(argv[0], r2_1.data());
}
return;
}
 },{ 201, 0, [](QV4::ExecutableCompilationUnit *unit, QMetaType *argTypes) {
    struct { QV4::ExecutableCompilationUnit *compilationUnit; } c { unit };
    const auto *aotContext = &c;
    Q_UNUSED(aotContext);
    argTypes[0] = []() { static const auto t = QMetaType::fromName("QColor"); return t; }();
}, 
    [](const QQmlPrivate::AOTCompiledContext *aotContext, void **argv) {
Q_UNUSED(aotContext)
Q_UNUSED(argv)
// expression for color at line 452, column 21
QObject *r2_0;
QVariant r2_1;
// generate_LoadQmlContextPropertyLookup
#ifndef QT_NO_DEBUG
aotContext->setInstructionPointer(5);
#endif
while (!aotContext->loadSingletonLookup(1010, &r2_0)) {
#ifdef QT_NO_DEBUG
aotContext->setInstructionPointer(5);
#endif
aotContext->initLoadSingletonLookup(1010, QQmlPrivate::AOTCompiledContext::InvalidStringId);
if (aotContext->engine->hasError()) {
aotContext->setReturnValueUndefined();
if (argv[0]) {
    const QMetaType returnType = []() { static const auto t = QMetaType::fromName("QColor"); return t; }();
    returnType.destruct(argv[0]);
    returnType.construct(argv[0]);
 }
return;
}
}
{
}
// generate_GetLookup
#ifndef QT_NO_DEBUG
aotContext->setInstructionPointer(10);
#endif
r2_1 = QVariant(aotContext->lookupResultMetaType(1011));
while (!aotContext->getObjectLookup(1011, r2_0, r2_1.data())) {
#ifdef QT_NO_DEBUG
aotContext->setInstructionPointer(10);
#endif
aotContext->initGetObjectLookup(1011, r2_0, r2_1.metaType());
if (aotContext->engine->hasError()) {
aotContext->setReturnValueUndefined();
if (argv[0]) {
    const QMetaType returnType = []() { static const auto t = QMetaType::fromName("QColor"); return t; }();
    returnType.destruct(argv[0]);
    returnType.construct(argv[0]);
 }
return;
}
r2_1 = QVariant(aotContext->lookupResultMetaType(1011));
}
{
}
{
}
// generate_Ret
if (argv[0]) {
    if (!r2_1.isValid())
        aotContext->setReturnValueUndefined();
    const QMetaType returnType = r2_1.metaType();
    returnType.destruct(argv[0]);
    returnType.construct(argv[0], r2_1.data());
}
return;
}
 },{ 202, 0, [](QV4::ExecutableCompilationUnit *unit, QMetaType *argTypes) {
    struct { QV4::ExecutableCompilationUnit *compilationUnit; } c { unit };
    const auto *aotContext = &c;
    Q_UNUSED(aotContext);
    argTypes[0] = []() { static const auto t = QMetaType::fromName("QQuickItem*"); return t; }();
}, 
    [](const QQmlPrivate::AOTCompiledContext *aotContext, void **argv) {
Q_UNUSED(aotContext)
Q_UNUSED(argv)
// expression for fill at line 455, column 25
QObject *r2_0;
// generate_LoadQmlContextPropertyLookup
#ifndef QT_NO_DEBUG
aotContext->setInstructionPointer(5);
#endif
while (!aotContext->loadScopeObjectPropertyLookup(1012, &r2_0)) {
#ifdef QT_NO_DEBUG
aotContext->setInstructionPointer(5);
#endif
aotContext->initLoadScopeObjectPropertyLookup(1012, []() { static const auto t = QMetaType::fromName("QQuickItem*"); return t; }());
if (aotContext->engine->hasError()) {
aotContext->setReturnValueUndefined();
if (argv[0]) {
    *static_cast<QObject * *>(argv[0]) = nullptr;
}
return;
}
}
{
}
{
}
// generate_Ret
if (argv[0]) {
    *static_cast<QObject * *>(argv[0]) = r2_0;
}
return;
}
 },{ 204, 0, [](QV4::ExecutableCompilationUnit *unit, QMetaType *argTypes) {
    struct { QV4::ExecutableCompilationUnit *compilationUnit; } c { unit };
    const auto *aotContext = &c;
    Q_UNUSED(aotContext);
    argTypes[0] = []() { static const auto t = QMetaType::fromName("QColor"); return t; }();
}, 
    [](const QQmlPrivate::AOTCompiledContext *aotContext, void **argv) {
Q_UNUSED(aotContext)
Q_UNUSED(argv)
// expression for color at line 461, column 29
QObject *r2_0;
QVariant r2_1;
// generate_LoadQmlContextPropertyLookup
#ifndef QT_NO_DEBUG
aotContext->setInstructionPointer(5);
#endif
while (!aotContext->loadSingletonLookup(1019, &r2_0)) {
#ifdef QT_NO_DEBUG
aotContext->setInstructionPointer(5);
#endif
aotContext->initLoadSingletonLookup(1019, QQmlPrivate::AOTCompiledContext::InvalidStringId);
if (aotContext->engine->hasError()) {
aotContext->setReturnValueUndefined();
if (argv[0]) {
    const QMetaType returnType = []() { static const auto t = QMetaType::fromName("QColor"); return t; }();
    returnType.destruct(argv[0]);
    returnType.construct(argv[0]);
 }
return;
}
}
{
}
// generate_GetLookup
#ifndef QT_NO_DEBUG
aotContext->setInstructionPointer(10);
#endif
r2_1 = QVariant(aotContext->lookupResultMetaType(1020));
while (!aotContext->getObjectLookup(1020, r2_0, r2_1.data())) {
#ifdef QT_NO_DEBUG
aotContext->setInstructionPointer(10);
#endif
aotContext->initGetObjectLookup(1020, r2_0, r2_1.metaType());
if (aotContext->engine->hasError()) {
aotContext->setReturnValueUndefined();
if (argv[0]) {
    const QMetaType returnType = []() { static const auto t = QMetaType::fromName("QColor"); return t; }();
    returnType.destruct(argv[0]);
    returnType.construct(argv[0]);
 }
return;
}
r2_1 = QVariant(aotContext->lookupResultMetaType(1020));
}
{
}
{
}
// generate_Ret
if (argv[0]) {
    if (!r2_1.isValid())
        aotContext->setReturnValueUndefined();
    const QMetaType returnType = r2_1.metaType();
    returnType.destruct(argv[0]);
    returnType.construct(argv[0], r2_1.data());
}
return;
}
 },{ 205, 0, [](QV4::ExecutableCompilationUnit *unit, QMetaType *argTypes) {
    struct { QV4::ExecutableCompilationUnit *compilationUnit; } c { unit };
    const auto *aotContext = &c;
    Q_UNUSED(aotContext);
    argTypes[0] = []() { static const auto t = QMetaType::fromName("QQuickText::TextElideMode"); return t; }();
}, 
    [](const QQmlPrivate::AOTCompiledContext *aotContext, void **argv) {
Q_UNUSED(aotContext)
Q_UNUSED(argv)
// expression for elide at line 464, column 29
int r2_0;
{
}
// generate_GetLookup
#ifndef QT_NO_DEBUG
aotContext->setInstructionPointer(10);
#endif
while (!aotContext->getEnumLookup(1022, &r2_0)) {
#ifdef QT_NO_DEBUG
aotContext->setInstructionPointer(10);
#endif
aotContext->initGetEnumLookup(1022, []() { static const auto t = QMetaType::fromName("QQuickText*"); return t; }().metaObject(), "TextElideMode", "ElideRight");
if (aotContext->engine->hasError()) {
aotContext->setReturnValueUndefined();
if (argv[0]) {
    const QMetaType returnType = []() { static const auto t = QMetaType::fromName("QQuickText::TextElideMode"); return t; }();
    returnType.destruct(argv[0]);
    returnType.construct(argv[0]);
 }
return;
}
}
{
}
{
}
// generate_Ret
if (argv[0]) {
    const QMetaType returnType = QMetaType::fromType<int>();
    returnType.destruct(argv[0]);
    returnType.construct(argv[0], &r2_0);
}
return;
}
 },{ 206, 0, [](QV4::ExecutableCompilationUnit *unit, QMetaType *argTypes) {
    struct { QV4::ExecutableCompilationUnit *compilationUnit; } c { unit };
    const auto *aotContext = &c;
    Q_UNUSED(aotContext);
    argTypes[0] = QMetaType::fromType<int>();
}, 
    [](const QQmlPrivate::AOTCompiledContext *aotContext, void **argv) {
Q_UNUSED(aotContext)
Q_UNUSED(argv)
// expression for weight at line 463, column 29
int r2_0;
{
}
// generate_GetLookup
#ifndef QT_NO_DEBUG
aotContext->setInstructionPointer(10);
#endif
while (!aotContext->getEnumLookup(1024, &r2_0)) {
#ifdef QT_NO_DEBUG
aotContext->setInstructionPointer(10);
#endif
aotContext->initGetEnumLookup(1024, []() { static const auto t = QMetaType::fromName("QQuickFontEnums"); return t; }().metaObject(), "FontWeight", "DemiBold");
if (aotContext->engine->hasError()) {
aotContext->setReturnValueUndefined();
if (argv[0]) {
    *static_cast<int *>(argv[0]) = int();
}
return;
}
}
{
}
{
}
// generate_Ret
if (argv[0]) {
    *static_cast<int *>(argv[0]) = r2_0;
}
return;
}
 },{ 208, 0, [](QV4::ExecutableCompilationUnit *unit, QMetaType *argTypes) {
    struct { QV4::ExecutableCompilationUnit *compilationUnit; } c { unit };
    const auto *aotContext = &c;
    Q_UNUSED(aotContext);
    argTypes[0] = []() { static const auto t = QMetaType::fromName("QColor"); return t; }();
}, 
    [](const QQmlPrivate::AOTCompiledContext *aotContext, void **argv) {
Q_UNUSED(aotContext)
Q_UNUSED(argv)
// expression for color at line 471, column 29
QObject *r2_0;
QVariant r2_1;
// generate_LoadQmlContextPropertyLookup
#ifndef QT_NO_DEBUG
aotContext->setInstructionPointer(5);
#endif
while (!aotContext->loadSingletonLookup(1035, &r2_0)) {
#ifdef QT_NO_DEBUG
aotContext->setInstructionPointer(5);
#endif
aotContext->initLoadSingletonLookup(1035, QQmlPrivate::AOTCompiledContext::InvalidStringId);
if (aotContext->engine->hasError()) {
aotContext->setReturnValueUndefined();
if (argv[0]) {
    const QMetaType returnType = []() { static const auto t = QMetaType::fromName("QColor"); return t; }();
    returnType.destruct(argv[0]);
    returnType.construct(argv[0]);
 }
return;
}
}
{
}
// generate_GetLookup
#ifndef QT_NO_DEBUG
aotContext->setInstructionPointer(10);
#endif
r2_1 = QVariant(aotContext->lookupResultMetaType(1036));
while (!aotContext->getObjectLookup(1036, r2_0, r2_1.data())) {
#ifdef QT_NO_DEBUG
aotContext->setInstructionPointer(10);
#endif
aotContext->initGetObjectLookup(1036, r2_0, r2_1.metaType());
if (aotContext->engine->hasError()) {
aotContext->setReturnValueUndefined();
if (argv[0]) {
    const QMetaType returnType = []() { static const auto t = QMetaType::fromName("QColor"); return t; }();
    returnType.destruct(argv[0]);
    returnType.construct(argv[0]);
 }
return;
}
r2_1 = QVariant(aotContext->lookupResultMetaType(1036));
}
{
}
{
}
// generate_Ret
if (argv[0]) {
    if (!r2_1.isValid())
        aotContext->setReturnValueUndefined();
    const QMetaType returnType = r2_1.metaType();
    returnType.destruct(argv[0]);
    returnType.construct(argv[0], r2_1.data());
}
return;
}
 },{ 209, 0, [](QV4::ExecutableCompilationUnit *unit, QMetaType *argTypes) {
    struct { QV4::ExecutableCompilationUnit *compilationUnit; } c { unit };
    const auto *aotContext = &c;
    Q_UNUSED(aotContext);
    argTypes[0] = []() { static const auto t = QMetaType::fromName("QQuickText::TextElideMode"); return t; }();
}, 
    [](const QQmlPrivate::AOTCompiledContext *aotContext, void **argv) {
Q_UNUSED(aotContext)
Q_UNUSED(argv)
// expression for elide at line 473, column 29
int r2_0;
{
}
// generate_GetLookup
#ifndef QT_NO_DEBUG
aotContext->setInstructionPointer(10);
#endif
while (!aotContext->getEnumLookup(1038, &r2_0)) {
#ifdef QT_NO_DEBUG
aotContext->setInstructionPointer(10);
#endif
aotContext->initGetEnumLookup(1038, []() { static const auto t = QMetaType::fromName("QQuickText*"); return t; }().metaObject(), "TextElideMode", "ElideRight");
if (aotContext->engine->hasError()) {
aotContext->setReturnValueUndefined();
if (argv[0]) {
    const QMetaType returnType = []() { static const auto t = QMetaType::fromName("QQuickText::TextElideMode"); return t; }();
    returnType.destruct(argv[0]);
    returnType.construct(argv[0]);
 }
return;
}
}
{
}
{
}
// generate_Ret
if (argv[0]) {
    const QMetaType returnType = QMetaType::fromType<int>();
    returnType.destruct(argv[0]);
    returnType.construct(argv[0], &r2_0);
}
return;
}
 },{ 211, 0, [](QV4::ExecutableCompilationUnit *unit, QMetaType *argTypes) {
    struct { QV4::ExecutableCompilationUnit *compilationUnit; } c { unit };
    const auto *aotContext = &c;
    Q_UNUSED(aotContext);
    argTypes[0] = QMetaType::fromType<double>();
}, 
    [](const QQmlPrivate::AOTCompiledContext *aotContext, void **argv) {
Q_UNUSED(aotContext)
Q_UNUSED(argv)
// expression for width at line 480, column 21
QObject *r2_0;
double r2_1;
// generate_LoadQmlContextPropertyLookup
#ifndef QT_NO_DEBUG
aotContext->setInstructionPointer(5);
#endif
while (!aotContext->loadScopeObjectPropertyLookup(1042, &r2_0)) {
#ifdef QT_NO_DEBUG
aotContext->setInstructionPointer(5);
#endif
aotContext->initLoadScopeObjectPropertyLookup(1042, []() { static const auto t = QMetaType::fromName("QQuickItem*"); return t; }());
if (aotContext->engine->hasError()) {
aotContext->setReturnValueUndefined();
if (argv[0]) {
    *static_cast<double *>(argv[0]) = double();
}
return;
}
}
{
}
// generate_GetLookup
#ifndef QT_NO_DEBUG
aotContext->setInstructionPointer(10);
#endif
while (!aotContext->getObjectLookup(1043, r2_0, &r2_1)) {
#ifdef QT_NO_DEBUG
aotContext->setInstructionPointer(10);
#endif
aotContext->initGetObjectLookup(1043, r2_0, QMetaType::fromType<double>());
if (aotContext->engine->hasError()) {
aotContext->setReturnValueUndefined();
if (argv[0]) {
    *static_cast<double *>(argv[0]) = double();
}
return;
}
}
{
}
{
}
// generate_Ret
if (argv[0]) {
    *static_cast<double *>(argv[0]) = r2_1;
}
return;
}
 },{ 212, 0, [](QV4::ExecutableCompilationUnit *unit, QMetaType *argTypes) {
    struct { QV4::ExecutableCompilationUnit *compilationUnit; } c { unit };
    const auto *aotContext = &c;
    Q_UNUSED(aotContext);
    argTypes[0] = QMetaType::fromType<double>();
}, 
    [](const QQmlPrivate::AOTCompiledContext *aotContext, void **argv) {
Q_UNUSED(aotContext)
Q_UNUSED(argv)
// expression for radius at line 482, column 21
QObject *r2_0;
double r2_1;
// generate_LoadQmlContextPropertyLookup
#ifndef QT_NO_DEBUG
aotContext->setInstructionPointer(5);
#endif
while (!aotContext->loadSingletonLookup(1044, &r2_0)) {
#ifdef QT_NO_DEBUG
aotContext->setInstructionPointer(5);
#endif
aotContext->initLoadSingletonLookup(1044, QQmlPrivate::AOTCompiledContext::InvalidStringId);
if (aotContext->engine->hasError()) {
aotContext->setReturnValueUndefined();
if (argv[0]) {
    *static_cast<double *>(argv[0]) = double();
}
return;
}
}
{
}
// generate_GetLookup
{
int retrieved;
#ifndef QT_NO_DEBUG
aotContext->setInstructionPointer(10);
#endif
while (!aotContext->getObjectLookup(1045, r2_0, &retrieved)) {
#ifdef QT_NO_DEBUG
aotContext->setInstructionPointer(10);
#endif
aotContext->initGetObjectLookup(1045, r2_0, QMetaType::fromType<int>());
if (aotContext->engine->hasError()) {
aotContext->setReturnValueUndefined();
if (argv[0]) {
    *static_cast<double *>(argv[0]) = double();
}
return;
}
}
r2_1 = double(std::move(retrieved));
}
{
}
{
}
// generate_Ret
if (argv[0]) {
    *static_cast<double *>(argv[0]) = r2_1;
}
return;
}
 },{ 213, 0, [](QV4::ExecutableCompilationUnit *unit, QMetaType *argTypes) {
    struct { QV4::ExecutableCompilationUnit *compilationUnit; } c { unit };
    const auto *aotContext = &c;
    Q_UNUSED(aotContext);
    argTypes[0] = []() { static const auto t = QMetaType::fromName("QColor"); return t; }();
}, 
    [](const QQmlPrivate::AOTCompiledContext *aotContext, void **argv) {
Q_UNUSED(aotContext)
Q_UNUSED(argv)
// expression for color at line 484, column 21
QObject *r2_0;
QVariant r2_1;
// generate_LoadQmlContextPropertyLookup
#ifndef QT_NO_DEBUG
aotContext->setInstructionPointer(5);
#endif
while (!aotContext->loadSingletonLookup(1046, &r2_0)) {
#ifdef QT_NO_DEBUG
aotContext->setInstructionPointer(5);
#endif
aotContext->initLoadSingletonLookup(1046, QQmlPrivate::AOTCompiledContext::InvalidStringId);
if (aotContext->engine->hasError()) {
aotContext->setReturnValueUndefined();
if (argv[0]) {
    const QMetaType returnType = []() { static const auto t = QMetaType::fromName("QColor"); return t; }();
    returnType.destruct(argv[0]);
    returnType.construct(argv[0]);
 }
return;
}
}
{
}
// generate_GetLookup
#ifndef QT_NO_DEBUG
aotContext->setInstructionPointer(10);
#endif
r2_1 = QVariant(aotContext->lookupResultMetaType(1047));
while (!aotContext->getObjectLookup(1047, r2_0, r2_1.data())) {
#ifdef QT_NO_DEBUG
aotContext->setInstructionPointer(10);
#endif
aotContext->initGetObjectLookup(1047, r2_0, r2_1.metaType());
if (aotContext->engine->hasError()) {
aotContext->setReturnValueUndefined();
if (argv[0]) {
    const QMetaType returnType = []() { static const auto t = QMetaType::fromName("QColor"); return t; }();
    returnType.destruct(argv[0]);
    returnType.construct(argv[0]);
 }
return;
}
r2_1 = QVariant(aotContext->lookupResultMetaType(1047));
}
{
}
{
}
// generate_Ret
if (argv[0]) {
    if (!r2_1.isValid())
        aotContext->setReturnValueUndefined();
    const QMetaType returnType = r2_1.metaType();
    returnType.destruct(argv[0]);
    returnType.construct(argv[0], r2_1.data());
}
return;
}
 },{ 214, 0, [](QV4::ExecutableCompilationUnit *unit, QMetaType *argTypes) {
    struct { QV4::ExecutableCompilationUnit *compilationUnit; } c { unit };
    const auto *aotContext = &c;
    Q_UNUSED(aotContext);
    argTypes[0] = QMetaType::fromType<double>();
}, 
    [](const QQmlPrivate::AOTCompiledContext *aotContext, void **argv) {
Q_UNUSED(aotContext)
Q_UNUSED(argv)
// expression for width at line 489, column 25
QObject *r2_0;
double r2_2;
double r2_1;
double r7_0;
// generate_LoadQmlContextPropertyLookup
#ifndef QT_NO_DEBUG
aotContext->setInstructionPointer(5);
#endif
while (!aotContext->loadScopeObjectPropertyLookup(1048, &r2_0)) {
#ifdef QT_NO_DEBUG
aotContext->setInstructionPointer(5);
#endif
aotContext->initLoadScopeObjectPropertyLookup(1048, []() { static const auto t = QMetaType::fromName("QQuickItem*"); return t; }());
if (aotContext->engine->hasError()) {
aotContext->setReturnValueUndefined();
if (argv[0]) {
    *static_cast<double *>(argv[0]) = double();
}
return;
}
}
{
}
// generate_GetLookup
#ifndef QT_NO_DEBUG
aotContext->setInstructionPointer(10);
#endif
while (!aotContext->getObjectLookup(1049, r2_0, &r2_1)) {
#ifdef QT_NO_DEBUG
aotContext->setInstructionPointer(10);
#endif
aotContext->initGetObjectLookup(1049, r2_0, QMetaType::fromType<double>());
if (aotContext->engine->hasError()) {
aotContext->setReturnValueUndefined();
if (argv[0]) {
    *static_cast<double *>(argv[0]) = double();
}
return;
}
}
{
}
// generate_StoreReg
r7_0 = r2_1;
{
}
// generate_LoadInt
r2_2 = double(20);
{
}
// generate_Sub
r2_2 = (r7_0 - r2_2);
{
}
{
}
// generate_Ret
if (argv[0]) {
    *static_cast<double *>(argv[0]) = r2_2;
}
return;
}
 },{ 216, 0, [](QV4::ExecutableCompilationUnit *unit, QMetaType *argTypes) {
    struct { QV4::ExecutableCompilationUnit *compilationUnit; } c { unit };
    const auto *aotContext = &c;
    Q_UNUSED(aotContext);
    argTypes[0] = []() { static const auto t = QMetaType::fromName("QColor"); return t; }();
}, 
    [](const QQmlPrivate::AOTCompiledContext *aotContext, void **argv) {
Q_UNUSED(aotContext)
Q_UNUSED(argv)
// expression for color at line 493, column 25
QObject *r2_0;
QVariant r2_1;
// generate_LoadQmlContextPropertyLookup
#ifndef QT_NO_DEBUG
aotContext->setInstructionPointer(5);
#endif
while (!aotContext->loadSingletonLookup(1054, &r2_0)) {
#ifdef QT_NO_DEBUG
aotContext->setInstructionPointer(5);
#endif
aotContext->initLoadSingletonLookup(1054, QQmlPrivate::AOTCompiledContext::InvalidStringId);
if (aotContext->engine->hasError()) {
aotContext->setReturnValueUndefined();
if (argv[0]) {
    const QMetaType returnType = []() { static const auto t = QMetaType::fromName("QColor"); return t; }();
    returnType.destruct(argv[0]);
    returnType.construct(argv[0]);
 }
return;
}
}
{
}
// generate_GetLookup
#ifndef QT_NO_DEBUG
aotContext->setInstructionPointer(10);
#endif
r2_1 = QVariant(aotContext->lookupResultMetaType(1055));
while (!aotContext->getObjectLookup(1055, r2_0, r2_1.data())) {
#ifdef QT_NO_DEBUG
aotContext->setInstructionPointer(10);
#endif
aotContext->initGetObjectLookup(1055, r2_0, r2_1.metaType());
if (aotContext->engine->hasError()) {
aotContext->setReturnValueUndefined();
if (argv[0]) {
    const QMetaType returnType = []() { static const auto t = QMetaType::fromName("QColor"); return t; }();
    returnType.destruct(argv[0]);
    returnType.construct(argv[0]);
 }
return;
}
r2_1 = QVariant(aotContext->lookupResultMetaType(1055));
}
{
}
{
}
// generate_Ret
if (argv[0]) {
    if (!r2_1.isValid())
        aotContext->setReturnValueUndefined();
    const QMetaType returnType = r2_1.metaType();
    returnType.destruct(argv[0]);
    returnType.construct(argv[0], r2_1.data());
}
return;
}
 },{ 217, 0, [](QV4::ExecutableCompilationUnit *unit, QMetaType *argTypes) {
    struct { QV4::ExecutableCompilationUnit *compilationUnit; } c { unit };
    const auto *aotContext = &c;
    Q_UNUSED(aotContext);
    argTypes[0] = []() { static const auto t = QMetaType::fromName("QQuickText::WrapMode"); return t; }();
}, 
    [](const QQmlPrivate::AOTCompiledContext *aotContext, void **argv) {
Q_UNUSED(aotContext)
Q_UNUSED(argv)
// expression for wrapMode at line 495, column 25
int r2_0;
{
}
// generate_GetLookup
#ifndef QT_NO_DEBUG
aotContext->setInstructionPointer(10);
#endif
while (!aotContext->getEnumLookup(1057, &r2_0)) {
#ifdef QT_NO_DEBUG
aotContext->setInstructionPointer(10);
#endif
aotContext->initGetEnumLookup(1057, []() { static const auto t = QMetaType::fromName("QQuickText*"); return t; }().metaObject(), "WrapMode", "WordWrap");
if (aotContext->engine->hasError()) {
aotContext->setReturnValueUndefined();
if (argv[0]) {
    const QMetaType returnType = []() { static const auto t = QMetaType::fromName("QQuickText::WrapMode"); return t; }();
    returnType.destruct(argv[0]);
    returnType.construct(argv[0]);
 }
return;
}
}
{
}
{
}
// generate_Ret
if (argv[0]) {
    const QMetaType returnType = QMetaType::fromType<int>();
    returnType.destruct(argv[0]);
    returnType.construct(argv[0], &r2_0);
}
return;
}
 },{ 218, 0, [](QV4::ExecutableCompilationUnit *unit, QMetaType *argTypes) {
    struct { QV4::ExecutableCompilationUnit *compilationUnit; } c { unit };
    const auto *aotContext = &c;
    Q_UNUSED(aotContext);
    argTypes[0] = []() { static const auto t = QMetaType::fromName("QQuickText::HAlignment"); return t; }();
}, 
    [](const QQmlPrivate::AOTCompiledContext *aotContext, void **argv) {
Q_UNUSED(aotContext)
Q_UNUSED(argv)
// expression for horizontalAlignment at line 496, column 25
int r2_0;
{
}
// generate_GetLookup
#ifndef QT_NO_DEBUG
aotContext->setInstructionPointer(10);
#endif
while (!aotContext->getEnumLookup(1059, &r2_0)) {
#ifdef QT_NO_DEBUG
aotContext->setInstructionPointer(10);
#endif
aotContext->initGetEnumLookup(1059, []() { static const auto t = QMetaType::fromName("QQuickText*"); return t; }().metaObject(), "HAlignment", "AlignHCenter");
if (aotContext->engine->hasError()) {
aotContext->setReturnValueUndefined();
if (argv[0]) {
    const QMetaType returnType = []() { static const auto t = QMetaType::fromName("QQuickText::HAlignment"); return t; }();
    returnType.destruct(argv[0]);
    returnType.construct(argv[0]);
 }
return;
}
}
{
}
{
}
// generate_Ret
if (argv[0]) {
    const QMetaType returnType = QMetaType::fromType<int>();
    returnType.destruct(argv[0]);
    returnType.construct(argv[0], &r2_0);
}
return;
}
 },{ 219, 0, [](QV4::ExecutableCompilationUnit *unit, QMetaType *argTypes) {
    struct { QV4::ExecutableCompilationUnit *compilationUnit; } c { unit };
    const auto *aotContext = &c;
    Q_UNUSED(aotContext);
    argTypes[0] = []() { static const auto t = QMetaType::fromName("QQuickItem*"); return t; }();
}, 
    [](const QQmlPrivate::AOTCompiledContext *aotContext, void **argv) {
Q_UNUSED(aotContext)
Q_UNUSED(argv)
// expression for centerIn at line 488, column 25
QObject *r2_0;
// generate_LoadQmlContextPropertyLookup
#ifndef QT_NO_DEBUG
aotContext->setInstructionPointer(5);
#endif
while (!aotContext->loadScopeObjectPropertyLookup(1060, &r2_0)) {
#ifdef QT_NO_DEBUG
aotContext->setInstructionPointer(5);
#endif
aotContext->initLoadScopeObjectPropertyLookup(1060, []() { static const auto t = QMetaType::fromName("QQuickItem*"); return t; }());
if (aotContext->engine->hasError()) {
aotContext->setReturnValueUndefined();
if (argv[0]) {
    *static_cast<QObject * *>(argv[0]) = nullptr;
}
return;
}
}
{
}
{
}
// generate_Ret
if (argv[0]) {
    *static_cast<QObject * *>(argv[0]) = r2_0;
}
return;
}
 },{ 221, 0, [](QV4::ExecutableCompilationUnit *unit, QMetaType *argTypes) {
    struct { QV4::ExecutableCompilationUnit *compilationUnit; } c { unit };
    const auto *aotContext = &c;
    Q_UNUSED(aotContext);
    argTypes[0] = QMetaType::fromType<double>();
}, 
    [](const QQmlPrivate::AOTCompiledContext *aotContext, void **argv) {
Q_UNUSED(aotContext)
Q_UNUSED(argv)
// expression for width at line 502, column 21
double r2_1;
QObject *r2_0;
// generate_LoadQmlContextPropertyLookup
#ifndef QT_NO_DEBUG
aotContext->setInstructionPointer(5);
#endif
while (!aotContext->loadScopeObjectPropertyLookup(1064, &r2_0)) {
#ifdef QT_NO_DEBUG
aotContext->setInstructionPointer(5);
#endif
aotContext->initLoadScopeObjectPropertyLookup(1064, []() { static const auto t = QMetaType::fromName("QQuickItem*"); return t; }());
if (aotContext->engine->hasError()) {
aotContext->setReturnValueUndefined();
if (argv[0]) {
    *static_cast<double *>(argv[0]) = double();
}
return;
}
}
{
}
// generate_GetLookup
#ifndef QT_NO_DEBUG
aotContext->setInstructionPointer(10);
#endif
while (!aotContext->getObjectLookup(1065, r2_0, &r2_1)) {
#ifdef QT_NO_DEBUG
aotContext->setInstructionPointer(10);
#endif
aotContext->initGetObjectLookup(1065, r2_0, QMetaType::fromType<double>());
if (aotContext->engine->hasError()) {
aotContext->setReturnValueUndefined();
if (argv[0]) {
    *static_cast<double *>(argv[0]) = double();
}
return;
}
}
{
}
{
}
// generate_Ret
if (argv[0]) {
    *static_cast<double *>(argv[0]) = r2_1;
}
return;
}
 },{ 222, 0, [](QV4::ExecutableCompilationUnit *unit, QMetaType *argTypes) {
    struct { QV4::ExecutableCompilationUnit *compilationUnit; } c { unit };
    const auto *aotContext = &c;
    Q_UNUSED(aotContext);
    argTypes[0] = QMetaType::fromType<double>();
}, 
    [](const QQmlPrivate::AOTCompiledContext *aotContext, void **argv) {
Q_UNUSED(aotContext)
Q_UNUSED(argv)
// expression for height at line 503, column 21
QObject *r2_0;
double r2_2;
double r7_0;
double r2_1;
// generate_LoadQmlContextPropertyLookup
#ifndef QT_NO_DEBUG
aotContext->setInstructionPointer(5);
#endif
while (!aotContext->loadScopeObjectPropertyLookup(1066, &r2_0)) {
#ifdef QT_NO_DEBUG
aotContext->setInstructionPointer(5);
#endif
aotContext->initLoadScopeObjectPropertyLookup(1066, []() { static const auto t = QMetaType::fromName("QQuickItem*"); return t; }());
if (aotContext->engine->hasError()) {
aotContext->setReturnValueUndefined();
if (argv[0]) {
    *static_cast<double *>(argv[0]) = double();
}
return;
}
}
{
}
// generate_GetLookup
#ifndef QT_NO_DEBUG
aotContext->setInstructionPointer(10);
#endif
while (!aotContext->getObjectLookup(1067, r2_0, &r2_1)) {
#ifdef QT_NO_DEBUG
aotContext->setInstructionPointer(10);
#endif
aotContext->initGetObjectLookup(1067, r2_0, QMetaType::fromType<double>());
if (aotContext->engine->hasError()) {
aotContext->setReturnValueUndefined();
if (argv[0]) {
    *static_cast<double *>(argv[0]) = double();
}
return;
}
}
{
}
// generate_StoreReg
r7_0 = r2_1;
{
}
// generate_LoadInt
r2_2 = double(52);
{
}
// generate_Sub
r2_2 = (r7_0 - r2_2);
{
}
{
}
// generate_Ret
if (argv[0]) {
    *static_cast<double *>(argv[0]) = r2_2;
}
return;
}
 },{ 223, 0, [](QV4::ExecutableCompilationUnit *unit, QMetaType *argTypes) {
    struct { QV4::ExecutableCompilationUnit *compilationUnit; } c { unit };
    const auto *aotContext = &c;
    Q_UNUSED(aotContext);
    argTypes[0] = QMetaType::fromType<QVariant>();
}, 
    [](const QQmlPrivate::AOTCompiledContext *aotContext, void **argv) {
Q_UNUSED(aotContext)
Q_UNUSED(argv)
// expression for model at line 506, column 21
QVariant r2_1;
QObject *r2_0;
// generate_LoadQmlContextPropertyLookup
#ifndef QT_NO_DEBUG
aotContext->setInstructionPointer(5);
#endif
while (!aotContext->loadContextIdLookup(1068, &r2_0)) {
#ifdef QT_NO_DEBUG
aotContext->setInstructionPointer(5);
#endif
aotContext->initLoadContextIdLookup(1068);
if (aotContext->engine->hasError()) {
aotContext->setReturnValueUndefined();
if (argv[0]) {
    *static_cast<QVariant *>(argv[0]) = QVariant();
}
return;
}
}
{
}
// generate_GetLookup
#ifndef QT_NO_DEBUG
aotContext->setInstructionPointer(10);
#endif
while (!aotContext->getObjectLookup(1069, r2_0, &r2_1)) {
#ifdef QT_NO_DEBUG
aotContext->setInstructionPointer(10);
#endif
aotContext->initGetObjectLookup(1069, r2_0, QMetaType::fromType<QVariant>());
if (aotContext->engine->hasError()) {
aotContext->setReturnValueUndefined();
if (argv[0]) {
    *static_cast<QVariant *>(argv[0]) = QVariant();
}
return;
}
}
{
}
{
}
// generate_Ret
if (argv[0]) {
    if (!r2_1.isValid())
        aotContext->setReturnValueUndefined();
    *static_cast<QVariant *>(argv[0]) = std::move(r2_1);
}
return;
}
 },{ 224, 0, [](QV4::ExecutableCompilationUnit *unit, QMetaType *argTypes) {
    struct { QV4::ExecutableCompilationUnit *compilationUnit; } c { unit };
    const auto *aotContext = &c;
    Q_UNUSED(aotContext);
    argTypes[0] = QMetaType::fromType<double>();
}, 
    [](const QQmlPrivate::AOTCompiledContext *aotContext, void **argv) {
Q_UNUSED(aotContext)
Q_UNUSED(argv)
// expression for width at line 513, column 25
QObject *r2_0;
double r2_2;
QObject *r2_1;
// generate_LoadQmlContextPropertyLookup
#ifndef QT_NO_DEBUG
aotContext->setInstructionPointer(5);
#endif
while (!aotContext->loadAttachedLookup(1070, aotContext->qmlScopeObject, &r2_0)) {
#ifdef QT_NO_DEBUG
aotContext->setInstructionPointer(5);
#endif
aotContext->initLoadAttachedLookup(1070, QQmlPrivate::AOTCompiledContext::InvalidStringId, aotContext->qmlScopeObject);
if (aotContext->engine->hasError()) {
aotContext->setReturnValueUndefined();
if (argv[0]) {
    *static_cast<double *>(argv[0]) = double();
}
return;
}
}
{
}
// generate_GetLookup
#ifndef QT_NO_DEBUG
aotContext->setInstructionPointer(10);
#endif
while (!aotContext->getObjectLookup(1071, r2_0, &r2_1)) {
#ifdef QT_NO_DEBUG
aotContext->setInstructionPointer(10);
#endif
aotContext->initGetObjectLookup(1071, r2_0, []() { static const auto t = QMetaType::fromName("QQuickListView*"); return t; }());
if (aotContext->engine->hasError()) {
aotContext->setReturnValueUndefined();
if (argv[0]) {
    *static_cast<double *>(argv[0]) = double();
}
return;
}
}
{
}
// generate_GetLookup
#ifndef QT_NO_DEBUG
aotContext->setInstructionPointer(15);
#endif
while (!aotContext->getObjectLookup(1072, r2_1, &r2_2)) {
#ifdef QT_NO_DEBUG
aotContext->setInstructionPointer(15);
#endif
aotContext->initGetObjectLookup(1072, r2_1, QMetaType::fromType<double>());
if (aotContext->engine->hasError()) {
aotContext->setReturnValueUndefined();
if (argv[0]) {
    *static_cast<double *>(argv[0]) = double();
}
return;
}
}
{
}
{
}
// generate_Ret
if (argv[0]) {
    *static_cast<double *>(argv[0]) = r2_2;
}
return;
}
 },{ 225, 0, [](QV4::ExecutableCompilationUnit *unit, QMetaType *argTypes) {
    struct { QV4::ExecutableCompilationUnit *compilationUnit; } c { unit };
    const auto *aotContext = &c;
    Q_UNUSED(aotContext);
    argTypes[0] = QMetaType::fromType<double>();
}, 
    [](const QQmlPrivate::AOTCompiledContext *aotContext, void **argv) {
Q_UNUSED(aotContext)
Q_UNUSED(argv)
// expression for height at line 514, column 25
QObject *r2_0;
double r2_2;
double r7_0;
double r2_1;
// generate_LoadQmlContextPropertyLookup
#ifndef QT_NO_DEBUG
aotContext->setInstructionPointer(5);
#endif
while (!aotContext->loadContextIdLookup(1073, &r2_0)) {
#ifdef QT_NO_DEBUG
aotContext->setInstructionPointer(5);
#endif
aotContext->initLoadContextIdLookup(1073);
if (aotContext->engine->hasError()) {
aotContext->setReturnValueUndefined();
if (argv[0]) {
    *static_cast<double *>(argv[0]) = double();
}
return;
}
}
{
}
// generate_GetLookup
#ifndef QT_NO_DEBUG
aotContext->setInstructionPointer(10);
#endif
while (!aotContext->getObjectLookup(1074, r2_0, &r2_1)) {
#ifdef QT_NO_DEBUG
aotContext->setInstructionPointer(10);
#endif
aotContext->initGetObjectLookup(1074, r2_0, QMetaType::fromType<double>());
if (aotContext->engine->hasError()) {
aotContext->setReturnValueUndefined();
if (argv[0]) {
    *static_cast<double *>(argv[0]) = double();
}
return;
}
}
{
}
// generate_StoreReg
r7_0 = r2_1;
{
}
// generate_LoadInt
r2_2 = double(34);
{
}
// generate_Add
r2_2 = (r7_0 + r2_2);
{
}
{
}
// generate_Ret
if (argv[0]) {
    *static_cast<double *>(argv[0]) = r2_2;
}
return;
}
 },{ 226, 0, [](QV4::ExecutableCompilationUnit *unit, QMetaType *argTypes) {
    struct { QV4::ExecutableCompilationUnit *compilationUnit; } c { unit };
    const auto *aotContext = &c;
    Q_UNUSED(aotContext);
    argTypes[0] = QMetaType::fromType<double>();
}, 
    [](const QQmlPrivate::AOTCompiledContext *aotContext, void **argv) {
Q_UNUSED(aotContext)
Q_UNUSED(argv)
// expression for radius at line 515, column 25
QObject *r2_0;
double r2_1;
// generate_LoadQmlContextPropertyLookup
#ifndef QT_NO_DEBUG
aotContext->setInstructionPointer(5);
#endif
while (!aotContext->loadSingletonLookup(1075, &r2_0)) {
#ifdef QT_NO_DEBUG
aotContext->setInstructionPointer(5);
#endif
aotContext->initLoadSingletonLookup(1075, QQmlPrivate::AOTCompiledContext::InvalidStringId);
if (aotContext->engine->hasError()) {
aotContext->setReturnValueUndefined();
if (argv[0]) {
    *static_cast<double *>(argv[0]) = double();
}
return;
}
}
{
}
// generate_GetLookup
{
int retrieved;
#ifndef QT_NO_DEBUG
aotContext->setInstructionPointer(10);
#endif
while (!aotContext->getObjectLookup(1076, r2_0, &retrieved)) {
#ifdef QT_NO_DEBUG
aotContext->setInstructionPointer(10);
#endif
aotContext->initGetObjectLookup(1076, r2_0, QMetaType::fromType<int>());
if (aotContext->engine->hasError()) {
aotContext->setReturnValueUndefined();
if (argv[0]) {
    *static_cast<double *>(argv[0]) = double();
}
return;
}
}
r2_1 = double(std::move(retrieved));
}
{
}
{
}
// generate_Ret
if (argv[0]) {
    *static_cast<double *>(argv[0]) = r2_1;
}
return;
}
 },{ 227, 0, [](QV4::ExecutableCompilationUnit *unit, QMetaType *argTypes) {
    struct { QV4::ExecutableCompilationUnit *compilationUnit; } c { unit };
    const auto *aotContext = &c;
    Q_UNUSED(aotContext);
    argTypes[0] = []() { static const auto t = QMetaType::fromName("QColor"); return t; }();
}, 
    [](const QQmlPrivate::AOTCompiledContext *aotContext, void **argv) {
Q_UNUSED(aotContext)
Q_UNUSED(argv)
// expression for color at line 516, column 25
int r2_2;
QObject *r2_4;
QVariant r2_10;
bool r2_7;
QVariant r2_9;
QObject *r2_1;
QVariant r2_8;
int r2_0;
int r7_0;
QVariant r2_5;
QObject *r2_6;
bool r2_3;
// generate_LoadQmlContextPropertyLookup
#ifndef QT_NO_DEBUG
aotContext->setInstructionPointer(5);
#endif
while (!aotContext->loadScopeObjectPropertyLookup(1077, &r2_0)) {
#ifdef QT_NO_DEBUG
aotContext->setInstructionPointer(5);
#endif
aotContext->initLoadScopeObjectPropertyLookup(1077, QMetaType::fromType<int>());
if (aotContext->engine->hasError()) {
aotContext->setReturnValueUndefined();
if (argv[0]) {
    const QMetaType returnType = []() { static const auto t = QMetaType::fromName("QColor"); return t; }();
    returnType.destruct(argv[0]);
    returnType.construct(argv[0]);
 }
return;
}
}
{
}
// generate_StoreReg
r7_0 = r2_0;
{
}
// generate_LoadQmlContextPropertyLookup
#ifndef QT_NO_DEBUG
aotContext->setInstructionPointer(12);
#endif
while (!aotContext->loadContextIdLookup(1078, &r2_1)) {
#ifdef QT_NO_DEBUG
aotContext->setInstructionPointer(12);
#endif
aotContext->initLoadContextIdLookup(1078);
if (aotContext->engine->hasError()) {
aotContext->setReturnValueUndefined();
if (argv[0]) {
    const QMetaType returnType = []() { static const auto t = QMetaType::fromName("QColor"); return t; }();
    returnType.destruct(argv[0]);
    returnType.construct(argv[0]);
 }
return;
}
}
{
}
// generate_GetLookup
#ifndef QT_NO_DEBUG
aotContext->setInstructionPointer(17);
#endif
while (!aotContext->getObjectLookup(1079, r2_1, &r2_2)) {
#ifdef QT_NO_DEBUG
aotContext->setInstructionPointer(17);
#endif
aotContext->initGetObjectLookup(1079, r2_1, QMetaType::fromType<int>());
if (aotContext->engine->hasError()) {
aotContext->setReturnValueUndefined();
if (argv[0]) {
    const QMetaType returnType = []() { static const auto t = QMetaType::fromName("QColor"); return t; }();
    returnType.destruct(argv[0]);
    returnType.construct(argv[0]);
 }
return;
}
}
{
}
// generate_CmpStrictEqual
r2_3 = r7_0 == r2_2;
{
}
// generate_JumpFalse
if (!r2_3) {
    goto label_0;
}
{
}
// generate_LoadQmlContextPropertyLookup
#ifndef QT_NO_DEBUG
aotContext->setInstructionPointer(26);
#endif
while (!aotContext->loadSingletonLookup(1080, &r2_4)) {
#ifdef QT_NO_DEBUG
aotContext->setInstructionPointer(26);
#endif
aotContext->initLoadSingletonLookup(1080, QQmlPrivate::AOTCompiledContext::InvalidStringId);
if (aotContext->engine->hasError()) {
aotContext->setReturnValueUndefined();
if (argv[0]) {
    const QMetaType returnType = []() { static const auto t = QMetaType::fromName("QColor"); return t; }();
    returnType.destruct(argv[0]);
    returnType.construct(argv[0]);
 }
return;
}
}
{
}
// generate_GetLookup
#ifndef QT_NO_DEBUG
aotContext->setInstructionPointer(31);
#endif
r2_5 = QVariant(aotContext->lookupResultMetaType(1081));
while (!aotContext->getObjectLookup(1081, r2_4, r2_5.data())) {
#ifdef QT_NO_DEBUG
aotContext->setInstructionPointer(31);
#endif
aotContext->initGetObjectLookup(1081, r2_4, r2_5.metaType());
if (aotContext->engine->hasError()) {
aotContext->setReturnValueUndefined();
if (argv[0]) {
    const QMetaType returnType = []() { static const auto t = QMetaType::fromName("QColor"); return t; }();
    returnType.destruct(argv[0]);
    returnType.construct(argv[0]);
 }
return;
}
r2_5 = QVariant(aotContext->lookupResultMetaType(1081));
}
{
}
// generate_Jump
{
r2_10 = r2_5;
    goto label_1;
}
label_0:;
// generate_LoadQmlContextPropertyLookup
#ifndef QT_NO_DEBUG
aotContext->setInstructionPointer(38);
#endif
while (!aotContext->loadContextIdLookup(1082, &r2_6)) {
#ifdef QT_NO_DEBUG
aotContext->setInstructionPointer(38);
#endif
aotContext->initLoadContextIdLookup(1082);
if (aotContext->engine->hasError()) {
aotContext->setReturnValueUndefined();
if (argv[0]) {
    const QMetaType returnType = []() { static const auto t = QMetaType::fromName("QColor"); return t; }();
    returnType.destruct(argv[0]);
    returnType.construct(argv[0]);
 }
return;
}
}
{
}
// generate_GetLookup
#ifndef QT_NO_DEBUG
aotContext->setInstructionPointer(43);
#endif
while (!aotContext->getObjectLookup(1083, r2_6, &r2_7)) {
#ifdef QT_NO_DEBUG
aotContext->setInstructionPointer(43);
#endif
aotContext->initGetObjectLookup(1083, r2_6, QMetaType::fromType<bool>());
if (aotContext->engine->hasError()) {
aotContext->setReturnValueUndefined();
if (argv[0]) {
    const QMetaType returnType = []() { static const auto t = QMetaType::fromName("QColor"); return t; }();
    returnType.destruct(argv[0]);
    returnType.construct(argv[0]);
 }
return;
}
}
{
}
// generate_JumpFalse
if (!r2_7) {
    goto label_2;
}
{
}
// generate_LoadQmlContextPropertyLookup
#ifndef QT_NO_DEBUG
aotContext->setInstructionPointer(50);
#endif
while (!aotContext->loadSingletonLookup(1084, &r2_4)) {
#ifdef QT_NO_DEBUG
aotContext->setInstructionPointer(50);
#endif
aotContext->initLoadSingletonLookup(1084, QQmlPrivate::AOTCompiledContext::InvalidStringId);
if (aotContext->engine->hasError()) {
aotContext->setReturnValueUndefined();
if (argv[0]) {
    const QMetaType returnType = []() { static const auto t = QMetaType::fromName("QColor"); return t; }();
    returnType.destruct(argv[0]);
    returnType.construct(argv[0]);
 }
return;
}
}
{
}
// generate_GetLookup
#ifndef QT_NO_DEBUG
aotContext->setInstructionPointer(55);
#endif
r2_8 = QVariant(aotContext->lookupResultMetaType(1085));
while (!aotContext->getObjectLookup(1085, r2_4, r2_8.data())) {
#ifdef QT_NO_DEBUG
aotContext->setInstructionPointer(55);
#endif
aotContext->initGetObjectLookup(1085, r2_4, r2_8.metaType());
if (aotContext->engine->hasError()) {
aotContext->setReturnValueUndefined();
if (argv[0]) {
    const QMetaType returnType = []() { static const auto t = QMetaType::fromName("QColor"); return t; }();
    returnType.destruct(argv[0]);
    returnType.construct(argv[0]);
 }
return;
}
r2_8 = QVariant(aotContext->lookupResultMetaType(1085));
}
{
}
// generate_Jump
{
r2_10 = r2_8;
    goto label_1;
}
label_2:;
// generate_LoadQmlContextPropertyLookup
#ifndef QT_NO_DEBUG
aotContext->setInstructionPointer(62);
#endif
while (!aotContext->loadSingletonLookup(1086, &r2_4)) {
#ifdef QT_NO_DEBUG
aotContext->setInstructionPointer(62);
#endif
aotContext->initLoadSingletonLookup(1086, QQmlPrivate::AOTCompiledContext::InvalidStringId);
if (aotContext->engine->hasError()) {
aotContext->setReturnValueUndefined();
if (argv[0]) {
    const QMetaType returnType = []() { static const auto t = QMetaType::fromName("QColor"); return t; }();
    returnType.destruct(argv[0]);
    returnType.construct(argv[0]);
 }
return;
}
}
{
}
// generate_GetLookup
#ifndef QT_NO_DEBUG
aotContext->setInstructionPointer(67);
#endif
r2_9 = QVariant(aotContext->lookupResultMetaType(1087));
while (!aotContext->getObjectLookup(1087, r2_4, r2_9.data())) {
#ifdef QT_NO_DEBUG
aotContext->setInstructionPointer(67);
#endif
aotContext->initGetObjectLookup(1087, r2_4, r2_9.metaType());
if (aotContext->engine->hasError()) {
aotContext->setReturnValueUndefined();
if (argv[0]) {
    const QMetaType returnType = []() { static const auto t = QMetaType::fromName("QColor"); return t; }();
    returnType.destruct(argv[0]);
    returnType.construct(argv[0]);
 }
return;
}
r2_9 = QVariant(aotContext->lookupResultMetaType(1087));
}
{
r2_10 = std::move(r2_9);
}
label_1:;
{
}
// generate_Ret
if (argv[0]) {
    if (!r2_10.isValid())
        aotContext->setReturnValueUndefined();
    const QMetaType returnType = r2_10.metaType();
    returnType.destruct(argv[0]);
    returnType.construct(argv[0], r2_10.data());
}
return;
}
 },{ 228, 0, [](QV4::ExecutableCompilationUnit *unit, QMetaType *argTypes) {
    struct { QV4::ExecutableCompilationUnit *compilationUnit; } c { unit };
    const auto *aotContext = &c;
    Q_UNUSED(aotContext);
    argTypes[0] = []() { static const auto t = QMetaType::fromName("QColor"); return t; }();
}, 
    [](const QQmlPrivate::AOTCompiledContext *aotContext, void **argv) {
Q_UNUSED(aotContext)
Q_UNUSED(argv)
// expression for color at line 519, column 25
QObject *r2_4;
QVariant r2_7;
QVariant r2_6;
int r2_2;
QVariant r2_5;
int r7_0;
int r2_0;
bool r2_3;
QObject *r2_1;
// generate_LoadQmlContextPropertyLookup
#ifndef QT_NO_DEBUG
aotContext->setInstructionPointer(5);
#endif
while (!aotContext->loadScopeObjectPropertyLookup(1088, &r2_0)) {
#ifdef QT_NO_DEBUG
aotContext->setInstructionPointer(5);
#endif
aotContext->initLoadScopeObjectPropertyLookup(1088, QMetaType::fromType<int>());
if (aotContext->engine->hasError()) {
aotContext->setReturnValueUndefined();
if (argv[0]) {
    const QMetaType returnType = []() { static const auto t = QMetaType::fromName("QColor"); return t; }();
    returnType.destruct(argv[0]);
    returnType.construct(argv[0]);
 }
return;
}
}
{
}
// generate_StoreReg
r7_0 = r2_0;
{
}
// generate_LoadQmlContextPropertyLookup
#ifndef QT_NO_DEBUG
aotContext->setInstructionPointer(12);
#endif
while (!aotContext->loadContextIdLookup(1089, &r2_1)) {
#ifdef QT_NO_DEBUG
aotContext->setInstructionPointer(12);
#endif
aotContext->initLoadContextIdLookup(1089);
if (aotContext->engine->hasError()) {
aotContext->setReturnValueUndefined();
if (argv[0]) {
    const QMetaType returnType = []() { static const auto t = QMetaType::fromName("QColor"); return t; }();
    returnType.destruct(argv[0]);
    returnType.construct(argv[0]);
 }
return;
}
}
{
}
// generate_GetLookup
#ifndef QT_NO_DEBUG
aotContext->setInstructionPointer(17);
#endif
while (!aotContext->getObjectLookup(1090, r2_1, &r2_2)) {
#ifdef QT_NO_DEBUG
aotContext->setInstructionPointer(17);
#endif
aotContext->initGetObjectLookup(1090, r2_1, QMetaType::fromType<int>());
if (aotContext->engine->hasError()) {
aotContext->setReturnValueUndefined();
if (argv[0]) {
    const QMetaType returnType = []() { static const auto t = QMetaType::fromName("QColor"); return t; }();
    returnType.destruct(argv[0]);
    returnType.construct(argv[0]);
 }
return;
}
}
{
}
// generate_CmpStrictEqual
r2_3 = r7_0 == r2_2;
{
}
// generate_JumpFalse
if (!r2_3) {
    goto label_0;
}
{
}
// generate_LoadQmlContextPropertyLookup
#ifndef QT_NO_DEBUG
aotContext->setInstructionPointer(26);
#endif
while (!aotContext->loadSingletonLookup(1091, &r2_4)) {
#ifdef QT_NO_DEBUG
aotContext->setInstructionPointer(26);
#endif
aotContext->initLoadSingletonLookup(1091, QQmlPrivate::AOTCompiledContext::InvalidStringId);
if (aotContext->engine->hasError()) {
aotContext->setReturnValueUndefined();
if (argv[0]) {
    const QMetaType returnType = []() { static const auto t = QMetaType::fromName("QColor"); return t; }();
    returnType.destruct(argv[0]);
    returnType.construct(argv[0]);
 }
return;
}
}
{
}
// generate_GetLookup
#ifndef QT_NO_DEBUG
aotContext->setInstructionPointer(31);
#endif
r2_5 = QVariant(aotContext->lookupResultMetaType(1092));
while (!aotContext->getObjectLookup(1092, r2_4, r2_5.data())) {
#ifdef QT_NO_DEBUG
aotContext->setInstructionPointer(31);
#endif
aotContext->initGetObjectLookup(1092, r2_4, r2_5.metaType());
if (aotContext->engine->hasError()) {
aotContext->setReturnValueUndefined();
if (argv[0]) {
    const QMetaType returnType = []() { static const auto t = QMetaType::fromName("QColor"); return t; }();
    returnType.destruct(argv[0]);
    returnType.construct(argv[0]);
 }
return;
}
r2_5 = QVariant(aotContext->lookupResultMetaType(1092));
}
{
}
// generate_Jump
{
r2_7 = r2_5;
    goto label_1;
}
label_0:;
// generate_LoadQmlContextPropertyLookup
#ifndef QT_NO_DEBUG
aotContext->setInstructionPointer(38);
#endif
while (!aotContext->loadSingletonLookup(1093, &r2_4)) {
#ifdef QT_NO_DEBUG
aotContext->setInstructionPointer(38);
#endif
aotContext->initLoadSingletonLookup(1093, QQmlPrivate::AOTCompiledContext::InvalidStringId);
if (aotContext->engine->hasError()) {
aotContext->setReturnValueUndefined();
if (argv[0]) {
    const QMetaType returnType = []() { static const auto t = QMetaType::fromName("QColor"); return t; }();
    returnType.destruct(argv[0]);
    returnType.construct(argv[0]);
 }
return;
}
}
{
}
// generate_GetLookup
#ifndef QT_NO_DEBUG
aotContext->setInstructionPointer(43);
#endif
r2_6 = QVariant(aotContext->lookupResultMetaType(1094));
while (!aotContext->getObjectLookup(1094, r2_4, r2_6.data())) {
#ifdef QT_NO_DEBUG
aotContext->setInstructionPointer(43);
#endif
aotContext->initGetObjectLookup(1094, r2_4, r2_6.metaType());
if (aotContext->engine->hasError()) {
aotContext->setReturnValueUndefined();
if (argv[0]) {
    const QMetaType returnType = []() { static const auto t = QMetaType::fromName("QColor"); return t; }();
    returnType.destruct(argv[0]);
    returnType.construct(argv[0]);
 }
return;
}
r2_6 = QVariant(aotContext->lookupResultMetaType(1094));
}
{
r2_7 = std::move(r2_6);
}
label_1:;
{
}
// generate_Ret
if (argv[0]) {
    if (!r2_7.isValid())
        aotContext->setReturnValueUndefined();
    const QMetaType returnType = r2_7.metaType();
    returnType.destruct(argv[0]);
    returnType.construct(argv[0], r2_7.data());
}
return;
}
 },{ 229, 0, [](QV4::ExecutableCompilationUnit *unit, QMetaType *argTypes) {
    struct { QV4::ExecutableCompilationUnit *compilationUnit; } c { unit };
    const auto *aotContext = &c;
    Q_UNUSED(aotContext);
    argTypes[0] = QMetaType::fromType<double>();
}, 
    [](const QQmlPrivate::AOTCompiledContext *aotContext, void **argv) {
Q_UNUSED(aotContext)
Q_UNUSED(argv)
// expression for width at line 520, column 25
int r2_2;
int r2_0;
int r7_0;
double r2_4;
bool r2_3;
QObject *r2_1;
// generate_LoadQmlContextPropertyLookup
#ifndef QT_NO_DEBUG
aotContext->setInstructionPointer(5);
#endif
while (!aotContext->loadScopeObjectPropertyLookup(1095, &r2_0)) {
#ifdef QT_NO_DEBUG
aotContext->setInstructionPointer(5);
#endif
aotContext->initLoadScopeObjectPropertyLookup(1095, QMetaType::fromType<int>());
if (aotContext->engine->hasError()) {
aotContext->setReturnValueUndefined();
if (argv[0]) {
    *static_cast<double *>(argv[0]) = double();
}
return;
}
}
{
}
// generate_StoreReg
r7_0 = r2_0;
{
}
// generate_LoadQmlContextPropertyLookup
#ifndef QT_NO_DEBUG
aotContext->setInstructionPointer(12);
#endif
while (!aotContext->loadContextIdLookup(1096, &r2_1)) {
#ifdef QT_NO_DEBUG
aotContext->setInstructionPointer(12);
#endif
aotContext->initLoadContextIdLookup(1096);
if (aotContext->engine->hasError()) {
aotContext->setReturnValueUndefined();
if (argv[0]) {
    *static_cast<double *>(argv[0]) = double();
}
return;
}
}
{
}
// generate_GetLookup
#ifndef QT_NO_DEBUG
aotContext->setInstructionPointer(17);
#endif
while (!aotContext->getObjectLookup(1097, r2_1, &r2_2)) {
#ifdef QT_NO_DEBUG
aotContext->setInstructionPointer(17);
#endif
aotContext->initGetObjectLookup(1097, r2_1, QMetaType::fromType<int>());
if (aotContext->engine->hasError()) {
aotContext->setReturnValueUndefined();
if (argv[0]) {
    *static_cast<double *>(argv[0]) = double();
}
return;
}
}
{
}
// generate_CmpStrictEqual
r2_3 = r7_0 == r2_2;
{
}
// generate_JumpFalse
if (!r2_3) {
    goto label_0;
}
{
}
// generate_LoadInt
r2_4 = double(2);
{
}
// generate_Jump
{
    goto label_1;
}
label_0:;
// generate_LoadInt
r2_4 = double(1);
{
}
label_1:;
{
}
// generate_Ret
if (argv[0]) {
    *static_cast<double *>(argv[0]) = r2_4;
}
return;
}
 },{ 230, 0, [](QV4::ExecutableCompilationUnit *unit, QMetaType *argTypes) {
    struct { QV4::ExecutableCompilationUnit *compilationUnit; } c { unit };
    const auto *aotContext = &c;
    Q_UNUSED(aotContext);
    argTypes[0] = []() { static const auto t = QMetaType::fromName("QQuickItem*"); return t; }();
}, 
    [](const QQmlPrivate::AOTCompiledContext *aotContext, void **argv) {
Q_UNUSED(aotContext)
Q_UNUSED(argv)
// expression for fill at line 523, column 29
QObject *r2_0;
// generate_LoadQmlContextPropertyLookup
#ifndef QT_NO_DEBUG
aotContext->setInstructionPointer(5);
#endif
while (!aotContext->loadScopeObjectPropertyLookup(1098, &r2_0)) {
#ifdef QT_NO_DEBUG
aotContext->setInstructionPointer(5);
#endif
aotContext->initLoadScopeObjectPropertyLookup(1098, []() { static const auto t = QMetaType::fromName("QQuickItem*"); return t; }());
if (aotContext->engine->hasError()) {
aotContext->setReturnValueUndefined();
if (argv[0]) {
    *static_cast<QObject * *>(argv[0]) = nullptr;
}
return;
}
}
{
}
{
}
// generate_Ret
if (argv[0]) {
    *static_cast<QObject * *>(argv[0]) = r2_0;
}
return;
}
 },{ 233, 0, [](QV4::ExecutableCompilationUnit *unit, QMetaType *argTypes) {
    struct { QV4::ExecutableCompilationUnit *compilationUnit; } c { unit };
    const auto *aotContext = &c;
    Q_UNUSED(aotContext);
    argTypes[0] = QMetaType::fromType<int>();
}, 
    [](const QQmlPrivate::AOTCompiledContext *aotContext, void **argv) {
Q_UNUSED(aotContext)
Q_UNUSED(argv)
// expression for weight at line 531, column 33
int r2_0;
{
}
// generate_GetLookup
#ifndef QT_NO_DEBUG
aotContext->setInstructionPointer(10);
#endif
while (!aotContext->getEnumLookup(1110, &r2_0)) {
#ifdef QT_NO_DEBUG
aotContext->setInstructionPointer(10);
#endif
aotContext->initGetEnumLookup(1110, []() { static const auto t = QMetaType::fromName("QQuickFontEnums"); return t; }().metaObject(), "FontWeight", "DemiBold");
if (aotContext->engine->hasError()) {
aotContext->setReturnValueUndefined();
if (argv[0]) {
    *static_cast<int *>(argv[0]) = int();
}
return;
}
}
{
}
{
}
// generate_Ret
if (argv[0]) {
    *static_cast<int *>(argv[0]) = r2_0;
}
return;
}
 },{ 234, 0, [](QV4::ExecutableCompilationUnit *unit, QMetaType *argTypes) {
    struct { QV4::ExecutableCompilationUnit *compilationUnit; } c { unit };
    const auto *aotContext = &c;
    Q_UNUSED(aotContext);
    argTypes[0] = QMetaType::fromType<double>();
}, 
    [](const QQmlPrivate::AOTCompiledContext *aotContext, void **argv) {
Q_UNUSED(aotContext)
Q_UNUSED(argv)
// expression for width at line 536, column 33
QObject *r2_0;
double r2_1;
// generate_LoadQmlContextPropertyLookup
#ifndef QT_NO_DEBUG
aotContext->setInstructionPointer(5);
#endif
while (!aotContext->loadScopeObjectPropertyLookup(1111, &r2_0)) {
#ifdef QT_NO_DEBUG
aotContext->setInstructionPointer(5);
#endif
aotContext->initLoadScopeObjectPropertyLookup(1111, []() { static const auto t = QMetaType::fromName("QQuickItem*"); return t; }());
if (aotContext->engine->hasError()) {
aotContext->setReturnValueUndefined();
if (argv[0]) {
    *static_cast<double *>(argv[0]) = double();
}
return;
}
}
{
}
// generate_GetLookup
#ifndef QT_NO_DEBUG
aotContext->setInstructionPointer(10);
#endif
while (!aotContext->getObjectLookup(1112, r2_0, &r2_1)) {
#ifdef QT_NO_DEBUG
aotContext->setInstructionPointer(10);
#endif
aotContext->initGetObjectLookup(1112, r2_0, QMetaType::fromType<double>());
if (aotContext->engine->hasError()) {
aotContext->setReturnValueUndefined();
if (argv[0]) {
    *static_cast<double *>(argv[0]) = double();
}
return;
}
}
{
}
{
}
// generate_Ret
if (argv[0]) {
    *static_cast<double *>(argv[0]) = r2_1;
}
return;
}
 },{ 236, 0, [](QV4::ExecutableCompilationUnit *unit, QMetaType *argTypes) {
    struct { QV4::ExecutableCompilationUnit *compilationUnit; } c { unit };
    const auto *aotContext = &c;
    Q_UNUSED(aotContext);
    argTypes[0] = []() { static const auto t = QMetaType::fromName("QColor"); return t; }();
}, 
    [](const QQmlPrivate::AOTCompiledContext *aotContext, void **argv) {
Q_UNUSED(aotContext)
Q_UNUSED(argv)
// expression for color at line 538, column 33
QObject *r2_0;
QVariant r2_1;
// generate_LoadQmlContextPropertyLookup
#ifndef QT_NO_DEBUG
aotContext->setInstructionPointer(5);
#endif
while (!aotContext->loadSingletonLookup(1115, &r2_0)) {
#ifdef QT_NO_DEBUG
aotContext->setInstructionPointer(5);
#endif
aotContext->initLoadSingletonLookup(1115, QQmlPrivate::AOTCompiledContext::InvalidStringId);
if (aotContext->engine->hasError()) {
aotContext->setReturnValueUndefined();
if (argv[0]) {
    const QMetaType returnType = []() { static const auto t = QMetaType::fromName("QColor"); return t; }();
    returnType.destruct(argv[0]);
    returnType.construct(argv[0]);
 }
return;
}
}
{
}
// generate_GetLookup
#ifndef QT_NO_DEBUG
aotContext->setInstructionPointer(10);
#endif
r2_1 = QVariant(aotContext->lookupResultMetaType(1116));
while (!aotContext->getObjectLookup(1116, r2_0, r2_1.data())) {
#ifdef QT_NO_DEBUG
aotContext->setInstructionPointer(10);
#endif
aotContext->initGetObjectLookup(1116, r2_0, r2_1.metaType());
if (aotContext->engine->hasError()) {
aotContext->setReturnValueUndefined();
if (argv[0]) {
    const QMetaType returnType = []() { static const auto t = QMetaType::fromName("QColor"); return t; }();
    returnType.destruct(argv[0]);
    returnType.construct(argv[0]);
 }
return;
}
r2_1 = QVariant(aotContext->lookupResultMetaType(1116));
}
{
}
{
}
// generate_Ret
if (argv[0]) {
    if (!r2_1.isValid())
        aotContext->setReturnValueUndefined();
    const QMetaType returnType = r2_1.metaType();
    returnType.destruct(argv[0]);
    returnType.construct(argv[0], r2_1.data());
}
return;
}
 },{ 237, 0, [](QV4::ExecutableCompilationUnit *unit, QMetaType *argTypes) {
    struct { QV4::ExecutableCompilationUnit *compilationUnit; } c { unit };
    const auto *aotContext = &c;
    Q_UNUSED(aotContext);
    argTypes[0] = []() { static const auto t = QMetaType::fromName("QQuickText::WrapMode"); return t; }();
}, 
    [](const QQmlPrivate::AOTCompiledContext *aotContext, void **argv) {
Q_UNUSED(aotContext)
Q_UNUSED(argv)
// expression for wrapMode at line 540, column 33
int r2_0;
{
}
// generate_GetLookup
#ifndef QT_NO_DEBUG
aotContext->setInstructionPointer(10);
#endif
while (!aotContext->getEnumLookup(1118, &r2_0)) {
#ifdef QT_NO_DEBUG
aotContext->setInstructionPointer(10);
#endif
aotContext->initGetEnumLookup(1118, []() { static const auto t = QMetaType::fromName("QQuickText*"); return t; }().metaObject(), "WrapMode", "WordWrap");
if (aotContext->engine->hasError()) {
aotContext->setReturnValueUndefined();
if (argv[0]) {
    const QMetaType returnType = []() { static const auto t = QMetaType::fromName("QQuickText::WrapMode"); return t; }();
    returnType.destruct(argv[0]);
    returnType.construct(argv[0]);
 }
return;
}
}
{
}
{
}
// generate_Ret
if (argv[0]) {
    const QMetaType returnType = QMetaType::fromType<int>();
    returnType.destruct(argv[0]);
    returnType.construct(argv[0], &r2_0);
}
return;
}
 },{ 238, 0, [](QV4::ExecutableCompilationUnit *unit, QMetaType *argTypes) {
    struct { QV4::ExecutableCompilationUnit *compilationUnit; } c { unit };
    const auto *aotContext = &c;
    Q_UNUSED(aotContext);
    argTypes[0] = []() { static const auto t = QMetaType::fromName("QQuickText::TextElideMode"); return t; }();
}, 
    [](const QQmlPrivate::AOTCompiledContext *aotContext, void **argv) {
Q_UNUSED(aotContext)
Q_UNUSED(argv)
// expression for elide at line 542, column 33
int r2_0;
{
}
// generate_GetLookup
#ifndef QT_NO_DEBUG
aotContext->setInstructionPointer(10);
#endif
while (!aotContext->getEnumLookup(1120, &r2_0)) {
#ifdef QT_NO_DEBUG
aotContext->setInstructionPointer(10);
#endif
aotContext->initGetEnumLookup(1120, []() { static const auto t = QMetaType::fromName("QQuickText*"); return t; }().metaObject(), "TextElideMode", "ElideRight");
if (aotContext->engine->hasError()) {
aotContext->setReturnValueUndefined();
if (argv[0]) {
    const QMetaType returnType = []() { static const auto t = QMetaType::fromName("QQuickText::TextElideMode"); return t; }();
    returnType.destruct(argv[0]);
    returnType.construct(argv[0]);
 }
return;
}
}
{
}
{
}
// generate_Ret
if (argv[0]) {
    const QMetaType returnType = QMetaType::fromType<int>();
    returnType.destruct(argv[0]);
    returnType.construct(argv[0], &r2_0);
}
return;
}
 },{ 240, 0, [](QV4::ExecutableCompilationUnit *unit, QMetaType *argTypes) {
    struct { QV4::ExecutableCompilationUnit *compilationUnit; } c { unit };
    const auto *aotContext = &c;
    Q_UNUSED(aotContext);
    argTypes[0] = []() { static const auto t = QMetaType::fromName("QQuickItem*"); return t; }();
}, 
    [](const QQmlPrivate::AOTCompiledContext *aotContext, void **argv) {
Q_UNUSED(aotContext)
Q_UNUSED(argv)
// expression for fill at line 548, column 29
QObject *r2_0;
// generate_LoadQmlContextPropertyLookup
#ifndef QT_NO_DEBUG
aotContext->setInstructionPointer(5);
#endif
while (!aotContext->loadScopeObjectPropertyLookup(1126, &r2_0)) {
#ifdef QT_NO_DEBUG
aotContext->setInstructionPointer(5);
#endif
aotContext->initLoadScopeObjectPropertyLookup(1126, []() { static const auto t = QMetaType::fromName("QQuickItem*"); return t; }());
if (aotContext->engine->hasError()) {
aotContext->setReturnValueUndefined();
if (argv[0]) {
    *static_cast<QObject * *>(argv[0]) = nullptr;
}
return;
}
}
{
}
{
}
// generate_Ret
if (argv[0]) {
    *static_cast<QObject * *>(argv[0]) = r2_0;
}
return;
}
 },{ 241, 0, [](QV4::ExecutableCompilationUnit *unit, QMetaType *argTypes) {
    struct { QV4::ExecutableCompilationUnit *compilationUnit; } c { unit };
    const auto *aotContext = &c;
    Q_UNUSED(aotContext);
    argTypes[0] = QMetaType::fromType<int>();
}, 
    [](const QQmlPrivate::AOTCompiledContext *aotContext, void **argv) {
Q_UNUSED(aotContext)
Q_UNUSED(argv)
// expression for rowIndex at line 570, column 13
int r2_0;
// generate_LoadQmlContextPropertyLookup
#ifndef QT_NO_DEBUG
aotContext->setInstructionPointer(5);
#endif
while (!aotContext->loadScopeObjectPropertyLookup(1127, &r2_0)) {
#ifdef QT_NO_DEBUG
aotContext->setInstructionPointer(5);
#endif
aotContext->initLoadScopeObjectPropertyLookup(1127, QMetaType::fromType<int>());
if (aotContext->engine->hasError()) {
aotContext->setReturnValueUndefined();
if (argv[0]) {
    *static_cast<int *>(argv[0]) = int();
}
return;
}
}
{
}
{
}
// generate_Ret
if (argv[0]) {
    *static_cast<int *>(argv[0]) = r2_0;
}
return;
}
 },{ 242, 0, [](QV4::ExecutableCompilationUnit *unit, QMetaType *argTypes) {
    struct { QV4::ExecutableCompilationUnit *compilationUnit; } c { unit };
    const auto *aotContext = &c;
    Q_UNUSED(aotContext);
    argTypes[0] = QMetaType::fromType<double>();
}, 
    [](const QQmlPrivate::AOTCompiledContext *aotContext, void **argv) {
Q_UNUSED(aotContext)
Q_UNUSED(argv)
// expression for width at line 572, column 13
QObject *r2_0;
double r2_1;
// generate_LoadQmlContextPropertyLookup
#ifndef QT_NO_DEBUG
aotContext->setInstructionPointer(5);
#endif
while (!aotContext->loadContextIdLookup(1128, &r2_0)) {
#ifdef QT_NO_DEBUG
aotContext->setInstructionPointer(5);
#endif
aotContext->initLoadContextIdLookup(1128);
if (aotContext->engine->hasError()) {
aotContext->setReturnValueUndefined();
if (argv[0]) {
    *static_cast<double *>(argv[0]) = double();
}
return;
}
}
{
}
// generate_GetLookup
#ifndef QT_NO_DEBUG
aotContext->setInstructionPointer(10);
#endif
while (!aotContext->getObjectLookup(1129, r2_0, &r2_1)) {
#ifdef QT_NO_DEBUG
aotContext->setInstructionPointer(10);
#endif
aotContext->initGetObjectLookup(1129, r2_0, QMetaType::fromType<double>());
if (aotContext->engine->hasError()) {
aotContext->setReturnValueUndefined();
if (argv[0]) {
    *static_cast<double *>(argv[0]) = double();
}
return;
}
}
{
}
{
}
// generate_Ret
if (argv[0]) {
    *static_cast<double *>(argv[0]) = r2_1;
}
return;
}
 },{ 243, 0, [](QV4::ExecutableCompilationUnit *unit, QMetaType *argTypes) {
    struct { QV4::ExecutableCompilationUnit *compilationUnit; } c { unit };
    const auto *aotContext = &c;
    Q_UNUSED(aotContext);
    argTypes[0] = QMetaType::fromType<double>();
}, 
    [](const QQmlPrivate::AOTCompiledContext *aotContext, void **argv) {
Q_UNUSED(aotContext)
Q_UNUSED(argv)
// expression for height at line 573, column 13
double r2_2;
QObject *r2_0;
double r2_1;
double r11_0;
double r10_0;
{
}
{
}
// generate_MoveConst
r10_0 = double(1);
{
}
// generate_LoadQmlContextPropertyLookup
#ifndef QT_NO_DEBUG
aotContext->setInstructionPointer(15);
#endif
while (!aotContext->loadContextIdLookup(1131, &r2_0)) {
#ifdef QT_NO_DEBUG
aotContext->setInstructionPointer(15);
#endif
aotContext->initLoadContextIdLookup(1131);
if (aotContext->engine->hasError()) {
aotContext->setReturnValueUndefined();
if (argv[0]) {
    *static_cast<double *>(argv[0]) = double();
}
return;
}
}
{
}
// generate_GetLookup
#ifndef QT_NO_DEBUG
aotContext->setInstructionPointer(20);
#endif
while (!aotContext->getObjectLookup(1132, r2_0, &r2_1)) {
#ifdef QT_NO_DEBUG
aotContext->setInstructionPointer(20);
#endif
aotContext->initGetObjectLookup(1132, r2_0, QMetaType::fromType<double>());
if (aotContext->engine->hasError()) {
aotContext->setReturnValueUndefined();
if (argv[0]) {
    *static_cast<double *>(argv[0]) = double();
}
return;
}
}
{
}
// generate_StoreReg
r11_0 = r2_1;
{
}
// generate_CallPropertyLookup
{
const double arg1 = r10_0;
const double arg2 = r11_0;
r2_2 = [&]() { 
auto  tmpMax = (qIsNull(arg2) && qIsNull(arg1) && std::copysign(1.0, arg2) == 1) ? arg2 : ((arg2 > arg1 || std::isnan(arg2)) ? arg2 : arg1);
return tmpMax;
}();
}
{
}
{
}
// generate_Ret
if (argv[0]) {
    *static_cast<double *>(argv[0]) = r2_2;
}
return;
}
 },{ 244, 0, [](QV4::ExecutableCompilationUnit *unit, QMetaType *argTypes) {
    struct { QV4::ExecutableCompilationUnit *compilationUnit; } c { unit };
    const auto *aotContext = &c;
    Q_UNUSED(aotContext);
    argTypes[0] = QMetaType::fromType<double>();
}, 
    [](const QQmlPrivate::AOTCompiledContext *aotContext, void **argv) {
Q_UNUSED(aotContext)
Q_UNUSED(argv)
// expression for spacing at line 578, column 17
double r2_1;
QObject *r2_0;
// generate_LoadQmlContextPropertyLookup
#ifndef QT_NO_DEBUG
aotContext->setInstructionPointer(5);
#endif
while (!aotContext->loadContextIdLookup(1134, &r2_0)) {
#ifdef QT_NO_DEBUG
aotContext->setInstructionPointer(5);
#endif
aotContext->initLoadContextIdLookup(1134);
if (aotContext->engine->hasError()) {
aotContext->setReturnValueUndefined();
if (argv[0]) {
    *static_cast<double *>(argv[0]) = double();
}
return;
}
}
{
}
// generate_GetLookup
#ifndef QT_NO_DEBUG
aotContext->setInstructionPointer(10);
#endif
while (!aotContext->getObjectLookup(1135, r2_0, &r2_1)) {
#ifdef QT_NO_DEBUG
aotContext->setInstructionPointer(10);
#endif
aotContext->initGetObjectLookup(1135, r2_0, QMetaType::fromType<double>());
if (aotContext->engine->hasError()) {
aotContext->setReturnValueUndefined();
if (argv[0]) {
    *static_cast<double *>(argv[0]) = double();
}
return;
}
}
{
}
{
}
// generate_Ret
if (argv[0]) {
    *static_cast<double *>(argv[0]) = r2_1;
}
return;
}
 },{ 245, 0, [](QV4::ExecutableCompilationUnit *unit, QMetaType *argTypes) {
    struct { QV4::ExecutableCompilationUnit *compilationUnit; } c { unit };
    const auto *aotContext = &c;
    Q_UNUSED(aotContext);
    argTypes[0] = []() { static const auto t = QMetaType::fromName("QQuickAnchorLine"); return t; }();
}, 
    [](const QQmlPrivate::AOTCompiledContext *aotContext, void **argv) {
Q_UNUSED(aotContext)
Q_UNUSED(argv)
// expression for horizontalCenter at line 577, column 17
QObject *r2_0;
QVariant r2_1;
// generate_LoadQmlContextPropertyLookup
#ifndef QT_NO_DEBUG
aotContext->setInstructionPointer(5);
#endif
while (!aotContext->loadScopeObjectPropertyLookup(1136, &r2_0)) {
#ifdef QT_NO_DEBUG
aotContext->setInstructionPointer(5);
#endif
aotContext->initLoadScopeObjectPropertyLookup(1136, []() { static const auto t = QMetaType::fromName("QQuickItem*"); return t; }());
if (aotContext->engine->hasError()) {
aotContext->setReturnValueUndefined();
if (argv[0]) {
    const QMetaType returnType = []() { static const auto t = QMetaType::fromName("QQuickAnchorLine"); return t; }();
    returnType.destruct(argv[0]);
    returnType.construct(argv[0]);
 }
return;
}
}
{
}
// generate_GetLookup
#ifndef QT_NO_DEBUG
aotContext->setInstructionPointer(10);
#endif
r2_1 = QVariant(aotContext->lookupResultMetaType(1137));
while (!aotContext->getObjectLookup(1137, r2_0, r2_1.data())) {
#ifdef QT_NO_DEBUG
aotContext->setInstructionPointer(10);
#endif
aotContext->initGetObjectLookup(1137, r2_0, r2_1.metaType());
if (aotContext->engine->hasError()) {
aotContext->setReturnValueUndefined();
if (argv[0]) {
    const QMetaType returnType = []() { static const auto t = QMetaType::fromName("QQuickAnchorLine"); return t; }();
    returnType.destruct(argv[0]);
    returnType.construct(argv[0]);
 }
return;
}
r2_1 = QVariant(aotContext->lookupResultMetaType(1137));
}
{
}
{
}
// generate_Ret
if (argv[0]) {
    if (!r2_1.isValid())
        aotContext->setReturnValueUndefined();
    const QMetaType returnType = r2_1.metaType();
    returnType.destruct(argv[0]);
    returnType.construct(argv[0], r2_1.data());
}
return;
}
 },{ 250, 0, [](QV4::ExecutableCompilationUnit *unit, QMetaType *argTypes) {
    struct { QV4::ExecutableCompilationUnit *compilationUnit; } c { unit };
    const auto *aotContext = &c;
    Q_UNUSED(aotContext);
    argTypes[0] = QMetaType::fromType<bool>();
}, 
    [](const QQmlPrivate::AOTCompiledContext *aotContext, void **argv) {
Q_UNUSED(aotContext)
Q_UNUSED(argv)
// expression for sideways at line 591, column 25
double r2_0;
int r2_2;
double r7_0;
double r2_1;
double r11_0;
bool r2_3;
double r10_0;
{
}
{
}
// generate_LoadQmlContextPropertyLookup
{
int retrieved;
#ifndef QT_NO_DEBUG
aotContext->setInstructionPointer(12);
#endif
while (!aotContext->loadScopeObjectPropertyLookup(1150, &retrieved)) {
#ifdef QT_NO_DEBUG
aotContext->setInstructionPointer(12);
#endif
aotContext->initLoadScopeObjectPropertyLookup(1150, QMetaType::fromType<int>());
if (aotContext->engine->hasError()) {
aotContext->setReturnValueUndefined();
if (argv[0]) {
    *static_cast<bool *>(argv[0]) = bool();
}
return;
}
}
r2_0 = double(std::move(retrieved));
}
{
}
// generate_StoreReg
r11_0 = r2_0;
{
}
// generate_LoadInt
r2_1 = double(180);
{
}
// generate_Mod
r2_1 = (QJSPrimitiveValue(r11_0) % QJSPrimitiveValue(r2_1)).toDouble();
{
}
// generate_StoreReg
r10_0 = r2_1;
{
}
// generate_CallPropertyLookup
{
const double arg1 = r10_0;
r2_1 = (qIsNull(arg1) ? 0 : (arg1 < 0.0 ? -arg1 : arg1));
}
{
}
// generate_StoreReg
r7_0 = r2_1;
{
}
// generate_LoadInt
r2_2 = 90;
{
}
// generate_CmpStrictEqual
r2_3 = r7_0 == double(r2_2);
{
}
{
}
// generate_Ret
if (argv[0]) {
    *static_cast<bool *>(argv[0]) = r2_3;
}
return;
}
 },{ 254, 0, [](QV4::ExecutableCompilationUnit *unit, QMetaType *argTypes) {
    struct { QV4::ExecutableCompilationUnit *compilationUnit; } c { unit };
    const auto *aotContext = &c;
    Q_UNUSED(aotContext);
    argTypes[0] = QMetaType::fromType<double>();
}, 
    [](const QQmlPrivate::AOTCompiledContext *aotContext, void **argv) {
Q_UNUSED(aotContext)
Q_UNUSED(argv)
// expression for rotatedWidth at line 595, column 25
double r2_2;
bool r2_0;
double r2_1;
double r2_3;
// generate_LoadQmlContextPropertyLookup
#ifndef QT_NO_DEBUG
aotContext->setInstructionPointer(5);
#endif
while (!aotContext->loadScopeObjectPropertyLookup(1171, &r2_0)) {
#ifdef QT_NO_DEBUG
aotContext->setInstructionPointer(5);
#endif
aotContext->initLoadScopeObjectPropertyLookup(1171, QMetaType::fromType<bool>());
if (aotContext->engine->hasError()) {
aotContext->setReturnValueUndefined();
if (argv[0]) {
    *static_cast<double *>(argv[0]) = double();
}
return;
}
}
{
}
// generate_JumpFalse
if (!r2_0) {
    goto label_0;
}
{
}
// generate_LoadQmlContextPropertyLookup
#ifndef QT_NO_DEBUG
aotContext->setInstructionPointer(12);
#endif
while (!aotContext->loadScopeObjectPropertyLookup(1172, &r2_1)) {
#ifdef QT_NO_DEBUG
aotContext->setInstructionPointer(12);
#endif
aotContext->initLoadScopeObjectPropertyLookup(1172, QMetaType::fromType<double>());
if (aotContext->engine->hasError()) {
aotContext->setReturnValueUndefined();
if (argv[0]) {
    *static_cast<double *>(argv[0]) = double();
}
return;
}
}
{
}
// generate_Jump
{
r2_3 = r2_1;
    goto label_1;
}
label_0:;
// generate_LoadQmlContextPropertyLookup
#ifndef QT_NO_DEBUG
aotContext->setInstructionPointer(19);
#endif
while (!aotContext->loadScopeObjectPropertyLookup(1173, &r2_2)) {
#ifdef QT_NO_DEBUG
aotContext->setInstructionPointer(19);
#endif
aotContext->initLoadScopeObjectPropertyLookup(1173, QMetaType::fromType<double>());
if (aotContext->engine->hasError()) {
aotContext->setReturnValueUndefined();
if (argv[0]) {
    *static_cast<double *>(argv[0]) = double();
}
return;
}
}
{
r2_3 = std::move(r2_2);
}
label_1:;
{
}
// generate_Ret
if (argv[0]) {
    *static_cast<double *>(argv[0]) = r2_3;
}
return;
}
 },{ 255, 0, [](QV4::ExecutableCompilationUnit *unit, QMetaType *argTypes) {
    struct { QV4::ExecutableCompilationUnit *compilationUnit; } c { unit };
    const auto *aotContext = &c;
    Q_UNUSED(aotContext);
    argTypes[0] = QMetaType::fromType<double>();
}, 
    [](const QQmlPrivate::AOTCompiledContext *aotContext, void **argv) {
Q_UNUSED(aotContext)
Q_UNUSED(argv)
// expression for rotatedHeight at line 596, column 25
double r2_3;
double r2_1;
double r2_2;
bool r2_0;
// generate_LoadQmlContextPropertyLookup
#ifndef QT_NO_DEBUG
aotContext->setInstructionPointer(5);
#endif
while (!aotContext->loadScopeObjectPropertyLookup(1174, &r2_0)) {
#ifdef QT_NO_DEBUG
aotContext->setInstructionPointer(5);
#endif
aotContext->initLoadScopeObjectPropertyLookup(1174, QMetaType::fromType<bool>());
if (aotContext->engine->hasError()) {
aotContext->setReturnValueUndefined();
if (argv[0]) {
    *static_cast<double *>(argv[0]) = double();
}
return;
}
}
{
}
// generate_JumpFalse
if (!r2_0) {
    goto label_0;
}
{
}
// generate_LoadQmlContextPropertyLookup
#ifndef QT_NO_DEBUG
aotContext->setInstructionPointer(12);
#endif
while (!aotContext->loadScopeObjectPropertyLookup(1175, &r2_1)) {
#ifdef QT_NO_DEBUG
aotContext->setInstructionPointer(12);
#endif
aotContext->initLoadScopeObjectPropertyLookup(1175, QMetaType::fromType<double>());
if (aotContext->engine->hasError()) {
aotContext->setReturnValueUndefined();
if (argv[0]) {
    *static_cast<double *>(argv[0]) = double();
}
return;
}
}
{
}
// generate_Jump
{
r2_3 = r2_1;
    goto label_1;
}
label_0:;
// generate_LoadQmlContextPropertyLookup
#ifndef QT_NO_DEBUG
aotContext->setInstructionPointer(19);
#endif
while (!aotContext->loadScopeObjectPropertyLookup(1176, &r2_2)) {
#ifdef QT_NO_DEBUG
aotContext->setInstructionPointer(19);
#endif
aotContext->initLoadScopeObjectPropertyLookup(1176, QMetaType::fromType<double>());
if (aotContext->engine->hasError()) {
aotContext->setReturnValueUndefined();
if (argv[0]) {
    *static_cast<double *>(argv[0]) = double();
}
return;
}
}
{
r2_3 = std::move(r2_2);
}
label_1:;
{
}
// generate_Ret
if (argv[0]) {
    *static_cast<double *>(argv[0]) = r2_3;
}
return;
}
 },{ 256, 0, [](QV4::ExecutableCompilationUnit *unit, QMetaType *argTypes) {
    struct { QV4::ExecutableCompilationUnit *compilationUnit; } c { unit };
    const auto *aotContext = &c;
    Q_UNUSED(aotContext);
    argTypes[0] = QMetaType::fromType<bool>();
}, 
    [](const QQmlPrivate::AOTCompiledContext *aotContext, void **argv) {
Q_UNUSED(aotContext)
Q_UNUSED(argv)
// expression for paired at line 597, column 25
QVariant r2_1;
QObject *r7_0;
QObject *r2_0;
// generate_LoadQmlContextPropertyLookup
#ifndef QT_NO_DEBUG
aotContext->setInstructionPointer(5);
#endif
while (!aotContext->loadContextIdLookup(1177, &r2_0)) {
#ifdef QT_NO_DEBUG
aotContext->setInstructionPointer(5);
#endif
aotContext->initLoadContextIdLookup(1177);
if (aotContext->engine->hasError()) {
aotContext->setReturnValueUndefined();
if (argv[0]) {
    *static_cast<bool *>(argv[0]) = bool();
}
return;
}
}
{
}
// generate_StoreReg
r7_0 = r2_0;
{
}
// generate_CallPropertyLookup
{
QVariant callResult;
void *args[] = { &callResult };
const QMetaType types[] = { QMetaType::fromType<QVariant>() };
#ifndef QT_NO_DEBUG
aotContext->setInstructionPointer(24);
#endif
while (!aotContext->callObjectPropertyLookup(1178, r7_0, args, types, 0)) {
#ifdef QT_NO_DEBUG
aotContext->setInstructionPointer(24);
#endif
aotContext->initCallObjectPropertyLookup(1178);
if (aotContext->engine->hasError()) {
aotContext->setReturnValueUndefined();
if (argv[0]) {
    *static_cast<bool *>(argv[0]) = bool();
}
return;
}
}
r2_1 = std::move(callResult);
}
{
}
{
}
// generate_Ret
if (argv[0]) {
    if (!r2_1.isValid())
        aotContext->setReturnValueUndefined();
    *static_cast<bool *>(argv[0]) = aotContext->engine->fromVariant<bool>(std::move(r2_1));
}
return;
}
 },{ 257, 0, [](QV4::ExecutableCompilationUnit *unit, QMetaType *argTypes) {
    struct { QV4::ExecutableCompilationUnit *compilationUnit; } c { unit };
    const auto *aotContext = &c;
    Q_UNUSED(aotContext);
    argTypes[0] = QMetaType::fromType<double>();
}, 
    [](const QQmlPrivate::AOTCompiledContext *aotContext, void **argv) {
Q_UNUSED(aotContext)
Q_UNUSED(argv)
// expression for availableWidth at line 598, column 25
QObject *r2_0;
double r12_0;
double r2_1;
double r2_2;
double r11_0;
double r10_0;
{
}
{
}
// generate_MoveConst
r10_0 = double(1);
{
}
// generate_LoadQmlContextPropertyLookup
#ifndef QT_NO_DEBUG
aotContext->setInstructionPointer(15);
#endif
while (!aotContext->loadContextIdLookup(1180, &r2_0)) {
#ifdef QT_NO_DEBUG
aotContext->setInstructionPointer(15);
#endif
aotContext->initLoadContextIdLookup(1180);
if (aotContext->engine->hasError()) {
aotContext->setReturnValueUndefined();
if (argv[0]) {
    *static_cast<double *>(argv[0]) = double();
}
return;
}
}
{
}
// generate_GetLookup
#ifndef QT_NO_DEBUG
aotContext->setInstructionPointer(20);
#endif
while (!aotContext->getObjectLookup(1181, r2_0, &r2_1)) {
#ifdef QT_NO_DEBUG
aotContext->setInstructionPointer(20);
#endif
aotContext->initGetObjectLookup(1181, r2_0, QMetaType::fromType<double>());
if (aotContext->engine->hasError()) {
aotContext->setReturnValueUndefined();
if (argv[0]) {
    *static_cast<double *>(argv[0]) = double();
}
return;
}
}
{
}
// generate_StoreReg
r12_0 = r2_1;
{
}
// generate_LoadInt
r2_2 = double(56);
{
}
// generate_Sub
r2_2 = (r12_0 - r2_2);
{
}
// generate_StoreReg
r11_0 = r2_2;
{
}
// generate_CallPropertyLookup
{
const double arg1 = r10_0;
const double arg2 = r11_0;
r2_2 = [&]() { 
auto  tmpMax = (qIsNull(arg2) && qIsNull(arg1) && std::copysign(1.0, arg2) == 1) ? arg2 : ((arg2 > arg1 || std::isnan(arg2)) ? arg2 : arg1);
return tmpMax;
}();
}
{
}
{
}
// generate_Ret
if (argv[0]) {
    *static_cast<double *>(argv[0]) = r2_2;
}
return;
}
 },{ 258, 0, [](QV4::ExecutableCompilationUnit *unit, QMetaType *argTypes) {
    struct { QV4::ExecutableCompilationUnit *compilationUnit; } c { unit };
    const auto *aotContext = &c;
    Q_UNUSED(aotContext);
    argTypes[0] = QMetaType::fromType<double>();
}, 
    [](const QQmlPrivate::AOTCompiledContext *aotContext, void **argv) {
Q_UNUSED(aotContext)
Q_UNUSED(argv)
// expression for availableHeight at line 599, column 25
double r12_0;
double r2_2;
double r11_0;
double r2_1;
double r10_0;
QObject *r2_0;
{
}
{
}
// generate_MoveConst
r10_0 = double(1);
{
}
// generate_LoadQmlContextPropertyLookup
#ifndef QT_NO_DEBUG
aotContext->setInstructionPointer(15);
#endif
while (!aotContext->loadContextIdLookup(1184, &r2_0)) {
#ifdef QT_NO_DEBUG
aotContext->setInstructionPointer(15);
#endif
aotContext->initLoadContextIdLookup(1184);
if (aotContext->engine->hasError()) {
aotContext->setReturnValueUndefined();
if (argv[0]) {
    *static_cast<double *>(argv[0]) = double();
}
return;
}
}
{
}
// generate_GetLookup
#ifndef QT_NO_DEBUG
aotContext->setInstructionPointer(20);
#endif
while (!aotContext->getObjectLookup(1185, r2_0, &r2_1)) {
#ifdef QT_NO_DEBUG
aotContext->setInstructionPointer(20);
#endif
aotContext->initGetObjectLookup(1185, r2_0, QMetaType::fromType<double>());
if (aotContext->engine->hasError()) {
aotContext->setReturnValueUndefined();
if (argv[0]) {
    *static_cast<double *>(argv[0]) = double();
}
return;
}
}
{
}
// generate_StoreReg
r12_0 = r2_1;
{
}
// generate_LoadInt
r2_2 = double(56);
{
}
// generate_Sub
r2_2 = (r12_0 - r2_2);
{
}
// generate_StoreReg
r11_0 = r2_2;
{
}
// generate_CallPropertyLookup
{
const double arg1 = r10_0;
const double arg2 = r11_0;
r2_2 = [&]() { 
auto  tmpMax = (qIsNull(arg2) && qIsNull(arg1) && std::copysign(1.0, arg2) == 1) ? arg2 : ((arg2 > arg1 || std::isnan(arg2)) ? arg2 : arg1);
return tmpMax;
}();
}
{
}
{
}
// generate_Ret
if (argv[0]) {
    *static_cast<double *>(argv[0]) = r2_2;
}
return;
}
 },{ 259, 0, [](QV4::ExecutableCompilationUnit *unit, QMetaType *argTypes) {
    struct { QV4::ExecutableCompilationUnit *compilationUnit; } c { unit };
    const auto *aotContext = &c;
    Q_UNUSED(aotContext);
    argTypes[0] = QMetaType::fromType<double>();
}, 
    [](const QQmlPrivate::AOTCompiledContext *aotContext, void **argv) {
Q_UNUSED(aotContext)
Q_UNUSED(argv)
// expression for pageAvailableWidth at line 600, column 25
double r2_3;
double r2_1;
double r13_0;
double r2_5;
QObject *r2_2;
double r2_4;
double r11_0;
double r12_0;
bool r2_0;
double r10_0;
// generate_LoadQmlContextPropertyLookup
#ifndef QT_NO_DEBUG
aotContext->setInstructionPointer(5);
#endif
while (!aotContext->loadScopeObjectPropertyLookup(1187, &r2_0)) {
#ifdef QT_NO_DEBUG
aotContext->setInstructionPointer(5);
#endif
aotContext->initLoadScopeObjectPropertyLookup(1187, QMetaType::fromType<bool>());
if (aotContext->engine->hasError()) {
aotContext->setReturnValueUndefined();
if (argv[0]) {
    *static_cast<double *>(argv[0]) = double();
}
return;
}
}
{
}
// generate_JumpFalse
if (!r2_0) {
    goto label_0;
}
{
}
{
}
{
}
// generate_MoveConst
r10_0 = double(1);
{
}
// generate_LoadQmlContextPropertyLookup
#ifndef QT_NO_DEBUG
aotContext->setInstructionPointer(22);
#endif
while (!aotContext->loadScopeObjectPropertyLookup(1189, &r2_1)) {
#ifdef QT_NO_DEBUG
aotContext->setInstructionPointer(22);
#endif
aotContext->initLoadScopeObjectPropertyLookup(1189, QMetaType::fromType<double>());
if (aotContext->engine->hasError()) {
aotContext->setReturnValueUndefined();
if (argv[0]) {
    *static_cast<double *>(argv[0]) = double();
}
return;
}
}
{
}
// generate_StoreReg
r12_0 = r2_1;
{
}
// generate_LoadQmlContextPropertyLookup
#ifndef QT_NO_DEBUG
aotContext->setInstructionPointer(29);
#endif
while (!aotContext->loadContextIdLookup(1190, &r2_2)) {
#ifdef QT_NO_DEBUG
aotContext->setInstructionPointer(29);
#endif
aotContext->initLoadContextIdLookup(1190);
if (aotContext->engine->hasError()) {
aotContext->setReturnValueUndefined();
if (argv[0]) {
    *static_cast<double *>(argv[0]) = double();
}
return;
}
}
{
}
// generate_GetLookup
#ifndef QT_NO_DEBUG
aotContext->setInstructionPointer(34);
#endif
while (!aotContext->getObjectLookup(1191, r2_2, &r2_3)) {
#ifdef QT_NO_DEBUG
aotContext->setInstructionPointer(34);
#endif
aotContext->initGetObjectLookup(1191, r2_2, QMetaType::fromType<double>());
if (aotContext->engine->hasError()) {
aotContext->setReturnValueUndefined();
if (argv[0]) {
    *static_cast<double *>(argv[0]) = double();
}
return;
}
}
{
}
// generate_Sub
r2_4 = (r12_0 - r2_3);
{
}
// generate_StoreReg
r13_0 = r2_4;
{
}
// generate_LoadInt
r2_4 = double(2);
{
}
// generate_Div
r2_4 = (r13_0 / r2_4);
{
}
// generate_StoreReg
r11_0 = r2_4;
{
}
// generate_CallPropertyLookup
{
const double arg1 = r10_0;
const double arg2 = r11_0;
r2_4 = [&]() { 
auto  tmpMax = (qIsNull(arg2) && qIsNull(arg1) && std::copysign(1.0, arg2) == 1) ? arg2 : ((arg2 > arg1 || std::isnan(arg2)) ? arg2 : arg1);
return tmpMax;
}();
}
{
}
// generate_Jump
{
    goto label_1;
}
label_0:;
// generate_LoadQmlContextPropertyLookup
#ifndef QT_NO_DEBUG
aotContext->setInstructionPointer(68);
#endif
while (!aotContext->loadScopeObjectPropertyLookup(1193, &r2_5)) {
#ifdef QT_NO_DEBUG
aotContext->setInstructionPointer(68);
#endif
aotContext->initLoadScopeObjectPropertyLookup(1193, QMetaType::fromType<double>());
if (aotContext->engine->hasError()) {
aotContext->setReturnValueUndefined();
if (argv[0]) {
    *static_cast<double *>(argv[0]) = double();
}
return;
}
}
{
r2_4 = std::move(r2_5);
}
label_1:;
{
}
// generate_Ret
if (argv[0]) {
    *static_cast<double *>(argv[0]) = r2_4;
}
return;
}
 },{ 260, 0, [](QV4::ExecutableCompilationUnit *unit, QMetaType *argTypes) {
    struct { QV4::ExecutableCompilationUnit *compilationUnit; } c { unit };
    const auto *aotContext = &c;
    Q_UNUSED(aotContext);
    argTypes[0] = QMetaType::fromType<double>();
}, 
    [](const QQmlPrivate::AOTCompiledContext *aotContext, void **argv) {
Q_UNUSED(aotContext)
Q_UNUSED(argv)
// expression for widthScale at line 601, column 25
double r2_0;
double r7_0;
double r2_3;
double r2_1;
double r9_0;
double r2_4;
bool r2_2;
double r8_0;
// generate_LoadQmlContextPropertyLookup
#ifndef QT_NO_DEBUG
aotContext->setInstructionPointer(5);
#endif
while (!aotContext->loadScopeObjectPropertyLookup(1194, &r2_0)) {
#ifdef QT_NO_DEBUG
aotContext->setInstructionPointer(5);
#endif
aotContext->initLoadScopeObjectPropertyLookup(1194, QMetaType::fromType<double>());
if (aotContext->engine->hasError()) {
aotContext->setReturnValueUndefined();
if (argv[0]) {
    *static_cast<double *>(argv[0]) = double();
}
return;
}
}
{
}
// generate_StoreReg
r7_0 = r2_0;
{
}
// generate_LoadZero
r2_1 = double(0);
{
}
// generate_CmpGt
r2_2 = r7_0 > r2_1;
{
}
// generate_JumpFalse
if (!r2_2) {
    goto label_0;
}
{
}
// generate_LoadQmlContextPropertyLookup
#ifndef QT_NO_DEBUG
aotContext->setInstructionPointer(17);
#endif
while (!aotContext->loadScopeObjectPropertyLookup(1195, &r2_3)) {
#ifdef QT_NO_DEBUG
aotContext->setInstructionPointer(17);
#endif
aotContext->initLoadScopeObjectPropertyLookup(1195, QMetaType::fromType<double>());
if (aotContext->engine->hasError()) {
aotContext->setReturnValueUndefined();
if (argv[0]) {
    *static_cast<double *>(argv[0]) = double();
}
return;
}
}
{
}
// generate_StoreReg
r8_0 = r2_3;
{
}
// generate_LoadConst
r2_1 = 0.90000000000000002;
{
}
// generate_Mul
r2_1 = (r8_0 * r2_1);
{
}
// generate_StoreReg
r9_0 = r2_1;
{
}
// generate_LoadQmlContextPropertyLookup
#ifndef QT_NO_DEBUG
aotContext->setInstructionPointer(30);
#endif
while (!aotContext->loadScopeObjectPropertyLookup(1196, &r2_4)) {
#ifdef QT_NO_DEBUG
aotContext->setInstructionPointer(30);
#endif
aotContext->initLoadScopeObjectPropertyLookup(1196, QMetaType::fromType<double>());
if (aotContext->engine->hasError()) {
aotContext->setReturnValueUndefined();
if (argv[0]) {
    *static_cast<double *>(argv[0]) = double();
}
return;
}
}
{
}
// generate_Div
r2_1 = (r9_0 / r2_4);
{
}
// generate_Jump
{
    goto label_1;
}
label_0:;
// generate_LoadInt
r2_1 = double(1);
{
}
label_1:;
{
}
// generate_Ret
if (argv[0]) {
    *static_cast<double *>(argv[0]) = r2_1;
}
return;
}
 },{ 261, 0, [](QV4::ExecutableCompilationUnit *unit, QMetaType *argTypes) {
    struct { QV4::ExecutableCompilationUnit *compilationUnit; } c { unit };
    const auto *aotContext = &c;
    Q_UNUSED(aotContext);
    argTypes[0] = QMetaType::fromType<double>();
}, 
    [](const QQmlPrivate::AOTCompiledContext *aotContext, void **argv) {
Q_UNUSED(aotContext)
Q_UNUSED(argv)
// expression for heightScale at line 602, column 25
double r8_0;
double r2_1;
double r2_0;
double r2_4;
double r2_3;
bool r2_2;
double r7_0;
// generate_LoadQmlContextPropertyLookup
#ifndef QT_NO_DEBUG
aotContext->setInstructionPointer(5);
#endif
while (!aotContext->loadScopeObjectPropertyLookup(1197, &r2_0)) {
#ifdef QT_NO_DEBUG
aotContext->setInstructionPointer(5);
#endif
aotContext->initLoadScopeObjectPropertyLookup(1197, QMetaType::fromType<double>());
if (aotContext->engine->hasError()) {
aotContext->setReturnValueUndefined();
if (argv[0]) {
    *static_cast<double *>(argv[0]) = double();
}
return;
}
}
{
}
// generate_StoreReg
r7_0 = r2_0;
{
}
// generate_LoadZero
r2_1 = double(0);
{
}
// generate_CmpGt
r2_2 = r7_0 > r2_1;
{
}
// generate_JumpFalse
if (!r2_2) {
    goto label_0;
}
{
}
// generate_LoadQmlContextPropertyLookup
#ifndef QT_NO_DEBUG
aotContext->setInstructionPointer(17);
#endif
while (!aotContext->loadScopeObjectPropertyLookup(1198, &r2_3)) {
#ifdef QT_NO_DEBUG
aotContext->setInstructionPointer(17);
#endif
aotContext->initLoadScopeObjectPropertyLookup(1198, QMetaType::fromType<double>());
if (aotContext->engine->hasError()) {
aotContext->setReturnValueUndefined();
if (argv[0]) {
    *static_cast<double *>(argv[0]) = double();
}
return;
}
}
{
}
// generate_StoreReg
r8_0 = r2_3;
{
}
// generate_LoadQmlContextPropertyLookup
#ifndef QT_NO_DEBUG
aotContext->setInstructionPointer(24);
#endif
while (!aotContext->loadScopeObjectPropertyLookup(1199, &r2_4)) {
#ifdef QT_NO_DEBUG
aotContext->setInstructionPointer(24);
#endif
aotContext->initLoadScopeObjectPropertyLookup(1199, QMetaType::fromType<double>());
if (aotContext->engine->hasError()) {
aotContext->setReturnValueUndefined();
if (argv[0]) {
    *static_cast<double *>(argv[0]) = double();
}
return;
}
}
{
}
// generate_Div
r2_1 = (r8_0 / r2_4);
{
}
// generate_Jump
{
    goto label_1;
}
label_0:;
// generate_LoadInt
r2_1 = double(1);
{
}
label_1:;
{
}
// generate_Ret
if (argv[0]) {
    *static_cast<double *>(argv[0]) = r2_1;
}
return;
}
 },{ 262, 0, [](QV4::ExecutableCompilationUnit *unit, QMetaType *argTypes) {
    struct { QV4::ExecutableCompilationUnit *compilationUnit; } c { unit };
    const auto *aotContext = &c;
    Q_UNUSED(aotContext);
    argTypes[0] = QMetaType::fromType<double>();
}, 
    [](const QQmlPrivate::AOTCompiledContext *aotContext, void **argv) {
Q_UNUSED(aotContext)
Q_UNUSED(argv)
// expression for pageScale at line 603, column 25
double r2_7;
double r2_4;
double r8_0;
double r13_0;
double r12_0;
double r2_1;
double r2_5;
double r7_0;
double r2_3;
double r2_0;
double r14_0;
double r2_6;
bool r2_2;
double r14_1;
// generate_LoadQmlContextPropertyLookup
#ifndef QT_NO_DEBUG
aotContext->setInstructionPointer(5);
#endif
while (!aotContext->loadScopeObjectPropertyLookup(1200, &r2_0)) {
#ifdef QT_NO_DEBUG
aotContext->setInstructionPointer(5);
#endif
aotContext->initLoadScopeObjectPropertyLookup(1200, QMetaType::fromType<double>());
if (aotContext->engine->hasError()) {
aotContext->setReturnValueUndefined();
if (argv[0]) {
    *static_cast<double *>(argv[0]) = double();
}
return;
}
}
{
}
// generate_StoreReg
r7_0 = r2_0;
{
}
// generate_LoadZero
r2_1 = double(0);
{
}
// generate_CmpGt
r2_2 = r7_0 > r2_1;
{
}
// generate_JumpFalse
if (!r2_2) {
    goto label_0;
}
{
}
// generate_LoadQmlContextPropertyLookup
#ifndef QT_NO_DEBUG
aotContext->setInstructionPointer(17);
#endif
while (!aotContext->loadScopeObjectPropertyLookup(1201, &r2_3)) {
#ifdef QT_NO_DEBUG
aotContext->setInstructionPointer(17);
#endif
aotContext->initLoadScopeObjectPropertyLookup(1201, QMetaType::fromType<double>());
if (aotContext->engine->hasError()) {
aotContext->setReturnValueUndefined();
if (argv[0]) {
    *static_cast<double *>(argv[0]) = double();
}
return;
}
}
{
}
// generate_StoreReg
r8_0 = r2_3;
{
}
// generate_LoadZero
r2_1 = double(0);
{
}
// generate_CmpGt
r2_2 = r8_0 > r2_1;
{
}
// generate_JumpFalse
if (!r2_2) {
    goto label_0;
}
{
}
{
}
{
}
// generate_LoadQmlContextPropertyLookup
#ifndef QT_NO_DEBUG
aotContext->setInstructionPointer(36);
#endif
while (!aotContext->loadScopeObjectPropertyLookup(1203, &r2_4)) {
#ifdef QT_NO_DEBUG
aotContext->setInstructionPointer(36);
#endif
aotContext->initLoadScopeObjectPropertyLookup(1203, QMetaType::fromType<double>());
if (aotContext->engine->hasError()) {
aotContext->setReturnValueUndefined();
if (argv[0]) {
    *static_cast<double *>(argv[0]) = double();
}
return;
}
}
{
}
// generate_StoreReg
r14_0 = r2_4;
{
}
// generate_LoadQmlContextPropertyLookup
#ifndef QT_NO_DEBUG
aotContext->setInstructionPointer(43);
#endif
while (!aotContext->loadScopeObjectPropertyLookup(1204, &r2_5)) {
#ifdef QT_NO_DEBUG
aotContext->setInstructionPointer(43);
#endif
aotContext->initLoadScopeObjectPropertyLookup(1204, QMetaType::fromType<double>());
if (aotContext->engine->hasError()) {
aotContext->setReturnValueUndefined();
if (argv[0]) {
    *static_cast<double *>(argv[0]) = double();
}
return;
}
}
{
}
// generate_Div
r2_1 = (r14_0 / r2_5);
{
}
// generate_StoreReg
r12_0 = r2_1;
{
}
// generate_LoadQmlContextPropertyLookup
#ifndef QT_NO_DEBUG
aotContext->setInstructionPointer(52);
#endif
while (!aotContext->loadScopeObjectPropertyLookup(1205, &r2_6)) {
#ifdef QT_NO_DEBUG
aotContext->setInstructionPointer(52);
#endif
aotContext->initLoadScopeObjectPropertyLookup(1205, QMetaType::fromType<double>());
if (aotContext->engine->hasError()) {
aotContext->setReturnValueUndefined();
if (argv[0]) {
    *static_cast<double *>(argv[0]) = double();
}
return;
}
}
{
}
// generate_StoreReg
r14_1 = r2_6;
{
}
// generate_LoadQmlContextPropertyLookup
#ifndef QT_NO_DEBUG
aotContext->setInstructionPointer(59);
#endif
while (!aotContext->loadScopeObjectPropertyLookup(1206, &r2_7)) {
#ifdef QT_NO_DEBUG
aotContext->setInstructionPointer(59);
#endif
aotContext->initLoadScopeObjectPropertyLookup(1206, QMetaType::fromType<double>());
if (aotContext->engine->hasError()) {
aotContext->setReturnValueUndefined();
if (argv[0]) {
    *static_cast<double *>(argv[0]) = double();
}
return;
}
}
{
}
// generate_Div
r2_1 = (r14_1 / r2_7);
{
}
// generate_StoreReg
r13_0 = r2_1;
{
}
// generate_CallPropertyLookup
{
const double arg1 = r12_0;
const double arg2 = r13_0;
r2_1 = [&]() { 
auto  tmpMin = (qIsNull(arg2) && qIsNull(arg1) && std::copysign(1.0, arg2) == -1) ? arg2 : ((arg2 < arg1 || std::isnan(arg2)) ? arg2 : arg1);
return tmpMin;
}();
}
{
}
// generate_Jump
{
    goto label_1;
}
label_0:;
// generate_LoadInt
r2_1 = double(1);
{
}
label_1:;
{
}
// generate_Ret
if (argv[0]) {
    *static_cast<double *>(argv[0]) = r2_1;
}
return;
}
 },{ 264, 0, [](QV4::ExecutableCompilationUnit *unit, QMetaType *argTypes) {
    struct { QV4::ExecutableCompilationUnit *compilationUnit; } c { unit };
    const auto *aotContext = &c;
    Q_UNUSED(aotContext);
    argTypes[0] = QMetaType::fromType<QVariant>();
}, 
    [](const QQmlPrivate::AOTCompiledContext *aotContext, void **argv) {
Q_UNUSED(aotContext)
Q_UNUSED(argv)
// expression for pagePaperItem at line 607, column 25
QVariant r2_0;
// generate_LoadQmlContextPropertyLookup
{
QObject * retrieved;
#ifndef QT_NO_DEBUG
aotContext->setInstructionPointer(5);
#endif
while (!aotContext->loadContextIdLookup(1211, &retrieved)) {
#ifdef QT_NO_DEBUG
aotContext->setInstructionPointer(5);
#endif
aotContext->initLoadContextIdLookup(1211);
if (aotContext->engine->hasError()) {
aotContext->setReturnValueUndefined();
if (argv[0]) {
    *static_cast<QVariant *>(argv[0]) = QVariant();
}
return;
}
}
r2_0 = QVariant::fromValue(std::move(retrieved));
}
{
}
{
}
// generate_Ret
if (argv[0]) {
    if (!r2_0.isValid())
        aotContext->setReturnValueUndefined();
    *static_cast<QVariant *>(argv[0]) = std::move(r2_0);
}
return;
}
 },{ 265, 0, [](QV4::ExecutableCompilationUnit *unit, QMetaType *argTypes) {
    struct { QV4::ExecutableCompilationUnit *compilationUnit; } c { unit };
    const auto *aotContext = &c;
    Q_UNUSED(aotContext);
    argTypes[0] = QMetaType::fromType<double>();
}, 
    [](const QQmlPrivate::AOTCompiledContext *aotContext, void **argv) {
Q_UNUSED(aotContext)
Q_UNUSED(argv)
// expression for width at line 609, column 25
double r2_1;
double r2_4;
double r13_0;
double r2_2;
double r12_0;
double r11_0;
double r2_0;
QObject *r2_3;
double r10_0;
{
}
{
}
// generate_MoveConst
r10_0 = double(1);
{
}
// generate_LoadQmlContextPropertyLookup
#ifndef QT_NO_DEBUG
aotContext->setInstructionPointer(15);
#endif
while (!aotContext->loadScopeObjectPropertyLookup(1213, &r2_0)) {
#ifdef QT_NO_DEBUG
aotContext->setInstructionPointer(15);
#endif
aotContext->initLoadScopeObjectPropertyLookup(1213, QMetaType::fromType<double>());
if (aotContext->engine->hasError()) {
aotContext->setReturnValueUndefined();
if (argv[0]) {
    *static_cast<double *>(argv[0]) = double();
}
return;
}
}
{
}
// generate_StoreReg
r12_0 = r2_0;
{
}
// generate_LoadQmlContextPropertyLookup
#ifndef QT_NO_DEBUG
aotContext->setInstructionPointer(22);
#endif
while (!aotContext->loadScopeObjectPropertyLookup(1214, &r2_1)) {
#ifdef QT_NO_DEBUG
aotContext->setInstructionPointer(22);
#endif
aotContext->initLoadScopeObjectPropertyLookup(1214, QMetaType::fromType<double>());
if (aotContext->engine->hasError()) {
aotContext->setReturnValueUndefined();
if (argv[0]) {
    *static_cast<double *>(argv[0]) = double();
}
return;
}
}
{
}
// generate_Mul
r2_2 = (r12_0 * r2_1);
{
}
// generate_StoreReg
r13_0 = r2_2;
{
}
// generate_LoadQmlContextPropertyLookup
#ifndef QT_NO_DEBUG
aotContext->setInstructionPointer(31);
#endif
while (!aotContext->loadContextIdLookup(1215, &r2_3)) {
#ifdef QT_NO_DEBUG
aotContext->setInstructionPointer(31);
#endif
aotContext->initLoadContextIdLookup(1215);
if (aotContext->engine->hasError()) {
aotContext->setReturnValueUndefined();
if (argv[0]) {
    *static_cast<double *>(argv[0]) = double();
}
return;
}
}
{
}
// generate_GetLookup
#ifndef QT_NO_DEBUG
aotContext->setInstructionPointer(36);
#endif
while (!aotContext->getObjectLookup(1216, r2_3, &r2_4)) {
#ifdef QT_NO_DEBUG
aotContext->setInstructionPointer(36);
#endif
aotContext->initGetObjectLookup(1216, r2_3, QMetaType::fromType<double>());
if (aotContext->engine->hasError()) {
aotContext->setReturnValueUndefined();
if (argv[0]) {
    *static_cast<double *>(argv[0]) = double();
}
return;
}
}
{
}
// generate_Mul
r2_2 = (r13_0 * r2_4);
{
}
// generate_StoreReg
r11_0 = r2_2;
{
}
// generate_CallPropertyLookup
{
const double arg1 = r10_0;
const double arg2 = r11_0;
r2_2 = [&]() { 
auto  tmpMax = (qIsNull(arg2) && qIsNull(arg1) && std::copysign(1.0, arg2) == 1) ? arg2 : ((arg2 > arg1 || std::isnan(arg2)) ? arg2 : arg1);
return tmpMax;
}();
}
{
}
{
}
// generate_Ret
if (argv[0]) {
    *static_cast<double *>(argv[0]) = r2_2;
}
return;
}
 },{ 266, 0, [](QV4::ExecutableCompilationUnit *unit, QMetaType *argTypes) {
    struct { QV4::ExecutableCompilationUnit *compilationUnit; } c { unit };
    const auto *aotContext = &c;
    Q_UNUSED(aotContext);
    argTypes[0] = QMetaType::fromType<double>();
}, 
    [](const QQmlPrivate::AOTCompiledContext *aotContext, void **argv) {
Q_UNUSED(aotContext)
Q_UNUSED(argv)
// expression for height at line 610, column 25
double r2_4;
QObject *r2_3;
double r12_0;
double r2_0;
double r13_0;
double r2_2;
double r11_0;
double r2_1;
double r10_0;
{
}
{
}
// generate_MoveConst
r10_0 = double(1);
{
}
// generate_LoadQmlContextPropertyLookup
#ifndef QT_NO_DEBUG
aotContext->setInstructionPointer(15);
#endif
while (!aotContext->loadScopeObjectPropertyLookup(1219, &r2_0)) {
#ifdef QT_NO_DEBUG
aotContext->setInstructionPointer(15);
#endif
aotContext->initLoadScopeObjectPropertyLookup(1219, QMetaType::fromType<double>());
if (aotContext->engine->hasError()) {
aotContext->setReturnValueUndefined();
if (argv[0]) {
    *static_cast<double *>(argv[0]) = double();
}
return;
}
}
{
}
// generate_StoreReg
r12_0 = r2_0;
{
}
// generate_LoadQmlContextPropertyLookup
#ifndef QT_NO_DEBUG
aotContext->setInstructionPointer(22);
#endif
while (!aotContext->loadScopeObjectPropertyLookup(1220, &r2_1)) {
#ifdef QT_NO_DEBUG
aotContext->setInstructionPointer(22);
#endif
aotContext->initLoadScopeObjectPropertyLookup(1220, QMetaType::fromType<double>());
if (aotContext->engine->hasError()) {
aotContext->setReturnValueUndefined();
if (argv[0]) {
    *static_cast<double *>(argv[0]) = double();
}
return;
}
}
{
}
// generate_Mul
r2_2 = (r12_0 * r2_1);
{
}
// generate_StoreReg
r13_0 = r2_2;
{
}
// generate_LoadQmlContextPropertyLookup
#ifndef QT_NO_DEBUG
aotContext->setInstructionPointer(31);
#endif
while (!aotContext->loadContextIdLookup(1221, &r2_3)) {
#ifdef QT_NO_DEBUG
aotContext->setInstructionPointer(31);
#endif
aotContext->initLoadContextIdLookup(1221);
if (aotContext->engine->hasError()) {
aotContext->setReturnValueUndefined();
if (argv[0]) {
    *static_cast<double *>(argv[0]) = double();
}
return;
}
}
{
}
// generate_GetLookup
#ifndef QT_NO_DEBUG
aotContext->setInstructionPointer(36);
#endif
while (!aotContext->getObjectLookup(1222, r2_3, &r2_4)) {
#ifdef QT_NO_DEBUG
aotContext->setInstructionPointer(36);
#endif
aotContext->initGetObjectLookup(1222, r2_3, QMetaType::fromType<double>());
if (aotContext->engine->hasError()) {
aotContext->setReturnValueUndefined();
if (argv[0]) {
    *static_cast<double *>(argv[0]) = double();
}
return;
}
}
{
}
// generate_Mul
r2_2 = (r13_0 * r2_4);
{
}
// generate_StoreReg
r11_0 = r2_2;
{
}
// generate_CallPropertyLookup
{
const double arg1 = r10_0;
const double arg2 = r11_0;
r2_2 = [&]() { 
auto  tmpMax = (qIsNull(arg2) && qIsNull(arg1) && std::copysign(1.0, arg2) == 1) ? arg2 : ((arg2 > arg1 || std::isnan(arg2)) ? arg2 : arg1);
return tmpMax;
}();
}
{
}
{
}
// generate_Ret
if (argv[0]) {
    *static_cast<double *>(argv[0]) = r2_2;
}
return;
}
 },{ 267, 0, [](QV4::ExecutableCompilationUnit *unit, QMetaType *argTypes) {
    struct { QV4::ExecutableCompilationUnit *compilationUnit; } c { unit };
    const auto *aotContext = &c;
    Q_UNUSED(aotContext);
    argTypes[0] = QMetaType();
}, 
    [](const QQmlPrivate::AOTCompiledContext *aotContext, void **argv) {
Q_UNUSED(aotContext)
Q_UNUSED(argv)
// expression for onBaseScaleChanged at line 611, column 25
QObject *r8_0;
QObject *r2_1;
int r2_0;
int r7_0;
QObject *r2_4;
int r2_2;
bool r2_3;
// generate_CreateCallContext
{
{
}
// generate_LoadQmlContextPropertyLookup
#ifndef QT_NO_DEBUG
aotContext->setInstructionPointer(6);
#endif
while (!aotContext->loadScopeObjectPropertyLookup(1224, &r2_0)) {
#ifdef QT_NO_DEBUG
aotContext->setInstructionPointer(6);
#endif
aotContext->initLoadScopeObjectPropertyLookup(1224, QMetaType::fromType<int>());
if (aotContext->engine->hasError()) {
aotContext->setReturnValueUndefined();
return;
}
}
{
}
// generate_StoreReg
r7_0 = r2_0;
{
}
// generate_LoadQmlContextPropertyLookup
#ifndef QT_NO_DEBUG
aotContext->setInstructionPointer(13);
#endif
while (!aotContext->loadContextIdLookup(1225, &r2_1)) {
#ifdef QT_NO_DEBUG
aotContext->setInstructionPointer(13);
#endif
aotContext->initLoadContextIdLookup(1225);
if (aotContext->engine->hasError()) {
aotContext->setReturnValueUndefined();
return;
}
}
{
}
// generate_GetLookup
#ifndef QT_NO_DEBUG
aotContext->setInstructionPointer(18);
#endif
while (!aotContext->getObjectLookup(1226, r2_1, &r2_2)) {
#ifdef QT_NO_DEBUG
aotContext->setInstructionPointer(18);
#endif
aotContext->initGetObjectLookup(1226, r2_1, QMetaType::fromType<int>());
if (aotContext->engine->hasError()) {
aotContext->setReturnValueUndefined();
return;
}
}
{
}
// generate_CmpStrictEqual
r2_3 = r7_0 == r2_2;
{
}
// generate_JumpFalse
if (!r2_3) {
    goto label_0;
}
{
}
// generate_LoadQmlContextPropertyLookup
#ifndef QT_NO_DEBUG
aotContext->setInstructionPointer(27);
#endif
while (!aotContext->loadContextIdLookup(1227, &r2_4)) {
#ifdef QT_NO_DEBUG
aotContext->setInstructionPointer(27);
#endif
aotContext->initLoadContextIdLookup(1227);
if (aotContext->engine->hasError()) {
aotContext->setReturnValueUndefined();
return;
}
}
{
}
// generate_StoreReg
r8_0 = r2_4;
{
}
// generate_CallPropertyLookup
{
void *args[] = { nullptr };
const QMetaType types[] = { QMetaType() };
#ifndef QT_NO_DEBUG
aotContext->setInstructionPointer(46);
#endif
while (!aotContext->callObjectPropertyLookup(1228, r8_0, args, types, 0)) {
#ifdef QT_NO_DEBUG
aotContext->setInstructionPointer(46);
#endif
aotContext->initCallObjectPropertyLookup(1228);
if (aotContext->engine->hasError()) {
aotContext->setReturnValueUndefined();
return;
}
}
}
{
}
{
}
label_0:;
// generate_PopContext
{}
}
{
}
{
}
// generate_Ret
return;
}
 },{ 268, 0, [](QV4::ExecutableCompilationUnit *unit, QMetaType *argTypes) {
    struct { QV4::ExecutableCompilationUnit *compilationUnit; } c { unit };
    const auto *aotContext = &c;
    Q_UNUSED(aotContext);
    argTypes[0] = QMetaType::fromType<double>();
}, 
    [](const QQmlPrivate::AOTCompiledContext *aotContext, void **argv) {
Q_UNUSED(aotContext)
Q_UNUSED(argv)
// expression for width at line 616, column 29
double r2_6;
QObject *r2_0;
double r13_0;
double r2_3;
QObject *r2_2;
double r2_1;
double r2_4;
double r11_0;
double r12_0;
QObject *r2_5;
double r10_0;
{
}
{
}
// generate_MoveConst
r10_0 = double(1);
{
}
// generate_LoadQmlContextPropertyLookup
#ifndef QT_NO_DEBUG
aotContext->setInstructionPointer(15);
#endif
while (!aotContext->loadContextIdLookup(1230, &r2_0)) {
#ifdef QT_NO_DEBUG
aotContext->setInstructionPointer(15);
#endif
aotContext->initLoadContextIdLookup(1230);
if (aotContext->engine->hasError()) {
aotContext->setReturnValueUndefined();
if (argv[0]) {
    *static_cast<double *>(argv[0]) = double();
}
return;
}
}
{
}
// generate_GetLookup
#ifndef QT_NO_DEBUG
aotContext->setInstructionPointer(20);
#endif
while (!aotContext->getObjectLookup(1231, r2_0, &r2_1)) {
#ifdef QT_NO_DEBUG
aotContext->setInstructionPointer(20);
#endif
aotContext->initGetObjectLookup(1231, r2_0, QMetaType::fromType<double>());
if (aotContext->engine->hasError()) {
aotContext->setReturnValueUndefined();
if (argv[0]) {
    *static_cast<double *>(argv[0]) = double();
}
return;
}
}
{
}
// generate_StoreReg
r12_0 = r2_1;
{
}
// generate_LoadQmlContextPropertyLookup
#ifndef QT_NO_DEBUG
aotContext->setInstructionPointer(27);
#endif
while (!aotContext->loadContextIdLookup(1232, &r2_2)) {
#ifdef QT_NO_DEBUG
aotContext->setInstructionPointer(27);
#endif
aotContext->initLoadContextIdLookup(1232);
if (aotContext->engine->hasError()) {
aotContext->setReturnValueUndefined();
if (argv[0]) {
    *static_cast<double *>(argv[0]) = double();
}
return;
}
}
{
}
// generate_GetLookup
#ifndef QT_NO_DEBUG
aotContext->setInstructionPointer(32);
#endif
while (!aotContext->getObjectLookup(1233, r2_2, &r2_3)) {
#ifdef QT_NO_DEBUG
aotContext->setInstructionPointer(32);
#endif
aotContext->initGetObjectLookup(1233, r2_2, QMetaType::fromType<double>());
if (aotContext->engine->hasError()) {
aotContext->setReturnValueUndefined();
if (argv[0]) {
    *static_cast<double *>(argv[0]) = double();
}
return;
}
}
{
}
// generate_Mul
r2_4 = (r12_0 * r2_3);
{
}
// generate_StoreReg
r13_0 = r2_4;
{
}
// generate_LoadQmlContextPropertyLookup
#ifndef QT_NO_DEBUG
aotContext->setInstructionPointer(41);
#endif
while (!aotContext->loadContextIdLookup(1234, &r2_5)) {
#ifdef QT_NO_DEBUG
aotContext->setInstructionPointer(41);
#endif
aotContext->initLoadContextIdLookup(1234);
if (aotContext->engine->hasError()) {
aotContext->setReturnValueUndefined();
if (argv[0]) {
    *static_cast<double *>(argv[0]) = double();
}
return;
}
}
{
}
// generate_GetLookup
#ifndef QT_NO_DEBUG
aotContext->setInstructionPointer(46);
#endif
while (!aotContext->getObjectLookup(1235, r2_5, &r2_6)) {
#ifdef QT_NO_DEBUG
aotContext->setInstructionPointer(46);
#endif
aotContext->initGetObjectLookup(1235, r2_5, QMetaType::fromType<double>());
if (aotContext->engine->hasError()) {
aotContext->setReturnValueUndefined();
if (argv[0]) {
    *static_cast<double *>(argv[0]) = double();
}
return;
}
}
{
}
// generate_Mul
r2_4 = (r13_0 * r2_6);
{
}
// generate_StoreReg
r11_0 = r2_4;
{
}
// generate_CallPropertyLookup
{
const double arg1 = r10_0;
const double arg2 = r11_0;
r2_4 = [&]() { 
auto  tmpMax = (qIsNull(arg2) && qIsNull(arg1) && std::copysign(1.0, arg2) == 1) ? arg2 : ((arg2 > arg1 || std::isnan(arg2)) ? arg2 : arg1);
return tmpMax;
}();
}
{
}
{
}
// generate_Ret
if (argv[0]) {
    *static_cast<double *>(argv[0]) = r2_4;
}
return;
}
 },{ 269, 0, [](QV4::ExecutableCompilationUnit *unit, QMetaType *argTypes) {
    struct { QV4::ExecutableCompilationUnit *compilationUnit; } c { unit };
    const auto *aotContext = &c;
    Q_UNUSED(aotContext);
    argTypes[0] = QMetaType::fromType<double>();
}, 
    [](const QQmlPrivate::AOTCompiledContext *aotContext, void **argv) {
Q_UNUSED(aotContext)
Q_UNUSED(argv)
// expression for height at line 617, column 29
QObject *r2_0;
double r13_0;
double r2_1;
QObject *r2_5;
double r2_3;
double r2_4;
double r11_0;
double r2_6;
QObject *r2_2;
double r12_0;
double r10_0;
{
}
{
}
// generate_MoveConst
r10_0 = double(1);
{
}
// generate_LoadQmlContextPropertyLookup
#ifndef QT_NO_DEBUG
aotContext->setInstructionPointer(15);
#endif
while (!aotContext->loadContextIdLookup(1238, &r2_0)) {
#ifdef QT_NO_DEBUG
aotContext->setInstructionPointer(15);
#endif
aotContext->initLoadContextIdLookup(1238);
if (aotContext->engine->hasError()) {
aotContext->setReturnValueUndefined();
if (argv[0]) {
    *static_cast<double *>(argv[0]) = double();
}
return;
}
}
{
}
// generate_GetLookup
#ifndef QT_NO_DEBUG
aotContext->setInstructionPointer(20);
#endif
while (!aotContext->getObjectLookup(1239, r2_0, &r2_1)) {
#ifdef QT_NO_DEBUG
aotContext->setInstructionPointer(20);
#endif
aotContext->initGetObjectLookup(1239, r2_0, QMetaType::fromType<double>());
if (aotContext->engine->hasError()) {
aotContext->setReturnValueUndefined();
if (argv[0]) {
    *static_cast<double *>(argv[0]) = double();
}
return;
}
}
{
}
// generate_StoreReg
r12_0 = r2_1;
{
}
// generate_LoadQmlContextPropertyLookup
#ifndef QT_NO_DEBUG
aotContext->setInstructionPointer(27);
#endif
while (!aotContext->loadContextIdLookup(1240, &r2_2)) {
#ifdef QT_NO_DEBUG
aotContext->setInstructionPointer(27);
#endif
aotContext->initLoadContextIdLookup(1240);
if (aotContext->engine->hasError()) {
aotContext->setReturnValueUndefined();
if (argv[0]) {
    *static_cast<double *>(argv[0]) = double();
}
return;
}
}
{
}
// generate_GetLookup
#ifndef QT_NO_DEBUG
aotContext->setInstructionPointer(32);
#endif
while (!aotContext->getObjectLookup(1241, r2_2, &r2_3)) {
#ifdef QT_NO_DEBUG
aotContext->setInstructionPointer(32);
#endif
aotContext->initGetObjectLookup(1241, r2_2, QMetaType::fromType<double>());
if (aotContext->engine->hasError()) {
aotContext->setReturnValueUndefined();
if (argv[0]) {
    *static_cast<double *>(argv[0]) = double();
}
return;
}
}
{
}
// generate_Mul
r2_4 = (r12_0 * r2_3);
{
}
// generate_StoreReg
r13_0 = r2_4;
{
}
// generate_LoadQmlContextPropertyLookup
#ifndef QT_NO_DEBUG
aotContext->setInstructionPointer(41);
#endif
while (!aotContext->loadContextIdLookup(1242, &r2_5)) {
#ifdef QT_NO_DEBUG
aotContext->setInstructionPointer(41);
#endif
aotContext->initLoadContextIdLookup(1242);
if (aotContext->engine->hasError()) {
aotContext->setReturnValueUndefined();
if (argv[0]) {
    *static_cast<double *>(argv[0]) = double();
}
return;
}
}
{
}
// generate_GetLookup
#ifndef QT_NO_DEBUG
aotContext->setInstructionPointer(46);
#endif
while (!aotContext->getObjectLookup(1243, r2_5, &r2_6)) {
#ifdef QT_NO_DEBUG
aotContext->setInstructionPointer(46);
#endif
aotContext->initGetObjectLookup(1243, r2_5, QMetaType::fromType<double>());
if (aotContext->engine->hasError()) {
aotContext->setReturnValueUndefined();
if (argv[0]) {
    *static_cast<double *>(argv[0]) = double();
}
return;
}
}
{
}
// generate_Mul
r2_4 = (r13_0 * r2_6);
{
}
// generate_StoreReg
r11_0 = r2_4;
{
}
// generate_CallPropertyLookup
{
const double arg1 = r10_0;
const double arg2 = r11_0;
r2_4 = [&]() { 
auto  tmpMax = (qIsNull(arg2) && qIsNull(arg1) && std::copysign(1.0, arg2) == 1) ? arg2 : ((arg2 > arg1 || std::isnan(arg2)) ? arg2 : arg1);
return tmpMax;
}();
}
{
}
{
}
// generate_Ret
if (argv[0]) {
    *static_cast<double *>(argv[0]) = r2_4;
}
return;
}
 },{ 270, 0, [](QV4::ExecutableCompilationUnit *unit, QMetaType *argTypes) {
    struct { QV4::ExecutableCompilationUnit *compilationUnit; } c { unit };
    const auto *aotContext = &c;
    Q_UNUSED(aotContext);
    argTypes[0] = QMetaType::fromType<double>();
}, 
    [](const QQmlPrivate::AOTCompiledContext *aotContext, void **argv) {
Q_UNUSED(aotContext)
Q_UNUSED(argv)
// expression for rotation at line 618, column 29
double r2_1;
QObject *r2_0;
// generate_LoadQmlContextPropertyLookup
#ifndef QT_NO_DEBUG
aotContext->setInstructionPointer(5);
#endif
while (!aotContext->loadContextIdLookup(1245, &r2_0)) {
#ifdef QT_NO_DEBUG
aotContext->setInstructionPointer(5);
#endif
aotContext->initLoadContextIdLookup(1245);
if (aotContext->engine->hasError()) {
aotContext->setReturnValueUndefined();
if (argv[0]) {
    *static_cast<double *>(argv[0]) = double();
}
return;
}
}
{
}
// generate_GetLookup
{
int retrieved;
#ifndef QT_NO_DEBUG
aotContext->setInstructionPointer(10);
#endif
while (!aotContext->getObjectLookup(1246, r2_0, &retrieved)) {
#ifdef QT_NO_DEBUG
aotContext->setInstructionPointer(10);
#endif
aotContext->initGetObjectLookup(1246, r2_0, QMetaType::fromType<int>());
if (aotContext->engine->hasError()) {
aotContext->setReturnValueUndefined();
if (argv[0]) {
    *static_cast<double *>(argv[0]) = double();
}
return;
}
}
r2_1 = double(std::move(retrieved));
}
{
}
{
}
// generate_Ret
if (argv[0]) {
    *static_cast<double *>(argv[0]) = r2_1;
}
return;
}
 },{ 271, 0, [](QV4::ExecutableCompilationUnit *unit, QMetaType *argTypes) {
    struct { QV4::ExecutableCompilationUnit *compilationUnit; } c { unit };
    const auto *aotContext = &c;
    Q_UNUSED(aotContext);
    argTypes[0] = []() { static const auto t = QMetaType::fromName("QQuickItem::TransformOrigin"); return t; }();
}, 
    [](const QQmlPrivate::AOTCompiledContext *aotContext, void **argv) {
Q_UNUSED(aotContext)
Q_UNUSED(argv)
// expression for transformOrigin at line 619, column 29
int r2_0;
{
}
// generate_GetLookup
#ifndef QT_NO_DEBUG
aotContext->setInstructionPointer(10);
#endif
while (!aotContext->getEnumLookup(1248, &r2_0)) {
#ifdef QT_NO_DEBUG
aotContext->setInstructionPointer(10);
#endif
aotContext->initGetEnumLookup(1248, []() { static const auto t = QMetaType::fromName("QQuickItem*"); return t; }().metaObject(), "TransformOrigin", "Center");
if (aotContext->engine->hasError()) {
aotContext->setReturnValueUndefined();
if (argv[0]) {
    const QMetaType returnType = []() { static const auto t = QMetaType::fromName("QQuickItem::TransformOrigin"); return t; }();
    returnType.destruct(argv[0]);
    returnType.construct(argv[0]);
 }
return;
}
}
{
}
{
}
// generate_Ret
if (argv[0]) {
    const QMetaType returnType = QMetaType::fromType<int>();
    returnType.destruct(argv[0]);
    returnType.construct(argv[0], &r2_0);
}
return;
}
 },{ 273, 0, [](QV4::ExecutableCompilationUnit *unit, QMetaType *argTypes) {
    struct { QV4::ExecutableCompilationUnit *compilationUnit; } c { unit };
    const auto *aotContext = &c;
    Q_UNUSED(aotContext);
    argTypes[0] = []() { static const auto t = QMetaType::fromName("QQuickItem*"); return t; }();
}, 
    [](const QQmlPrivate::AOTCompiledContext *aotContext, void **argv) {
Q_UNUSED(aotContext)
Q_UNUSED(argv)
// expression for centerIn at line 615, column 29
QObject *r2_0;
// generate_LoadQmlContextPropertyLookup
#ifndef QT_NO_DEBUG
aotContext->setInstructionPointer(5);
#endif
while (!aotContext->loadScopeObjectPropertyLookup(1256, &r2_0)) {
#ifdef QT_NO_DEBUG
aotContext->setInstructionPointer(5);
#endif
aotContext->initLoadScopeObjectPropertyLookup(1256, []() { static const auto t = QMetaType::fromName("QQuickItem*"); return t; }());
if (aotContext->engine->hasError()) {
aotContext->setReturnValueUndefined();
if (argv[0]) {
    *static_cast<QObject * *>(argv[0]) = nullptr;
}
return;
}
}
{
}
{
}
// generate_Ret
if (argv[0]) {
    *static_cast<QObject * *>(argv[0]) = r2_0;
}
return;
}
 },{ 274, 0, [](QV4::ExecutableCompilationUnit *unit, QMetaType *argTypes) {
    struct { QV4::ExecutableCompilationUnit *compilationUnit; } c { unit };
    const auto *aotContext = &c;
    Q_UNUSED(aotContext);
    argTypes[0] = QMetaType::fromType<QUrl>();
}, 
    [](const QQmlPrivate::AOTCompiledContext *aotContext, void **argv) {
Q_UNUSED(aotContext)
Q_UNUSED(argv)
// expression for source at line 627, column 33
QUrl r2_1;
QObject *r2_0;
// generate_LoadQmlContextPropertyLookup
#ifndef QT_NO_DEBUG
aotContext->setInstructionPointer(5);
#endif
while (!aotContext->loadContextIdLookup(1257, &r2_0)) {
#ifdef QT_NO_DEBUG
aotContext->setInstructionPointer(5);
#endif
aotContext->initLoadContextIdLookup(1257);
if (aotContext->engine->hasError()) {
aotContext->setReturnValueUndefined();
if (argv[0]) {
    *static_cast<QUrl *>(argv[0]) = QUrl();
}
return;
}
}
{
}
// generate_GetLookup
{
QString retrieved;
#ifndef QT_NO_DEBUG
aotContext->setInstructionPointer(10);
#endif
while (!aotContext->getObjectLookup(1258, r2_0, &retrieved)) {
#ifdef QT_NO_DEBUG
aotContext->setInstructionPointer(10);
#endif
aotContext->initGetObjectLookup(1258, r2_0, QMetaType::fromType<QString>());
if (aotContext->engine->hasError()) {
aotContext->setReturnValueUndefined();
if (argv[0]) {
    *static_cast<QUrl *>(argv[0]) = QUrl();
}
return;
}
}
r2_1 = QUrl(std::move(retrieved));
}
{
}
{
}
// generate_Ret
if (argv[0]) {
    *static_cast<QUrl *>(argv[0]) = std::move(r2_1);
}
return;
}
 },{ 275, 0, [](QV4::ExecutableCompilationUnit *unit, QMetaType *argTypes) {
    struct { QV4::ExecutableCompilationUnit *compilationUnit; } c { unit };
    const auto *aotContext = &c;
    Q_UNUSED(aotContext);
    argTypes[0] = []() { static const auto t = QMetaType::fromName("QQuickImage::FillMode"); return t; }();
}, 
    [](const QQmlPrivate::AOTCompiledContext *aotContext, void **argv) {
Q_UNUSED(aotContext)
Q_UNUSED(argv)
// expression for fillMode at line 628, column 33
int r2_0;
{
}
// generate_GetLookup
#ifndef QT_NO_DEBUG
aotContext->setInstructionPointer(10);
#endif
while (!aotContext->getEnumLookup(1260, &r2_0)) {
#ifdef QT_NO_DEBUG
aotContext->setInstructionPointer(10);
#endif
aotContext->initGetEnumLookup(1260, []() { static const auto t = QMetaType::fromName("QQuickImage*"); return t; }().metaObject(), "FillMode", "PreserveAspectFit");
if (aotContext->engine->hasError()) {
aotContext->setReturnValueUndefined();
if (argv[0]) {
    const QMetaType returnType = []() { static const auto t = QMetaType::fromName("QQuickImage::FillMode"); return t; }();
    returnType.destruct(argv[0]);
    returnType.construct(argv[0]);
 }
return;
}
}
{
}
{
}
// generate_Ret
if (argv[0]) {
    const QMetaType returnType = QMetaType::fromType<int>();
    returnType.destruct(argv[0]);
    returnType.construct(argv[0], &r2_0);
}
return;
}
 },{ 276, 0, [](QV4::ExecutableCompilationUnit *unit, QMetaType *argTypes) {
    struct { QV4::ExecutableCompilationUnit *compilationUnit; } c { unit };
    const auto *aotContext = &c;
    Q_UNUSED(aotContext);
    argTypes[0] = QMetaType();
}, 
    [](const QQmlPrivate::AOTCompiledContext *aotContext, void **argv) {
Q_UNUSED(aotContext)
Q_UNUSED(argv)
// expression for onImplicitWidthChanged at line 634, column 33
QObject *r2_5;
int r2_3;
int r2_1;
int r7_0;
QObject *r2_2;
QObject *r8_0;
QObject *r2_0;
bool r2_4;
// generate_CreateCallContext
{
{
}
// generate_LoadQmlContextPropertyLookup
#ifndef QT_NO_DEBUG
aotContext->setInstructionPointer(6);
#endif
while (!aotContext->loadContextIdLookup(1261, &r2_0)) {
#ifdef QT_NO_DEBUG
aotContext->setInstructionPointer(6);
#endif
aotContext->initLoadContextIdLookup(1261);
if (aotContext->engine->hasError()) {
aotContext->setReturnValueUndefined();
return;
}
}
{
}
// generate_GetLookup
#ifndef QT_NO_DEBUG
aotContext->setInstructionPointer(11);
#endif
while (!aotContext->getObjectLookup(1262, r2_0, &r2_1)) {
#ifdef QT_NO_DEBUG
aotContext->setInstructionPointer(11);
#endif
aotContext->initGetObjectLookup(1262, r2_0, QMetaType::fromType<int>());
if (aotContext->engine->hasError()) {
aotContext->setReturnValueUndefined();
return;
}
}
{
}
// generate_StoreReg
r7_0 = r2_1;
{
}
// generate_LoadQmlContextPropertyLookup
#ifndef QT_NO_DEBUG
aotContext->setInstructionPointer(18);
#endif
while (!aotContext->loadContextIdLookup(1263, &r2_2)) {
#ifdef QT_NO_DEBUG
aotContext->setInstructionPointer(18);
#endif
aotContext->initLoadContextIdLookup(1263);
if (aotContext->engine->hasError()) {
aotContext->setReturnValueUndefined();
return;
}
}
{
}
// generate_GetLookup
#ifndef QT_NO_DEBUG
aotContext->setInstructionPointer(23);
#endif
while (!aotContext->getObjectLookup(1264, r2_2, &r2_3)) {
#ifdef QT_NO_DEBUG
aotContext->setInstructionPointer(23);
#endif
aotContext->initGetObjectLookup(1264, r2_2, QMetaType::fromType<int>());
if (aotContext->engine->hasError()) {
aotContext->setReturnValueUndefined();
return;
}
}
{
}
// generate_CmpStrictEqual
r2_4 = r7_0 == r2_3;
{
}
// generate_JumpFalse
if (!r2_4) {
    goto label_0;
}
{
}
// generate_LoadQmlContextPropertyLookup
#ifndef QT_NO_DEBUG
aotContext->setInstructionPointer(32);
#endif
while (!aotContext->loadContextIdLookup(1265, &r2_5)) {
#ifdef QT_NO_DEBUG
aotContext->setInstructionPointer(32);
#endif
aotContext->initLoadContextIdLookup(1265);
if (aotContext->engine->hasError()) {
aotContext->setReturnValueUndefined();
return;
}
}
{
}
// generate_StoreReg
r8_0 = r2_5;
{
}
// generate_CallPropertyLookup
{
void *args[] = { nullptr };
const QMetaType types[] = { QMetaType() };
#ifndef QT_NO_DEBUG
aotContext->setInstructionPointer(51);
#endif
while (!aotContext->callObjectPropertyLookup(1266, r8_0, args, types, 0)) {
#ifdef QT_NO_DEBUG
aotContext->setInstructionPointer(51);
#endif
aotContext->initCallObjectPropertyLookup(1266);
if (aotContext->engine->hasError()) {
aotContext->setReturnValueUndefined();
return;
}
}
}
{
}
{
}
label_0:;
// generate_PopContext
{}
}
{
}
{
}
// generate_Ret
return;
}
 },{ 277, 0, [](QV4::ExecutableCompilationUnit *unit, QMetaType *argTypes) {
    struct { QV4::ExecutableCompilationUnit *compilationUnit; } c { unit };
    const auto *aotContext = &c;
    Q_UNUSED(aotContext);
    argTypes[0] = QMetaType();
}, 
    [](const QQmlPrivate::AOTCompiledContext *aotContext, void **argv) {
Q_UNUSED(aotContext)
Q_UNUSED(argv)
// expression for onImplicitHeightChanged at line 635, column 33
int r2_3;
int r7_0;
int r2_1;
QObject *r2_0;
QObject *r2_5;
QObject *r2_2;
QObject *r8_0;
bool r2_4;
// generate_CreateCallContext
{
{
}
// generate_LoadQmlContextPropertyLookup
#ifndef QT_NO_DEBUG
aotContext->setInstructionPointer(6);
#endif
while (!aotContext->loadContextIdLookup(1267, &r2_0)) {
#ifdef QT_NO_DEBUG
aotContext->setInstructionPointer(6);
#endif
aotContext->initLoadContextIdLookup(1267);
if (aotContext->engine->hasError()) {
aotContext->setReturnValueUndefined();
return;
}
}
{
}
// generate_GetLookup
#ifndef QT_NO_DEBUG
aotContext->setInstructionPointer(11);
#endif
while (!aotContext->getObjectLookup(1268, r2_0, &r2_1)) {
#ifdef QT_NO_DEBUG
aotContext->setInstructionPointer(11);
#endif
aotContext->initGetObjectLookup(1268, r2_0, QMetaType::fromType<int>());
if (aotContext->engine->hasError()) {
aotContext->setReturnValueUndefined();
return;
}
}
{
}
// generate_StoreReg
r7_0 = r2_1;
{
}
// generate_LoadQmlContextPropertyLookup
#ifndef QT_NO_DEBUG
aotContext->setInstructionPointer(18);
#endif
while (!aotContext->loadContextIdLookup(1269, &r2_2)) {
#ifdef QT_NO_DEBUG
aotContext->setInstructionPointer(18);
#endif
aotContext->initLoadContextIdLookup(1269);
if (aotContext->engine->hasError()) {
aotContext->setReturnValueUndefined();
return;
}
}
{
}
// generate_GetLookup
#ifndef QT_NO_DEBUG
aotContext->setInstructionPointer(23);
#endif
while (!aotContext->getObjectLookup(1270, r2_2, &r2_3)) {
#ifdef QT_NO_DEBUG
aotContext->setInstructionPointer(23);
#endif
aotContext->initGetObjectLookup(1270, r2_2, QMetaType::fromType<int>());
if (aotContext->engine->hasError()) {
aotContext->setReturnValueUndefined();
return;
}
}
{
}
// generate_CmpStrictEqual
r2_4 = r7_0 == r2_3;
{
}
// generate_JumpFalse
if (!r2_4) {
    goto label_0;
}
{
}
// generate_LoadQmlContextPropertyLookup
#ifndef QT_NO_DEBUG
aotContext->setInstructionPointer(32);
#endif
while (!aotContext->loadContextIdLookup(1271, &r2_5)) {
#ifdef QT_NO_DEBUG
aotContext->setInstructionPointer(32);
#endif
aotContext->initLoadContextIdLookup(1271);
if (aotContext->engine->hasError()) {
aotContext->setReturnValueUndefined();
return;
}
}
{
}
// generate_StoreReg
r8_0 = r2_5;
{
}
// generate_CallPropertyLookup
{
void *args[] = { nullptr };
const QMetaType types[] = { QMetaType() };
#ifndef QT_NO_DEBUG
aotContext->setInstructionPointer(51);
#endif
while (!aotContext->callObjectPropertyLookup(1272, r8_0, args, types, 0)) {
#ifdef QT_NO_DEBUG
aotContext->setInstructionPointer(51);
#endif
aotContext->initCallObjectPropertyLookup(1272);
if (aotContext->engine->hasError()) {
aotContext->setReturnValueUndefined();
return;
}
}
}
{
}
{
}
label_0:;
// generate_PopContext
{}
}
{
}
{
}
// generate_Ret
return;
}
 },{ 278, 0, [](QV4::ExecutableCompilationUnit *unit, QMetaType *argTypes) {
    struct { QV4::ExecutableCompilationUnit *compilationUnit; } c { unit };
    const auto *aotContext = &c;
    Q_UNUSED(aotContext);
    argTypes[0] = []() { static const auto t = QMetaType::fromName("QQuickItem*"); return t; }();
}, 
    [](const QQmlPrivate::AOTCompiledContext *aotContext, void **argv) {
Q_UNUSED(aotContext)
Q_UNUSED(argv)
// expression for fill at line 626, column 33
QObject *r2_0;
// generate_LoadQmlContextPropertyLookup
#ifndef QT_NO_DEBUG
aotContext->setInstructionPointer(5);
#endif
while (!aotContext->loadScopeObjectPropertyLookup(1273, &r2_0)) {
#ifdef QT_NO_DEBUG
aotContext->setInstructionPointer(5);
#endif
aotContext->initLoadScopeObjectPropertyLookup(1273, []() { static const auto t = QMetaType::fromName("QQuickItem*"); return t; }());
if (aotContext->engine->hasError()) {
aotContext->setReturnValueUndefined();
if (argv[0]) {
    *static_cast<QObject * *>(argv[0]) = nullptr;
}
return;
}
}
{
}
{
}
// generate_Ret
if (argv[0]) {
    *static_cast<QObject * *>(argv[0]) = r2_0;
}
return;
}
 },{ 279, 0, [](QV4::ExecutableCompilationUnit *unit, QMetaType *argTypes) {
    struct { QV4::ExecutableCompilationUnit *compilationUnit; } c { unit };
    const auto *aotContext = &c;
    Q_UNUSED(aotContext);
    argTypes[0] = QMetaType::fromType<bool>();
}, 
    [](const QQmlPrivate::AOTCompiledContext *aotContext, void **argv) {
Q_UNUSED(aotContext)
Q_UNUSED(argv)
// expression for visible at line 640, column 33
int r2_2;
int r2_1;
int r7_0;
bool r2_3;
QObject *r2_0;
// generate_LoadQmlContextPropertyLookup
#ifndef QT_NO_DEBUG
aotContext->setInstructionPointer(5);
#endif
while (!aotContext->loadContextIdLookup(1274, &r2_0)) {
#ifdef QT_NO_DEBUG
aotContext->setInstructionPointer(5);
#endif
aotContext->initLoadContextIdLookup(1274);
if (aotContext->engine->hasError()) {
aotContext->setReturnValueUndefined();
if (argv[0]) {
    *static_cast<bool *>(argv[0]) = bool();
}
return;
}
}
{
}
// generate_GetLookup
#ifndef QT_NO_DEBUG
aotContext->setInstructionPointer(10);
#endif
while (!aotContext->getObjectLookup(1275, r2_0, &r2_1)) {
#ifdef QT_NO_DEBUG
aotContext->setInstructionPointer(10);
#endif
aotContext->initGetObjectLookup(1275, r2_0, QMetaType::fromType<int>());
if (aotContext->engine->hasError()) {
aotContext->setReturnValueUndefined();
if (argv[0]) {
    *static_cast<bool *>(argv[0]) = bool();
}
return;
}
}
{
}
// generate_StoreReg
r7_0 = r2_1;
{
}
{
}
// generate_GetLookup
#ifndef QT_NO_DEBUG
aotContext->setInstructionPointer(22);
#endif
while (!aotContext->getEnumLookup(1277, &r2_2)) {
#ifdef QT_NO_DEBUG
aotContext->setInstructionPointer(22);
#endif
aotContext->initGetEnumLookup(1277, []() { static const auto t = QMetaType::fromName("QQuickImageBase*"); return t; }().metaObject(), "Status", "Ready");
if (aotContext->engine->hasError()) {
aotContext->setReturnValueUndefined();
if (argv[0]) {
    *static_cast<bool *>(argv[0]) = bool();
}
return;
}
}
{
}
// generate_CmpStrictEqual
r2_3 = r7_0 == r2_2;
{
}
{
}
// generate_Ret
if (argv[0]) {
    *static_cast<bool *>(argv[0]) = r2_3;
}
return;
}
 },{ 280, 0, [](QV4::ExecutableCompilationUnit *unit, QMetaType *argTypes) {
    struct { QV4::ExecutableCompilationUnit *compilationUnit; } c { unit };
    const auto *aotContext = &c;
    Q_UNUSED(aotContext);
    argTypes[0] = []() { static const auto t = QMetaType::fromName("QQuickItem*"); return t; }();
}, 
    [](const QQmlPrivate::AOTCompiledContext *aotContext, void **argv) {
Q_UNUSED(aotContext)
Q_UNUSED(argv)
// expression for fill at line 639, column 33
QObject *r2_0;
// generate_LoadQmlContextPropertyLookup
#ifndef QT_NO_DEBUG
aotContext->setInstructionPointer(5);
#endif
while (!aotContext->loadScopeObjectPropertyLookup(1278, &r2_0)) {
#ifdef QT_NO_DEBUG
aotContext->setInstructionPointer(5);
#endif
aotContext->initLoadScopeObjectPropertyLookup(1278, []() { static const auto t = QMetaType::fromName("QQuickItem*"); return t; }());
if (aotContext->engine->hasError()) {
aotContext->setReturnValueUndefined();
if (argv[0]) {
    *static_cast<QObject * *>(argv[0]) = nullptr;
}
return;
}
}
{
}
{
}
// generate_Ret
if (argv[0]) {
    *static_cast<QObject * *>(argv[0]) = r2_0;
}
return;
}
 },{ 281, 0, [](QV4::ExecutableCompilationUnit *unit, QMetaType *argTypes) {
    struct { QV4::ExecutableCompilationUnit *compilationUnit; } c { unit };
    const auto *aotContext = &c;
    Q_UNUSED(aotContext);
    argTypes[0] = []() { static const auto t = QMetaType::fromName("QColor"); return t; }();
}, 
    [](const QQmlPrivate::AOTCompiledContext *aotContext, void **argv) {
Q_UNUSED(aotContext)
Q_UNUSED(argv)
// expression for fillColor at line 644, column 37
QObject *r2_0;
QVariant r2_2;
bool r2_1;
// generate_LoadQmlContextPropertyLookup
#ifndef QT_NO_DEBUG
aotContext->setInstructionPointer(5);
#endif
while (!aotContext->loadSingletonLookup(1279, &r2_0)) {
#ifdef QT_NO_DEBUG
aotContext->setInstructionPointer(5);
#endif
aotContext->initLoadSingletonLookup(1279, QQmlPrivate::AOTCompiledContext::InvalidStringId);
if (aotContext->engine->hasError()) {
aotContext->setReturnValueUndefined();
if (argv[0]) {
    const QMetaType returnType = []() { static const auto t = QMetaType::fromName("QColor"); return t; }();
    returnType.destruct(argv[0]);
    returnType.construct(argv[0]);
 }
return;
}
}
{
}
// generate_GetLookup
#ifndef QT_NO_DEBUG
aotContext->setInstructionPointer(10);
#endif
while (!aotContext->getObjectLookup(1280, r2_0, &r2_1)) {
#ifdef QT_NO_DEBUG
aotContext->setInstructionPointer(10);
#endif
aotContext->initGetObjectLookup(1280, r2_0, QMetaType::fromType<bool>());
if (aotContext->engine->hasError()) {
aotContext->setReturnValueUndefined();
if (argv[0]) {
    const QMetaType returnType = []() { static const auto t = QMetaType::fromName("QColor"); return t; }();
    returnType.destruct(argv[0]);
    returnType.construct(argv[0]);
 }
return;
}
}
{
}
// generate_JumpFalse
if (!r2_1) {
    goto label_0;
}
{
}
// generate_LoadRuntimeString
r2_2 = [&](){ auto arg = QStringLiteral("#66E6C35A"); return aotContext->constructValueType([]() { static const auto t = QMetaType::fromName("QColor"); return t; }(), []() { static const auto t = QMetaType::fromName("QQuickColorValueType"); return t; }().metaObject(), 1, &arg); }();
{
}
// generate_Jump
{
    goto label_1;
}
label_0:;
// generate_LoadRuntimeString
r2_2 = [&](){ auto arg = QStringLiteral("#88F7D95A"); return aotContext->constructValueType([]() { static const auto t = QMetaType::fromName("QColor"); return t; }(), []() { static const auto t = QMetaType::fromName("QQuickColorValueType"); return t; }().metaObject(), 1, &arg); }();
{
}
label_1:;
{
}
// generate_Ret
if (argv[0]) {
    if (!r2_2.isValid())
        aotContext->setReturnValueUndefined();
    const QMetaType returnType = r2_2.metaType();
    returnType.destruct(argv[0]);
    returnType.construct(argv[0], r2_2.data());
}
return;
}
 },{ 282, 0, [](QV4::ExecutableCompilationUnit *unit, QMetaType *argTypes) {
    struct { QV4::ExecutableCompilationUnit *compilationUnit; } c { unit };
    const auto *aotContext = &c;
    Q_UNUSED(aotContext);
    argTypes[0] = []() { static const auto t = QMetaType::fromName("QSizeF"); return t; }();
}, 
    [](const QQmlPrivate::AOTCompiledContext *aotContext, void **argv) {
Q_UNUSED(aotContext)
Q_UNUSED(argv)
// expression for scale at line 645, column 37
double r2_2;
QObject *r7_0;
QObject *r2_0;
double r10_0;
QVariant r2_5;
QObject *r2_1;
double r11_0;
double r2_4;
QObject *r2_3;
// generate_LoadQmlContextPropertyLookup
#ifndef QT_NO_DEBUG
aotContext->setInstructionPointer(5);
#endif
while (!aotContext->loadSingletonLookup(1281, &r2_0)) {
#ifdef QT_NO_DEBUG
aotContext->setInstructionPointer(5);
#endif
aotContext->initLoadSingletonLookup(1281, QQmlPrivate::AOTCompiledContext::InvalidStringId);
if (aotContext->engine->hasError()) {
aotContext->setReturnValueUndefined();
if (argv[0]) {
    const QMetaType returnType = []() { static const auto t = QMetaType::fromName("QSizeF"); return t; }();
    returnType.destruct(argv[0]);
    returnType.construct(argv[0]);
 }
return;
}
}
{
}
// generate_StoreReg
r7_0 = r2_0;
{
}
// generate_LoadQmlContextPropertyLookup
#ifndef QT_NO_DEBUG
aotContext->setInstructionPointer(12);
#endif
while (!aotContext->loadContextIdLookup(1282, &r2_1)) {
#ifdef QT_NO_DEBUG
aotContext->setInstructionPointer(12);
#endif
aotContext->initLoadContextIdLookup(1282);
if (aotContext->engine->hasError()) {
aotContext->setReturnValueUndefined();
if (argv[0]) {
    const QMetaType returnType = []() { static const auto t = QMetaType::fromName("QSizeF"); return t; }();
    returnType.destruct(argv[0]);
    returnType.construct(argv[0]);
 }
return;
}
}
{
}
// generate_GetLookup
#ifndef QT_NO_DEBUG
aotContext->setInstructionPointer(17);
#endif
while (!aotContext->getObjectLookup(1283, r2_1, &r2_2)) {
#ifdef QT_NO_DEBUG
aotContext->setInstructionPointer(17);
#endif
aotContext->initGetObjectLookup(1283, r2_1, QMetaType::fromType<double>());
if (aotContext->engine->hasError()) {
aotContext->setReturnValueUndefined();
if (argv[0]) {
    const QMetaType returnType = []() { static const auto t = QMetaType::fromName("QSizeF"); return t; }();
    returnType.destruct(argv[0]);
    returnType.construct(argv[0]);
 }
return;
}
}
{
}
// generate_StoreReg
r10_0 = r2_2;
{
}
// generate_LoadQmlContextPropertyLookup
#ifndef QT_NO_DEBUG
aotContext->setInstructionPointer(24);
#endif
while (!aotContext->loadContextIdLookup(1284, &r2_3)) {
#ifdef QT_NO_DEBUG
aotContext->setInstructionPointer(24);
#endif
aotContext->initLoadContextIdLookup(1284);
if (aotContext->engine->hasError()) {
aotContext->setReturnValueUndefined();
if (argv[0]) {
    const QMetaType returnType = []() { static const auto t = QMetaType::fromName("QSizeF"); return t; }();
    returnType.destruct(argv[0]);
    returnType.construct(argv[0]);
 }
return;
}
}
{
}
// generate_GetLookup
#ifndef QT_NO_DEBUG
aotContext->setInstructionPointer(29);
#endif
while (!aotContext->getObjectLookup(1285, r2_3, &r2_4)) {
#ifdef QT_NO_DEBUG
aotContext->setInstructionPointer(29);
#endif
aotContext->initGetObjectLookup(1285, r2_3, QMetaType::fromType<double>());
if (aotContext->engine->hasError()) {
aotContext->setReturnValueUndefined();
if (argv[0]) {
    const QMetaType returnType = []() { static const auto t = QMetaType::fromName("QSizeF"); return t; }();
    returnType.destruct(argv[0]);
    returnType.construct(argv[0]);
 }
return;
}
}
{
}
// generate_StoreReg
r11_0 = r2_4;
{
}
// generate_CallPropertyLookup
{
QVariant callResult([]() { static const auto t = QMetaType::fromName("QSizeF"); return t; }());
void *args[] = { callResult.data(), &r10_0, &r11_0 };
const QMetaType types[] = { callResult.metaType(), QMetaType::fromType<double>(), QMetaType::fromType<double>() };
#ifndef QT_NO_DEBUG
aotContext->setInstructionPointer(48);
#endif
while (!aotContext->callObjectPropertyLookup(1286, r7_0, args, types, 2)) {
#ifdef QT_NO_DEBUG
aotContext->setInstructionPointer(48);
#endif
aotContext->initCallObjectPropertyLookup(1286);
if (aotContext->engine->hasError()) {
aotContext->setReturnValueUndefined();
if (argv[0]) {
    const QMetaType returnType = []() { static const auto t = QMetaType::fromName("QSizeF"); return t; }();
    returnType.destruct(argv[0]);
    returnType.construct(argv[0]);
 }
return;
}
}
r2_5 = std::move(callResult);
}
{
}
{
}
// generate_Ret
if (argv[0]) {
    if (!r2_5.isValid())
        aotContext->setReturnValueUndefined();
    const QMetaType returnType = r2_5.metaType();
    returnType.destruct(argv[0]);
    returnType.construct(argv[0], r2_5.data());
}
return;
}
 },{ 284, 0, [](QV4::ExecutableCompilationUnit *unit, QMetaType *argTypes) {
    struct { QV4::ExecutableCompilationUnit *compilationUnit; } c { unit };
    const auto *aotContext = &c;
    Q_UNUSED(aotContext);
    argTypes[0] = QMetaType::fromType<bool>();
}, 
    [](const QQmlPrivate::AOTCompiledContext *aotContext, void **argv) {
Q_UNUSED(aotContext)
Q_UNUSED(argv)
// expression for enabled at line 655, column 33
QObject *r2_3;
QObject *r2_0;
int r2_5;
int r7_0;
bool r2_1;
int r2_4;
bool r2_2;
// generate_LoadQmlContextPropertyLookup
#ifndef QT_NO_DEBUG
aotContext->setInstructionPointer(5);
#endif
while (!aotContext->loadContextIdLookup(1289, &r2_0)) {
#ifdef QT_NO_DEBUG
aotContext->setInstructionPointer(5);
#endif
aotContext->initLoadContextIdLookup(1289);
if (aotContext->engine->hasError()) {
aotContext->setReturnValueUndefined();
if (argv[0]) {
    *static_cast<bool *>(argv[0]) = bool();
}
return;
}
}
{
}
// generate_GetLookup
#ifndef QT_NO_DEBUG
aotContext->setInstructionPointer(10);
#endif
while (!aotContext->getObjectLookup(1290, r2_0, &r2_1)) {
#ifdef QT_NO_DEBUG
aotContext->setInstructionPointer(10);
#endif
aotContext->initGetObjectLookup(1290, r2_0, QMetaType::fromType<bool>());
if (aotContext->engine->hasError()) {
aotContext->setReturnValueUndefined();
if (argv[0]) {
    *static_cast<bool *>(argv[0]) = bool();
}
return;
}
}
{
}
// generate_UNot
r2_2 = !r2_1;
{
}
// generate_JumpFalse
if (!r2_2) {
    goto label_0;
}
{
}
// generate_LoadQmlContextPropertyLookup
#ifndef QT_NO_DEBUG
aotContext->setInstructionPointer(18);
#endif
while (!aotContext->loadContextIdLookup(1291, &r2_3)) {
#ifdef QT_NO_DEBUG
aotContext->setInstructionPointer(18);
#endif
aotContext->initLoadContextIdLookup(1291);
if (aotContext->engine->hasError()) {
aotContext->setReturnValueUndefined();
if (argv[0]) {
    *static_cast<bool *>(argv[0]) = bool();
}
return;
}
}
{
}
// generate_GetLookup
#ifndef QT_NO_DEBUG
aotContext->setInstructionPointer(23);
#endif
while (!aotContext->getObjectLookup(1292, r2_3, &r2_4)) {
#ifdef QT_NO_DEBUG
aotContext->setInstructionPointer(23);
#endif
aotContext->initGetObjectLookup(1292, r2_3, QMetaType::fromType<int>());
if (aotContext->engine->hasError()) {
aotContext->setReturnValueUndefined();
if (argv[0]) {
    *static_cast<bool *>(argv[0]) = bool();
}
return;
}
}
{
}
// generate_StoreReg
r7_0 = r2_4;
{
}
{
}
// generate_GetLookup
#ifndef QT_NO_DEBUG
aotContext->setInstructionPointer(35);
#endif
while (!aotContext->getEnumLookup(1294, &r2_5)) {
#ifdef QT_NO_DEBUG
aotContext->setInstructionPointer(35);
#endif
aotContext->initGetEnumLookup(1294, []() { static const auto t = QMetaType::fromName("QPdfDocument*"); return t; }().metaObject(), "Status", "Ready");
if (aotContext->engine->hasError()) {
aotContext->setReturnValueUndefined();
if (argv[0]) {
    *static_cast<bool *>(argv[0]) = bool();
}
return;
}
}
{
}
// generate_CmpStrictEqual
r2_2 = r7_0 == r2_5;
{
}
label_0:;
{
}
// generate_Ret
if (argv[0]) {
    *static_cast<bool *>(argv[0]) = r2_2;
}
return;
}
 },{ 285, 0, [](QV4::ExecutableCompilationUnit *unit, QMetaType *argTypes) {
    struct { QV4::ExecutableCompilationUnit *compilationUnit; } c { unit };
    const auto *aotContext = &c;
    Q_UNUSED(aotContext);
    argTypes[0] = []() { static const auto t = QMetaType::fromName("QInputDevice::DeviceTypes"); return t; }();
}, 
    [](const QQmlPrivate::AOTCompiledContext *aotContext, void **argv) {
Q_UNUSED(aotContext)
Q_UNUSED(argv)
// expression for acceptedDevices at line 656, column 33
int r7_0;
int r2_0;
{
}
// generate_GetLookup
#ifndef QT_NO_DEBUG
aotContext->setInstructionPointer(10);
#endif
while (!aotContext->getEnumLookup(1296, &r2_0)) {
#ifdef QT_NO_DEBUG
aotContext->setInstructionPointer(10);
#endif
aotContext->initGetEnumLookup(1296, []() { static const auto t = QMetaType::fromName("QInputDevice*"); return t; }().metaObject(), "DeviceType", "Mouse");
if (aotContext->engine->hasError()) {
aotContext->setReturnValueUndefined();
if (argv[0]) {
    const QMetaType returnType = []() { static const auto t = QMetaType::fromName("QInputDevice::DeviceTypes"); return t; }();
    returnType.destruct(argv[0]);
    returnType.construct(argv[0]);
 }
return;
}
}
{
}
// generate_StoreReg
r7_0 = r2_0;
{
}
{
}
// generate_GetLookup
#ifndef QT_NO_DEBUG
aotContext->setInstructionPointer(22);
#endif
while (!aotContext->getEnumLookup(1298, &r2_0)) {
#ifdef QT_NO_DEBUG
aotContext->setInstructionPointer(22);
#endif
aotContext->initGetEnumLookup(1298, []() { static const auto t = QMetaType::fromName("QInputDevice*"); return t; }().metaObject(), "DeviceType", "Stylus");
if (aotContext->engine->hasError()) {
aotContext->setReturnValueUndefined();
if (argv[0]) {
    const QMetaType returnType = []() { static const auto t = QMetaType::fromName("QInputDevice::DeviceTypes"); return t; }();
    returnType.destruct(argv[0]);
    returnType.construct(argv[0]);
 }
return;
}
}
{
}
// generate_BitOr
r2_0 = (r7_0 | r2_0);
{
}
{
}
// generate_Ret
if (argv[0]) {
    const QMetaType returnType = QMetaType::fromType<int>();
    returnType.destruct(argv[0]);
    returnType.construct(argv[0], &r2_0);
}
return;
}
 },{ 286, 0, [](QV4::ExecutableCompilationUnit *unit, QMetaType *argTypes) {
    struct { QV4::ExecutableCompilationUnit *compilationUnit; } c { unit };
    const auto *aotContext = &c;
    Q_UNUSED(aotContext);
    argTypes[0] = QMetaType::fromType<bool>();
}, 
    [](const QQmlPrivate::AOTCompiledContext *aotContext, void **argv) {
Q_UNUSED(aotContext)
Q_UNUSED(argv)
// expression for enabled at line 662, column 33
QObject *r2_0;
bool r2_2;
bool r2_1;
// generate_LoadQmlContextPropertyLookup
#ifndef QT_NO_DEBUG
aotContext->setInstructionPointer(5);
#endif
while (!aotContext->loadContextIdLookup(1299, &r2_0)) {
#ifdef QT_NO_DEBUG
aotContext->setInstructionPointer(5);
#endif
aotContext->initLoadContextIdLookup(1299);
if (aotContext->engine->hasError()) {
aotContext->setReturnValueUndefined();
if (argv[0]) {
    *static_cast<bool *>(argv[0]) = bool();
}
return;
}
}
{
}
// generate_GetLookup
#ifndef QT_NO_DEBUG
aotContext->setInstructionPointer(10);
#endif
while (!aotContext->getObjectLookup(1300, r2_0, &r2_1)) {
#ifdef QT_NO_DEBUG
aotContext->setInstructionPointer(10);
#endif
aotContext->initGetObjectLookup(1300, r2_0, QMetaType::fromType<bool>());
if (aotContext->engine->hasError()) {
aotContext->setReturnValueUndefined();
if (argv[0]) {
    *static_cast<bool *>(argv[0]) = bool();
}
return;
}
}
{
}
// generate_UNot
r2_2 = !r2_1;
{
}
{
}
// generate_Ret
if (argv[0]) {
    *static_cast<bool *>(argv[0]) = r2_2;
}
return;
}
 },{ 287, 0, [](QV4::ExecutableCompilationUnit *unit, QMetaType *argTypes) {
    struct { QV4::ExecutableCompilationUnit *compilationUnit; } c { unit };
    const auto *aotContext = &c;
    Q_UNUSED(aotContext);
    argTypes[0] = []() { static const auto t = QMetaType::fromName("QInputDevice::DeviceTypes"); return t; }();
}, 
    [](const QQmlPrivate::AOTCompiledContext *aotContext, void **argv) {
Q_UNUSED(aotContext)
Q_UNUSED(argv)
// expression for acceptedDevices at line 663, column 33
int r7_0;
int r2_0;
int r8_0;
{
}
// generate_GetLookup
#ifndef QT_NO_DEBUG
aotContext->setInstructionPointer(10);
#endif
while (!aotContext->getEnumLookup(1302, &r2_0)) {
#ifdef QT_NO_DEBUG
aotContext->setInstructionPointer(10);
#endif
aotContext->initGetEnumLookup(1302, []() { static const auto t = QMetaType::fromName("QInputDevice*"); return t; }().metaObject(), "DeviceType", "Mouse");
if (aotContext->engine->hasError()) {
aotContext->setReturnValueUndefined();
if (argv[0]) {
    const QMetaType returnType = []() { static const auto t = QMetaType::fromName("QInputDevice::DeviceTypes"); return t; }();
    returnType.destruct(argv[0]);
    returnType.construct(argv[0]);
 }
return;
}
}
{
}
// generate_StoreReg
r7_0 = r2_0;
{
}
{
}
// generate_GetLookup
#ifndef QT_NO_DEBUG
aotContext->setInstructionPointer(22);
#endif
while (!aotContext->getEnumLookup(1304, &r2_0)) {
#ifdef QT_NO_DEBUG
aotContext->setInstructionPointer(22);
#endif
aotContext->initGetEnumLookup(1304, []() { static const auto t = QMetaType::fromName("QInputDevice*"); return t; }().metaObject(), "DeviceType", "Stylus");
if (aotContext->engine->hasError()) {
aotContext->setReturnValueUndefined();
if (argv[0]) {
    const QMetaType returnType = []() { static const auto t = QMetaType::fromName("QInputDevice::DeviceTypes"); return t; }();
    returnType.destruct(argv[0]);
    returnType.construct(argv[0]);
 }
return;
}
}
{
}
// generate_BitOr
r2_0 = (r7_0 | r2_0);
{
}
// generate_StoreReg
r8_0 = r2_0;
{
}
{
}
// generate_GetLookup
#ifndef QT_NO_DEBUG
aotContext->setInstructionPointer(36);
#endif
while (!aotContext->getEnumLookup(1306, &r2_0)) {
#ifdef QT_NO_DEBUG
aotContext->setInstructionPointer(36);
#endif
aotContext->initGetEnumLookup(1306, []() { static const auto t = QMetaType::fromName("QInputDevice*"); return t; }().metaObject(), "DeviceType", "TouchScreen");
if (aotContext->engine->hasError()) {
aotContext->setReturnValueUndefined();
if (argv[0]) {
    const QMetaType returnType = []() { static const auto t = QMetaType::fromName("QInputDevice::DeviceTypes"); return t; }();
    returnType.destruct(argv[0]);
    returnType.construct(argv[0]);
 }
return;
}
}
{
}
// generate_BitOr
r2_0 = (r8_0 | r2_0);
{
}
{
}
// generate_Ret
if (argv[0]) {
    const QMetaType returnType = QMetaType::fromType<int>();
    returnType.destruct(argv[0]);
    returnType.construct(argv[0], &r2_0);
}
return;
}
 },{ 288, 2, [](QV4::ExecutableCompilationUnit *unit, QMetaType *argTypes) {
    struct { QV4::ExecutableCompilationUnit *compilationUnit; } c { unit };
    const auto *aotContext = &c;
    Q_UNUSED(aotContext);
    argTypes[0] = QMetaType();
    argTypes[1] = []() { static const auto t = QMetaType::fromName("QEventPoint"); return t; }();
    argTypes[2] = []() { static const auto t = QMetaType::fromName("Qt::MouseButton"); return t; }();
}, 
    [](const QQmlPrivate::AOTCompiledContext *aotContext, void **argv) {
Q_UNUSED(aotContext)
Q_UNUSED(argv)
// expression for onTapped at line 664, column 33
QObject *r2_2;
QObject *r7_2;
QObject *r2_0;
QObject *r7_0;
QString r2_3;
QObject *r2_1;
QObject *r7_1;
// generate_CreateCallContext
{
{
}
// generate_LoadQmlContextPropertyLookup
#ifndef QT_NO_DEBUG
aotContext->setInstructionPointer(6);
#endif
while (!aotContext->loadContextIdLookup(1307, &r2_0)) {
#ifdef QT_NO_DEBUG
aotContext->setInstructionPointer(6);
#endif
aotContext->initLoadContextIdLookup(1307);
if (aotContext->engine->hasError()) {
aotContext->setReturnValueUndefined();
return;
}
}
{
}
// generate_StoreReg
r7_0 = r2_0;
{
}
// generate_CallPropertyLookup
{
void *args[] = { nullptr };
const QMetaType types[] = { QMetaType() };
#ifndef QT_NO_DEBUG
aotContext->setInstructionPointer(25);
#endif
while (!aotContext->callObjectPropertyLookup(1308, r7_0, args, types, 0)) {
#ifdef QT_NO_DEBUG
aotContext->setInstructionPointer(25);
#endif
aotContext->initCallObjectPropertyLookup(1308);
if (aotContext->engine->hasError()) {
aotContext->setReturnValueUndefined();
return;
}
}
}
{
}
// generate_LoadQmlContextPropertyLookup
#ifndef QT_NO_DEBUG
aotContext->setInstructionPointer(30);
#endif
while (!aotContext->loadContextIdLookup(1309, &r2_1)) {
#ifdef QT_NO_DEBUG
aotContext->setInstructionPointer(30);
#endif
aotContext->initLoadContextIdLookup(1309);
if (aotContext->engine->hasError()) {
aotContext->setReturnValueUndefined();
return;
}
}
{
}
// generate_StoreReg
r7_1 = r2_1;
{
}
// generate_CallPropertyLookup
{
void *args[] = { nullptr };
const QMetaType types[] = { QMetaType() };
#ifndef QT_NO_DEBUG
aotContext->setInstructionPointer(49);
#endif
while (!aotContext->callObjectPropertyLookup(1310, r7_1, args, types, 0)) {
#ifdef QT_NO_DEBUG
aotContext->setInstructionPointer(49);
#endif
aotContext->initCallObjectPropertyLookup(1310);
if (aotContext->engine->hasError()) {
aotContext->setReturnValueUndefined();
return;
}
}
}
{
}
// generate_LoadQmlContextPropertyLookup
#ifndef QT_NO_DEBUG
aotContext->setInstructionPointer(54);
#endif
while (!aotContext->loadContextIdLookup(1311, &r2_2)) {
#ifdef QT_NO_DEBUG
aotContext->setInstructionPointer(54);
#endif
aotContext->initLoadContextIdLookup(1311);
if (aotContext->engine->hasError()) {
aotContext->setReturnValueUndefined();
return;
}
}
{
}
// generate_StoreReg
r7_2 = r2_2;
{
}
// generate_LoadRuntimeString
r2_3 = QStringLiteral("");
{
}
{
}
// generate_SetLookup
{
#ifndef QT_NO_DEBUG
aotContext->setInstructionPointer(69);
#endif
while (!aotContext->setObjectLookup(1312, r7_2, &r2_3)) {
#ifdef QT_NO_DEBUG
aotContext->setInstructionPointer(69);
#endif
aotContext->initSetObjectLookup(1312, r7_2, QMetaType::fromType<QString>());
if (aotContext->engine->hasError()) {
aotContext->setReturnValueUndefined();
return;
}
}
}
{
}
{
}
// generate_PopContext
{}
}
{
}
{
}
// generate_Ret
return;
}
 },{ 289, 0, [](QV4::ExecutableCompilationUnit *unit, QMetaType *argTypes) {
    struct { QV4::ExecutableCompilationUnit *compilationUnit; } c { unit };
    const auto *aotContext = &c;
    Q_UNUSED(aotContext);
    argTypes[0] = []() { static const auto t = QMetaType::fromName("QQuickPdfDocument*"); return t; }();
}, 
    [](const QQmlPrivate::AOTCompiledContext *aotContext, void **argv) {
Q_UNUSED(aotContext)
Q_UNUSED(argv)
// expression for document at line 674, column 33
QObject *r2_0;
// generate_LoadQmlContextPropertyLookup
#ifndef QT_NO_DEBUG
aotContext->setInstructionPointer(5);
#endif
while (!aotContext->loadContextIdLookup(1313, &r2_0)) {
#ifdef QT_NO_DEBUG
aotContext->setInstructionPointer(5);
#endif
aotContext->initLoadContextIdLookup(1313);
if (aotContext->engine->hasError()) {
aotContext->setReturnValueUndefined();
if (argv[0]) {
    *static_cast<QObject * *>(argv[0]) = nullptr;
}
return;
}
}
{
}
{
}
// generate_Ret
if (argv[0]) {
    *static_cast<QObject * *>(argv[0]) = r2_0;
}
return;
}
 },{ 290, 0, [](QV4::ExecutableCompilationUnit *unit, QMetaType *argTypes) {
    struct { QV4::ExecutableCompilationUnit *compilationUnit; } c { unit };
    const auto *aotContext = &c;
    Q_UNUSED(aotContext);
    argTypes[0] = QMetaType::fromType<int>();
}, 
    [](const QQmlPrivate::AOTCompiledContext *aotContext, void **argv) {
Q_UNUSED(aotContext)
Q_UNUSED(argv)
// expression for page at line 675, column 33
QObject *r2_0;
int r2_1;
// generate_LoadQmlContextPropertyLookup
#ifndef QT_NO_DEBUG
aotContext->setInstructionPointer(5);
#endif
while (!aotContext->loadContextIdLookup(1314, &r2_0)) {
#ifdef QT_NO_DEBUG
aotContext->setInstructionPointer(5);
#endif
aotContext->initLoadContextIdLookup(1314);
if (aotContext->engine->hasError()) {
aotContext->setReturnValueUndefined();
if (argv[0]) {
    *static_cast<int *>(argv[0]) = int();
}
return;
}
}
{
}
// generate_GetLookup
#ifndef QT_NO_DEBUG
aotContext->setInstructionPointer(10);
#endif
while (!aotContext->getObjectLookup(1315, r2_0, &r2_1)) {
#ifdef QT_NO_DEBUG
aotContext->setInstructionPointer(10);
#endif
aotContext->initGetObjectLookup(1315, r2_0, QMetaType::fromType<int>());
if (aotContext->engine->hasError()) {
aotContext->setReturnValueUndefined();
if (argv[0]) {
    *static_cast<int *>(argv[0]) = int();
}
return;
}
}
{
}
{
}
// generate_Ret
if (argv[0]) {
    *static_cast<int *>(argv[0]) = r2_1;
}
return;
}
 },{ 292, 0, [](QV4::ExecutableCompilationUnit *unit, QMetaType *argTypes) {
    struct { QV4::ExecutableCompilationUnit *compilationUnit; } c { unit };
    const auto *aotContext = &c;
    Q_UNUSED(aotContext);
    argTypes[0] = []() { static const auto t = QMetaType::fromName("QPointF"); return t; }();
}, 
    [](const QQmlPrivate::AOTCompiledContext *aotContext, void **argv) {
Q_UNUSED(aotContext)
Q_UNUSED(argv)
// expression for from at line 677, column 33
QVariant r2_2;
QObject *r2_0;
QVariant r2_1;
// generate_LoadQmlContextPropertyLookup
#ifndef QT_NO_DEBUG
aotContext->setInstructionPointer(5);
#endif
while (!aotContext->loadContextIdLookup(1321, &r2_0)) {
#ifdef QT_NO_DEBUG
aotContext->setInstructionPointer(5);
#endif
aotContext->initLoadContextIdLookup(1321);
if (aotContext->engine->hasError()) {
aotContext->setReturnValueUndefined();
if (argv[0]) {
    const QMetaType returnType = []() { static const auto t = QMetaType::fromName("QPointF"); return t; }();
    returnType.destruct(argv[0]);
    returnType.construct(argv[0]);
 }
return;
}
}
{
}
// generate_GetLookup
#ifndef QT_NO_DEBUG
aotContext->setInstructionPointer(10);
#endif
r2_1 = QVariant(aotContext->lookupResultMetaType(1322));
while (!aotContext->getObjectLookup(1322, r2_0, r2_1.data())) {
#ifdef QT_NO_DEBUG
aotContext->setInstructionPointer(10);
#endif
aotContext->initGetObjectLookup(1322, r2_0, r2_1.metaType());
if (aotContext->engine->hasError()) {
aotContext->setReturnValueUndefined();
if (argv[0]) {
    const QMetaType returnType = []() { static const auto t = QMetaType::fromName("QPointF"); return t; }();
    returnType.destruct(argv[0]);
    returnType.construct(argv[0]);
 }
return;
}
r2_1 = QVariant(aotContext->lookupResultMetaType(1322));
}
{
}
// generate_GetLookup
#ifndef QT_NO_DEBUG
aotContext->setInstructionPointer(15);
#endif
r2_2 = QVariant(aotContext->lookupResultMetaType(1323));
while (!aotContext->getValueLookup(1323, r2_1.data(), r2_2.data())) {
#ifdef QT_NO_DEBUG
aotContext->setInstructionPointer(15);
#endif
aotContext->initGetValueLookup(1323, []() { static const auto t = QMetaType::fromName("QQuickHandlerPoint"); return t; }().metaObject(), r2_2.metaType());
if (aotContext->engine->hasError()) {
aotContext->setReturnValueUndefined();
if (argv[0]) {
    const QMetaType returnType = []() { static const auto t = QMetaType::fromName("QPointF"); return t; }();
    returnType.destruct(argv[0]);
    returnType.construct(argv[0]);
 }
return;
}
r2_2 = QVariant(aotContext->lookupResultMetaType(1323));
}
{
}
{
}
// generate_Ret
if (argv[0]) {
    if (!r2_2.isValid())
        aotContext->setReturnValueUndefined();
    const QMetaType returnType = r2_2.metaType();
    returnType.destruct(argv[0]);
    returnType.construct(argv[0], r2_2.data());
}
return;
}
 },{ 293, 0, [](QV4::ExecutableCompilationUnit *unit, QMetaType *argTypes) {
    struct { QV4::ExecutableCompilationUnit *compilationUnit; } c { unit };
    const auto *aotContext = &c;
    Q_UNUSED(aotContext);
    argTypes[0] = []() { static const auto t = QMetaType::fromName("QPointF"); return t; }();
}, 
    [](const QQmlPrivate::AOTCompiledContext *aotContext, void **argv) {
Q_UNUSED(aotContext)
Q_UNUSED(argv)
// expression for to at line 678, column 33
QVariant r2_1;
QObject *r2_0;
QVariant r2_2;
// generate_LoadQmlContextPropertyLookup
#ifndef QT_NO_DEBUG
aotContext->setInstructionPointer(5);
#endif
while (!aotContext->loadContextIdLookup(1324, &r2_0)) {
#ifdef QT_NO_DEBUG
aotContext->setInstructionPointer(5);
#endif
aotContext->initLoadContextIdLookup(1324);
if (aotContext->engine->hasError()) {
aotContext->setReturnValueUndefined();
if (argv[0]) {
    const QMetaType returnType = []() { static const auto t = QMetaType::fromName("QPointF"); return t; }();
    returnType.destruct(argv[0]);
    returnType.construct(argv[0]);
 }
return;
}
}
{
}
// generate_GetLookup
#ifndef QT_NO_DEBUG
aotContext->setInstructionPointer(10);
#endif
r2_1 = QVariant(aotContext->lookupResultMetaType(1325));
while (!aotContext->getObjectLookup(1325, r2_0, r2_1.data())) {
#ifdef QT_NO_DEBUG
aotContext->setInstructionPointer(10);
#endif
aotContext->initGetObjectLookup(1325, r2_0, r2_1.metaType());
if (aotContext->engine->hasError()) {
aotContext->setReturnValueUndefined();
if (argv[0]) {
    const QMetaType returnType = []() { static const auto t = QMetaType::fromName("QPointF"); return t; }();
    returnType.destruct(argv[0]);
    returnType.construct(argv[0]);
 }
return;
}
r2_1 = QVariant(aotContext->lookupResultMetaType(1325));
}
{
}
// generate_GetLookup
#ifndef QT_NO_DEBUG
aotContext->setInstructionPointer(15);
#endif
r2_2 = QVariant(aotContext->lookupResultMetaType(1326));
while (!aotContext->getValueLookup(1326, r2_1.data(), r2_2.data())) {
#ifdef QT_NO_DEBUG
aotContext->setInstructionPointer(15);
#endif
aotContext->initGetValueLookup(1326, []() { static const auto t = QMetaType::fromName("QQuickHandlerPoint"); return t; }().metaObject(), r2_2.metaType());
if (aotContext->engine->hasError()) {
aotContext->setReturnValueUndefined();
if (argv[0]) {
    const QMetaType returnType = []() { static const auto t = QMetaType::fromName("QPointF"); return t; }();
    returnType.destruct(argv[0]);
    returnType.construct(argv[0]);
 }
return;
}
r2_2 = QVariant(aotContext->lookupResultMetaType(1326));
}
{
}
{
}
// generate_Ret
if (argv[0]) {
    if (!r2_2.isValid())
        aotContext->setReturnValueUndefined();
    const QMetaType returnType = r2_2.metaType();
    returnType.destruct(argv[0]);
    returnType.construct(argv[0], r2_2.data());
}
return;
}
 },{ 294, 0, [](QV4::ExecutableCompilationUnit *unit, QMetaType *argTypes) {
    struct { QV4::ExecutableCompilationUnit *compilationUnit; } c { unit };
    const auto *aotContext = &c;
    Q_UNUSED(aotContext);
    argTypes[0] = QMetaType::fromType<bool>();
}, 
    [](const QQmlPrivate::AOTCompiledContext *aotContext, void **argv) {
Q_UNUSED(aotContext)
Q_UNUSED(argv)
// expression for hold at line 679, column 33
bool r2_1;
QObject *r2_3;
QObject *r2_0;
bool r2_2;
bool r2_4;
// generate_LoadQmlContextPropertyLookup
#ifndef QT_NO_DEBUG
aotContext->setInstructionPointer(5);
#endif
while (!aotContext->loadContextIdLookup(1327, &r2_0)) {
#ifdef QT_NO_DEBUG
aotContext->setInstructionPointer(5);
#endif
aotContext->initLoadContextIdLookup(1327);
if (aotContext->engine->hasError()) {
aotContext->setReturnValueUndefined();
if (argv[0]) {
    *static_cast<bool *>(argv[0]) = bool();
}
return;
}
}
{
}
// generate_GetLookup
#ifndef QT_NO_DEBUG
aotContext->setInstructionPointer(10);
#endif
while (!aotContext->getObjectLookup(1328, r2_0, &r2_1)) {
#ifdef QT_NO_DEBUG
aotContext->setInstructionPointer(10);
#endif
aotContext->initGetObjectLookup(1328, r2_0, QMetaType::fromType<bool>());
if (aotContext->engine->hasError()) {
aotContext->setReturnValueUndefined();
if (argv[0]) {
    *static_cast<bool *>(argv[0]) = bool();
}
return;
}
}
{
}
// generate_UNot
r2_2 = !r2_1;
{
}
// generate_JumpFalse
if (!r2_2) {
    goto label_0;
}
{
}
// generate_LoadQmlContextPropertyLookup
#ifndef QT_NO_DEBUG
aotContext->setInstructionPointer(18);
#endif
while (!aotContext->loadContextIdLookup(1329, &r2_3)) {
#ifdef QT_NO_DEBUG
aotContext->setInstructionPointer(18);
#endif
aotContext->initLoadContextIdLookup(1329);
if (aotContext->engine->hasError()) {
aotContext->setReturnValueUndefined();
if (argv[0]) {
    *static_cast<bool *>(argv[0]) = bool();
}
return;
}
}
{
}
// generate_GetLookup
#ifndef QT_NO_DEBUG
aotContext->setInstructionPointer(23);
#endif
while (!aotContext->getObjectLookup(1330, r2_3, &r2_4)) {
#ifdef QT_NO_DEBUG
aotContext->setInstructionPointer(23);
#endif
aotContext->initGetObjectLookup(1330, r2_3, QMetaType::fromType<bool>());
if (aotContext->engine->hasError()) {
aotContext->setReturnValueUndefined();
if (argv[0]) {
    *static_cast<bool *>(argv[0]) = bool();
}
return;
}
}
{
}
// generate_UNot
r2_2 = !r2_4;
{
}
label_0:;
{
}
// generate_Ret
if (argv[0]) {
    *static_cast<bool *>(argv[0]) = r2_2;
}
return;
}
 },{ 295, 0, [](QV4::ExecutableCompilationUnit *unit, QMetaType *argTypes) {
    struct { QV4::ExecutableCompilationUnit *compilationUnit; } c { unit };
    const auto *aotContext = &c;
    Q_UNUSED(aotContext);
    argTypes[0] = QMetaType();
}, 
    [](const QQmlPrivate::AOTCompiledContext *aotContext, void **argv) {
Q_UNUSED(aotContext)
Q_UNUSED(argv)
// expression for onTextChanged at line 681, column 33
int r2_6;
QObject *r9_0;
QObject *r2_3;
QString r2_8;
QObject *r2_5;
int r8_0;
double r7_0;
double r2_1;
QObject *r2_7;
QString r2_0;
bool r2_2;
int r2_4;
// generate_CreateCallContext
{
{
}
// generate_LoadQmlContextPropertyLookup
#ifndef QT_NO_DEBUG
aotContext->setInstructionPointer(6);
#endif
while (!aotContext->loadScopeObjectPropertyLookup(1331, &r2_0)) {
#ifdef QT_NO_DEBUG
aotContext->setInstructionPointer(6);
#endif
aotContext->initLoadScopeObjectPropertyLookup(1331, QMetaType::fromType<QString>());
if (aotContext->engine->hasError()) {
aotContext->setReturnValueUndefined();
return;
}
}
{
}
// generate_GetLookup
{
qlonglong retrieved;
retrieved = r2_0.length();
r2_1 = double(std::move(retrieved));
}
{
}
// generate_StoreReg
r7_0 = r2_1;
{
}
// generate_LoadZero
r2_1 = double(0);
{
}
// generate_CmpGt
r2_2 = r7_0 > r2_1;
{
}
// generate_JumpTrue
if (r2_2) {
    goto label_0;
}
{
}
// generate_LoadQmlContextPropertyLookup
#ifndef QT_NO_DEBUG
aotContext->setInstructionPointer(23);
#endif
while (!aotContext->loadContextIdLookup(1333, &r2_3)) {
#ifdef QT_NO_DEBUG
aotContext->setInstructionPointer(23);
#endif
aotContext->initLoadContextIdLookup(1333);
if (aotContext->engine->hasError()) {
aotContext->setReturnValueUndefined();
return;
}
}
{
}
// generate_GetLookup
#ifndef QT_NO_DEBUG
aotContext->setInstructionPointer(28);
#endif
while (!aotContext->getObjectLookup(1334, r2_3, &r2_4)) {
#ifdef QT_NO_DEBUG
aotContext->setInstructionPointer(28);
#endif
aotContext->initGetObjectLookup(1334, r2_3, QMetaType::fromType<int>());
if (aotContext->engine->hasError()) {
aotContext->setReturnValueUndefined();
return;
}
}
{
}
// generate_StoreReg
r8_0 = r2_4;
{
}
// generate_LoadQmlContextPropertyLookup
#ifndef QT_NO_DEBUG
aotContext->setInstructionPointer(35);
#endif
while (!aotContext->loadContextIdLookup(1335, &r2_5)) {
#ifdef QT_NO_DEBUG
aotContext->setInstructionPointer(35);
#endif
aotContext->initLoadContextIdLookup(1335);
if (aotContext->engine->hasError()) {
aotContext->setReturnValueUndefined();
return;
}
}
{
}
// generate_GetLookup
#ifndef QT_NO_DEBUG
aotContext->setInstructionPointer(40);
#endif
while (!aotContext->getObjectLookup(1336, r2_5, &r2_6)) {
#ifdef QT_NO_DEBUG
aotContext->setInstructionPointer(40);
#endif
aotContext->initGetObjectLookup(1336, r2_5, QMetaType::fromType<int>());
if (aotContext->engine->hasError()) {
aotContext->setReturnValueUndefined();
return;
}
}
{
}
// generate_CmpStrictEqual
r2_2 = r8_0 == r2_6;
{
}
// generate_JumpFalse
if (!r2_2) {
    goto label_1;
}
{
}
label_0:;
// generate_LoadQmlContextPropertyLookup
#ifndef QT_NO_DEBUG
aotContext->setInstructionPointer(49);
#endif
while (!aotContext->loadContextIdLookup(1337, &r2_7)) {
#ifdef QT_NO_DEBUG
aotContext->setInstructionPointer(49);
#endif
aotContext->initLoadContextIdLookup(1337);
if (aotContext->engine->hasError()) {
aotContext->setReturnValueUndefined();
return;
}
}
{
}
// generate_StoreReg
r9_0 = r2_7;
{
}
// generate_LoadQmlContextPropertyLookup
#ifndef QT_NO_DEBUG
aotContext->setInstructionPointer(56);
#endif
while (!aotContext->loadScopeObjectPropertyLookup(1338, &r2_8)) {
#ifdef QT_NO_DEBUG
aotContext->setInstructionPointer(56);
#endif
aotContext->initLoadScopeObjectPropertyLookup(1338, QMetaType::fromType<QString>());
if (aotContext->engine->hasError()) {
aotContext->setReturnValueUndefined();
return;
}
}
{
}
{
}
// generate_SetLookup
{
#ifndef QT_NO_DEBUG
aotContext->setInstructionPointer(67);
#endif
while (!aotContext->setObjectLookup(1339, r9_0, &r2_8)) {
#ifdef QT_NO_DEBUG
aotContext->setInstructionPointer(67);
#endif
aotContext->initSetObjectLookup(1339, r9_0, QMetaType::fromType<QString>());
if (aotContext->engine->hasError()) {
aotContext->setReturnValueUndefined();
return;
}
}
}
{
}
{
}
label_1:;
// generate_PopContext
{}
}
{
}
{
}
// generate_Ret
return;
}
 },{ 296, 0, [](QV4::ExecutableCompilationUnit *unit, QMetaType *argTypes) {
    struct { QV4::ExecutableCompilationUnit *compilationUnit; } c { unit };
    const auto *aotContext = &c;
    Q_UNUSED(aotContext);
    argTypes[0] = []() { static const auto t = QMetaType::fromName("QQuickItem*"); return t; }();
}, 
    [](const QQmlPrivate::AOTCompiledContext *aotContext, void **argv) {
Q_UNUSED(aotContext)
Q_UNUSED(argv)
// expression for fill at line 673, column 33
QObject *r2_0;
// generate_LoadQmlContextPropertyLookup
#ifndef QT_NO_DEBUG
aotContext->setInstructionPointer(5);
#endif
while (!aotContext->loadScopeObjectPropertyLookup(1340, &r2_0)) {
#ifdef QT_NO_DEBUG
aotContext->setInstructionPointer(5);
#endif
aotContext->initLoadScopeObjectPropertyLookup(1340, []() { static const auto t = QMetaType::fromName("QQuickItem*"); return t; }());
if (aotContext->engine->hasError()) {
aotContext->setReturnValueUndefined();
if (argv[0]) {
    *static_cast<QObject * *>(argv[0]) = nullptr;
}
return;
}
}
{
}
{
}
// generate_Ret
if (argv[0]) {
    *static_cast<QObject * *>(argv[0]) = r2_0;
}
return;
}
 },{ 298, 0, [](QV4::ExecutableCompilationUnit *unit, QMetaType *argTypes) {
    struct { QV4::ExecutableCompilationUnit *compilationUnit; } c { unit };
    const auto *aotContext = &c;
    Q_UNUSED(aotContext);
    argTypes[0] = []() { static const auto t = QMetaType::fromName("QColor"); return t; }();
}, 
    [](const QQmlPrivate::AOTCompiledContext *aotContext, void **argv) {
Q_UNUSED(aotContext)
Q_UNUSED(argv)
// expression for color at line 691, column 29
bool r2_1;
QObject *r2_0;
QVariant r2_2;
// generate_LoadQmlContextPropertyLookup
#ifndef QT_NO_DEBUG
aotContext->setInstructionPointer(5);
#endif
while (!aotContext->loadSingletonLookup(1345, &r2_0)) {
#ifdef QT_NO_DEBUG
aotContext->setInstructionPointer(5);
#endif
aotContext->initLoadSingletonLookup(1345, QQmlPrivate::AOTCompiledContext::InvalidStringId);
if (aotContext->engine->hasError()) {
aotContext->setReturnValueUndefined();
if (argv[0]) {
    const QMetaType returnType = []() { static const auto t = QMetaType::fromName("QColor"); return t; }();
    returnType.destruct(argv[0]);
    returnType.construct(argv[0]);
 }
return;
}
}
{
}
// generate_GetLookup
#ifndef QT_NO_DEBUG
aotContext->setInstructionPointer(10);
#endif
while (!aotContext->getObjectLookup(1346, r2_0, &r2_1)) {
#ifdef QT_NO_DEBUG
aotContext->setInstructionPointer(10);
#endif
aotContext->initGetObjectLookup(1346, r2_0, QMetaType::fromType<bool>());
if (aotContext->engine->hasError()) {
aotContext->setReturnValueUndefined();
if (argv[0]) {
    const QMetaType returnType = []() { static const auto t = QMetaType::fromName("QColor"); return t; }();
    returnType.destruct(argv[0]);
    returnType.construct(argv[0]);
 }
return;
}
}
{
}
// generate_JumpFalse
if (!r2_1) {
    goto label_0;
}
{
}
// generate_LoadRuntimeString
r2_2 = [&](){ auto arg = QStringLiteral("#202033"); return aotContext->constructValueType([]() { static const auto t = QMetaType::fromName("QColor"); return t; }(), []() { static const auto t = QMetaType::fromName("QQuickColorValueType"); return t; }().metaObject(), 1, &arg); }();
{
}
// generate_Jump
{
    goto label_1;
}
label_0:;
// generate_LoadRuntimeString
r2_2 = [&](){ auto arg = QStringLiteral("#F5F6FB"); return aotContext->constructValueType([]() { static const auto t = QMetaType::fromName("QColor"); return t; }(), []() { static const auto t = QMetaType::fromName("QQuickColorValueType"); return t; }().metaObject(), 1, &arg); }();
{
}
label_1:;
{
}
// generate_Ret
if (argv[0]) {
    if (!r2_2.isValid())
        aotContext->setReturnValueUndefined();
    const QMetaType returnType = r2_2.metaType();
    returnType.destruct(argv[0]);
    returnType.construct(argv[0], r2_2.data());
}
return;
}
 },{ 299, 0, [](QV4::ExecutableCompilationUnit *unit, QMetaType *argTypes) {
    struct { QV4::ExecutableCompilationUnit *compilationUnit; } c { unit };
    const auto *aotContext = &c;
    Q_UNUSED(aotContext);
    argTypes[0] = []() { static const auto t = QMetaType::fromName("QQuickItem*"); return t; }();
}, 
    [](const QQmlPrivate::AOTCompiledContext *aotContext, void **argv) {
Q_UNUSED(aotContext)
Q_UNUSED(argv)
// expression for fill at line 689, column 29
QObject *r2_0;
// generate_LoadQmlContextPropertyLookup
#ifndef QT_NO_DEBUG
aotContext->setInstructionPointer(5);
#endif
while (!aotContext->loadContextIdLookup(1347, &r2_0)) {
#ifdef QT_NO_DEBUG
aotContext->setInstructionPointer(5);
#endif
aotContext->initLoadContextIdLookup(1347);
if (aotContext->engine->hasError()) {
aotContext->setReturnValueUndefined();
if (argv[0]) {
    *static_cast<QObject * *>(argv[0]) = nullptr;
}
return;
}
}
{
}
{
}
// generate_Ret
if (argv[0]) {
    *static_cast<QObject * *>(argv[0]) = r2_0;
}
return;
}
 },{ 300, 0, [](QV4::ExecutableCompilationUnit *unit, QMetaType *argTypes) {
    struct { QV4::ExecutableCompilationUnit *compilationUnit; } c { unit };
    const auto *aotContext = &c;
    Q_UNUSED(aotContext);
    argTypes[0] = []() { static const auto t = QMetaType::fromName("QColor"); return t; }();
}, 
    [](const QQmlPrivate::AOTCompiledContext *aotContext, void **argv) {
Q_UNUSED(aotContext)
Q_UNUSED(argv)
// expression for color at line 692, column 29
QVariant r2_1;
QObject *r2_0;
// generate_LoadQmlContextPropertyLookup
#ifndef QT_NO_DEBUG
aotContext->setInstructionPointer(5);
#endif
while (!aotContext->loadSingletonLookup(1348, &r2_0)) {
#ifdef QT_NO_DEBUG
aotContext->setInstructionPointer(5);
#endif
aotContext->initLoadSingletonLookup(1348, QQmlPrivate::AOTCompiledContext::InvalidStringId);
if (aotContext->engine->hasError()) {
aotContext->setReturnValueUndefined();
if (argv[0]) {
    const QMetaType returnType = []() { static const auto t = QMetaType::fromName("QColor"); return t; }();
    returnType.destruct(argv[0]);
    returnType.construct(argv[0]);
 }
return;
}
}
{
}
// generate_GetLookup
#ifndef QT_NO_DEBUG
aotContext->setInstructionPointer(10);
#endif
r2_1 = QVariant(aotContext->lookupResultMetaType(1349));
while (!aotContext->getObjectLookup(1349, r2_0, r2_1.data())) {
#ifdef QT_NO_DEBUG
aotContext->setInstructionPointer(10);
#endif
aotContext->initGetObjectLookup(1349, r2_0, r2_1.metaType());
if (aotContext->engine->hasError()) {
aotContext->setReturnValueUndefined();
if (argv[0]) {
    const QMetaType returnType = []() { static const auto t = QMetaType::fromName("QColor"); return t; }();
    returnType.destruct(argv[0]);
    returnType.construct(argv[0]);
 }
return;
}
r2_1 = QVariant(aotContext->lookupResultMetaType(1349));
}
{
}
{
}
// generate_Ret
if (argv[0]) {
    if (!r2_1.isValid())
        aotContext->setReturnValueUndefined();
    const QMetaType returnType = r2_1.metaType();
    returnType.destruct(argv[0]);
    returnType.construct(argv[0], r2_1.data());
}
return;
}
 },{ 302, 0, [](QV4::ExecutableCompilationUnit *unit, QMetaType *argTypes) {
    struct { QV4::ExecutableCompilationUnit *compilationUnit; } c { unit };
    const auto *aotContext = &c;
    Q_UNUSED(aotContext);
    argTypes[0] = []() { static const auto t = QMetaType::fromName("QColor"); return t; }();
}, 
    [](const QQmlPrivate::AOTCompiledContext *aotContext, void **argv) {
Q_UNUSED(aotContext)
Q_UNUSED(argv)
// expression for color at line 697, column 33
QObject *r2_0;
QVariant r2_1;
// generate_LoadQmlContextPropertyLookup
#ifndef QT_NO_DEBUG
aotContext->setInstructionPointer(5);
#endif
while (!aotContext->loadSingletonLookup(1353, &r2_0)) {
#ifdef QT_NO_DEBUG
aotContext->setInstructionPointer(5);
#endif
aotContext->initLoadSingletonLookup(1353, QQmlPrivate::AOTCompiledContext::InvalidStringId);
if (aotContext->engine->hasError()) {
aotContext->setReturnValueUndefined();
if (argv[0]) {
    const QMetaType returnType = []() { static const auto t = QMetaType::fromName("QColor"); return t; }();
    returnType.destruct(argv[0]);
    returnType.construct(argv[0]);
 }
return;
}
}
{
}
// generate_GetLookup
#ifndef QT_NO_DEBUG
aotContext->setInstructionPointer(10);
#endif
r2_1 = QVariant(aotContext->lookupResultMetaType(1354));
while (!aotContext->getObjectLookup(1354, r2_0, r2_1.data())) {
#ifdef QT_NO_DEBUG
aotContext->setInstructionPointer(10);
#endif
aotContext->initGetObjectLookup(1354, r2_0, r2_1.metaType());
if (aotContext->engine->hasError()) {
aotContext->setReturnValueUndefined();
if (argv[0]) {
    const QMetaType returnType = []() { static const auto t = QMetaType::fromName("QColor"); return t; }();
    returnType.destruct(argv[0]);
    returnType.construct(argv[0]);
 }
return;
}
r2_1 = QVariant(aotContext->lookupResultMetaType(1354));
}
{
}
{
}
// generate_Ret
if (argv[0]) {
    if (!r2_1.isValid())
        aotContext->setReturnValueUndefined();
    const QMetaType returnType = r2_1.metaType();
    returnType.destruct(argv[0]);
    returnType.construct(argv[0], r2_1.data());
}
return;
}
 },{ 303, 0, [](QV4::ExecutableCompilationUnit *unit, QMetaType *argTypes) {
    struct { QV4::ExecutableCompilationUnit *compilationUnit; } c { unit };
    const auto *aotContext = &c;
    Q_UNUSED(aotContext);
    argTypes[0] = []() { static const auto t = QMetaType::fromName("QQuickItem*"); return t; }();
}, 
    [](const QQmlPrivate::AOTCompiledContext *aotContext, void **argv) {
Q_UNUSED(aotContext)
Q_UNUSED(argv)
// expression for centerIn at line 695, column 33
QObject *r2_0;
// generate_LoadQmlContextPropertyLookup
#ifndef QT_NO_DEBUG
aotContext->setInstructionPointer(5);
#endif
while (!aotContext->loadScopeObjectPropertyLookup(1355, &r2_0)) {
#ifdef QT_NO_DEBUG
aotContext->setInstructionPointer(5);
#endif
aotContext->initLoadScopeObjectPropertyLookup(1355, []() { static const auto t = QMetaType::fromName("QQuickItem*"); return t; }());
if (aotContext->engine->hasError()) {
aotContext->setReturnValueUndefined();
if (argv[0]) {
    *static_cast<QObject * *>(argv[0]) = nullptr;
}
return;
}
}
{
}
{
}
// generate_Ret
if (argv[0]) {
    *static_cast<QObject * *>(argv[0]) = r2_0;
}
return;
}
 },{ 310, 0, [](QV4::ExecutableCompilationUnit *unit, QMetaType *argTypes) {
    struct { QV4::ExecutableCompilationUnit *compilationUnit; } c { unit };
    const auto *aotContext = &c;
    Q_UNUSED(aotContext);
    argTypes[0] = QMetaType::fromType<bool>();
}, 
    [](const QQmlPrivate::AOTCompiledContext *aotContext, void **argv) {
Q_UNUSED(aotContext)
Q_UNUSED(argv)
// expression for visible at line 715, column 33
int r7_0;
QObject *r2_0;
int r2_1;
int r2_2;
bool r2_3;
// generate_LoadQmlContextPropertyLookup
#ifndef QT_NO_DEBUG
aotContext->setInstructionPointer(5);
#endif
while (!aotContext->loadContextIdLookup(1381, &r2_0)) {
#ifdef QT_NO_DEBUG
aotContext->setInstructionPointer(5);
#endif
aotContext->initLoadContextIdLookup(1381);
if (aotContext->engine->hasError()) {
aotContext->setReturnValueUndefined();
if (argv[0]) {
    *static_cast<bool *>(argv[0]) = bool();
}
return;
}
}
{
}
// generate_GetLookup
#ifndef QT_NO_DEBUG
aotContext->setInstructionPointer(10);
#endif
while (!aotContext->getObjectLookup(1382, r2_0, &r2_1)) {
#ifdef QT_NO_DEBUG
aotContext->setInstructionPointer(10);
#endif
aotContext->initGetObjectLookup(1382, r2_0, QMetaType::fromType<int>());
if (aotContext->engine->hasError()) {
aotContext->setReturnValueUndefined();
if (argv[0]) {
    *static_cast<bool *>(argv[0]) = bool();
}
return;
}
}
{
}
// generate_StoreReg
r7_0 = r2_1;
{
}
{
}
// generate_GetLookup
#ifndef QT_NO_DEBUG
aotContext->setInstructionPointer(22);
#endif
while (!aotContext->getEnumLookup(1384, &r2_2)) {
#ifdef QT_NO_DEBUG
aotContext->setInstructionPointer(22);
#endif
aotContext->initGetEnumLookup(1384, []() { static const auto t = QMetaType::fromName("QQuickImageBase*"); return t; }().metaObject(), "Status", "Ready");
if (aotContext->engine->hasError()) {
aotContext->setReturnValueUndefined();
if (argv[0]) {
    *static_cast<bool *>(argv[0]) = bool();
}
return;
}
}
{
}
// generate_CmpStrictEqual
r2_3 = r7_0 == r2_2;
{
}
{
}
// generate_Ret
if (argv[0]) {
    *static_cast<bool *>(argv[0]) = r2_3;
}
return;
}
 },{ 311, 0, [](QV4::ExecutableCompilationUnit *unit, QMetaType *argTypes) {
    struct { QV4::ExecutableCompilationUnit *compilationUnit; } c { unit };
    const auto *aotContext = &c;
    Q_UNUSED(aotContext);
    argTypes[0] = []() { static const auto t = QMetaType::fromName("QColor"); return t; }();
}, 
    [](const QQmlPrivate::AOTCompiledContext *aotContext, void **argv) {
Q_UNUSED(aotContext)
Q_UNUSED(argv)
// expression for color at line 713, column 33
QObject *r2_2;
QVariant r2_4;
QObject *r2_0;
QVariant r2_3;
bool r2_1;
// generate_LoadQmlContextPropertyLookup
#ifndef QT_NO_DEBUG
aotContext->setInstructionPointer(5);
#endif
while (!aotContext->loadContextIdLookup(1385, &r2_0)) {
#ifdef QT_NO_DEBUG
aotContext->setInstructionPointer(5);
#endif
aotContext->initLoadContextIdLookup(1385);
if (aotContext->engine->hasError()) {
aotContext->setReturnValueUndefined();
if (argv[0]) {
    const QMetaType returnType = []() { static const auto t = QMetaType::fromName("QColor"); return t; }();
    returnType.destruct(argv[0]);
    returnType.construct(argv[0]);
 }
return;
}
}
{
}
// generate_GetLookup
#ifndef QT_NO_DEBUG
aotContext->setInstructionPointer(10);
#endif
while (!aotContext->getObjectLookup(1386, r2_0, &r2_1)) {
#ifdef QT_NO_DEBUG
aotContext->setInstructionPointer(10);
#endif
aotContext->initGetObjectLookup(1386, r2_0, QMetaType::fromType<bool>());
if (aotContext->engine->hasError()) {
aotContext->setReturnValueUndefined();
if (argv[0]) {
    const QMetaType returnType = []() { static const auto t = QMetaType::fromName("QColor"); return t; }();
    returnType.destruct(argv[0]);
    returnType.construct(argv[0]);
 }
return;
}
}
{
}
// generate_JumpFalse
if (!r2_1) {
    goto label_0;
}
{
}
// generate_LoadQmlContextPropertyLookup
#ifndef QT_NO_DEBUG
aotContext->setInstructionPointer(17);
#endif
while (!aotContext->loadSingletonLookup(1387, &r2_2)) {
#ifdef QT_NO_DEBUG
aotContext->setInstructionPointer(17);
#endif
aotContext->initLoadSingletonLookup(1387, QQmlPrivate::AOTCompiledContext::InvalidStringId);
if (aotContext->engine->hasError()) {
aotContext->setReturnValueUndefined();
if (argv[0]) {
    const QMetaType returnType = []() { static const auto t = QMetaType::fromName("QColor"); return t; }();
    returnType.destruct(argv[0]);
    returnType.construct(argv[0]);
 }
return;
}
}
{
}
// generate_GetLookup
#ifndef QT_NO_DEBUG
aotContext->setInstructionPointer(22);
#endif
r2_3 = QVariant(aotContext->lookupResultMetaType(1388));
while (!aotContext->getObjectLookup(1388, r2_2, r2_3.data())) {
#ifdef QT_NO_DEBUG
aotContext->setInstructionPointer(22);
#endif
aotContext->initGetObjectLookup(1388, r2_2, r2_3.metaType());
if (aotContext->engine->hasError()) {
aotContext->setReturnValueUndefined();
if (argv[0]) {
    const QMetaType returnType = []() { static const auto t = QMetaType::fromName("QColor"); return t; }();
    returnType.destruct(argv[0]);
    returnType.construct(argv[0]);
 }
return;
}
r2_3 = QVariant(aotContext->lookupResultMetaType(1388));
}
{
}
// generate_Jump
{
r2_4 = r2_3;
    goto label_1;
}
label_0:;
// generate_LoadRuntimeString
r2_4 = [&](){ auto arg = QStringLiteral("transparent"); return aotContext->constructValueType([]() { static const auto t = QMetaType::fromName("QColor"); return t; }(), []() { static const auto t = QMetaType::fromName("QQuickColorValueType"); return t; }().metaObject(), 1, &arg); }();
{
}
label_1:;
{
}
// generate_Ret
if (argv[0]) {
    if (!r2_4.isValid())
        aotContext->setReturnValueUndefined();
    const QMetaType returnType = r2_4.metaType();
    returnType.destruct(argv[0]);
    returnType.construct(argv[0], r2_4.data());
}
return;
}
 },{ 312, 0, [](QV4::ExecutableCompilationUnit *unit, QMetaType *argTypes) {
    struct { QV4::ExecutableCompilationUnit *compilationUnit; } c { unit };
    const auto *aotContext = &c;
    Q_UNUSED(aotContext);
    argTypes[0] = QMetaType::fromType<double>();
}, 
    [](const QQmlPrivate::AOTCompiledContext *aotContext, void **argv) {
Q_UNUSED(aotContext)
Q_UNUSED(argv)
// expression for width at line 714, column 33
double r2_2;
bool r2_1;
QObject *r2_0;
// generate_LoadQmlContextPropertyLookup
#ifndef QT_NO_DEBUG
aotContext->setInstructionPointer(5);
#endif
while (!aotContext->loadContextIdLookup(1389, &r2_0)) {
#ifdef QT_NO_DEBUG
aotContext->setInstructionPointer(5);
#endif
aotContext->initLoadContextIdLookup(1389);
if (aotContext->engine->hasError()) {
aotContext->setReturnValueUndefined();
if (argv[0]) {
    *static_cast<double *>(argv[0]) = double();
}
return;
}
}
{
}
// generate_GetLookup
#ifndef QT_NO_DEBUG
aotContext->setInstructionPointer(10);
#endif
while (!aotContext->getObjectLookup(1390, r2_0, &r2_1)) {
#ifdef QT_NO_DEBUG
aotContext->setInstructionPointer(10);
#endif
aotContext->initGetObjectLookup(1390, r2_0, QMetaType::fromType<bool>());
if (aotContext->engine->hasError()) {
aotContext->setReturnValueUndefined();
if (argv[0]) {
    *static_cast<double *>(argv[0]) = double();
}
return;
}
}
{
}
// generate_JumpFalse
if (!r2_1) {
    goto label_0;
}
{
}
// generate_LoadInt
r2_2 = double(1);
{
}
// generate_Jump
{
    goto label_1;
}
label_0:;
// generate_LoadZero
r2_2 = double(0);
{
}
label_1:;
{
}
// generate_Ret
if (argv[0]) {
    *static_cast<double *>(argv[0]) = r2_2;
}
return;
}
 },{ 313, 0, [](QV4::ExecutableCompilationUnit *unit, QMetaType *argTypes) {
    struct { QV4::ExecutableCompilationUnit *compilationUnit; } c { unit };
    const auto *aotContext = &c;
    Q_UNUSED(aotContext);
    argTypes[0] = QMetaType::fromType<bool>();
}, 
    [](const QQmlPrivate::AOTCompiledContext *aotContext, void **argv) {
Q_UNUSED(aotContext)
Q_UNUSED(argv)
// expression for enabled at line 720, column 37
bool r2_1;
QObject *r2_0;
bool r2_2;
// generate_LoadQmlContextPropertyLookup
#ifndef QT_NO_DEBUG
aotContext->setInstructionPointer(5);
#endif
while (!aotContext->loadContextIdLookup(1391, &r2_0)) {
#ifdef QT_NO_DEBUG
aotContext->setInstructionPointer(5);
#endif
aotContext->initLoadContextIdLookup(1391);
if (aotContext->engine->hasError()) {
aotContext->setReturnValueUndefined();
if (argv[0]) {
    *static_cast<bool *>(argv[0]) = bool();
}
return;
}
}
{
}
// generate_GetLookup
#ifndef QT_NO_DEBUG
aotContext->setInstructionPointer(10);
#endif
while (!aotContext->getObjectLookup(1392, r2_0, &r2_1)) {
#ifdef QT_NO_DEBUG
aotContext->setInstructionPointer(10);
#endif
aotContext->initGetObjectLookup(1392, r2_0, QMetaType::fromType<bool>());
if (aotContext->engine->hasError()) {
aotContext->setReturnValueUndefined();
if (argv[0]) {
    *static_cast<bool *>(argv[0]) = bool();
}
return;
}
}
{
}
// generate_UNot
r2_2 = !r2_1;
{
}
{
}
// generate_Ret
if (argv[0]) {
    *static_cast<bool *>(argv[0]) = r2_2;
}
return;
}
 },{ 314, 0, [](QV4::ExecutableCompilationUnit *unit, QMetaType *argTypes) {
    struct { QV4::ExecutableCompilationUnit *compilationUnit; } c { unit };
    const auto *aotContext = &c;
    Q_UNUSED(aotContext);
    argTypes[0] = []() { static const auto t = QMetaType::fromName("Qt::CursorShape"); return t; }();
}, 
    [](const QQmlPrivate::AOTCompiledContext *aotContext, void **argv) {
Q_UNUSED(aotContext)
Q_UNUSED(argv)
// expression for cursorShape at line 722, column 37
int r2_2;
bool r2_1;
QObject *r2_0;
// generate_LoadQmlContextPropertyLookup
#ifndef QT_NO_DEBUG
aotContext->setInstructionPointer(5);
#endif
while (!aotContext->loadContextIdLookup(1393, &r2_0)) {
#ifdef QT_NO_DEBUG
aotContext->setInstructionPointer(5);
#endif
aotContext->initLoadContextIdLookup(1393);
if (aotContext->engine->hasError()) {
aotContext->setReturnValueUndefined();
if (argv[0]) {
    const QMetaType returnType = []() { static const auto t = QMetaType::fromName("Qt::CursorShape"); return t; }();
    returnType.destruct(argv[0]);
    returnType.construct(argv[0]);
 }
return;
}
}
{
}
// generate_GetLookup
#ifndef QT_NO_DEBUG
aotContext->setInstructionPointer(10);
#endif
while (!aotContext->getObjectLookup(1394, r2_0, &r2_1)) {
#ifdef QT_NO_DEBUG
aotContext->setInstructionPointer(10);
#endif
aotContext->initGetObjectLookup(1394, r2_0, QMetaType::fromType<bool>());
if (aotContext->engine->hasError()) {
aotContext->setReturnValueUndefined();
if (argv[0]) {
    const QMetaType returnType = []() { static const auto t = QMetaType::fromName("Qt::CursorShape"); return t; }();
    returnType.destruct(argv[0]);
    returnType.construct(argv[0]);
 }
return;
}
}
{
}
// generate_JumpFalse
if (!r2_1) {
    goto label_0;
}
{
}
{
}
// generate_GetLookup
#ifndef QT_NO_DEBUG
aotContext->setInstructionPointer(22);
#endif
while (!aotContext->getEnumLookup(1396, &r2_2)) {
#ifdef QT_NO_DEBUG
aotContext->setInstructionPointer(22);
#endif
aotContext->initGetEnumLookup(1396, []() { static const auto t = QMetaType::fromName("Qt"); return t; }().metaObject(), "CursorShape", "OpenHandCursor");
if (aotContext->engine->hasError()) {
aotContext->setReturnValueUndefined();
if (argv[0]) {
    const QMetaType returnType = []() { static const auto t = QMetaType::fromName("Qt::CursorShape"); return t; }();
    returnType.destruct(argv[0]);
    returnType.construct(argv[0]);
 }
return;
}
}
{
}
// generate_Jump
{
    goto label_1;
}
label_0:;
{
}
// generate_GetLookup
#ifndef QT_NO_DEBUG
aotContext->setInstructionPointer(34);
#endif
while (!aotContext->getEnumLookup(1398, &r2_2)) {
#ifdef QT_NO_DEBUG
aotContext->setInstructionPointer(34);
#endif
aotContext->initGetEnumLookup(1398, []() { static const auto t = QMetaType::fromName("Qt"); return t; }().metaObject(), "CursorShape", "PointingHandCursor");
if (aotContext->engine->hasError()) {
aotContext->setReturnValueUndefined();
if (argv[0]) {
    const QMetaType returnType = []() { static const auto t = QMetaType::fromName("Qt::CursorShape"); return t; }();
    returnType.destruct(argv[0]);
    returnType.construct(argv[0]);
 }
return;
}
}
{
}
label_1:;
{
}
// generate_Ret
if (argv[0]) {
    const QMetaType returnType = QMetaType::fromType<int>();
    returnType.destruct(argv[0]);
    returnType.construct(argv[0], &r2_2);
}
return;
}
 },{ 316, 0, [](QV4::ExecutableCompilationUnit *unit, QMetaType *argTypes) {
    struct { QV4::ExecutableCompilationUnit *compilationUnit; } c { unit };
    const auto *aotContext = &c;
    Q_UNUSED(aotContext);
    argTypes[0] = []() { static const auto t = QMetaType::fromName("QQuickItem*"); return t; }();
}, 
    [](const QQmlPrivate::AOTCompiledContext *aotContext, void **argv) {
Q_UNUSED(aotContext)
Q_UNUSED(argv)
// expression for fill at line 719, column 37
QObject *r2_0;
// generate_LoadQmlContextPropertyLookup
#ifndef QT_NO_DEBUG
aotContext->setInstructionPointer(5);
#endif
while (!aotContext->loadScopeObjectPropertyLookup(1407, &r2_0)) {
#ifdef QT_NO_DEBUG
aotContext->setInstructionPointer(5);
#endif
aotContext->initLoadScopeObjectPropertyLookup(1407, []() { static const auto t = QMetaType::fromName("QQuickItem*"); return t; }());
if (aotContext->engine->hasError()) {
aotContext->setReturnValueUndefined();
if (argv[0]) {
    *static_cast<QObject * *>(argv[0]) = nullptr;
}
return;
}
}
{
}
{
}
// generate_Ret
if (argv[0]) {
    *static_cast<QObject * *>(argv[0]) = r2_0;
}
return;
}
 },{ 325, 0, [](QV4::ExecutableCompilationUnit *unit, QMetaType *argTypes) {
    struct { QV4::ExecutableCompilationUnit *compilationUnit; } c { unit };
    const auto *aotContext = &c;
    Q_UNUSED(aotContext);
    argTypes[0] = QMetaType::fromType<bool>();
}, 
    [](const QQmlPrivate::AOTCompiledContext *aotContext, void **argv) {
Q_UNUSED(aotContext)
Q_UNUSED(argv)
// expression for visible at line 747, column 33
QObject *r2_0;
int r2_2;
int r7_0;
int r2_1;
bool r2_3;
// generate_LoadQmlContextPropertyLookup
#ifndef QT_NO_DEBUG
aotContext->setInstructionPointer(5);
#endif
while (!aotContext->loadContextIdLookup(1444, &r2_0)) {
#ifdef QT_NO_DEBUG
aotContext->setInstructionPointer(5);
#endif
aotContext->initLoadContextIdLookup(1444);
if (aotContext->engine->hasError()) {
aotContext->setReturnValueUndefined();
if (argv[0]) {
    *static_cast<bool *>(argv[0]) = bool();
}
return;
}
}
{
}
// generate_GetLookup
#ifndef QT_NO_DEBUG
aotContext->setInstructionPointer(10);
#endif
while (!aotContext->getObjectLookup(1445, r2_0, &r2_1)) {
#ifdef QT_NO_DEBUG
aotContext->setInstructionPointer(10);
#endif
aotContext->initGetObjectLookup(1445, r2_0, QMetaType::fromType<int>());
if (aotContext->engine->hasError()) {
aotContext->setReturnValueUndefined();
if (argv[0]) {
    *static_cast<bool *>(argv[0]) = bool();
}
return;
}
}
{
}
// generate_StoreReg
r7_0 = r2_1;
{
}
{
}
// generate_GetLookup
#ifndef QT_NO_DEBUG
aotContext->setInstructionPointer(22);
#endif
while (!aotContext->getEnumLookup(1447, &r2_2)) {
#ifdef QT_NO_DEBUG
aotContext->setInstructionPointer(22);
#endif
aotContext->initGetEnumLookup(1447, []() { static const auto t = QMetaType::fromName("QQuickImageBase*"); return t; }().metaObject(), "Status", "Ready");
if (aotContext->engine->hasError()) {
aotContext->setReturnValueUndefined();
if (argv[0]) {
    *static_cast<bool *>(argv[0]) = bool();
}
return;
}
}
{
}
// generate_CmpStrictEqual
r2_3 = r7_0 == r2_2;
{
}
{
}
// generate_Ret
if (argv[0]) {
    *static_cast<bool *>(argv[0]) = r2_3;
}
return;
}
 },{ 330, 0, [](QV4::ExecutableCompilationUnit *unit, QMetaType *argTypes) {
    struct { QV4::ExecutableCompilationUnit *compilationUnit; } c { unit };
    const auto *aotContext = &c;
    Q_UNUSED(aotContext);
    argTypes[0] = QMetaType::fromType<int>();
}, 
    [](const QQmlPrivate::AOTCompiledContext *aotContext, void **argv) {
Q_UNUSED(aotContext)
Q_UNUSED(argv)
// expression for loops at line 752, column 37
int r2_0;
{
}
// generate_GetLookup
#ifndef QT_NO_DEBUG
aotContext->setInstructionPointer(10);
#endif
while (!aotContext->getEnumLookup(1461, &r2_0)) {
#ifdef QT_NO_DEBUG
aotContext->setInstructionPointer(10);
#endif
aotContext->initGetEnumLookup(1461, []() { static const auto t = QMetaType::fromName("QQuickAbstractAnimation*"); return t; }().metaObject(), "Loops", "Infinite");
if (aotContext->engine->hasError()) {
aotContext->setReturnValueUndefined();
if (argv[0]) {
    *static_cast<int *>(argv[0]) = int();
}
return;
}
}
{
}
{
}
// generate_Ret
if (argv[0]) {
    *static_cast<int *>(argv[0]) = r2_0;
}
return;
}
 },{ 331, 0, [](QV4::ExecutableCompilationUnit *unit, QMetaType *argTypes) {
    struct { QV4::ExecutableCompilationUnit *compilationUnit; } c { unit };
    const auto *aotContext = &c;
    Q_UNUSED(aotContext);
    argTypes[0] = []() { static const auto t = QMetaType::fromName("QQmlEasingEnums::Type"); return t; }();
}, 
    [](const QQmlPrivate::AOTCompiledContext *aotContext, void **argv) {
Q_UNUSED(aotContext)
Q_UNUSED(argv)
// expression for type at line 753, column 91
int r2_0;
{
}
// generate_GetLookup
#ifndef QT_NO_DEBUG
aotContext->setInstructionPointer(10);
#endif
while (!aotContext->getEnumLookup(1463, &r2_0)) {
#ifdef QT_NO_DEBUG
aotContext->setInstructionPointer(10);
#endif
aotContext->initGetEnumLookup(1463, []() { static const auto t = QMetaType::fromName("QQmlEasingEnums"); return t; }().metaObject(), "Type", "InOutQuad");
if (aotContext->engine->hasError()) {
aotContext->setReturnValueUndefined();
if (argv[0]) {
    const QMetaType returnType = []() { static const auto t = QMetaType::fromName("QQmlEasingEnums::Type"); return t; }();
    returnType.destruct(argv[0]);
    returnType.construct(argv[0]);
 }
return;
}
}
{
}
{
}
// generate_Ret
if (argv[0]) {
    const QMetaType returnType = QMetaType::fromType<int>();
    returnType.destruct(argv[0]);
    returnType.construct(argv[0], &r2_0);
}
return;
}
 },{ 332, 0, [](QV4::ExecutableCompilationUnit *unit, QMetaType *argTypes) {
    struct { QV4::ExecutableCompilationUnit *compilationUnit; } c { unit };
    const auto *aotContext = &c;
    Q_UNUSED(aotContext);
    argTypes[0] = []() { static const auto t = QMetaType::fromName("QQmlEasingEnums::Type"); return t; }();
}, 
    [](const QQmlPrivate::AOTCompiledContext *aotContext, void **argv) {
Q_UNUSED(aotContext)
Q_UNUSED(argv)
// expression for type at line 754, column 91
int r2_0;
{
}
// generate_GetLookup
#ifndef QT_NO_DEBUG
aotContext->setInstructionPointer(10);
#endif
while (!aotContext->getEnumLookup(1465, &r2_0)) {
#ifdef QT_NO_DEBUG
aotContext->setInstructionPointer(10);
#endif
aotContext->initGetEnumLookup(1465, []() { static const auto t = QMetaType::fromName("QQmlEasingEnums"); return t; }().metaObject(), "Type", "InOutQuad");
if (aotContext->engine->hasError()) {
aotContext->setReturnValueUndefined();
if (argv[0]) {
    const QMetaType returnType = []() { static const auto t = QMetaType::fromName("QQmlEasingEnums::Type"); return t; }();
    returnType.destruct(argv[0]);
    returnType.construct(argv[0]);
 }
return;
}
}
{
}
{
}
// generate_Ret
if (argv[0]) {
    const QMetaType returnType = QMetaType::fromType<int>();
    returnType.destruct(argv[0]);
    returnType.construct(argv[0], &r2_0);
}
return;
}
 },{ 333, 0, [](QV4::ExecutableCompilationUnit *unit, QMetaType *argTypes) {
    struct { QV4::ExecutableCompilationUnit *compilationUnit; } c { unit };
    const auto *aotContext = &c;
    Q_UNUSED(aotContext);
    argTypes[0] = QMetaType::fromType<int>();
}, 
    [](const QQmlPrivate::AOTCompiledContext *aotContext, void **argv) {
Q_UNUSED(aotContext)
Q_UNUSED(argv)
// expression for cacheBuffer at line 774, column 9
double r2_0;
int r2_2;
double r2_1;
double r11_0;
double r12_0;
double r10_0;
{
}
{
}
// generate_MoveConst
r10_0 = double(0);
{
}
// generate_LoadQmlContextPropertyLookup
#ifndef QT_NO_DEBUG
aotContext->setInstructionPointer(15);
#endif
while (!aotContext->loadScopeObjectPropertyLookup(1467, &r2_0)) {
#ifdef QT_NO_DEBUG
aotContext->setInstructionPointer(15);
#endif
aotContext->initLoadScopeObjectPropertyLookup(1467, QMetaType::fromType<double>());
if (aotContext->engine->hasError()) {
aotContext->setReturnValueUndefined();
if (argv[0]) {
    *static_cast<int *>(argv[0]) = int();
}
return;
}
}
{
}
// generate_StoreReg
r12_0 = r2_0;
{
}
// generate_LoadInt
r2_1 = double(2);
{
}
// generate_Mul
r2_1 = (r12_0 * r2_1);
{
}
// generate_StoreReg
r11_0 = r2_1;
{
}
// generate_CallPropertyLookup
{
double retrieved;
{
const double arg1 = r10_0;
const double arg2 = r11_0;
retrieved = [&]() { 
auto  tmpMax = (qIsNull(arg2) && qIsNull(arg1) && std::copysign(1.0, arg2) == 1) ? arg2 : ((arg2 > arg1 || std::isnan(arg2)) ? arg2 : arg1);
return tmpMax;
}();
}
r2_2 = QJSNumberCoercion::toInteger(std::move(retrieved));
}
{
}
{
}
// generate_Ret
if (argv[0]) {
    *static_cast<int *>(argv[0]) = r2_2;
}
return;
}
 },{ 334, 0, [](QV4::ExecutableCompilationUnit *unit, QMetaType *argTypes) {
    struct { QV4::ExecutableCompilationUnit *compilationUnit; } c { unit };
    const auto *aotContext = &c;
    Q_UNUSED(aotContext);
    argTypes[0] = QMetaType::fromType<double>();
}, 
    [](const QQmlPrivate::AOTCompiledContext *aotContext, void **argv) {
Q_UNUSED(aotContext)
Q_UNUSED(argv)
// expression for spacing at line 779, column 9
double r2_3;
double r12_0;
double r2_6;
double r11_0;
QObject *r2_2;
QObject *r7_0;
QObject *r2_0;
double r2_5;
bool r2_1;
QObject *r2_4;
double r10_0;
// generate_LoadQmlContextPropertyLookup
#ifndef QT_NO_DEBUG
aotContext->setInstructionPointer(5);
#endif
while (!aotContext->loadContextIdLookup(1469, &r2_0)) {
#ifdef QT_NO_DEBUG
aotContext->setInstructionPointer(5);
#endif
aotContext->initLoadContextIdLookup(1469);
if (aotContext->engine->hasError()) {
aotContext->setReturnValueUndefined();
if (argv[0]) {
    *static_cast<double *>(argv[0]) = double();
}
return;
}
}
{
}
// generate_StoreReg
r7_0 = r2_0;
{
}
// generate_CallPropertyLookup
{
QVariant retrieved;
{
QVariant callResult;
void *args[] = { &callResult };
const QMetaType types[] = { QMetaType::fromType<QVariant>() };
#ifndef QT_NO_DEBUG
aotContext->setInstructionPointer(24);
#endif
while (!aotContext->callObjectPropertyLookup(1470, r7_0, args, types, 0)) {
#ifdef QT_NO_DEBUG
aotContext->setInstructionPointer(24);
#endif
aotContext->initCallObjectPropertyLookup(1470);
if (aotContext->engine->hasError()) {
aotContext->setReturnValueUndefined();
if (argv[0]) {
    *static_cast<double *>(argv[0]) = double();
}
return;
}
}
retrieved = std::move(callResult);
}
r2_1 = aotContext->engine->fromVariant<bool>(std::move(retrieved));
}
{
}
// generate_JumpFalse
if (!r2_1) {
    goto label_0;
}
{
}
// generate_LoadQmlContextPropertyLookup
#ifndef QT_NO_DEBUG
aotContext->setInstructionPointer(31);
#endif
while (!aotContext->loadContextIdLookup(1471, &r2_2)) {
#ifdef QT_NO_DEBUG
aotContext->setInstructionPointer(31);
#endif
aotContext->initLoadContextIdLookup(1471);
if (aotContext->engine->hasError()) {
aotContext->setReturnValueUndefined();
if (argv[0]) {
    *static_cast<double *>(argv[0]) = double();
}
return;
}
}
{
}
// generate_GetLookup
#ifndef QT_NO_DEBUG
aotContext->setInstructionPointer(36);
#endif
while (!aotContext->getObjectLookup(1472, r2_2, &r2_3)) {
#ifdef QT_NO_DEBUG
aotContext->setInstructionPointer(36);
#endif
aotContext->initGetObjectLookup(1472, r2_2, QMetaType::fromType<double>());
if (aotContext->engine->hasError()) {
aotContext->setReturnValueUndefined();
if (argv[0]) {
    *static_cast<double *>(argv[0]) = double();
}
return;
}
}
{
}
// generate_Jump
{
r2_6 = r2_3;
    goto label_1;
}
label_0:;
{
}
{
}
// generate_MoveConst
r10_0 = double(24);
{
}
// generate_LoadQmlContextPropertyLookup
#ifndef QT_NO_DEBUG
aotContext->setInstructionPointer(53);
#endif
while (!aotContext->loadContextIdLookup(1474, &r2_4)) {
#ifdef QT_NO_DEBUG
aotContext->setInstructionPointer(53);
#endif
aotContext->initLoadContextIdLookup(1474);
if (aotContext->engine->hasError()) {
aotContext->setReturnValueUndefined();
if (argv[0]) {
    *static_cast<double *>(argv[0]) = double();
}
return;
}
}
{
}
// generate_GetLookup
#ifndef QT_NO_DEBUG
aotContext->setInstructionPointer(58);
#endif
while (!aotContext->getObjectLookup(1475, r2_4, &r2_5)) {
#ifdef QT_NO_DEBUG
aotContext->setInstructionPointer(58);
#endif
aotContext->initGetObjectLookup(1475, r2_4, QMetaType::fromType<double>());
if (aotContext->engine->hasError()) {
aotContext->setReturnValueUndefined();
if (argv[0]) {
    *static_cast<double *>(argv[0]) = double();
}
return;
}
}
{
}
// generate_StoreReg
r12_0 = r2_5;
{
}
// generate_LoadInt
r2_6 = double(10);
{
}
// generate_Add
r2_6 = (r12_0 + r2_6);
{
}
// generate_StoreReg
r11_0 = r2_6;
{
}
// generate_CallPropertyLookup
{
const double arg1 = r10_0;
const double arg2 = r11_0;
r2_6 = [&]() { 
auto  tmpMax = (qIsNull(arg2) && qIsNull(arg1) && std::copysign(1.0, arg2) == 1) ? arg2 : ((arg2 > arg1 || std::isnan(arg2)) ? arg2 : arg1);
return tmpMax;
}();
}
{
}
label_1:;
{
}
// generate_Ret
if (argv[0]) {
    *static_cast<double *>(argv[0]) = r2_6;
}
return;
}
 },{ 335, 0, [](QV4::ExecutableCompilationUnit *unit, QMetaType *argTypes) {
    struct { QV4::ExecutableCompilationUnit *compilationUnit; } c { unit };
    const auto *aotContext = &c;
    Q_UNUSED(aotContext);
    argTypes[0] = []() { static const auto t = QMetaType::fromName("QQuickFlickable::BoundsBehavior"); return t; }();
}, 
    [](const QQmlPrivate::AOTCompiledContext *aotContext, void **argv) {
Q_UNUSED(aotContext)
Q_UNUSED(argv)
// expression for boundsBehavior at line 780, column 9
int r2_0;
{
}
// generate_GetLookup
#ifndef QT_NO_DEBUG
aotContext->setInstructionPointer(10);
#endif
while (!aotContext->getEnumLookup(1478, &r2_0)) {
#ifdef QT_NO_DEBUG
aotContext->setInstructionPointer(10);
#endif
aotContext->initGetEnumLookup(1478, []() { static const auto t = QMetaType::fromName("QQuickFlickable*"); return t; }().metaObject(), "BoundsBehaviorFlag", "StopAtBounds");
if (aotContext->engine->hasError()) {
aotContext->setReturnValueUndefined();
if (argv[0]) {
    const QMetaType returnType = []() { static const auto t = QMetaType::fromName("QQuickFlickable::BoundsBehavior"); return t; }();
    returnType.destruct(argv[0]);
    returnType.construct(argv[0]);
 }
return;
}
}
{
}
{
}
// generate_Ret
if (argv[0]) {
    const QMetaType returnType = QMetaType::fromType<int>();
    returnType.destruct(argv[0]);
    returnType.construct(argv[0], &r2_0);
}
return;
}
 },{ 336, 0, [](QV4::ExecutableCompilationUnit *unit, QMetaType *argTypes) {
    struct { QV4::ExecutableCompilationUnit *compilationUnit; } c { unit };
    const auto *aotContext = &c;
    Q_UNUSED(aotContext);
    argTypes[0] = QMetaType::fromType<QVariant>();
}, 
    [](const QQmlPrivate::AOTCompiledContext *aotContext, void **argv) {
Q_UNUSED(aotContext)
Q_UNUSED(argv)
// expression for model at line 781, column 9
QVariant r2_1;
QObject *r2_0;
// generate_LoadQmlContextPropertyLookup
#ifndef QT_NO_DEBUG
aotContext->setInstructionPointer(5);
#endif
while (!aotContext->loadContextIdLookup(1479, &r2_0)) {
#ifdef QT_NO_DEBUG
aotContext->setInstructionPointer(5);
#endif
aotContext->initLoadContextIdLookup(1479);
if (aotContext->engine->hasError()) {
aotContext->setReturnValueUndefined();
if (argv[0]) {
    *static_cast<QVariant *>(argv[0]) = QVariant();
}
return;
}
}
{
}
// generate_GetLookup
#ifndef QT_NO_DEBUG
aotContext->setInstructionPointer(10);
#endif
while (!aotContext->getObjectLookup(1480, r2_0, &r2_1)) {
#ifdef QT_NO_DEBUG
aotContext->setInstructionPointer(10);
#endif
aotContext->initGetObjectLookup(1480, r2_0, QMetaType::fromType<QVariant>());
if (aotContext->engine->hasError()) {
aotContext->setReturnValueUndefined();
if (argv[0]) {
    *static_cast<QVariant *>(argv[0]) = QVariant();
}
return;
}
}
{
}
{
}
// generate_Ret
if (argv[0]) {
    if (!r2_1.isValid())
        aotContext->setReturnValueUndefined();
    *static_cast<QVariant *>(argv[0]) = std::move(r2_1);
}
return;
}
 },{ 337, 0, [](QV4::ExecutableCompilationUnit *unit, QMetaType *argTypes) {
    struct { QV4::ExecutableCompilationUnit *compilationUnit; } c { unit };
    const auto *aotContext = &c;
    Q_UNUSED(aotContext);
    argTypes[0] = []() { static const auto t = QMetaType::fromName("QQmlComponent*"); return t; }();
}, 
    [](const QQmlPrivate::AOTCompiledContext *aotContext, void **argv) {
Q_UNUSED(aotContext)
Q_UNUSED(argv)
// expression for delegate at line 782, column 9
QObject *r2_0;
// generate_LoadQmlContextPropertyLookup
#ifndef QT_NO_DEBUG
aotContext->setInstructionPointer(5);
#endif
while (!aotContext->loadContextIdLookup(1481, &r2_0)) {
#ifdef QT_NO_DEBUG
aotContext->setInstructionPointer(5);
#endif
aotContext->initLoadContextIdLookup(1481);
if (aotContext->engine->hasError()) {
aotContext->setReturnValueUndefined();
if (argv[0]) {
    *static_cast<QQmlComponent * *>(argv[0]) = nullptr;
}
return;
}
}
{
}
{
}
// generate_Ret
if (argv[0]) {
    *static_cast<QQmlComponent * *>(argv[0]) = static_cast<QQmlComponent *>(r2_0);
}
return;
}
 },{ 338, 0, [](QV4::ExecutableCompilationUnit *unit, QMetaType *argTypes) {
    struct { QV4::ExecutableCompilationUnit *compilationUnit; } c { unit };
    const auto *aotContext = &c;
    Q_UNUSED(aotContext);
    argTypes[0] = QMetaType();
}, 
    [](const QQmlPrivate::AOTCompiledContext *aotContext, void **argv) {
Q_UNUSED(aotContext)
Q_UNUSED(argv)
// expression for onContentYChanged at line 783, column 9
QObject *r2_0;
QObject *r7_0;
QObject *r2_1;
QObject *r7_1;
// generate_CreateCallContext
{
{
}
// generate_LoadQmlContextPropertyLookup
#ifndef QT_NO_DEBUG
aotContext->setInstructionPointer(6);
#endif
while (!aotContext->loadContextIdLookup(1482, &r2_0)) {
#ifdef QT_NO_DEBUG
aotContext->setInstructionPointer(6);
#endif
aotContext->initLoadContextIdLookup(1482);
if (aotContext->engine->hasError()) {
aotContext->setReturnValueUndefined();
return;
}
}
{
}
// generate_StoreReg
r7_0 = r2_0;
{
}
// generate_CallPropertyLookup
{
void *args[] = { nullptr };
const QMetaType types[] = { QMetaType() };
#ifndef QT_NO_DEBUG
aotContext->setInstructionPointer(25);
#endif
while (!aotContext->callObjectPropertyLookup(1483, r7_0, args, types, 0)) {
#ifdef QT_NO_DEBUG
aotContext->setInstructionPointer(25);
#endif
aotContext->initCallObjectPropertyLookup(1483);
if (aotContext->engine->hasError()) {
aotContext->setReturnValueUndefined();
return;
}
}
}
{
}
// generate_LoadQmlContextPropertyLookup
#ifndef QT_NO_DEBUG
aotContext->setInstructionPointer(30);
#endif
while (!aotContext->loadContextIdLookup(1484, &r2_1)) {
#ifdef QT_NO_DEBUG
aotContext->setInstructionPointer(30);
#endif
aotContext->initLoadContextIdLookup(1484);
if (aotContext->engine->hasError()) {
aotContext->setReturnValueUndefined();
return;
}
}
{
}
// generate_StoreReg
r7_1 = r2_1;
{
}
// generate_CallPropertyLookup
{
void *args[] = { nullptr };
const QMetaType types[] = { QMetaType() };
#ifndef QT_NO_DEBUG
aotContext->setInstructionPointer(49);
#endif
while (!aotContext->callObjectPropertyLookup(1485, r7_1, args, types, 0)) {
#ifdef QT_NO_DEBUG
aotContext->setInstructionPointer(49);
#endif
aotContext->initCallObjectPropertyLookup(1485);
if (aotContext->engine->hasError()) {
aotContext->setReturnValueUndefined();
return;
}
}
}
{
}
{
}
// generate_PopContext
{}
}
{
}
{
}
// generate_Ret
return;
}
 },{ 342, 0, [](QV4::ExecutableCompilationUnit *unit, QMetaType *argTypes) {
    struct { QV4::ExecutableCompilationUnit *compilationUnit; } c { unit };
    const auto *aotContext = &c;
    Q_UNUSED(aotContext);
    argTypes[0] = []() { static const auto t = QMetaType::fromName("QQuickAnchorLine"); return t; }();
}, 
    [](const QQmlPrivate::AOTCompiledContext *aotContext, void **argv) {
Q_UNUSED(aotContext)
Q_UNUSED(argv)
// expression for top at line 767, column 13
QObject *r2_0;
QVariant r2_1;
// generate_LoadQmlContextPropertyLookup
#ifndef QT_NO_DEBUG
aotContext->setInstructionPointer(5);
#endif
while (!aotContext->loadScopeObjectPropertyLookup(1508, &r2_0)) {
#ifdef QT_NO_DEBUG
aotContext->setInstructionPointer(5);
#endif
aotContext->initLoadScopeObjectPropertyLookup(1508, []() { static const auto t = QMetaType::fromName("QQuickItem*"); return t; }());
if (aotContext->engine->hasError()) {
aotContext->setReturnValueUndefined();
if (argv[0]) {
    const QMetaType returnType = []() { static const auto t = QMetaType::fromName("QQuickAnchorLine"); return t; }();
    returnType.destruct(argv[0]);
    returnType.construct(argv[0]);
 }
return;
}
}
{
}
// generate_GetLookup
#ifndef QT_NO_DEBUG
aotContext->setInstructionPointer(10);
#endif
r2_1 = QVariant(aotContext->lookupResultMetaType(1509));
while (!aotContext->getObjectLookup(1509, r2_0, r2_1.data())) {
#ifdef QT_NO_DEBUG
aotContext->setInstructionPointer(10);
#endif
aotContext->initGetObjectLookup(1509, r2_0, r2_1.metaType());
if (aotContext->engine->hasError()) {
aotContext->setReturnValueUndefined();
if (argv[0]) {
    const QMetaType returnType = []() { static const auto t = QMetaType::fromName("QQuickAnchorLine"); return t; }();
    returnType.destruct(argv[0]);
    returnType.construct(argv[0]);
 }
return;
}
r2_1 = QVariant(aotContext->lookupResultMetaType(1509));
}
{
}
{
}
// generate_Ret
if (argv[0]) {
    if (!r2_1.isValid())
        aotContext->setReturnValueUndefined();
    const QMetaType returnType = r2_1.metaType();
    returnType.destruct(argv[0]);
    returnType.construct(argv[0], r2_1.data());
}
return;
}
 },{ 343, 0, [](QV4::ExecutableCompilationUnit *unit, QMetaType *argTypes) {
    struct { QV4::ExecutableCompilationUnit *compilationUnit; } c { unit };
    const auto *aotContext = &c;
    Q_UNUSED(aotContext);
    argTypes[0] = []() { static const auto t = QMetaType::fromName("QQuickAnchorLine"); return t; }();
}, 
    [](const QQmlPrivate::AOTCompiledContext *aotContext, void **argv) {
Q_UNUSED(aotContext)
Q_UNUSED(argv)
// expression for bottom at line 768, column 13
QVariant r2_1;
QObject *r2_0;
// generate_LoadQmlContextPropertyLookup
#ifndef QT_NO_DEBUG
aotContext->setInstructionPointer(5);
#endif
while (!aotContext->loadScopeObjectPropertyLookup(1510, &r2_0)) {
#ifdef QT_NO_DEBUG
aotContext->setInstructionPointer(5);
#endif
aotContext->initLoadScopeObjectPropertyLookup(1510, []() { static const auto t = QMetaType::fromName("QQuickItem*"); return t; }());
if (aotContext->engine->hasError()) {
aotContext->setReturnValueUndefined();
if (argv[0]) {
    const QMetaType returnType = []() { static const auto t = QMetaType::fromName("QQuickAnchorLine"); return t; }();
    returnType.destruct(argv[0]);
    returnType.construct(argv[0]);
 }
return;
}
}
{
}
// generate_GetLookup
#ifndef QT_NO_DEBUG
aotContext->setInstructionPointer(10);
#endif
r2_1 = QVariant(aotContext->lookupResultMetaType(1511));
while (!aotContext->getObjectLookup(1511, r2_0, r2_1.data())) {
#ifdef QT_NO_DEBUG
aotContext->setInstructionPointer(10);
#endif
aotContext->initGetObjectLookup(1511, r2_0, r2_1.metaType());
if (aotContext->engine->hasError()) {
aotContext->setReturnValueUndefined();
if (argv[0]) {
    const QMetaType returnType = []() { static const auto t = QMetaType::fromName("QQuickAnchorLine"); return t; }();
    returnType.destruct(argv[0]);
    returnType.construct(argv[0]);
 }
return;
}
r2_1 = QVariant(aotContext->lookupResultMetaType(1511));
}
{
}
{
}
// generate_Ret
if (argv[0]) {
    if (!r2_1.isValid())
        aotContext->setReturnValueUndefined();
    const QMetaType returnType = r2_1.metaType();
    returnType.destruct(argv[0]);
    returnType.construct(argv[0], r2_1.data());
}
return;
}
 },{ 344, 0, [](QV4::ExecutableCompilationUnit *unit, QMetaType *argTypes) {
    struct { QV4::ExecutableCompilationUnit *compilationUnit; } c { unit };
    const auto *aotContext = &c;
    Q_UNUSED(aotContext);
    argTypes[0] = []() { static const auto t = QMetaType::fromName("QQuickAnchorLine"); return t; }();
}, 
    [](const QQmlPrivate::AOTCompiledContext *aotContext, void **argv) {
Q_UNUSED(aotContext)
Q_UNUSED(argv)
// expression for left at line 769, column 13
QObject *r2_0;
QVariant r2_1;
// generate_LoadQmlContextPropertyLookup
#ifndef QT_NO_DEBUG
aotContext->setInstructionPointer(5);
#endif
while (!aotContext->loadContextIdLookup(1512, &r2_0)) {
#ifdef QT_NO_DEBUG
aotContext->setInstructionPointer(5);
#endif
aotContext->initLoadContextIdLookup(1512);
if (aotContext->engine->hasError()) {
aotContext->setReturnValueUndefined();
if (argv[0]) {
    const QMetaType returnType = []() { static const auto t = QMetaType::fromName("QQuickAnchorLine"); return t; }();
    returnType.destruct(argv[0]);
    returnType.construct(argv[0]);
 }
return;
}
}
{
}
// generate_GetLookup
#ifndef QT_NO_DEBUG
aotContext->setInstructionPointer(10);
#endif
r2_1 = QVariant(aotContext->lookupResultMetaType(1513));
while (!aotContext->getObjectLookup(1513, r2_0, r2_1.data())) {
#ifdef QT_NO_DEBUG
aotContext->setInstructionPointer(10);
#endif
aotContext->initGetObjectLookup(1513, r2_0, r2_1.metaType());
if (aotContext->engine->hasError()) {
aotContext->setReturnValueUndefined();
if (argv[0]) {
    const QMetaType returnType = []() { static const auto t = QMetaType::fromName("QQuickAnchorLine"); return t; }();
    returnType.destruct(argv[0]);
    returnType.construct(argv[0]);
 }
return;
}
r2_1 = QVariant(aotContext->lookupResultMetaType(1513));
}
{
}
{
}
// generate_Ret
if (argv[0]) {
    if (!r2_1.isValid())
        aotContext->setReturnValueUndefined();
    const QMetaType returnType = r2_1.metaType();
    returnType.destruct(argv[0]);
    returnType.construct(argv[0], r2_1.data());
}
return;
}
 },{ 345, 0, [](QV4::ExecutableCompilationUnit *unit, QMetaType *argTypes) {
    struct { QV4::ExecutableCompilationUnit *compilationUnit; } c { unit };
    const auto *aotContext = &c;
    Q_UNUSED(aotContext);
    argTypes[0] = []() { static const auto t = QMetaType::fromName("QQuickAnchorLine"); return t; }();
}, 
    [](const QQmlPrivate::AOTCompiledContext *aotContext, void **argv) {
Q_UNUSED(aotContext)
Q_UNUSED(argv)
// expression for right at line 770, column 13
QVariant r2_1;
QObject *r2_0;
// generate_LoadQmlContextPropertyLookup
#ifndef QT_NO_DEBUG
aotContext->setInstructionPointer(5);
#endif
while (!aotContext->loadScopeObjectPropertyLookup(1514, &r2_0)) {
#ifdef QT_NO_DEBUG
aotContext->setInstructionPointer(5);
#endif
aotContext->initLoadScopeObjectPropertyLookup(1514, []() { static const auto t = QMetaType::fromName("QQuickItem*"); return t; }());
if (aotContext->engine->hasError()) {
aotContext->setReturnValueUndefined();
if (argv[0]) {
    const QMetaType returnType = []() { static const auto t = QMetaType::fromName("QQuickAnchorLine"); return t; }();
    returnType.destruct(argv[0]);
    returnType.construct(argv[0]);
 }
return;
}
}
{
}
// generate_GetLookup
#ifndef QT_NO_DEBUG
aotContext->setInstructionPointer(10);
#endif
r2_1 = QVariant(aotContext->lookupResultMetaType(1515));
while (!aotContext->getObjectLookup(1515, r2_0, r2_1.data())) {
#ifdef QT_NO_DEBUG
aotContext->setInstructionPointer(10);
#endif
aotContext->initGetObjectLookup(1515, r2_0, r2_1.metaType());
if (aotContext->engine->hasError()) {
aotContext->setReturnValueUndefined();
if (argv[0]) {
    const QMetaType returnType = []() { static const auto t = QMetaType::fromName("QQuickAnchorLine"); return t; }();
    returnType.destruct(argv[0]);
    returnType.construct(argv[0]);
 }
return;
}
r2_1 = QVariant(aotContext->lookupResultMetaType(1515));
}
{
}
{
}
// generate_Ret
if (argv[0]) {
    if (!r2_1.isValid())
        aotContext->setReturnValueUndefined();
    const QMetaType returnType = r2_1.metaType();
    returnType.destruct(argv[0]);
    returnType.construct(argv[0], r2_1.data());
}
return;
}
 },{ 346, 0, [](QV4::ExecutableCompilationUnit *unit, QMetaType *argTypes) {
    struct { QV4::ExecutableCompilationUnit *compilationUnit; } c { unit };
    const auto *aotContext = &c;
    Q_UNUSED(aotContext);
    argTypes[0] = QMetaType();
}, 
    [](const QQmlPrivate::AOTCompiledContext *aotContext, void **argv) {
Q_UNUSED(aotContext)
Q_UNUSED(argv)
// expression for onCompleted at line 797, column 9
QObject *r2_0;
QObject *r7_0;
QObject *r7_1;
QObject *r2_1;
// generate_CreateCallContext
{
{
}
// generate_LoadQmlContextPropertyLookup
#ifndef QT_NO_DEBUG
aotContext->setInstructionPointer(6);
#endif
while (!aotContext->loadContextIdLookup(1516, &r2_0)) {
#ifdef QT_NO_DEBUG
aotContext->setInstructionPointer(6);
#endif
aotContext->initLoadContextIdLookup(1516);
if (aotContext->engine->hasError()) {
aotContext->setReturnValueUndefined();
return;
}
}
{
}
// generate_StoreReg
r7_0 = r2_0;
{
}
// generate_CallPropertyLookup
{
void *args[] = { nullptr };
const QMetaType types[] = { QMetaType() };
#ifndef QT_NO_DEBUG
aotContext->setInstructionPointer(25);
#endif
while (!aotContext->callObjectPropertyLookup(1517, r7_0, args, types, 0)) {
#ifdef QT_NO_DEBUG
aotContext->setInstructionPointer(25);
#endif
aotContext->initCallObjectPropertyLookup(1517);
if (aotContext->engine->hasError()) {
aotContext->setReturnValueUndefined();
return;
}
}
}
{
}
// generate_LoadQmlContextPropertyLookup
#ifndef QT_NO_DEBUG
aotContext->setInstructionPointer(30);
#endif
while (!aotContext->loadContextIdLookup(1518, &r2_1)) {
#ifdef QT_NO_DEBUG
aotContext->setInstructionPointer(30);
#endif
aotContext->initLoadContextIdLookup(1518);
if (aotContext->engine->hasError()) {
aotContext->setReturnValueUndefined();
return;
}
}
{
}
// generate_StoreReg
r7_1 = r2_1;
{
}
// generate_CallPropertyLookup
{
void *args[] = { nullptr };
const QMetaType types[] = { QMetaType() };
#ifndef QT_NO_DEBUG
aotContext->setInstructionPointer(49);
#endif
while (!aotContext->callObjectPropertyLookup(1519, r7_1, args, types, 0)) {
#ifdef QT_NO_DEBUG
aotContext->setInstructionPointer(49);
#endif
aotContext->initCallObjectPropertyLookup(1519);
if (aotContext->engine->hasError()) {
aotContext->setReturnValueUndefined();
return;
}
}
}
{
}
{
}
// generate_PopContext
{}
}
{
}
{
}
// generate_Ret
return;
}
 },{ 347, 0, [](QV4::ExecutableCompilationUnit *unit, QMetaType *argTypes) {
    struct { QV4::ExecutableCompilationUnit *compilationUnit; } c { unit };
    const auto *aotContext = &c;
    Q_UNUSED(aotContext);
    argTypes[0] = QMetaType::fromType<double>();
}, 
    [](const QQmlPrivate::AOTCompiledContext *aotContext, void **argv) {
Q_UNUSED(aotContext)
Q_UNUSED(argv)
// expression for z at line 805, column 13
QObject *r2_0;
double r2_2;
bool r2_1;
// generate_LoadQmlContextPropertyLookup
#ifndef QT_NO_DEBUG
aotContext->setInstructionPointer(5);
#endif
while (!aotContext->loadContextIdLookup(1520, &r2_0)) {
#ifdef QT_NO_DEBUG
aotContext->setInstructionPointer(5);
#endif
aotContext->initLoadContextIdLookup(1520);
if (aotContext->engine->hasError()) {
aotContext->setReturnValueUndefined();
if (argv[0]) {
    *static_cast<double *>(argv[0]) = double();
}
return;
}
}
{
}
// generate_GetLookup
#ifndef QT_NO_DEBUG
aotContext->setInstructionPointer(10);
#endif
while (!aotContext->getObjectLookup(1521, r2_0, &r2_1)) {
#ifdef QT_NO_DEBUG
aotContext->setInstructionPointer(10);
#endif
aotContext->initGetObjectLookup(1521, r2_0, QMetaType::fromType<bool>());
if (aotContext->engine->hasError()) {
aotContext->setReturnValueUndefined();
if (argv[0]) {
    *static_cast<double *>(argv[0]) = double();
}
return;
}
}
{
}
// generate_JumpFalse
if (!r2_1) {
    goto label_0;
}
{
}
// generate_LoadInt
r2_2 = double(100);
{
}
// generate_Jump
{
    goto label_1;
}
label_0:;
// generate_LoadZero
r2_2 = double(0);
{
}
label_1:;
{
}
// generate_Ret
if (argv[0]) {
    *static_cast<double *>(argv[0]) = r2_2;
}
return;
}
 },{ 348, 0, [](QV4::ExecutableCompilationUnit *unit, QMetaType *argTypes) {
    struct { QV4::ExecutableCompilationUnit *compilationUnit; } c { unit };
    const auto *aotContext = &c;
    Q_UNUSED(aotContext);
    argTypes[0] = QMetaType::fromType<bool>();
}, 
    [](const QQmlPrivate::AOTCompiledContext *aotContext, void **argv) {
Q_UNUSED(aotContext)
Q_UNUSED(argv)
// expression for enabled at line 806, column 13
QObject *r2_0;
bool r2_1;
// generate_LoadQmlContextPropertyLookup
#ifndef QT_NO_DEBUG
aotContext->setInstructionPointer(5);
#endif
while (!aotContext->loadContextIdLookup(1522, &r2_0)) {
#ifdef QT_NO_DEBUG
aotContext->setInstructionPointer(5);
#endif
aotContext->initLoadContextIdLookup(1522);
if (aotContext->engine->hasError()) {
aotContext->setReturnValueUndefined();
if (argv[0]) {
    *static_cast<bool *>(argv[0]) = bool();
}
return;
}
}
{
}
// generate_GetLookup
#ifndef QT_NO_DEBUG
aotContext->setInstructionPointer(10);
#endif
while (!aotContext->getObjectLookup(1523, r2_0, &r2_1)) {
#ifdef QT_NO_DEBUG
aotContext->setInstructionPointer(10);
#endif
aotContext->initGetObjectLookup(1523, r2_0, QMetaType::fromType<bool>());
if (aotContext->engine->hasError()) {
aotContext->setReturnValueUndefined();
if (argv[0]) {
    *static_cast<bool *>(argv[0]) = bool();
}
return;
}
}
{
}
{
}
// generate_Ret
if (argv[0]) {
    *static_cast<bool *>(argv[0]) = r2_1;
}
return;
}
 },{ 349, 0, [](QV4::ExecutableCompilationUnit *unit, QMetaType *argTypes) {
    struct { QV4::ExecutableCompilationUnit *compilationUnit; } c { unit };
    const auto *aotContext = &c;
    Q_UNUSED(aotContext);
    argTypes[0] = []() { static const auto t = QMetaType::fromName("Qt::MouseButtons"); return t; }();
}, 
    [](const QQmlPrivate::AOTCompiledContext *aotContext, void **argv) {
Q_UNUSED(aotContext)
Q_UNUSED(argv)
// expression for acceptedButtons at line 807, column 13
int r2_0;
{
}
// generate_GetLookup
#ifndef QT_NO_DEBUG
aotContext->setInstructionPointer(10);
#endif
while (!aotContext->getEnumLookup(1525, &r2_0)) {
#ifdef QT_NO_DEBUG
aotContext->setInstructionPointer(10);
#endif
aotContext->initGetEnumLookup(1525, []() { static const auto t = QMetaType::fromName("Qt"); return t; }().metaObject(), "MouseButton", "LeftButton");
if (aotContext->engine->hasError()) {
aotContext->setReturnValueUndefined();
if (argv[0]) {
    const QMetaType returnType = []() { static const auto t = QMetaType::fromName("Qt::MouseButtons"); return t; }();
    returnType.destruct(argv[0]);
    returnType.construct(argv[0]);
 }
return;
}
}
{
}
{
}
// generate_Ret
if (argv[0]) {
    const QMetaType returnType = QMetaType::fromType<int>();
    returnType.destruct(argv[0]);
    returnType.construct(argv[0], &r2_0);
}
return;
}
 },{ 350, 0, [](QV4::ExecutableCompilationUnit *unit, QMetaType *argTypes) {
    struct { QV4::ExecutableCompilationUnit *compilationUnit; } c { unit };
    const auto *aotContext = &c;
    Q_UNUSED(aotContext);
    argTypes[0] = []() { static const auto t = QMetaType::fromName("Qt::CursorShape"); return t; }();
}, 
    [](const QQmlPrivate::AOTCompiledContext *aotContext, void **argv) {
Q_UNUSED(aotContext)
Q_UNUSED(argv)
// expression for cursorShape at line 809, column 13
int r2_1;
bool r2_0;
// generate_LoadQmlContextPropertyLookup
#ifndef QT_NO_DEBUG
aotContext->setInstructionPointer(5);
#endif
while (!aotContext->loadScopeObjectPropertyLookup(1526, &r2_0)) {
#ifdef QT_NO_DEBUG
aotContext->setInstructionPointer(5);
#endif
aotContext->initLoadScopeObjectPropertyLookup(1526, QMetaType::fromType<bool>());
if (aotContext->engine->hasError()) {
aotContext->setReturnValueUndefined();
if (argv[0]) {
    const QMetaType returnType = []() { static const auto t = QMetaType::fromName("Qt::CursorShape"); return t; }();
    returnType.destruct(argv[0]);
    returnType.construct(argv[0]);
 }
return;
}
}
{
}
// generate_JumpFalse
if (!r2_0) {
    goto label_0;
}
{
}
{
}
// generate_GetLookup
#ifndef QT_NO_DEBUG
aotContext->setInstructionPointer(17);
#endif
while (!aotContext->getEnumLookup(1528, &r2_1)) {
#ifdef QT_NO_DEBUG
aotContext->setInstructionPointer(17);
#endif
aotContext->initGetEnumLookup(1528, []() { static const auto t = QMetaType::fromName("Qt"); return t; }().metaObject(), "CursorShape", "ClosedHandCursor");
if (aotContext->engine->hasError()) {
aotContext->setReturnValueUndefined();
if (argv[0]) {
    const QMetaType returnType = []() { static const auto t = QMetaType::fromName("Qt::CursorShape"); return t; }();
    returnType.destruct(argv[0]);
    returnType.construct(argv[0]);
 }
return;
}
}
{
}
// generate_Jump
{
    goto label_1;
}
label_0:;
{
}
// generate_GetLookup
#ifndef QT_NO_DEBUG
aotContext->setInstructionPointer(29);
#endif
while (!aotContext->getEnumLookup(1530, &r2_1)) {
#ifdef QT_NO_DEBUG
aotContext->setInstructionPointer(29);
#endif
aotContext->initGetEnumLookup(1530, []() { static const auto t = QMetaType::fromName("Qt"); return t; }().metaObject(), "CursorShape", "OpenHandCursor");
if (aotContext->engine->hasError()) {
aotContext->setReturnValueUndefined();
if (argv[0]) {
    const QMetaType returnType = []() { static const auto t = QMetaType::fromName("Qt::CursorShape"); return t; }();
    returnType.destruct(argv[0]);
    returnType.construct(argv[0]);
 }
return;
}
}
{
}
label_1:;
{
}
// generate_Ret
if (argv[0]) {
    const QMetaType returnType = QMetaType::fromType<int>();
    returnType.destruct(argv[0]);
    returnType.construct(argv[0], &r2_1);
}
return;
}
 },{ 351, 1, [](QV4::ExecutableCompilationUnit *unit, QMetaType *argTypes) {
    struct { QV4::ExecutableCompilationUnit *compilationUnit; } c { unit };
    const auto *aotContext = &c;
    Q_UNUSED(aotContext);
    argTypes[0] = QMetaType();
    argTypes[1] = []() { static const auto t = QMetaType::fromName("QQuickMouseEvent*"); return t; }();
}, 
    [](const QQmlPrivate::AOTCompiledContext *aotContext, void **argv) {
Q_UNUSED(aotContext)
Q_UNUSED(argv)
// expression for onPressed at line 817, column 13
// generate_CreateCallContext
{
{
}
{
}
{
}
// generate_PopContext
{}
}
{
}
{
}
// generate_Ret
return;
}
 },{ 352, 1, [](QV4::ExecutableCompilationUnit *unit, QMetaType *argTypes) {
    struct { QV4::ExecutableCompilationUnit *compilationUnit; } c { unit };
    const auto *aotContext = &c;
    Q_UNUSED(aotContext);
    argTypes[0] = QMetaType();
    argTypes[1] = []() { static const auto t = QMetaType::fromName("QQuickMouseEvent*"); return t; }();
}, 
    [](const QQmlPrivate::AOTCompiledContext *aotContext, void **argv) {
Q_UNUSED(aotContext)
Q_UNUSED(argv)
//  at line 817, column 24
double r2_1;
QObject *r2_0;
double r2_2;
double r2_4;
QObject *r2_3;
QObject *r2_5;
QObject *r6_0 = (*static_cast<QObject **>(argv[1]));
bool r2_7;
double r2_6;
// generate_LoadReg
r2_0 = r6_0;
{
}
// generate_GetLookup
#ifndef QT_NO_DEBUG
aotContext->setInstructionPointer(7);
#endif
while (!aotContext->getObjectLookup(1531, r2_0, &r2_1)) {
#ifdef QT_NO_DEBUG
aotContext->setInstructionPointer(7);
#endif
aotContext->initGetObjectLookup(1531, r2_0, QMetaType::fromType<double>());
if (aotContext->engine->hasError()) {
aotContext->setReturnValueUndefined();
return;
}
}
{
}
// generate_StoreNameSloppy
aotContext->storeNameSloppy(375, &r2_1, QMetaType::fromType<double>());
{
}
// generate_LoadReg
r2_0 = r6_0;
{
}
// generate_GetLookup
#ifndef QT_NO_DEBUG
aotContext->setInstructionPointer(19);
#endif
while (!aotContext->getObjectLookup(1532, r2_0, &r2_2)) {
#ifdef QT_NO_DEBUG
aotContext->setInstructionPointer(19);
#endif
aotContext->initGetObjectLookup(1532, r2_0, QMetaType::fromType<double>());
if (aotContext->engine->hasError()) {
aotContext->setReturnValueUndefined();
return;
}
}
{
}
// generate_StoreNameSloppy
aotContext->storeNameSloppy(376, &r2_2, QMetaType::fromType<double>());
{
}
// generate_LoadQmlContextPropertyLookup
#ifndef QT_NO_DEBUG
aotContext->setInstructionPointer(29);
#endif
while (!aotContext->loadContextIdLookup(1533, &r2_3)) {
#ifdef QT_NO_DEBUG
aotContext->setInstructionPointer(29);
#endif
aotContext->initLoadContextIdLookup(1533);
if (aotContext->engine->hasError()) {
aotContext->setReturnValueUndefined();
return;
}
}
{
}
// generate_GetLookup
#ifndef QT_NO_DEBUG
aotContext->setInstructionPointer(34);
#endif
while (!aotContext->getObjectLookup(1534, r2_3, &r2_4)) {
#ifdef QT_NO_DEBUG
aotContext->setInstructionPointer(34);
#endif
aotContext->initGetObjectLookup(1534, r2_3, QMetaType::fromType<double>());
if (aotContext->engine->hasError()) {
aotContext->setReturnValueUndefined();
return;
}
}
{
}
// generate_StoreNameSloppy
aotContext->storeNameSloppy(377, &r2_4, QMetaType::fromType<double>());
{
}
// generate_LoadQmlContextPropertyLookup
#ifndef QT_NO_DEBUG
aotContext->setInstructionPointer(44);
#endif
while (!aotContext->loadContextIdLookup(1535, &r2_5)) {
#ifdef QT_NO_DEBUG
aotContext->setInstructionPointer(44);
#endif
aotContext->initLoadContextIdLookup(1535);
if (aotContext->engine->hasError()) {
aotContext->setReturnValueUndefined();
return;
}
}
{
}
// generate_GetLookup
#ifndef QT_NO_DEBUG
aotContext->setInstructionPointer(49);
#endif
while (!aotContext->getObjectLookup(1536, r2_5, &r2_6)) {
#ifdef QT_NO_DEBUG
aotContext->setInstructionPointer(49);
#endif
aotContext->initGetObjectLookup(1536, r2_5, QMetaType::fromType<double>());
if (aotContext->engine->hasError()) {
aotContext->setReturnValueUndefined();
return;
}
}
{
}
// generate_StoreNameSloppy
aotContext->storeNameSloppy(378, &r2_6, QMetaType::fromType<double>());
{
}
// generate_LoadTrue
r2_7 = true;
{
}
// generate_SetLookup
{
#ifndef QT_NO_DEBUG
aotContext->setInstructionPointer(64);
#endif
while (!aotContext->setObjectLookup(1537, r6_0, &r2_7)) {
#ifdef QT_NO_DEBUG
aotContext->setInstructionPointer(64);
#endif
aotContext->initSetObjectLookup(1537, r6_0, QMetaType::fromType<bool>());
if (aotContext->engine->hasError()) {
aotContext->setReturnValueUndefined();
return;
}
}
}
{
}
{
}
// generate_Ret
return;
}
 },{ 353, 1, [](QV4::ExecutableCompilationUnit *unit, QMetaType *argTypes) {
    struct { QV4::ExecutableCompilationUnit *compilationUnit; } c { unit };
    const auto *aotContext = &c;
    Q_UNUSED(aotContext);
    argTypes[0] = QMetaType();
    argTypes[1] = []() { static const auto t = QMetaType::fromName("QQuickMouseEvent*"); return t; }();
}, 
    [](const QQmlPrivate::AOTCompiledContext *aotContext, void **argv) {
Q_UNUSED(aotContext)
Q_UNUSED(argv)
// expression for onPositionChanged at line 825, column 13
// generate_CreateCallContext
{
{
}
{
}
{
}
// generate_PopContext
{}
}
{
}
{
}
// generate_Ret
return;
}
 },{ 354, 1, [](QV4::ExecutableCompilationUnit *unit, QMetaType *argTypes) {
    struct { QV4::ExecutableCompilationUnit *compilationUnit; } c { unit };
    const auto *aotContext = &c;
    Q_UNUSED(aotContext);
    argTypes[0] = QMetaType();
    argTypes[1] = []() { static const auto t = QMetaType::fromName("QQuickMouseEvent*"); return t; }();
}, 
    [](const QQmlPrivate::AOTCompiledContext *aotContext, void **argv) {
Q_UNUSED(aotContext)
Q_UNUSED(argv)
//  at line 825, column 32
double r8_0;
double r2_4;
double r11_0;
double r2_9;
QObject *r2_18;
double r2_7;
double r2_8;
bool r2_0;
double r11_1;
QObject *r2_3;
QObject *r10_2;
QObject *r2_15;
QObject *r2_11;
double r14_0;
QObject *r2_16;
double r2_14;
double r2_12;
double r2_17;
QObject *r2_10;
double r2_6;
double r10_1;
double r26_0;
double r26_1;
double r2_19;
QObject *r10_3;
double r10_0;
double r2_5;
QObject *r2_13;
QObject *r6_0 = (*static_cast<QObject **>(argv[1]));
double r9_0;
double r25_0;
double r15_0;
double r19_0;
bool r2_1;
double r24_0;
double r20_0;
double r2_2;
// generate_LoadQmlContextPropertyLookup
#ifndef QT_NO_DEBUG
aotContext->setInstructionPointer(5);
#endif
while (!aotContext->loadScopeObjectPropertyLookup(1538, &r2_0)) {
#ifdef QT_NO_DEBUG
aotContext->setInstructionPointer(5);
#endif
aotContext->initLoadScopeObjectPropertyLookup(1538, QMetaType::fromType<bool>());
if (aotContext->engine->hasError()) {
aotContext->setReturnValueUndefined();
return;
}
}
{
}
// generate_UNot
r2_1 = !r2_0;
{
}
// generate_JumpFalse
if (!r2_1) {
    goto label_0;
}
{
}
{
}
// generate_Ret
return;
label_0:;
// generate_LoadQmlContextPropertyLookup
#ifndef QT_NO_DEBUG
aotContext->setInstructionPointer(15);
#endif
while (!aotContext->loadScopeObjectPropertyLookup(1539, &r2_2)) {
#ifdef QT_NO_DEBUG
aotContext->setInstructionPointer(15);
#endif
aotContext->initLoadScopeObjectPropertyLookup(1539, QMetaType::fromType<double>());
if (aotContext->engine->hasError()) {
aotContext->setReturnValueUndefined();
return;
}
}
{
}
// generate_StoreReg
r10_0 = r2_2;
{
}
// generate_LoadReg
r2_3 = r6_0;
{
}
// generate_GetLookup
#ifndef QT_NO_DEBUG
aotContext->setInstructionPointer(24);
#endif
while (!aotContext->getObjectLookup(1540, r2_3, &r2_4)) {
#ifdef QT_NO_DEBUG
aotContext->setInstructionPointer(24);
#endif
aotContext->initGetObjectLookup(1540, r2_3, QMetaType::fromType<double>());
if (aotContext->engine->hasError()) {
aotContext->setReturnValueUndefined();
return;
}
}
{
}
// generate_StoreReg
r11_0 = r2_4;
{
}
// generate_LoadQmlContextPropertyLookup
#ifndef QT_NO_DEBUG
aotContext->setInstructionPointer(31);
#endif
while (!aotContext->loadScopeObjectPropertyLookup(1541, &r2_5)) {
#ifdef QT_NO_DEBUG
aotContext->setInstructionPointer(31);
#endif
aotContext->initLoadScopeObjectPropertyLookup(1541, QMetaType::fromType<double>());
if (aotContext->engine->hasError()) {
aotContext->setReturnValueUndefined();
return;
}
}
{
}
// generate_Sub
r2_6 = (r11_0 - r2_5);
{
}
// generate_Sub
r2_6 = (r10_0 - r2_6);
{
}
// generate_StoreReg
r8_0 = r2_6;
{
}
// generate_LoadQmlContextPropertyLookup
#ifndef QT_NO_DEBUG
aotContext->setInstructionPointer(42);
#endif
while (!aotContext->loadScopeObjectPropertyLookup(1542, &r2_7)) {
#ifdef QT_NO_DEBUG
aotContext->setInstructionPointer(42);
#endif
aotContext->initLoadScopeObjectPropertyLookup(1542, QMetaType::fromType<double>());
if (aotContext->engine->hasError()) {
aotContext->setReturnValueUndefined();
return;
}
}
{
}
// generate_StoreReg
r10_1 = r2_7;
{
}
// generate_LoadReg
r2_3 = r6_0;
{
}
// generate_GetLookup
#ifndef QT_NO_DEBUG
aotContext->setInstructionPointer(51);
#endif
while (!aotContext->getObjectLookup(1543, r2_3, &r2_8)) {
#ifdef QT_NO_DEBUG
aotContext->setInstructionPointer(51);
#endif
aotContext->initGetObjectLookup(1543, r2_3, QMetaType::fromType<double>());
if (aotContext->engine->hasError()) {
aotContext->setReturnValueUndefined();
return;
}
}
{
}
// generate_StoreReg
r11_1 = r2_8;
{
}
// generate_LoadQmlContextPropertyLookup
#ifndef QT_NO_DEBUG
aotContext->setInstructionPointer(58);
#endif
while (!aotContext->loadScopeObjectPropertyLookup(1544, &r2_9)) {
#ifdef QT_NO_DEBUG
aotContext->setInstructionPointer(58);
#endif
aotContext->initLoadScopeObjectPropertyLookup(1544, QMetaType::fromType<double>());
if (aotContext->engine->hasError()) {
aotContext->setReturnValueUndefined();
return;
}
}
{
}
// generate_Sub
r2_6 = (r11_1 - r2_9);
{
}
// generate_Sub
r2_6 = (r10_1 - r2_6);
{
}
// generate_StoreReg
r9_0 = r2_6;
{
}
// generate_LoadQmlContextPropertyLookup
#ifndef QT_NO_DEBUG
aotContext->setInstructionPointer(69);
#endif
while (!aotContext->loadContextIdLookup(1545, &r2_10)) {
#ifdef QT_NO_DEBUG
aotContext->setInstructionPointer(69);
#endif
aotContext->initLoadContextIdLookup(1545);
if (aotContext->engine->hasError()) {
aotContext->setReturnValueUndefined();
return;
}
}
{
}
// generate_StoreReg
r10_2 = r2_10;
{
}
{
}
{
}
// generate_MoveConst
r14_0 = double(0);
{
}
{
}
{
}
// generate_MoveReg
r19_0 = r8_0;
{
}
{
}
{
}
// generate_MoveConst
r24_0 = double(0);
{
}
// generate_LoadQmlContextPropertyLookup
#ifndef QT_NO_DEBUG
aotContext->setInstructionPointer(106);
#endif
while (!aotContext->loadContextIdLookup(1549, &r2_11)) {
#ifdef QT_NO_DEBUG
aotContext->setInstructionPointer(106);
#endif
aotContext->initLoadContextIdLookup(1549);
if (aotContext->engine->hasError()) {
aotContext->setReturnValueUndefined();
return;
}
}
{
}
// generate_GetLookup
#ifndef QT_NO_DEBUG
aotContext->setInstructionPointer(111);
#endif
while (!aotContext->getObjectLookup(1550, r2_11, &r2_12)) {
#ifdef QT_NO_DEBUG
aotContext->setInstructionPointer(111);
#endif
aotContext->initGetObjectLookup(1550, r2_11, QMetaType::fromType<double>());
if (aotContext->engine->hasError()) {
aotContext->setReturnValueUndefined();
return;
}
}
{
}
// generate_StoreReg
r26_0 = r2_12;
{
}
// generate_LoadQmlContextPropertyLookup
#ifndef QT_NO_DEBUG
aotContext->setInstructionPointer(118);
#endif
while (!aotContext->loadContextIdLookup(1551, &r2_13)) {
#ifdef QT_NO_DEBUG
aotContext->setInstructionPointer(118);
#endif
aotContext->initLoadContextIdLookup(1551);
if (aotContext->engine->hasError()) {
aotContext->setReturnValueUndefined();
return;
}
}
{
}
// generate_GetLookup
#ifndef QT_NO_DEBUG
aotContext->setInstructionPointer(123);
#endif
while (!aotContext->getObjectLookup(1552, r2_13, &r2_14)) {
#ifdef QT_NO_DEBUG
aotContext->setInstructionPointer(123);
#endif
aotContext->initGetObjectLookup(1552, r2_13, QMetaType::fromType<double>());
if (aotContext->engine->hasError()) {
aotContext->setReturnValueUndefined();
return;
}
}
{
}
// generate_Sub
r2_6 = (r26_0 - r2_14);
{
}
// generate_StoreReg
r25_0 = r2_6;
{
}
// generate_CallPropertyLookup
{
const double arg1 = r24_0;
const double arg2 = r25_0;
r2_6 = [&]() { 
auto  tmpMax = (qIsNull(arg2) && qIsNull(arg1) && std::copysign(1.0, arg2) == 1) ? arg2 : ((arg2 > arg1 || std::isnan(arg2)) ? arg2 : arg1);
return tmpMax;
}();
}
{
}
// generate_StoreReg
r20_0 = r2_6;
{
}
// generate_CallPropertyLookup
{
const double arg1 = r19_0;
const double arg2 = r20_0;
r2_6 = [&]() { 
auto  tmpMin = (qIsNull(arg2) && qIsNull(arg1) && std::copysign(1.0, arg2) == -1) ? arg2 : ((arg2 < arg1 || std::isnan(arg2)) ? arg2 : arg1);
return tmpMin;
}();
}
{
}
// generate_StoreReg
r15_0 = r2_6;
{
}
// generate_CallPropertyLookup
{
const double arg1 = r14_0;
const double arg2 = r15_0;
r2_6 = [&]() { 
auto  tmpMax = (qIsNull(arg2) && qIsNull(arg1) && std::copysign(1.0, arg2) == 1) ? arg2 : ((arg2 > arg1 || std::isnan(arg2)) ? arg2 : arg1);
return tmpMax;
}();
}
{
}
// generate_SetLookup
{
#ifndef QT_NO_DEBUG
aotContext->setInstructionPointer(191);
#endif
while (!aotContext->setObjectLookup(1556, r10_2, &r2_6)) {
#ifdef QT_NO_DEBUG
aotContext->setInstructionPointer(191);
#endif
aotContext->initSetObjectLookup(1556, r10_2, QMetaType::fromType<double>());
if (aotContext->engine->hasError()) {
aotContext->setReturnValueUndefined();
return;
}
}
}
{
}
// generate_LoadQmlContextPropertyLookup
#ifndef QT_NO_DEBUG
aotContext->setInstructionPointer(196);
#endif
while (!aotContext->loadContextIdLookup(1557, &r2_15)) {
#ifdef QT_NO_DEBUG
aotContext->setInstructionPointer(196);
#endif
aotContext->initLoadContextIdLookup(1557);
if (aotContext->engine->hasError()) {
aotContext->setReturnValueUndefined();
return;
}
}
{
}
// generate_StoreReg
r10_3 = r2_15;
{
}
{
}
{
}
// generate_MoveConst
r14_0 = double(0);
{
}
{
}
{
}
// generate_MoveReg
r19_0 = r9_0;
{
}
{
}
{
}
// generate_MoveConst
r24_0 = double(0);
{
}
// generate_LoadQmlContextPropertyLookup
#ifndef QT_NO_DEBUG
aotContext->setInstructionPointer(233);
#endif
while (!aotContext->loadContextIdLookup(1561, &r2_16)) {
#ifdef QT_NO_DEBUG
aotContext->setInstructionPointer(233);
#endif
aotContext->initLoadContextIdLookup(1561);
if (aotContext->engine->hasError()) {
aotContext->setReturnValueUndefined();
return;
}
}
{
}
// generate_GetLookup
#ifndef QT_NO_DEBUG
aotContext->setInstructionPointer(238);
#endif
while (!aotContext->getObjectLookup(1562, r2_16, &r2_17)) {
#ifdef QT_NO_DEBUG
aotContext->setInstructionPointer(238);
#endif
aotContext->initGetObjectLookup(1562, r2_16, QMetaType::fromType<double>());
if (aotContext->engine->hasError()) {
aotContext->setReturnValueUndefined();
return;
}
}
{
}
// generate_StoreReg
r26_1 = r2_17;
{
}
// generate_LoadQmlContextPropertyLookup
#ifndef QT_NO_DEBUG
aotContext->setInstructionPointer(245);
#endif
while (!aotContext->loadContextIdLookup(1563, &r2_18)) {
#ifdef QT_NO_DEBUG
aotContext->setInstructionPointer(245);
#endif
aotContext->initLoadContextIdLookup(1563);
if (aotContext->engine->hasError()) {
aotContext->setReturnValueUndefined();
return;
}
}
{
}
// generate_GetLookup
#ifndef QT_NO_DEBUG
aotContext->setInstructionPointer(250);
#endif
while (!aotContext->getObjectLookup(1564, r2_18, &r2_19)) {
#ifdef QT_NO_DEBUG
aotContext->setInstructionPointer(250);
#endif
aotContext->initGetObjectLookup(1564, r2_18, QMetaType::fromType<double>());
if (aotContext->engine->hasError()) {
aotContext->setReturnValueUndefined();
return;
}
}
{
}
// generate_Sub
r2_6 = (r26_1 - r2_19);
{
}
// generate_StoreReg
r25_0 = r2_6;
{
}
// generate_CallPropertyLookup
{
const double arg1 = r24_0;
const double arg2 = r25_0;
r2_6 = [&]() { 
auto  tmpMax = (qIsNull(arg2) && qIsNull(arg1) && std::copysign(1.0, arg2) == 1) ? arg2 : ((arg2 > arg1 || std::isnan(arg2)) ? arg2 : arg1);
return tmpMax;
}();
}
{
}
// generate_StoreReg
r20_0 = r2_6;
{
}
// generate_CallPropertyLookup
{
const double arg1 = r19_0;
const double arg2 = r20_0;
r2_6 = [&]() { 
auto  tmpMin = (qIsNull(arg2) && qIsNull(arg1) && std::copysign(1.0, arg2) == -1) ? arg2 : ((arg2 < arg1 || std::isnan(arg2)) ? arg2 : arg1);
return tmpMin;
}();
}
{
}
// generate_StoreReg
r15_0 = r2_6;
{
}
// generate_CallPropertyLookup
{
const double arg1 = r14_0;
const double arg2 = r15_0;
r2_6 = [&]() { 
auto  tmpMax = (qIsNull(arg2) && qIsNull(arg1) && std::copysign(1.0, arg2) == 1) ? arg2 : ((arg2 > arg1 || std::isnan(arg2)) ? arg2 : arg1);
return tmpMax;
}();
}
{
}
// generate_SetLookup
{
#ifndef QT_NO_DEBUG
aotContext->setInstructionPointer(318);
#endif
while (!aotContext->setObjectLookup(1568, r10_3, &r2_6)) {
#ifdef QT_NO_DEBUG
aotContext->setInstructionPointer(318);
#endif
aotContext->initSetObjectLookup(1568, r10_3, QMetaType::fromType<double>());
if (aotContext->engine->hasError()) {
aotContext->setReturnValueUndefined();
return;
}
}
}
{
}
// generate_LoadTrue
r2_1 = true;
{
}
// generate_SetLookup
{
#ifndef QT_NO_DEBUG
aotContext->setInstructionPointer(328);
#endif
while (!aotContext->setObjectLookup(1569, r6_0, &r2_1)) {
#ifdef QT_NO_DEBUG
aotContext->setInstructionPointer(328);
#endif
aotContext->initSetObjectLookup(1569, r6_0, QMetaType::fromType<bool>());
if (aotContext->engine->hasError()) {
aotContext->setReturnValueUndefined();
return;
}
}
}
{
}
{
}
// generate_Ret
return;
}
 },{ 355, 0, [](QV4::ExecutableCompilationUnit *unit, QMetaType *argTypes) {
    struct { QV4::ExecutableCompilationUnit *compilationUnit; } c { unit };
    const auto *aotContext = &c;
    Q_UNUSED(aotContext);
    argTypes[0] = []() { static const auto t = QMetaType::fromName("QQuickItem*"); return t; }();
}, 
    [](const QQmlPrivate::AOTCompiledContext *aotContext, void **argv) {
Q_UNUSED(aotContext)
Q_UNUSED(argv)
// expression for fill at line 804, column 13
QObject *r2_0;
// generate_LoadQmlContextPropertyLookup
#ifndef QT_NO_DEBUG
aotContext->setInstructionPointer(5);
#endif
while (!aotContext->loadScopeObjectPropertyLookup(1570, &r2_0)) {
#ifdef QT_NO_DEBUG
aotContext->setInstructionPointer(5);
#endif
aotContext->initLoadScopeObjectPropertyLookup(1570, []() { static const auto t = QMetaType::fromName("QQuickItem*"); return t; }());
if (aotContext->engine->hasError()) {
aotContext->setReturnValueUndefined();
if (argv[0]) {
    *static_cast<QObject * *>(argv[0]) = nullptr;
}
return;
}
}
{
}
{
}
// generate_Ret
if (argv[0]) {
    *static_cast<QObject * *>(argv[0]) = r2_0;
}
return;
}
 },{ 356, 0, [](QV4::ExecutableCompilationUnit *unit, QMetaType *argTypes) {
    struct { QV4::ExecutableCompilationUnit *compilationUnit; } c { unit };
    const auto *aotContext = &c;
    Q_UNUSED(aotContext);
    argTypes[0] = []() { static const auto t = QMetaType::fromName("Qt::KeyboardModifiers"); return t; }();
}, 
    [](const QQmlPrivate::AOTCompiledContext *aotContext, void **argv) {
Q_UNUSED(aotContext)
Q_UNUSED(argv)
// expression for acceptedModifiers at line 838, column 13
int r2_0;
{
}
// generate_GetLookup
#ifndef QT_NO_DEBUG
aotContext->setInstructionPointer(10);
#endif
while (!aotContext->getEnumLookup(1572, &r2_0)) {
#ifdef QT_NO_DEBUG
aotContext->setInstructionPointer(10);
#endif
aotContext->initGetEnumLookup(1572, []() { static const auto t = QMetaType::fromName("Qt"); return t; }().metaObject(), "KeyboardModifier", "ControlModifier");
if (aotContext->engine->hasError()) {
aotContext->setReturnValueUndefined();
if (argv[0]) {
    const QMetaType returnType = []() { static const auto t = QMetaType::fromName("Qt::KeyboardModifiers"); return t; }();
    returnType.destruct(argv[0]);
    returnType.construct(argv[0]);
 }
return;
}
}
{
}
{
}
// generate_Ret
if (argv[0]) {
    const QMetaType returnType = QMetaType::fromType<int>();
    returnType.destruct(argv[0]);
    returnType.construct(argv[0], &r2_0);
}
return;
}
 },{ 357, 1, [](QV4::ExecutableCompilationUnit *unit, QMetaType *argTypes) {
    struct { QV4::ExecutableCompilationUnit *compilationUnit; } c { unit };
    const auto *aotContext = &c;
    Q_UNUSED(aotContext);
    argTypes[0] = QMetaType();
    argTypes[1] = []() { static const auto t = QMetaType::fromName("QQuickWheelEvent*"); return t; }();
}, 
    [](const QQmlPrivate::AOTCompiledContext *aotContext, void **argv) {
Q_UNUSED(aotContext)
Q_UNUSED(argv)
// expression for onWheel at line 839, column 13
// generate_CreateCallContext
{
{
}
{
}
{
}
// generate_PopContext
{}
}
{
}
{
}
// generate_Ret
return;
}
 },{ 0, 0, nullptr, nullptr }};
QT_WARNING_POP
}
}
